"sample_id","Population","arm","min_call_bp","calls","called_bp","planted_bp","planted_covered_bp","called_low_heterozygosity_bp","called_no_record_bp","called_unsupported_bp","planted_covered_bp_1mb","planted_covered_bp_2mb","planted_covered_bp_5mb"
"HG01881","ACB","ancestry_tuned",0,122,18752484,8000000,7997565,311358,0,10443561,999484,2000000,4998081
"HG01884","ACB","ancestry_tuned",0,110,14942672,8000000,7990702,100000,0,6851970,999985,1990717,5000000
"HG01887","ACB","ancestry_tuned",0,95,14516967,8000000,7998412,0,0,6518555,1000000,1998412,5000000
"HG01888","ACB","ancestry_tuned",0,89,14517117,8000000,7997856,619544,0,5899717,998310,2000000,4999546
"HG01891","ACB","ancestry_tuned",0,85,14534751,8000000,7995949,100000,0,6438802,998470,1999168,4998311
"HG01895","ACB","ancestry_tuned",0,97,14051718,8000000,7995153,100000,0,5956565,996547,1998606,5000000
"HG01897","ACB","ancestry_tuned",0,102,14586726,8000000,7996521,300000,0,6290205,1000000,1998936,4997585
"HG01916","ACB","ancestry_tuned",0,97,13901063,8000000,7986490,200000,0,5714573,1000000,1986929,4999561
"HG01959","ACB","ancestry_tuned",0,92,14698510,8000000,7999245,100000,0,6599265,1000000,1999435,4999810
"HG01960","ACB","ancestry_tuned",0,87,12753582,8000000,7997818,0,0,4755764,998260,1999558,5000000
"HG01987","ACB","ancestry_tuned",0,90,17841170,8000000,7995250,3503420,0,6342500,1000000,1995250,5000000
"HG02011","ACB","ancestry_tuned",0,95,16792076,8000000,7998332,200000,0,8593744,998332,2000000,5000000
"HG02055","ACB","ancestry_tuned",0,96,17112775,8000000,7997795,1200000,0,7914980,999962,1998159,4999674
"HG02145","ACB","ancestry_tuned",0,105,16977591,8000000,7998095,971746,0,8007750,999423,1999181,4999491
"HG02257","ACB","ancestry_tuned",0,100,14446394,8000000,7998098,0,0,6448296,998301,1999797,5000000
"HG02258","ACB","ancestry_tuned",0,87,15148112,8000000,7997370,0,0,7150742,999213,1999820,4998337
"HG02280","ACB","ancestry_tuned",0,98,13862777,8000000,7991109,199279,0,5672389,998771,1996922,4995416
"HG02316","ACB","ancestry_tuned",0,104,16291668,8000000,7999730,100000,0,8191938,999840,1999890,5000000
"HG02321","ACB","ancestry_tuned",0,86,14896494,8000000,7994388,100000,0,6802106,998415,1997127,4998846
"HG02451","ACB","ancestry_tuned",0,95,15409509,8000000,7999675,663538,0,6746296,1000000,1999691,4999984
"HG01881","ACB","pooled",0,136,19950937,8000000,7997565,311358,0,11642014,999484,2000000,4998081
"HG01884","ACB","pooled",0,152,16491156,8000000,7999985,100000,0,8391171,999985,2000000,5000000
"HG01887","ACB","pooled",0,115,15346506,8000000,7998412,0,0,7348094,1000000,1998412,5000000
"HG01888","ACB","pooled",0,91,15114537,8000000,7997856,619544,0,6497137,998310,2000000,4999546
"HG01891","ACB","pooled",0,125,16198755,8000000,7997638,100000,0,8101117,998470,1999168,5000000
"HG01895","ACB","pooled",0,110,14873696,8000000,7995153,100000,0,6778543,996547,1998606,5000000
"HG01897","ACB","pooled",0,129,15834007,8000000,7999665,300000,0,7534342,1000000,1999665,5000000
"HG01916","ACB","pooled",0,101,14257029,8000000,7986490,200000,0,6070539,1000000,1986929,4999561
"HG01959","ACB","pooled",0,113,16027953,8000000,7999245,100000,0,7928708,1000000,1999435,4999810
"HG01960","ACB","pooled",0,95,12695804,8000000,7999070,0,0,4696734,999512,1999558,5000000
"HG01987","ACB","pooled",0,120,19242222,8000000,8000000,3503420,0,7738802,1000000,2000000,5000000
"HG02011","ACB","pooled",0,108,17057966,8000000,7998332,200000,0,8859634,998332,2000000,5000000
"HG02055","ACB","pooled",0,124,18222074,8000000,7999315,1200000,0,9022759,999962,1999679,4999674
"HG02145","ACB","pooled",0,141,22322496,8000000,7998672,2171746,300000,11852078,1000000,1999181,4999491
"HG02257","ACB","pooled",0,97,13935783,8000000,7998098,0,0,5937685,998301,1999797,5000000
"HG02258","ACB","pooled",0,120,16164301,8000000,7989768,0,0,8174533,999213,1999820,4990735
"HG02280","ACB","pooled",0,106,13927437,8000000,7991109,199279,0,5737049,998771,1996922,4995416
"HG02316","ACB","pooled",0,125,17345110,8000000,7999840,100000,0,9245270,999840,2000000,5000000
"HG02321","ACB","pooled",0,112,15938928,8000000,7995542,100000,0,7843386,998415,1997127,5000000
"HG02451","ACB","pooled",0,119,16608975,8000000,7999675,663538,0,7945762,1000000,1999691,4999984
"HG01881","ACB","single_population",0,114,18198014,8000000,7997565,311358,0,9889091,999484,2000000,4998081
"HG01884","ACB","single_population",0,110,14943504,8000000,7990702,100000,0,6852802,999985,1990717,5000000
"HG01887","ACB","single_population",0,99,14736172,8000000,7998412,0,0,6737760,1000000,1998412,5000000
"HG01888","ACB","single_population",0,87,14752630,8000000,7997856,619544,0,6135230,998310,2000000,4999546
"HG01891","ACB","single_population",0,84,14549505,8000000,7995949,100000,0,6453556,998470,1999168,4998311
"HG01895","ACB","single_population",0,98,14058719,8000000,7998578,100000,0,5960141,999972,1998606,5000000
"HG01897","ACB","single_population",0,104,14660514,8000000,7996521,300000,0,6363993,1000000,1998936,4997585
"HG01916","ACB","single_population",0,99,14072007,8000000,7986490,200000,0,5885517,1000000,1986929,4999561
"HG01959","ACB","single_population",0,93,14721591,8000000,7997797,100000,0,6623794,1000000,1997987,4999810
"HG01960","ACB","single_population",0,94,13191244,8000000,7997818,0,0,5193426,998260,1999558,5000000
"HG01987","ACB","single_population",0,90,17928397,8000000,7995250,3503420,0,6429727,1000000,1995250,5000000
"HG02011","ACB","single_population",0,93,16589354,8000000,7998332,200000,0,8391022,998332,2000000,5000000
"HG02055","ACB","single_population",0,95,17078636,8000000,7996931,1200000,0,7881705,999098,1998159,4999674
"HG02145","ACB","single_population",0,107,17209730,8000000,7998095,971746,0,8239889,999423,1999181,4999491
"HG02257","ACB","single_population",0,102,14737653,8000000,7998098,0,0,6739555,998301,1999797,5000000
"HG02258","ACB","single_population",0,86,15177132,8000000,7997370,0,0,7179762,999213,1999820,4998337
"HG02280","ACB","single_population",0,100,13853429,8000000,7991109,196699,0,5665621,998771,1996922,4995416
"HG02316","ACB","single_population",0,104,16299840,8000000,7999730,100000,0,8200110,999840,1999890,5000000
"HG02321","ACB","single_population",0,86,15076234,8000000,7994388,100000,0,6981846,998415,1997127,4998846
"HG02451","ACB","single_population",0,95,15432473,8000000,7999675,663538,0,6769260,1000000,1999691,4999984
"NA19702","ASW","ancestry_tuned",0,98,14145533,8000000,7996768,299277,0,5849488,999872,1998576,4998320
"NA19705","ASW","ancestry_tuned",0,90,15639106,8000000,7996701,900000,0,6742405,997282,1999419,5000000
"NA19828","ASW","ancestry_tuned",0,115,19909600,8000000,7995682,1200000,300000,10413918,1000000,1996729,4998953
"NA19836","ASW","ancestry_tuned",0,98,18228982,8000000,7995657,2700000,0,7533325,997116,1998752,4999789
"NA19902","ASW","ancestry_tuned",0,95,15672453,8000000,7998353,600000,0,7074100,998524,1999829,5000000
"NA19918","ASW","ancestry_tuned",0,106,14889642,8000000,7993418,200000,0,6696224,995957,1997461,5000000
"NA19919","ASW","ancestry_tuned",0,106,15891735,8000000,7999319,0,0,7892416,1000000,1999319,5000000
"NA19924","ASW","ancestry_tuned",0,120,15789638,8000000,7990300,0,0,7799338,995781,1995376,4999143
"NA19983","ASW","ancestry_tuned",0,99,15361816,8000000,7999074,200000,0,7162742,1000000,1999897,4999177
"NA20128","ASW","ancestry_tuned",0,105,14580818,8000000,7994476,200000,0,6386342,999626,2000000,4994850
"NA20129","ASW","ancestry_tuned",0,108,16133969,8000000,7936705,300000,0,7897264,998125,1938580,5000000
"NA20279","ASW","ancestry_tuned",0,98,19250734,8000000,7998455,1400000,300000,9552279,999864,1998669,4999922
"NA20358","ASW","ancestry_tuned",0,114,16301528,8000000,7995677,600000,0,7705851,998873,1999350,4997454
"NA19702","ASW","pooled",0,120,15154036,8000000,7998334,299277,0,6856425,999872,1998576,4999886
"NA19705","ASW","pooled",0,124,17373976,8000000,7997865,900000,0,8476111,998446,1999419,5000000
"NA19828","ASW","pooled",0,117,20057664,8000000,7995682,1200000,300000,10561982,1000000,1996729,4998953
"NA19836","ASW","pooled",0,116,18925582,8000000,7995657,2700000,0,8229925,997116,1998752,4999789
"NA19902","ASW","pooled",0,118,16640429,8000000,7998353,600000,0,8042076,998524,1999829,5000000
"NA19918","ASW","pooled",0,132,15964501,8000000,7993418,200000,0,7771083,995957,1997461,5000000
"NA19919","ASW","pooled",0,114,15879151,8000000,7999319,0,0,7879832,1000000,1999319,5000000
"NA19924","ASW","pooled",0,127,16061184,8000000,7990300,0,0,8070884,995781,1995376,4999143
"NA19983","ASW","pooled",0,116,16009703,8000000,7999074,200000,0,7810629,1000000,1999897,4999177
"NA20128","ASW","pooled",0,123,15725504,8000000,7999626,200000,0,7525878,999626,2000000,5000000
"NA20129","ASW","pooled",0,111,15876876,8000000,7936705,300000,0,7640171,998125,1938580,5000000
"NA20279","ASW","pooled",0,107,19800017,8000000,7998455,1400000,300000,10101562,999864,1998669,4999922
"NA20358","ASW","pooled",0,138,17474595,8000000,7995677,600000,0,8878918,998873,1999350,4997454
"NA19702","ASW","single_population",0,95,13924900,8000000,7996768,299277,0,5628855,999872,1998576,4998320
"NA19705","ASW","single_population",0,92,15750436,8000000,7996701,900000,0,6853735,997282,1999419,5000000
"NA19828","ASW","single_population",0,122,20172387,8000000,7995682,1200000,300000,10676705,1000000,1996729,4998953
"NA19836","ASW","single_population",0,96,18103750,8000000,7995657,2700000,0,7408093,997116,1998752,4999789
"NA19902","ASW","single_population",0,95,15593405,8000000,7998353,600000,0,6995052,998524,1999829,5000000
"NA19918","ASW","single_population",0,104,14871625,8000000,7993418,200000,0,6678207,995957,1997461,5000000
"NA19919","ASW","single_population",0,108,15930098,8000000,7999319,0,0,7930779,1000000,1999319,5000000
"NA19924","ASW","single_population",0,115,15248723,8000000,7990300,0,0,7258423,995781,1995376,4999143
"NA19983","ASW","single_population",0,104,15449908,8000000,7999074,200000,0,7250834,1000000,1999897,4999177
"NA20128","ASW","single_population",0,103,14443967,8000000,7994476,200000,0,6249491,999626,2000000,4994850
"NA20129","ASW","single_population",0,121,16788103,8000000,7935060,300000,0,8553043,998125,1936935,5000000
"NA20279","ASW","single_population",0,97,14400680,8000000,7938801,0,0,6461879,999864,1949221,4989716
"NA20358","ASW","single_population",0,114,16394619,8000000,7995677,600000,0,7798942,998873,1999350,4997454
"NA06991","CEU","ancestry_tuned",0,128,21511279,8000000,7999538,400000,0,13111741,999996,1999542,5000000
"NA06995","CEU","ancestry_tuned",0,136,25609271,8000000,7992877,1000000,0,16616394,1000000,2000000,4992877
"NA06997","CEU","ancestry_tuned",0,134,22316861,8000000,7994964,100000,0,14221897,997512,1997553,4999899
"NA07014","CEU","ancestry_tuned",0,133,22240508,8000000,7999892,395140,0,13845476,999980,2000000,4999912
"NA07019","CEU","ancestry_tuned",0,119,25003496,8000000,7997314,700000,0,16306182,999701,2000000,4997613
"NA07029","CEU","ancestry_tuned",0,113,22930133,8000000,7998854,500000,0,14431279,998854,2000000,5000000
"NA07048","CEU","ancestry_tuned",0,137,24935173,8000000,7998232,1498515,0,15438426,1000000,1998943,4999289
"NA07348","CEU","ancestry_tuned",0,128,21648807,8000000,7995386,400000,0,13253421,1000000,1996331,4999055
"NA07349","CEU","ancestry_tuned",0,119,20687667,8000000,7986002,419544,0,12282121,1000000,1986002,5000000
"NA10830","CEU","ancestry_tuned",0,137,28225352,8000000,7995400,1800000,300000,18129952,998663,1996997,4999740
"NA10831","CEU","ancestry_tuned",0,123,21283433,8000000,7999005,500000,0,12784428,1000000,1999005,5000000
"NA10835","CEU","ancestry_tuned",0,122,27625905,8000000,7997957,1800000,300000,17527948,1000000,1999394,4998563
"NA10836","CEU","ancestry_tuned",0,118,19597179,8000000,7997081,619544,0,10980554,999846,1998152,4999083
"NA10837","CEU","ancestry_tuned",0,124,22316735,8000000,8000000,308629,0,14008106,1000000,2000000,5000000
"NA10838","CEU","ancestry_tuned",0,118,20608525,8000000,7993736,400000,0,12214789,999642,1999654,4994440
"NA10839","CEU","ancestry_tuned",0,123,20308856,8000000,7987762,300000,0,12021094,999832,2000000,4987930
"NA10840","CEU","ancestry_tuned",0,132,23232260,8000000,7999113,200000,0,15033147,999427,2000000,4999686
"NA10842","CEU","ancestry_tuned",0,127,19919570,8000000,7953211,700000,0,11266359,964211,1999318,4989682
"NA10843","CEU","ancestry_tuned",0,120,19879324,8000000,7990610,795599,0,11093115,998201,2000000,4992409
"NA10845","CEU","ancestry_tuned",0,124,23175680,8000000,7999973,900000,0,14275707,999973,2000000,5000000
"NA10846","CEU","ancestry_tuned",0,143,24407259,8000000,7999354,1800000,0,14607905,1000000,1999423,4999931
"NA10847","CEU","ancestry_tuned",0,126,23665023,8000000,7996632,800000,0,14868391,998500,2000000,4998132
"NA10851","CEU","ancestry_tuned",0,157,26372509,8000000,7997306,600000,0,17775203,998612,1999886,4998808
"NA10852","CEU","ancestry_tuned",0,138,23531221,8000000,7999502,524102,0,15007617,999584,2000000,4999918
"NA10854","CEU","ancestry_tuned",0,142,23648578,8000000,7995809,1100000,0,14552769,999146,2000000,4996663
"NA10855","CEU","ancestry_tuned",0,138,22209423,8000000,7996830,400000,0,13812593,999564,1998291,4998975
"NA10856","CEU","ancestry_tuned",0,127,21874116,8000000,7998949,300000,0,13575167,999231,1999718,5000000
"NA10857","CEU","ancestry_tuned",0,130,22211002,8000000,7988394,400000,0,13822608,995773,1997816,4994805
"NA10859","CEU","ancestry_tuned",0,127,23782330,8000000,7997064,700000,0,15085266,999894,1997494,4999676
"NA10860","CEU","ancestry_tuned",0,136,21451427,8000000,6999079,500000,0,13952348,0,1999672,4999407
"NA10861","CEU","ancestry_tuned",0,134,20089043,8000000,7990495,200000,0,11898548,998978,1991517,5000000
"NA10863","CEU","ancestry_tuned",0,130,23359183,8000000,7993795,400000,0,14965388,998093,1998486,4997216
"NA10864","CEU","ancestry_tuned",0,126,20946510,8000000,7993694,200000,0,12752816,1000000,1999284,4994410
"NA10865","CEU","ancestry_tuned",0,131,23448071,8000000,7999190,300000,0,15148881,999839,1999526,4999825
"NA12329","CEU","ancestry_tuned",0,125,20359206,8000000,7997583,300000,0,12061623,999691,1999309,4998583
"NA12335","CEU","ancestry_tuned",0,110,20490818,8000000,7996800,400000,0,12094018,997193,2000000,4999607
"NA12336","CEU","ancestry_tuned",0,136,23307909,8000000,7998915,400000,0,14908994,1000000,1999967,4998948
"NA12344","CEU","ancestry_tuned",0,127,21845844,8000000,7998672,400000,0,13447172,998737,2000000,4999935
"NA12376","CEU","ancestry_tuned",0,137,20722895,8000000,7969347,300000,0,12453548,999658,1969699,4999990
"NA12386","CEU","ancestry_tuned",0,116,18559830,8000000,7998973,700000,0,9860857,1000000,1999094,4999879
"NA12485","CEU","ancestry_tuned",0,126,22368674,8000000,7997690,500000,0,13870984,998771,2000000,4998919
"NA12707","CEU","ancestry_tuned",0,137,23440572,8000000,7999863,300000,0,15140709,1000000,2000000,4999863
"NA12739","CEU","ancestry_tuned",0,139,20119498,8000000,7671947,196769,0,12250782,1000000,1672933,4999014
"NA12740","CEU","ancestry_tuned",0,135,23905731,8000000,7984701,900000,0,15021030,998128,1998574,4987999
"NA12752","CEU","ancestry_tuned",0,126,28549597,8000000,7998725,2800000,300000,17450872,999003,2000000,4999722
"NA12753","CEU","ancestry_tuned",0,138,22005885,8000000,7997319,700000,0,13308566,998430,1998985,4999904
"NA12766","CEU","ancestry_tuned",0,137,22756844,8000000,7996003,400000,0,14360841,1000000,1997898,4998105
"NA12767","CEU","ancestry_tuned",0,138,23380627,8000000,7996987,400000,0,14983640,998479,2000000,4998508
"NA12801","CEU","ancestry_tuned",0,123,20690044,8000000,7998258,600000,0,12091786,999739,1998519,5000000
"NA12802","CEU","ancestry_tuned",0,131,23146825,8000000,7996698,600000,0,14550127,998350,1998584,4999764
"NA12817","CEU","ancestry_tuned",0,134,22384208,8000000,8000000,600000,0,13784208,1000000,2000000,5000000
"NA12818","CEU","ancestry_tuned",0,123,22989132,8000000,7661241,999737,0,14328154,1000000,1661241,5000000
"NA12832","CEU","ancestry_tuned",0,127,24043118,8000000,7997801,700000,0,15345317,999123,1999777,4998901
"NA12864","CEU","ancestry_tuned",0,130,20641728,8000000,7995675,899343,0,11746710,998774,1997652,4999249
"NA12865","CEU","ancestry_tuned",0,116,20974291,8000000,7997125,1100000,0,11877166,999973,2000000,4997152
"NA12877","CEU","ancestry_tuned",0,141,23661632,8000000,7999058,699550,0,14963024,1000000,1999058,5000000
"NA12878","CEU","ancestry_tuned",0,124,22223427,8000000,7996778,700000,0,13526649,999989,1996789,5000000
"NA06991","CEU","pooled",0,146,22939606,8000000,7999538,400000,0,14540068,999996,1999542,5000000
"NA06995","CEU","pooled",0,149,26783345,8000000,7992877,1000000,0,17790468,1000000,2000000,4992877
"NA06997","CEU","pooled",0,153,23465738,8000000,7994964,100000,0,15370774,997512,1997553,4999899
"NA07014","CEU","pooled",0,153,23788171,8000000,7999892,395140,0,15393139,999980,2000000,4999912
"NA07019","CEU","pooled",0,139,26517372,8000000,7997314,700000,0,17820058,999701,2000000,4997613
"NA07029","CEU","pooled",0,135,24115053,8000000,7998854,500000,0,15616199,998854,2000000,5000000
"NA07048","CEU","pooled",0,149,26177130,8000000,7998243,1498515,0,16680372,1000000,1998954,4999289
"NA07348","CEU","pooled",0,149,23137120,8000000,7995386,400000,0,14741734,1000000,1996331,4999055
"NA07349","CEU","pooled",0,142,22206713,8000000,7986002,419544,0,13801167,1000000,1986002,5000000
"NA10830","CEU","pooled",0,168,30117817,8000000,7995400,1800000,300000,20022417,998663,1996997,4999740
"NA10831","CEU","pooled",0,143,22486842,8000000,7999005,500000,0,13987837,1000000,1999005,5000000
"NA10835","CEU","pooled",0,143,28943379,8000000,7997957,1800000,300000,18845422,1000000,1999394,4998563
"NA10836","CEU","pooled",0,146,21361251,8000000,7997081,619544,0,12744626,999846,1998152,4999083
"NA10837","CEU","pooled",0,148,23828075,8000000,8000000,308629,0,15519446,1000000,2000000,5000000
"NA10838","CEU","pooled",0,132,21585843,8000000,7993736,400000,0,13192107,999642,1999654,4994440
"NA10839","CEU","pooled",0,148,21846066,8000000,7987762,400000,0,13458304,999832,2000000,4987930
"NA10840","CEU","pooled",0,148,24877538,8000000,7999113,200000,0,16678425,999427,2000000,4999686
"NA10842","CEU","pooled",0,136,21119357,8000000,7955872,700000,0,12463485,964211,1999318,4992343
"NA10843","CEU","pooled",0,140,20980713,8000000,7990610,795599,0,12194504,998201,2000000,4992409
"NA10845","CEU","pooled",0,136,24147831,8000000,7999973,900000,0,15247858,999973,2000000,5000000
"NA10846","CEU","pooled",0,153,25158903,8000000,7999354,1800000,0,15359549,1000000,1999423,4999931
"NA10847","CEU","pooled",0,139,24648619,8000000,7996632,800000,0,15851987,998500,2000000,4998132
"NA10851","CEU","pooled",0,176,28687528,8000000,7997306,700000,0,19990222,998612,1999886,4998808
"NA10852","CEU","pooled",0,159,24822211,8000000,7997725,524102,0,16300384,999584,2000000,4998141
"NA10854","CEU","pooled",0,157,25169294,8000000,7993008,1100000,0,16076286,999146,1997199,4996663
"NA10855","CEU","pooled",0,145,23032952,8000000,7997855,400000,0,14635097,999564,1998291,5000000
"NA10856","CEU","pooled",0,152,23268439,8000000,7998949,300000,0,14969490,999231,1999718,5000000
"NA10857","CEU","pooled",0,143,23296391,8000000,7990946,400000,0,14905445,998325,1997816,4994805
"NA10859","CEU","pooled",0,140,24530550,8000000,7997064,700000,0,15833486,999894,1997494,4999676
"NA10860","CEU","pooled",0,154,22648472,8000000,6999079,500000,0,15149393,0,1999672,4999407
"NA10861","CEU","pooled",0,150,21333186,8000000,7991424,200000,0,13141762,998978,1992446,5000000
"NA10863","CEU","pooled",0,151,24821279,8000000,7993795,400000,0,16427484,998093,1998486,4997216
"NA10864","CEU","pooled",0,146,22494830,8000000,7993694,200000,0,14301136,1000000,1999284,4994410
"NA10865","CEU","pooled",0,152,24603668,8000000,7999190,300000,0,16304478,999839,1999526,4999825
"NA12329","CEU","pooled",0,150,22409656,8000000,7997583,300000,0,14112073,999691,1999309,4998583
"NA12335","CEU","pooled",0,131,21534830,8000000,7996800,400000,0,13138030,997193,2000000,4999607
"NA12336","CEU","pooled",0,156,24523031,8000000,7998915,400000,0,16124116,1000000,1999967,4998948
"NA12344","CEU","pooled",0,147,23399696,8000000,7998672,400000,0,15001024,998737,2000000,4999935
"NA12376","CEU","pooled",0,165,22794770,8000000,7988054,300000,0,14506716,999658,1988406,4999990
"NA12386","CEU","pooled",0,133,19905115,8000000,7998973,700000,0,11206142,1000000,1999094,4999879
"NA12485","CEU","pooled",0,149,23744114,8000000,7997690,500000,0,15246424,998771,2000000,4998919
"NA12707","CEU","pooled",0,151,24913903,8000000,7999863,300000,0,16614040,1000000,2000000,4999863
"NA12739","CEU","pooled",0,159,21792262,8000000,7671947,200000,0,13920315,1000000,1672933,4999014
"NA12740","CEU","pooled",0,153,25409500,8000000,7986461,900000,0,16523039,998128,1998574,4989759
"NA12752","CEU","pooled",0,147,30086157,8000000,7998725,2800000,300000,18987432,999003,2000000,4999722
"NA12753","CEU","pooled",0,163,23458179,8000000,7998334,700000,0,14759845,998430,2000000,4999904
"NA12766","CEU","pooled",0,152,23696269,8000000,7996003,400000,0,15300266,1000000,1997898,4998105
"NA12767","CEU","pooled",0,161,24593957,8000000,7996987,400000,0,16196970,998479,2000000,4998508
"NA12801","CEU","pooled",0,151,22368000,8000000,7998258,600000,0,13769742,999739,1998519,5000000
"NA12802","CEU","pooled",0,156,24635474,8000000,7995126,600000,0,16040348,998350,1998584,4998192
"NA12817","CEU","pooled",0,153,23680706,8000000,8000000,600000,0,15080706,1000000,2000000,5000000
"NA12818","CEU","pooled",0,146,25036244,8000000,7661241,999737,0,16375266,1000000,1661241,5000000
"NA12832","CEU","pooled",0,152,25822034,8000000,7997801,700000,0,17124233,999123,1999777,4998901
"NA12864","CEU","pooled",0,148,21662412,8000000,7995675,899343,0,12767394,998774,1997652,4999249
"NA12865","CEU","pooled",0,137,22407356,8000000,7997125,1100000,0,13310231,999973,2000000,4997152
"NA12877","CEU","pooled",0,151,24622146,8000000,7999058,699550,0,15923538,1000000,1999058,5000000
"NA12878","CEU","pooled",0,139,23409225,8000000,7996778,700000,0,14712447,999989,1996789,5000000
"NA06991","CEU","single_population",0,122,21152025,8000000,7999538,400000,0,12752487,999996,1999542,5000000
"NA06995","CEU","single_population",0,131,25365725,8000000,7992877,1000000,0,16372848,1000000,2000000,4992877
"NA06997","CEU","single_population",0,130,22077754,8000000,7994964,100000,0,13982790,997512,1997553,4999899
"NA07014","CEU","single_population",0,132,22199006,8000000,7999892,395140,0,13803974,999980,2000000,4999912
"NA07019","CEU","single_population",0,118,24897663,8000000,7997314,700000,0,16200349,999701,2000000,4997613
"NA07029","CEU","single_population",0,112,22879601,8000000,7998854,500000,0,14380747,998854,2000000,5000000
"NA07048","CEU","single_population",0,133,24796906,8000000,7998232,1498515,0,15300159,1000000,1998943,4999289
"NA07348","CEU","single_population",0,128,21882266,8000000,7995386,400000,0,13486880,1000000,1996331,4999055
"NA07349","CEU","single_population",0,116,20487011,8000000,7986002,419544,0,12081465,1000000,1986002,5000000
"NA10830","CEU","single_population",0,136,28229000,8000000,7995400,1800000,300000,18133600,998663,1996997,4999740
"NA10831","CEU","single_population",0,120,21215927,8000000,7999005,500000,0,12716922,1000000,1999005,5000000
"NA10835","CEU","single_population",0,124,27767538,8000000,7997957,1800000,300000,17669581,1000000,1999394,4998563
"NA10836","CEU","single_population",0,119,19705002,8000000,7997081,619544,0,11088377,999846,1998152,4999083
"NA10837","CEU","single_population",0,123,22382880,8000000,8000000,308629,0,14074251,1000000,2000000,5000000
"NA10838","CEU","single_population",0,115,20526329,8000000,7993736,400000,0,12132593,999642,1999654,4994440
"NA10839","CEU","single_population",0,118,20169633,8000000,7987762,300000,0,11881871,999832,2000000,4987930
"NA10840","CEU","single_population",0,129,22858827,8000000,7999113,200000,0,14659714,999427,2000000,4999686
"NA10842","CEU","single_population",0,123,19669046,8000000,7953211,700000,0,11015835,964211,1999318,4989682
"NA10843","CEU","single_population",0,113,19779427,8000000,7990610,795599,0,10993218,998201,2000000,4992409
"NA10845","CEU","single_population",0,122,23089866,8000000,7999973,900000,0,14189893,999973,2000000,5000000
"NA10846","CEU","single_population",0,136,23928522,8000000,7999354,1800000,0,14129168,1000000,1999423,4999931
"NA10847","CEU","single_population",0,121,23485164,8000000,7996632,800000,0,14688532,998500,2000000,4998132
"NA10851","CEU","single_population",0,156,26635363,8000000,7997306,600000,0,18038057,998612,1999886,4998808
"NA10852","CEU","single_population",0,138,23325797,8000000,7999502,524102,0,14802193,999584,2000000,4999918
"NA10854","CEU","single_population",0,140,23110841,8000000,7995809,1000000,0,14115032,999146,2000000,4996663
"NA10855","CEU","single_population",0,136,22174728,8000000,7996830,400000,0,13777898,999564,1998291,4998975
"NA10856","CEU","single_population",0,126,21965130,8000000,7998949,300000,0,13666181,999231,1999718,5000000
"NA10857","CEU","single_population",0,133,22265413,8000000,7988394,400000,0,13877019,995773,1997816,4994805
"NA10859","CEU","single_population",0,127,23839751,8000000,7997064,700000,0,15142687,999894,1997494,4999676
"NA10860","CEU","single_population",0,137,21576862,8000000,6999079,500000,0,14077783,0,1999672,4999407
"NA10861","CEU","single_population",0,131,20060899,8000000,7990495,200000,0,11870404,998978,1991517,5000000
"NA10863","CEU","single_population",0,123,22577616,8000000,7993795,400000,0,14183821,998093,1998486,4997216
"NA10864","CEU","single_population",0,124,20783390,8000000,7998064,200000,0,12585326,1000000,1999284,4998780
"NA10865","CEU","single_population",0,133,23682091,8000000,7999190,300000,0,15382901,999839,1999526,4999825
"NA12329","CEU","single_population",0,127,20577110,8000000,7997583,300000,0,12279527,999691,1999309,4998583
"NA12335","CEU","single_population",0,106,20106472,8000000,7996800,400000,0,11709672,997193,2000000,4999607
"NA12336","CEU","single_population",0,135,23026386,8000000,7998915,400000,0,14627471,1000000,1999967,4998948
"NA12344","CEU","single_population",0,123,21691674,8000000,7998672,400000,0,13293002,998737,2000000,4999935
"NA12376","CEU","single_population",0,138,20648014,8000000,7969347,300000,0,12378667,999658,1969699,4999990
"NA12386","CEU","single_population",0,116,18493998,8000000,7998973,700000,0,9795025,1000000,1999094,4999879
"NA12485","CEU","single_population",0,126,22330914,8000000,7997690,500000,0,13833224,998771,2000000,4998919
"NA12707","CEU","single_population",0,138,23507252,8000000,7999863,300000,0,15207389,1000000,2000000,4999863
"NA12739","CEU","single_population",0,137,20123088,8000000,7671947,196769,0,12254372,1000000,1672933,4999014
"NA12740","CEU","single_population",0,132,23842972,8000000,7984701,900000,0,14958271,998128,1998574,4987999
"NA12752","CEU","single_population",0,125,28557193,8000000,7998725,2800000,300000,17458468,999003,2000000,4999722
"NA12753","CEU","single_population",0,137,22029094,8000000,7997319,700000,0,13331775,998430,1998985,4999904
"NA12766","CEU","single_population",0,135,22704499,8000000,7996003,400000,0,14308496,1000000,1997898,4998105
"NA12767","CEU","single_population",0,132,22971587,8000000,7996987,400000,0,14574600,998479,2000000,4998508
"NA12801","CEU","single_population",0,123,20601225,8000000,7998258,600000,0,12002967,999739,1998519,5000000
"NA12802","CEU","single_population",0,131,23228013,8000000,7996698,600000,0,14631315,998350,1998584,4999764
"NA12817","CEU","single_population",0,136,22334404,8000000,8000000,600000,0,13734404,1000000,2000000,5000000
"NA12818","CEU","single_population",0,120,22764598,8000000,7661241,999737,0,14103620,1000000,1661241,5000000
"NA12832","CEU","single_population",0,124,23996261,8000000,7997801,700000,0,15298460,999123,1999777,4998901
"NA12864","CEU","single_population",0,131,20666685,8000000,7995675,899343,0,11771667,998774,1997652,4999249
"NA12865","CEU","single_population",0,115,20775647,8000000,7997125,1100000,0,11678522,999973,2000000,4997152
"NA12877","CEU","single_population",0,141,23688211,8000000,7999058,699550,0,14989603,1000000,1999058,5000000
"NA12878","CEU","single_population",0,129,22351128,8000000,7996778,700000,0,13654350,999989,1996789,5000000
"HG00405","CHS","ancestry_tuned",0,161,27528911,8000000,7998824,800000,0,18730087,998882,1999942,5000000
"HG00408","CHS","ancestry_tuned",0,137,23320942,8000000,7997469,300000,0,15023473,1000000,1999725,4997744
"HG00420","CHS","ancestry_tuned",0,148,24393790,8000000,7970074,600000,0,15823716,1000000,1970074,5000000
"HG00423","CHS","ancestry_tuned",0,151,26188055,8000000,7997298,199624,0,17991133,997943,1999355,5000000
"HG00429","CHS","ancestry_tuned",0,144,25457709,8000000,7994037,1000000,0,16463672,1000000,1994540,4999497
"HG00438","CHS","ancestry_tuned",0,154,26942301,8000000,7992846,700000,0,18249455,992846,2000000,5000000
"HG00444","CHS","ancestry_tuned",0,131,21137757,8000000,7995851,119544,0,13022362,999849,1996162,4999840
"HG00447","CHS","ancestry_tuned",0,152,24256849,8000000,7996130,796876,0,15463843,1000000,1998719,4997411
"HG00450","CHS","ancestry_tuned",0,143,26038446,8000000,7994345,998564,0,17045537,995786,1998559,5000000
"HG00453","CHS","ancestry_tuned",0,146,25808356,8000000,7999372,300000,0,17508984,1000000,2000000,4999372
"HG00459","CHS","ancestry_tuned",0,145,26291787,8000000,7997542,600000,0,17694245,999662,1998875,4999005
"HG00465","CHS","ancestry_tuned",0,134,23181840,8000000,7995473,500000,0,14686367,1000000,1995473,5000000
"HG00474","CHS","ancestry_tuned",0,148,25570785,8000000,7997876,500000,0,17072909,998938,1998938,5000000
"HG00477","CHS","ancestry_tuned",0,139,26070537,8000000,7998648,800000,0,17271889,999972,1998676,5000000
"HG00480","CHS","ancestry_tuned",0,145,23363086,8000000,7996903,700000,0,14666183,1000000,1996903,5000000
"HG00502","CHS","ancestry_tuned",0,133,23241151,8000000,8000000,600000,0,14641151,1000000,2000000,5000000
"HG00514","CHS","ancestry_tuned",0,135,24342964,8000000,7995163,600000,0,15747801,996224,2000000,4998939
"HG00526","CHS","ancestry_tuned",0,123,24486277,8000000,7995719,600000,0,15890558,996661,2000000,4999058
"HG00532","CHS","ancestry_tuned",0,139,24844591,8000000,7998250,180426,0,16665915,999305,2000000,4998945
"HG00535","CHS","ancestry_tuned",0,142,25918210,8000000,7998719,300000,0,17619491,1000000,1998719,5000000
"HG00538","CHS","ancestry_tuned",0,131,22934671,8000000,7997274,200000,0,14737397,1000000,2000000,4997274
"HG00544","CHS","ancestry_tuned",0,137,22846861,8000000,7994928,700000,0,14151933,997912,1997694,4999322
"HG00558","CHS","ancestry_tuned",0,133,27308472,8000000,7998734,700000,0,18609738,999544,2000000,4999190
"HG00561","CHS","ancestry_tuned",0,141,25436095,8000000,7996131,1019544,0,16420420,1000000,1997037,4999094
"HG00567","CHS","ancestry_tuned",0,133,26530934,8000000,7998824,1486659,0,17045451,999257,1999567,5000000
"HG00579","CHS","ancestry_tuned",0,145,26282187,8000000,7998183,500000,0,17784004,999433,2000000,4998750
"HG00582","CHS","ancestry_tuned",0,140,23655510,8000000,7998242,1100000,0,14557268,998577,1999665,5000000
"HG00585","CHS","ancestry_tuned",0,134,25446560,8000000,7994832,300000,0,17151728,1000000,2000000,4994832
"HG00591","CHS","ancestry_tuned",0,133,22139102,8000000,7995984,300000,0,13843118,999677,1998732,4997575
"HG00594","CHS","ancestry_tuned",0,131,22448245,8000000,7997648,500000,0,13950597,1000000,1998920,4998728
"HG00597","CHS","ancestry_tuned",0,130,22905314,8000000,7994625,600000,0,14310689,996137,1999954,4998534
"HG00609","CHS","ancestry_tuned",0,121,23075073,8000000,7994646,1294575,0,13785852,999807,1998225,4996614
"HG00612","CHS","ancestry_tuned",0,137,26871658,8000000,7993684,997485,0,17880489,993999,1999685,5000000
"HG00615","CHS","ancestry_tuned",0,147,26054477,8000000,8000000,800000,0,17254477,1000000,2000000,5000000
"HG00621","CHS","ancestry_tuned",0,136,23261867,8000000,7958367,800000,0,14503500,1000000,1995495,4962872
"HG00627","CHS","ancestry_tuned",0,153,23785711,8000000,7996357,400000,0,15389354,1000000,1999538,4996819
"HG00630","CHS","ancestry_tuned",0,145,24757369,8000000,7997798,596425,0,16163146,999946,2000000,4997852
"HG00636","CHS","ancestry_tuned",0,153,25533726,8000000,7999143,300000,0,17234583,1000000,1999571,4999572
"HG00652","CHS","ancestry_tuned",0,145,23724995,8000000,7998464,571636,0,15154895,998464,2000000,5000000
"HG00655","CHS","ancestry_tuned",0,119,25263643,8000000,7998608,600000,0,16665035,1000000,2000000,4998608
"HG00658","CHS","ancestry_tuned",0,132,22876813,8000000,7999502,500000,0,14377311,1000000,1999502,5000000
"HG00664","CHS","ancestry_tuned",0,149,24926406,8000000,8000000,2000000,0,14926406,1000000,2000000,5000000
"HG00673","CHS","ancestry_tuned",0,134,23924887,8000000,7997048,300000,0,15627839,1000000,1997374,4999674
"HG00685","CHS","ancestry_tuned",0,140,23105703,8000000,7997232,300000,0,14808471,999525,1998484,4999223
"HG00691","CHS","ancestry_tuned",0,149,23270348,8000000,7994391,300000,0,14975957,995466,1999518,4999407
"HG00694","CHS","ancestry_tuned",0,141,25406890,8000000,7998003,619544,0,16789343,999201,1999215,4999587
"HG00700","CHS","ancestry_tuned",0,146,25070955,8000000,7992682,500000,0,16578273,996010,2000000,4996672
"HG00702","CHS","ancestry_tuned",0,132,22624532,8000000,7993942,800000,0,13830590,1000000,1999226,4994716
"HG00703","CHS","ancestry_tuned",0,133,22206721,8000000,7993972,488456,0,13724293,994415,2000000,4999557
"HG00706","CHS","ancestry_tuned",0,151,24080999,8000000,7788785,500000,0,15792214,791912,1997830,4999043
"HG00709","CHS","ancestry_tuned",0,149,26108788,8000000,7983907,300000,0,17824881,999476,2000000,4984431
"HG00405","CHS","pooled",0,187,29850113,8000000,7998824,800000,0,21051289,998882,1999942,5000000
"HG00408","CHS","pooled",0,167,25291772,8000000,7997469,300000,0,16994303,1000000,1999725,4997744
"HG00420","CHS","pooled",0,176,26169643,8000000,7970074,600000,0,17599569,1000000,1970074,5000000
"HG00423","CHS","pooled",0,177,28031655,8000000,7997298,200000,0,19834357,997943,1999355,5000000
"HG00429","CHS","pooled",0,165,27111980,8000000,7998356,994426,0,18119198,1000000,1998859,4999497
"HG00438","CHS","pooled",0,171,28247699,8000000,7992846,700000,0,19554853,992846,2000000,5000000
"HG00444","CHS","pooled",0,154,23650448,8000000,7995851,119544,0,15535053,999849,1996162,4999840
"HG00447","CHS","pooled",0,170,26203222,8000000,7996130,800000,0,17407092,1000000,1998719,4997411
"HG00450","CHS","pooled",0,170,28063015,8000000,7994345,998564,0,19070106,995786,1998559,5000000
"HG00453","CHS","pooled",0,169,27693114,8000000,7999372,300000,0,19393742,1000000,2000000,4999372
"HG00459","CHS","pooled",0,168,27834632,8000000,7997542,600000,0,19237090,999662,1998875,4999005
"HG00465","CHS","pooled",0,168,25427573,8000000,7995473,500000,0,16932100,1000000,1995473,5000000
"HG00474","CHS","pooled",0,180,28375379,8000000,7998938,500000,0,19876441,1000000,1998938,5000000
"HG00477","CHS","pooled",0,172,28621228,8000000,7998648,800000,0,19822580,999972,1998676,5000000
"HG00480","CHS","pooled",0,180,25836203,8000000,7996903,800000,0,17039300,1000000,1996903,5000000
"HG00502","CHS","pooled",0,152,25142839,8000000,8000000,600000,0,16542839,1000000,2000000,5000000
"HG00514","CHS","pooled",0,150,25819194,8000000,7995163,600000,0,17224031,996224,2000000,4998939
"HG00526","CHS","pooled",0,155,26909417,8000000,7995719,600000,0,18313698,996661,2000000,4999058
"HG00532","CHS","pooled",0,168,27109592,8000000,7998852,200000,0,18910740,999305,1999742,4999805
"HG00535","CHS","pooled",0,165,27561132,8000000,7998719,300000,0,19262413,1000000,1998719,5000000
"HG00538","CHS","pooled",0,156,24785948,8000000,7997274,200000,0,16588674,1000000,2000000,4997274
"HG00544","CHS","pooled",0,166,24480050,8000000,7994928,700000,0,15785122,997912,1997694,4999322
"HG00558","CHS","pooled",0,166,29716067,8000000,7998734,700000,0,21017333,999544,2000000,4999190
"HG00561","CHS","pooled",0,161,26594296,8000000,7996131,1019544,0,17578621,1000000,1997037,4999094
"HG00567","CHS","pooled",0,152,28664788,8000000,7998824,1486659,0,19179305,999257,1999567,5000000
"HG00579","CHS","pooled",0,175,28451507,8000000,7999373,500000,0,19952134,999433,2000000,4999940
"HG00582","CHS","pooled",0,165,25501038,8000000,7998242,1100000,0,16402796,998577,1999665,5000000
"HG00585","CHS","pooled",0,170,28060068,8000000,7994832,300000,0,19765236,1000000,2000000,4994832
"HG00591","CHS","pooled",0,150,23083251,8000000,7995984,300000,0,14787267,999677,1998732,4997575
"HG00594","CHS","pooled",0,160,24700471,8000000,7998920,500000,0,16201551,1000000,1998920,5000000
"HG00597","CHS","pooled",0,157,24819399,8000000,7994625,600000,0,16224774,996137,1999954,4998534
"HG00609","CHS","pooled",0,145,24634512,8000000,7994646,1312924,0,15326942,999807,1998225,4996614
"HG00612","CHS","pooled",0,164,28617154,8000000,7993684,997485,0,19625985,993999,1999685,5000000
"HG00615","CHS","pooled",0,174,27923266,8000000,8000000,800000,0,19123266,1000000,2000000,5000000
"HG00621","CHS","pooled",0,163,25353720,8000000,7995495,800000,0,16558225,1000000,1995495,5000000
"HG00627","CHS","pooled",0,178,25594115,8000000,7996357,400000,0,17197758,1000000,1999538,4996819
"HG00630","CHS","pooled",0,175,27247390,8000000,7997852,596425,0,18653113,1000000,2000000,4997852
"HG00636","CHS","pooled",0,173,26892331,8000000,7999143,300000,0,18593188,1000000,1999571,4999572
"HG00652","CHS","pooled",0,176,26419825,8000000,7998464,596810,0,17824551,998464,2000000,5000000
"HG00655","CHS","pooled",0,145,26897979,8000000,7998608,600000,0,18299371,1000000,2000000,4998608
"HG00658","CHS","pooled",0,163,25179014,8000000,7998131,500000,0,16680883,1000000,1998131,5000000
"HG00664","CHS","pooled",0,173,27214544,8000000,8000000,2084856,0,17129688,1000000,2000000,5000000
"HG00673","CHS","pooled",0,164,25960006,8000000,7997048,300000,0,17662958,1000000,1997374,4999674
"HG00685","CHS","pooled",0,161,25185475,8000000,7997232,300000,0,16888243,999525,1998484,4999223
"HG00691","CHS","pooled",0,176,25119951,8000000,7994391,319544,0,16806016,995466,1999518,4999407
"HG00694","CHS","pooled",0,173,27740402,8000000,7998416,719544,0,19022442,999201,1999215,5000000
"HG00700","CHS","pooled",0,162,26377530,8000000,7992682,500000,0,17884848,996010,2000000,4996672
"HG00702","CHS","pooled",0,163,24466660,8000000,7993942,800000,0,15672718,1000000,1999226,4994716
"HG00703","CHS","pooled",0,159,24081662,8000000,7993972,488456,0,15599234,994415,2000000,4999557
"HG00706","CHS","pooled",0,180,25936231,8000000,7790223,500000,0,17646008,791912,1999268,4999043
"HG00709","CHS","pooled",0,176,27594878,8000000,7983540,300000,0,19311338,999476,2000000,4984064
"HG00405","CHS","single_population",0,161,27511695,8000000,7998824,800000,0,18712871,998882,1999942,5000000
"HG00408","CHS","single_population",0,132,23112410,8000000,7997469,300000,0,14814941,1000000,1999725,4997744
"HG00420","CHS","single_population",0,146,24360220,8000000,7970074,600000,0,15790146,1000000,1970074,5000000
"HG00423","CHS","single_population",0,150,25887329,8000000,7997298,199624,0,17690407,997943,1999355,5000000
"HG00429","CHS","single_population",0,143,25382786,8000000,7994037,1000000,0,16388749,1000000,1994540,4999497
"HG00438","CHS","single_population",0,154,26972894,8000000,7992846,700000,0,18280048,992846,2000000,5000000
"HG00444","CHS","single_population",0,127,20916635,8000000,7995851,119544,0,12801240,999849,1996162,4999840
"HG00447","CHS","single_population",0,151,24287839,8000000,7996130,796876,0,15494833,1000000,1998719,4997411
"HG00450","CHS","single_population",0,139,25760223,8000000,7994345,998564,0,16767314,995786,1998559,5000000
"HG00453","CHS","single_population",0,147,25767259,8000000,7999372,300000,0,17467887,1000000,2000000,4999372
"HG00459","CHS","single_population",0,142,26240494,8000000,7997542,600000,0,17642952,999662,1998875,4999005
"HG00465","CHS","single_population",0,134,23024216,8000000,7995473,500000,0,14528743,1000000,1995473,5000000
"HG00474","CHS","single_population",0,148,25500556,8000000,7997876,500000,0,17002680,998938,1998938,5000000
"HG00477","CHS","single_population",0,138,25930354,8000000,7998648,800000,0,17131706,999972,1998676,5000000
"HG00480","CHS","single_population",0,144,23178720,8000000,7996903,700000,0,14481817,1000000,1996903,5000000
"HG00502","CHS","single_population",0,132,23295299,8000000,8000000,600000,0,14695299,1000000,2000000,5000000
"HG00514","CHS","single_population",0,129,24081525,8000000,7995163,600000,0,15486362,996224,2000000,4998939
"HG00526","CHS","single_population",0,124,24521152,8000000,7995719,600000,0,15925433,996661,2000000,4999058
"HG00532","CHS","single_population",0,135,24718697,8000000,7998250,180426,0,16540021,999305,2000000,4998945
"HG00535","CHS","single_population",0,143,25916124,8000000,7998719,300000,0,17617405,1000000,1998719,5000000
"HG00538","CHS","single_population",0,127,22490362,8000000,7997274,200000,0,14293088,1000000,2000000,4997274
"HG00544","CHS","single_population",0,136,22739450,8000000,7994928,700000,0,14044522,997912,1997694,4999322
"HG00558","CHS","single_population",0,134,27377090,8000000,7998734,700000,0,18678356,999544,2000000,4999190
"HG00561","CHS","single_population",0,135,25080305,8000000,7996131,1019544,0,16064630,1000000,1997037,4999094
"HG00567","CHS","single_population",0,133,26613978,8000000,7998824,1486659,0,17128495,999257,1999567,5000000
"HG00579","CHS","single_population",0,141,26025265,8000000,7998183,500000,0,17527082,999433,2000000,4998750
"HG00582","CHS","single_population",0,140,23598031,8000000,7998242,1100000,0,14499789,998577,1999665,5000000
"HG00585","CHS","single_population",0,134,25536590,8000000,7994832,300000,0,17241758,1000000,2000000,4994832
"HG00591","CHS","single_population",0,128,21781828,8000000,7995984,300000,0,13485844,999677,1998732,4997575
"HG00594","CHS","single_population",0,131,22299028,8000000,7997648,500000,0,13801380,1000000,1998920,4998728
"HG00597","CHS","single_population",0,130,22965174,8000000,7994625,600000,0,14370549,996137,1999954,4998534
"HG00609","CHS","single_population",0,119,22766801,8000000,7994646,1294575,0,13477580,999807,1998225,4996614
"HG00612","CHS","single_population",0,136,26833591,8000000,7993684,997485,0,17842422,993999,1999685,5000000
"HG00615","CHS","single_population",0,144,25950241,8000000,8000000,800000,0,17150241,1000000,2000000,5000000
"HG00621","CHS","single_population",0,132,23127042,8000000,7958367,800000,0,14368675,1000000,1995495,4962872
"HG00627","CHS","single_population",0,147,23294435,8000000,7996357,400000,0,14898078,1000000,1999538,4996819
"HG00630","CHS","single_population",0,149,24892210,8000000,7997798,596425,0,16297987,999946,2000000,4997852
"HG00636","CHS","single_population",0,152,25591373,8000000,7999143,300000,0,17292230,1000000,1999571,4999572
"HG00652","CHS","single_population",0,140,23680098,8000000,7998464,571636,0,15109998,998464,2000000,5000000
"HG00655","CHS","single_population",0,118,25025820,8000000,7998608,587223,0,16439989,1000000,2000000,4998608
"HG00658","CHS","single_population",0,131,22674177,8000000,7999502,500000,0,14174675,1000000,1999502,5000000
"HG00664","CHS","single_population",0,147,24648923,8000000,8000000,2000000,0,14648923,1000000,2000000,5000000
"HG00673","CHS","single_population",0,132,24019354,8000000,7997048,300000,0,15722306,1000000,1997374,4999674
"HG00685","CHS","single_population",0,143,23137104,8000000,7997232,298874,0,14840998,999525,1998484,4999223
"HG00691","CHS","single_population",0,147,23230756,8000000,7994391,300000,0,14936365,995466,1999518,4999407
"HG00694","CHS","single_population",0,137,25573017,8000000,7998003,619544,0,16955470,999201,1999215,4999587
"HG00700","CHS","single_population",0,144,24906055,8000000,7992682,500000,0,16413373,996010,2000000,4996672
"HG00702","CHS","single_population",0,130,22223788,8000000,7993942,800000,0,13429846,1000000,1999226,4994716
"HG00703","CHS","single_population",0,135,22206248,8000000,7993972,488456,0,13723820,994415,2000000,4999557
"HG00706","CHS","single_population",0,148,23745905,8000000,7788785,500000,0,15457120,791912,1997830,4999043
"HG00709","CHS","single_population",0,150,26220339,8000000,7983907,300000,0,17936432,999476,2000000,4984431
"HG01114","CLM","ancestry_tuned",0,123,23632226,8000000,7999227,2400000,0,13232999,999506,2000000,4999721
"HG01126","CLM","ancestry_tuned",0,136,27849246,8000000,7993386,2202925,300000,17352935,997254,1997876,4998256
"HG01135","CLM","ancestry_tuned",0,145,22648615,8000000,7979277,100000,0,14569338,998600,1998896,4981781
"HG01138","CLM","ancestry_tuned",0,115,19468423,8000000,7996950,200000,0,11271473,1000000,1998816,4998134
"HG01141","CLM","ancestry_tuned",0,128,18094937,8000000,7999006,200000,0,9895931,999006,2000000,5000000
"HG01150","CLM","ancestry_tuned",0,129,23640951,8000000,7951063,200000,0,15489888,998780,1952283,5000000
"HG01252","CLM","ancestry_tuned",0,109,20645199,8000000,7998528,300000,0,12346671,1000000,1999040,4999488
"HG01255","CLM","ancestry_tuned",0,145,24333860,8000000,7998485,1119544,0,15215831,1000000,1999530,4998955
"HG01258","CLM","ancestry_tuned",0,122,21549726,8000000,7997212,600000,0,12952514,1000000,1997486,4999726
"HG01261","CLM","ancestry_tuned",0,137,20411546,8000000,7994072,100000,0,12317474,999461,1994611,5000000
"HG01273","CLM","ancestry_tuned",0,124,21710623,8000000,7998545,300000,0,13412078,999812,1998733,5000000
"HG01276","CLM","ancestry_tuned",0,131,23457414,8000000,8000000,100000,0,15357414,1000000,2000000,5000000
"HG01279","CLM","ancestry_tuned",0,140,23464006,8000000,7990078,1300000,0,14173928,996394,1995333,4998351
"HG01343","CLM","ancestry_tuned",0,134,24656951,8000000,7998732,1651391,0,15006828,1000000,1999917,4998815
"HG01346","CLM","ancestry_tuned",0,138,22704441,8000000,7993635,619544,0,14091262,1000000,1996207,4997428
"HG01349","CLM","ancestry_tuned",0,111,27366692,8000000,7996915,4699857,0,14669920,996915,2000000,5000000
"HG01352","CLM","ancestry_tuned",0,117,22735508,8000000,7998965,819544,0,13916999,1000000,1998965,5000000
"HG01355","CLM","ancestry_tuned",0,126,21643133,8000000,7996361,100000,0,13546772,998893,1997971,4999497
"HG01358","CLM","ancestry_tuned",0,129,21642953,8000000,7994519,0,0,13648434,1000000,1999301,4995218
"HG01361","CLM","ancestry_tuned",0,125,17858195,8000000,7943880,100000,0,9814315,994998,1951016,4997866
"HG01367","CLM","ancestry_tuned",0,121,16975192,8000000,7999499,0,0,8975693,999499,2000000,5000000
"HG01376","CLM","ancestry_tuned",0,136,23517619,8000000,7992845,500000,0,15024774,997656,1995189,5000000
"HG01379","CLM","ancestry_tuned",0,126,20684355,8000000,7996578,500000,0,12187777,999921,1996974,4999683
"HG01385","CLM","ancestry_tuned",0,146,21233270,8000000,7998604,300000,0,12934666,998604,2000000,5000000
"HG01391","CLM","ancestry_tuned",0,110,19679168,8000000,7990758,200000,0,11488410,999809,1991358,4999591
"HG01433","CLM","ancestry_tuned",0,141,22470951,8000000,7972798,0,0,14498153,986471,1986613,4999714
"HG01439","CLM","ancestry_tuned",0,119,22268172,8000000,7998397,1500000,0,12769775,998443,1999954,5000000
"HG01457","CLM","ancestry_tuned",0,138,24414114,8000000,7977974,700000,0,15736140,999496,1978478,5000000
"HG01463","CLM","ancestry_tuned",0,102,20009693,8000000,7990397,400000,0,11619296,999698,2000000,4990699
"HG01466","CLM","ancestry_tuned",0,118,21223633,8000000,7996770,0,0,13226863,998408,2000000,4998362
"HG01490","CLM","ancestry_tuned",0,117,17340997,8000000,7999264,100000,0,9241733,1000000,1999338,4999926
"HG01493","CLM","ancestry_tuned",0,121,22795599,8000000,7999796,693457,0,14102346,999944,2000000,4999852
"HG01496","CLM","ancestry_tuned",0,113,19103068,8000000,7993098,300000,0,10809970,996157,1999891,4997050
"HG01499","CLM","ancestry_tuned",0,138,26233364,8000000,7998641,2331516,0,15903207,1000000,1998641,5000000
"HG01552","CLM","ancestry_tuned",0,122,18326313,8000000,7996178,100000,0,10230135,997712,1998999,4999467
"HG01114","CLM","pooled",0,139,24624246,8000000,7999227,2400000,0,14225019,999506,2000000,4999721
"HG01126","CLM","pooled",0,142,28308299,8000000,7993343,2202925,300000,17812031,997211,1997876,4998256
"HG01135","CLM","pooled",0,156,23337886,8000000,7979277,100000,0,15258609,998600,1998896,4981781
"HG01138","CLM","pooled",0,137,21018375,8000000,7996950,200000,0,12821425,1000000,1998816,4998134
"HG01141","CLM","pooled",0,133,18512599,8000000,7999006,200000,0,10313593,999006,2000000,5000000
"HG01150","CLM","pooled",0,142,24299777,8000000,7951063,200000,0,16148714,998780,1952283,5000000
"HG01252","CLM","pooled",0,125,21895350,8000000,7997893,300000,0,13597457,1000000,1999040,4998853
"HG01255","CLM","pooled",0,144,24916433,8000000,7998485,1119544,0,15798404,1000000,1999530,4998955
"HG01258","CLM","pooled",0,127,22219351,8000000,7997212,600000,0,13622139,1000000,1997486,4999726
"HG01261","CLM","pooled",0,138,20625204,8000000,7994072,100000,0,12531132,999461,1994611,5000000
"HG01273","CLM","pooled",0,135,22770562,8000000,7998545,300000,0,14472017,999812,1998733,5000000
"HG01276","CLM","pooled",0,139,24431726,8000000,8000000,100000,0,16331726,1000000,2000000,5000000
"HG01279","CLM","pooled",0,152,24162449,8000000,7992922,1300000,0,14869527,996394,1998177,4998351
"HG01343","CLM","pooled",0,150,25801485,8000000,7998732,1651391,0,16151362,1000000,1999917,4998815
"HG01346","CLM","pooled",0,152,23802792,8000000,7993975,619544,0,15189273,1000000,1996207,4997768
"HG01349","CLM","pooled",0,129,28836271,8000000,7996915,4699857,0,16139499,996915,2000000,5000000
"HG01352","CLM","pooled",0,144,24434079,8000000,7998965,819544,0,15615570,1000000,1998965,5000000
"HG01355","CLM","pooled",0,139,22802667,8000000,7996361,100000,0,14706306,998893,1997971,4999497
"HG01358","CLM","pooled",0,137,22381912,8000000,7994519,0,0,14387393,1000000,1999301,4995218
"HG01361","CLM","pooled",0,134,18397783,8000000,7943880,100000,0,10353903,994998,1951016,4997866
"HG01367","CLM","pooled",0,128,17307400,8000000,7994245,0,0,9313155,994245,2000000,5000000
"HG01376","CLM","pooled",0,151,24503895,8000000,7992845,500000,0,16011050,997656,1995189,5000000
"HG01379","CLM","pooled",0,147,21688513,8000000,7996578,500000,0,13191935,999921,1996974,4999683
"HG01385","CLM","pooled",0,152,21847848,8000000,7998604,300000,0,13549244,998604,2000000,5000000
"HG01391","CLM","pooled",0,109,20430707,8000000,7990758,200000,0,12239949,999809,1991358,4999591
"HG01433","CLM","pooled",0,153,23229875,8000000,7972798,0,0,15257077,986471,1986613,4999714
"HG01439","CLM","pooled",0,136,23466819,8000000,7998397,1500000,0,13968422,998443,1999954,5000000
"HG01457","CLM","pooled",0,150,25285700,8000000,7977974,700000,0,16607726,999496,1978478,5000000
"HG01463","CLM","pooled",0,110,20414122,8000000,7990397,400000,0,12023725,999698,2000000,4990699
"HG01466","CLM","pooled",0,134,21897186,8000000,7996770,0,0,13900416,998408,2000000,4998362
"HG01490","CLM","pooled",0,119,17560895,8000000,7999264,100000,0,9461631,1000000,1999338,4999926
"HG01493","CLM","pooled",0,139,24077351,8000000,7999796,700000,0,15377555,999944,2000000,4999852
"HG01496","CLM","pooled",0,120,19787318,8000000,7993098,300000,0,11494220,996157,1999891,4997050
"HG01499","CLM","pooled",0,148,27229718,8000000,7998641,2331516,0,16899561,1000000,1998641,5000000
"HG01552","CLM","pooled",0,127,18564592,8000000,7996178,100000,0,10468414,997712,1998999,4999467
"HG01114","CLM","single_population",0,129,24037847,8000000,7999227,2400000,0,13638620,999506,2000000,4999721
"HG01126","CLM","single_population",0,136,27960933,8000000,7993386,2202925,300000,17464622,997254,1997876,4998256
"HG01135","CLM","single_population",0,147,22733277,8000000,7979277,100000,0,14654000,998600,1998896,4981781
"HG01138","CLM","single_population",0,119,19983130,8000000,7996950,200000,0,11786180,1000000,1998816,4998134
"HG01141","CLM","single_population",0,115,17437117,8000000,7999006,200000,0,9238111,999006,2000000,5000000
"HG01150","CLM","single_population",0,138,23636057,8000000,7951063,200000,0,15484994,998780,1952283,5000000
"HG01252","CLM","single_population",0,112,20956053,8000000,7998528,300000,0,12657525,1000000,1999040,4999488
"HG01255","CLM","single_population",0,143,24099178,8000000,7998485,1119544,0,14981149,1000000,1999530,4998955
"HG01258","CLM","single_population",0,119,21386583,8000000,7996370,600000,0,12790213,1000000,1996644,4999726
"HG01261","CLM","single_population",0,131,19989963,8000000,7994072,100000,0,11895891,999461,1994611,5000000
"HG01273","CLM","single_population",0,122,21627407,8000000,7998545,300000,0,13328862,999812,1998733,5000000
"HG01276","CLM","single_population",0,126,23086654,8000000,8000000,100000,0,14986654,1000000,2000000,5000000
"HG01279","CLM","single_population",0,138,23326406,8000000,7984515,1300000,0,14041891,996394,1995333,4992788
"HG01343","CLM","single_population",0,138,24894307,8000000,7998732,1651391,0,15244184,1000000,1999917,4998815
"HG01346","CLM","single_population",0,133,22658766,8000000,7993975,619544,0,14045247,1000000,1996207,4997768
"HG01349","CLM","single_population",0,114,27451862,8000000,7996915,4699857,0,14755090,996915,2000000,5000000
"HG01352","CLM","single_population",0,118,22888557,8000000,7998965,819544,0,14070048,1000000,1998965,5000000
"HG01355","CLM","single_population",0,125,21549509,8000000,7997419,100000,0,13452090,998893,1999029,4999497
"HG01358","CLM","single_population",0,123,21312692,8000000,7994519,0,0,13318173,1000000,1999301,4995218
"HG01361","CLM","single_population",0,117,17404146,8000000,7943880,100000,0,9360266,994998,1951016,4997866
"HG01367","CLM","single_population",0,119,16712917,8000000,7999499,0,0,8713418,999499,2000000,5000000
"HG01376","CLM","single_population",0,140,23684422,8000000,7980278,500000,0,15204144,997656,1982622,5000000
"HG01379","CLM","single_population",0,128,20610191,8000000,7996578,500000,0,12113613,999921,1996974,4999683
"HG01385","CLM","single_population",0,139,20970954,8000000,7998604,300000,0,12672350,998604,2000000,5000000
"HG01391","CLM","single_population",0,108,19399419,8000000,7987988,200000,0,11211431,999809,1988588,4999591
"HG01433","CLM","single_population",0,139,22404966,8000000,7972798,0,0,14432168,986471,1986613,4999714
"HG01439","CLM","single_population",0,123,22248066,8000000,7998397,1500000,0,12749669,998443,1999954,5000000
"HG01457","CLM","single_population",0,139,24431925,8000000,7977974,700000,0,15753951,999496,1978478,5000000
"HG01463","CLM","single_population",0,97,19715036,8000000,7990397,400000,0,11324639,999698,2000000,4990699
"HG01466","CLM","single_population",0,123,21356478,8000000,7996770,0,0,13359708,998408,2000000,4998362
"HG01490","CLM","single_population",0,113,17952817,8000000,7999264,100000,0,9853553,1000000,1999338,4999926
"HG01493","CLM","single_population",0,130,23343669,8000000,7999796,700000,0,14643873,999944,2000000,4999852
"HG01496","CLM","single_population",0,113,19203935,8000000,7993098,300000,0,10910837,996157,1999891,4997050
"HG01499","CLM","single_population",0,141,26403930,8000000,7998641,2331516,0,16073773,1000000,1998641,5000000
"HG01552","CLM","single_population",0,124,18840665,8000000,7996178,200000,0,10644487,997712,1998999,4999467
"HG02924","ESN","ancestry_tuned",0,80,13062917,8000000,6999796,200000,0,5863121,0,1999796,5000000
"HG02945","ESN","ancestry_tuned",0,89,20779580,8000000,7998917,3200000,300000,9280663,999635,1999282,5000000
"HG02948","ESN","ancestry_tuned",0,105,14542185,8000000,7991053,100000,0,6451132,999405,1998075,4993573
"HG02954","ESN","ancestry_tuned",0,97,16419937,8000000,7998569,719544,0,7701824,998808,2000000,4999761
"HG02966","ESN","ancestry_tuned",0,109,14089493,8000000,7571812,300000,0,6217681,1000000,1573605,4998207
"HG02972","ESN","ancestry_tuned",0,99,15981608,8000000,7934242,200000,0,7847366,994057,1999679,4940506
"HG02975","ESN","ancestry_tuned",0,103,13833629,8000000,7995090,0,0,5838539,998888,2000000,4996202
"HG02978","ESN","ancestry_tuned",0,100,13247696,8000000,7995669,316824,0,4935203,995669,2000000,5000000
"HG02980","ESN","ancestry_tuned",0,111,15487256,8000000,7992448,700000,0,6794808,998109,1994339,5000000
"HG03101","ESN","ancestry_tuned",0,103,14894433,8000000,7996963,320038,0,6577432,1000000,1997434,4999529
"HG03110","ESN","ancestry_tuned",0,90,14523882,8000000,7998484,800000,0,5725398,999839,1999403,4999242
"HG03113","ESN","ancestry_tuned",0,94,14911972,8000000,7991487,500000,0,6420485,995699,1999715,4996073
"HG03116","ESN","ancestry_tuned",0,93,21261815,8000000,7995895,2100000,300000,10865920,999459,1998375,4998061
"HG03119","ESN","ancestry_tuned",0,95,15614640,8000000,7997810,100000,0,7516830,999080,1999754,4998976
"HG03122","ESN","ancestry_tuned",0,79,14820529,8000000,7997876,200000,0,6622653,998869,1999142,4999865
"HG03125","ESN","ancestry_tuned",0,93,15732372,8000000,7993763,0,0,7738609,998245,1999815,4995703
"HG03128","ESN","ancestry_tuned",0,98,15199219,8000000,7826098,600000,0,6773121,1000000,1999618,4826480
"HG03131","ESN","ancestry_tuned",0,94,15385623,8000000,7999178,100000,0,7286445,999733,1999445,5000000
"HG03134","ESN","ancestry_tuned",0,99,15808357,8000000,7994161,400000,0,7414196,1000000,1995218,4998943
"HG03137","ESN","ancestry_tuned",0,102,16256404,8000000,7997218,699343,0,7559843,1000000,1997536,4999682
"HG03161","ESN","ancestry_tuned",0,90,14793818,8000000,7989306,600000,0,6204512,1000000,1999122,4990184
"HG03164","ESN","ancestry_tuned",0,98,16143146,8000000,7990489,100000,0,8052657,999179,1993430,4997880
"HG03170","ESN","ancestry_tuned",0,98,17121112,8000000,7993273,300000,0,8827839,999345,1993928,5000000
"HG03191","ESN","ancestry_tuned",0,115,14733392,8000000,7637429,200000,0,6895963,1000000,2000000,4637429
"HG03197","ESN","ancestry_tuned",0,76,13546286,8000000,7985940,400000,0,5160346,996174,1998782,4990984
"HG03200","ESN","ancestry_tuned",0,87,14275244,8000000,7755917,200000,0,6319327,1000000,1787154,4968763
"HG03269","ESN","ancestry_tuned",0,97,16224783,8000000,7997135,1100000,0,7127648,999813,1999382,4997940
"HG03272","ESN","ancestry_tuned",0,88,18380060,8000000,7989050,1700000,300000,8391010,995198,1997962,4995890
"HG03296","ESN","ancestry_tuned",0,107,16705598,8000000,7880256,400000,0,8425342,999825,1880431,5000000
"HG03299","ESN","ancestry_tuned",0,95,15941816,8000000,7992923,300000,0,7648893,1000000,1994638,4998285
"HG03302","ESN","ancestry_tuned",0,96,20974925,8000000,7994001,1700000,300000,10980924,999832,1997926,4996243
"HG03305","ESN","ancestry_tuned",0,97,15347797,8000000,7997435,200000,0,7150362,998265,1999170,5000000
"HG03308","ESN","ancestry_tuned",0,99,15975022,8000000,7995800,700000,0,7279222,1000000,1995800,5000000
"HG03310","ESN","ancestry_tuned",0,99,24191512,8000000,7998017,6030981,0,10162514,1000000,1998017,5000000
"HG03314","ESN","ancestry_tuned",0,103,18607666,8000000,7939227,831516,0,9836923,998713,1948400,4992114
"HG03344","ESN","ancestry_tuned",0,98,15957843,8000000,7997539,1134575,0,6825729,997606,1999933,5000000
"HG03350","ESN","ancestry_tuned",0,99,16317750,8000000,7999558,1000000,0,7318192,999558,2000000,5000000
"HG03368","ESN","ancestry_tuned",0,91,14938344,8000000,7997934,100000,0,6840410,1000000,1999340,4998594
"HG03371","ESN","ancestry_tuned",0,84,13718933,8000000,7996613,200000,0,5522320,999691,1999617,4997305
"HG03374","ESN","ancestry_tuned",0,89,14383947,8000000,7988214,300000,0,6095733,1000000,1993007,4995207
"HG03516","ESN","ancestry_tuned",0,95,14839460,8000000,7991763,300000,0,6547697,994184,1998803,4998776
"HG03519","ESN","ancestry_tuned",0,100,15293482,8000000,7996273,700000,0,6597209,998575,1997937,4999761
"HG03522","ESN","ancestry_tuned",0,93,15582783,8000000,7999658,1100000,0,6483125,999963,2000000,4999695
"HG02924","ESN","pooled",0,100,14408493,8000000,6999796,200000,0,7208697,0,1999796,5000000
"HG02945","ESN","pooled",0,127,22495614,8000000,7991589,3200000,300000,11004025,999635,1999282,4992672
"HG02948","ESN","pooled",0,142,15817118,8000000,7997244,100000,0,7719874,999405,1998075,4999764
"HG02954","ESN","pooled",0,125,17523241,8000000,7998569,719544,0,8805128,998808,2000000,4999761
"HG02966","ESN","pooled",0,139,16110886,8000000,7998207,300000,0,7812679,1000000,2000000,4998207
"HG02972","ESN","pooled",0,121,17026319,8000000,7995993,200000,0,8830326,998964,1999679,4997350
"HG02975","ESN","pooled",0,137,15551436,8000000,7995090,0,0,7556346,998888,2000000,4996202
"HG02978","ESN","pooled",0,122,14338866,8000000,7995669,316824,0,6026373,995669,2000000,5000000
"HG02980","ESN","pooled",0,136,16122480,8000000,7992448,700000,0,7430032,998109,1994339,5000000
"HG03101","ESN","pooled",0,146,16588717,8000000,7999859,320038,0,8268820,1000000,2000000,4999859
"HG03110","ESN","pooled",0,126,16343845,8000000,7998484,800000,0,7545361,999839,1999403,4999242
"HG03113","ESN","pooled",0,127,16280885,8000000,7994340,500000,0,7786545,995699,1999715,4998926
"HG03116","ESN","pooled",0,126,22749000,8000000,7997345,2100000,300000,12351655,999459,1999825,4998061
"HG03119","ESN","pooled",0,122,16259353,8000000,7997810,100000,0,8161543,999080,1999754,4998976
"HG03122","ESN","pooled",0,121,16975249,8000000,7997876,200000,0,8777373,998869,1999142,4999865
"HG03125","ESN","pooled",0,128,17105414,8000000,7993763,0,0,9111651,998245,1999815,4995703
"HG03128","ESN","pooled",0,132,16683024,8000000,7826098,600000,0,8256926,1000000,1999618,4826480
"HG03131","ESN","pooled",0,129,16563370,8000000,7999178,100000,0,8464192,999733,1999445,5000000
"HG03134","ESN","pooled",0,128,17239321,8000000,7994161,400000,0,8845160,1000000,1995218,4998943
"HG03137","ESN","pooled",0,132,17763884,8000000,7997218,699343,0,9067323,1000000,1997536,4999682
"HG03161","ESN","pooled",0,114,16528644,8000000,7992605,600000,0,7936039,1000000,2000000,4992605
"HG03164","ESN","pooled",0,150,17969493,8000000,7990489,100000,0,9879004,999179,1993430,4997880
"HG03170","ESN","pooled",0,136,18802186,8000000,7993273,300000,0,10508913,999345,1993928,5000000
"HG03191","ESN","pooled",0,139,16777427,8000000,7999027,200000,0,8578400,999027,2000000,5000000
"HG03197","ESN","pooled",0,123,15134428,8000000,7994849,400000,0,6739579,996174,1998782,4999893
"HG03200","ESN","pooled",0,121,15665235,8000000,7755917,200000,0,7709318,1000000,1787154,4968763
"HG03269","ESN","pooled",0,120,17005371,8000000,7997322,1100000,0,7908049,1000000,1999382,4997940
"HG03272","ESN","pooled",0,119,19714110,8000000,7990779,1700000,300000,9723331,995198,1999691,4995890
"HG03296","ESN","pooled",0,133,18127793,8000000,7880256,400000,0,9847537,999825,1880431,5000000
"HG03299","ESN","pooled",0,124,17654885,8000000,7992923,300000,0,9361962,1000000,1994638,4998285
"HG03302","ESN","pooled",0,129,22443098,8000000,7995382,1700000,300000,12447716,999139,2000000,4996243
"HG03305","ESN","pooled",0,134,17432804,8000000,7998265,200000,0,9234539,998265,2000000,5000000
"HG03308","ESN","pooled",0,137,17508043,8000000,7995800,700000,0,8812243,1000000,1995800,5000000
"HG03310","ESN","pooled",0,127,25102513,8000000,7998017,6030981,0,11073515,1000000,1998017,5000000
"HG03314","ESN","pooled",0,128,19857932,8000000,7990827,831516,0,11035589,998713,2000000,4992114
"HG03344","ESN","pooled",0,137,18086470,8000000,7997539,1134575,0,8954356,997606,1999933,5000000
"HG03350","ESN","pooled",0,148,18373248,8000000,7997880,1000000,0,9375368,999558,2000000,4998322
"HG03368","ESN","pooled",0,129,20738616,8000000,7997934,1400000,300000,11040682,1000000,1999340,4998594
"HG03371","ESN","pooled",0,122,15824527,8000000,7996613,200000,0,7627914,999691,1999617,4997305
"HG03374","ESN","pooled",0,118,15526866,8000000,7988214,300000,0,7238652,1000000,1993007,4995207
"HG03516","ESN","pooled",0,128,16565023,8000000,7989434,300000,0,8275589,991855,1998803,4998776
"HG03519","ESN","pooled",0,128,16366355,8000000,7996273,700000,0,7670082,998575,1997937,4999761
"HG03522","ESN","pooled",0,126,17219256,8000000,7993563,1100000,0,8125693,999963,2000000,4993600
"HG02924","ESN","single_population",0,80,13087715,8000000,6999796,200000,0,5887919,0,1999796,5000000
"HG02945","ESN","single_population",0,93,21037952,8000000,7998917,3200000,300000,9539035,999635,1999282,5000000
"HG02948","ESN","single_population",0,104,14479983,8000000,7991053,100000,0,6388930,999405,1998075,4993573
"HG02954","ESN","single_population",0,99,16370148,8000000,7998569,719544,0,7652035,998808,2000000,4999761
"HG02966","ESN","single_population",0,110,13947111,8000000,7571812,300000,0,6075299,1000000,1573605,4998207
"HG02972","ESN","single_population",0,99,16109846,8000000,7934242,200000,0,7975604,994057,1999679,4940506
"HG02975","ESN","single_population",0,103,13969253,8000000,7995090,0,0,5974163,998888,2000000,4996202
"HG02978","ESN","single_population",0,102,13327653,8000000,7995098,316824,0,5015731,995669,1999429,5000000
"HG02980","ESN","single_population",0,111,15449788,8000000,7992448,700000,0,6757340,998109,1994339,5000000
"HG03101","ESN","single_population",0,106,15144321,8000000,7996963,320038,0,6827320,1000000,1997434,4999529
"HG03110","ESN","single_population",0,90,14658588,8000000,7998484,800000,0,5860104,999839,1999403,4999242
"HG03113","ESN","single_population",0,95,14931151,8000000,7991487,500000,0,6439664,995699,1999715,4996073
"HG03116","ESN","single_population",0,93,21260212,8000000,7995895,2100000,300000,10864317,999459,1998375,4998061
"HG03119","ESN","single_population",0,93,15619583,8000000,7997810,100000,0,7521773,999080,1999754,4998976
"HG03122","ESN","single_population",0,79,14868240,8000000,7997876,200000,0,6670364,998869,1999142,4999865
"HG03125","ESN","single_population",0,95,15796730,8000000,7993763,0,0,7802967,998245,1999815,4995703
"HG03128","ESN","single_population",0,101,15341580,8000000,7826098,600000,0,6915482,1000000,1999618,4826480
"HG03131","ESN","single_population",0,94,15411660,8000000,7999178,100000,0,7312482,999733,1999445,5000000
"HG03134","ESN","single_population",0,99,15935188,8000000,7994161,400000,0,7541027,1000000,1995218,4998943
"HG03137","ESN","single_population",0,99,16171960,8000000,7997218,699343,0,7475399,1000000,1997536,4999682
"HG03161","ESN","single_population",0,88,14822664,8000000,7989306,600000,0,6233358,1000000,1999122,4990184
"HG03164","ESN","single_population",0,96,16087309,8000000,7990489,100000,0,7996820,999179,1993430,4997880
"HG03170","ESN","single_population",0,95,16884245,8000000,7993273,300000,0,8590972,999345,1993928,5000000
"HG03191","ESN","single_population",0,115,14793113,8000000,7637429,200000,0,6955684,1000000,2000000,4637429
"HG03197","ESN","single_population",0,77,13574905,8000000,7985940,400000,0,5188965,996174,1998782,4990984
"HG03200","ESN","single_population",0,87,14196468,8000000,7755917,200000,0,6240551,1000000,1787154,4968763
"HG03269","ESN","single_population",0,96,16208336,8000000,7997135,1100000,0,7111201,999813,1999382,4997940
"HG03272","ESN","single_population",0,88,18405521,8000000,7989050,1700000,300000,8416471,995198,1997962,4995890
"HG03296","ESN","single_population",0,108,16832149,8000000,7880256,400000,0,8551893,999825,1880431,5000000
"HG03299","ESN","single_population",0,98,16190524,8000000,7992923,300000,0,7897601,1000000,1994638,4998285
"HG03302","ESN","single_population",0,92,20945131,8000000,7994001,1700000,300000,10951130,999832,1997926,4996243
"HG03305","ESN","single_population",0,95,15306309,8000000,7997435,200000,0,7108874,998265,1999170,5000000
"HG03308","ESN","single_population",0,96,15847051,8000000,7995800,700000,0,7151251,1000000,1995800,5000000
"HG03310","ESN","single_population",0,99,24224467,8000000,7998017,6030981,0,10195469,1000000,1998017,5000000
"HG03314","ESN","single_population",0,102,18571082,8000000,7939227,831516,0,9800339,998713,1948400,4992114
"HG03344","ESN","single_population",0,95,15915087,8000000,7997539,1134575,0,6782973,997606,1999933,5000000
"HG03350","ESN","single_population",0,101,16539273,8000000,7999558,1000000,0,7539715,999558,2000000,5000000
"HG03368","ESN","single_population",0,90,15056220,8000000,7999340,100000,0,6956880,1000000,1999340,5000000
"HG03371","ESN","single_population",0,83,13653761,8000000,7996613,200000,0,5457148,999691,1999617,4997305
"HG03374","ESN","single_population",0,90,14464303,8000000,7988214,300000,0,6176089,1000000,1993007,4995207
"HG03516","ESN","single_population",0,91,14723476,8000000,7991763,300000,0,6431713,994184,1998803,4998776
"HG03519","ESN","single_population",0,98,15271721,8000000,7996273,700000,0,6575448,998575,1997937,4999761
"HG03522","ESN","single_population",0,96,15746578,8000000,7999658,1100000,0,6646920,999963,2000000,4999695
"NA19650","MXL","ancestry_tuned",0,119,22631501,8000000,7974750,1600000,0,13056751,976066,1999760,4998924
"NA19653","MXL","ancestry_tuned",0,126,25373415,8000000,7991855,795188,0,16586372,996633,1996278,4998944
"NA19656","MXL","ancestry_tuned",0,129,18386499,8000000,7998473,100000,0,10288026,1000000,1998473,5000000
"NA19659","MXL","ancestry_tuned",0,130,22312924,8000000,7984621,600000,0,13728303,984853,1999768,5000000
"NA19662","MXL","ancestry_tuned",0,123,20298860,8000000,7993156,400000,0,11905704,997281,1999570,4996305
"NA19665","MXL","ancestry_tuned",0,120,22092528,8000000,7997698,900000,0,13194830,1000000,1998206,4999492
"NA19671","MXL","ancestry_tuned",0,138,24155112,8000000,7998734,700000,0,15456378,1000000,1998743,4999991
"NA19675","MXL","ancestry_tuned",0,125,18411757,8000000,7996534,100000,0,10315223,1000000,1997431,4999103
"NA19677","MXL","ancestry_tuned",0,133,18647537,8000000,7995809,500000,0,10151728,997705,2000000,4998104
"NA19680","MXL","ancestry_tuned",0,115,18033909,8000000,7999100,100000,0,9934809,999819,1999281,5000000
"NA19683","MXL","ancestry_tuned",0,117,23284630,8000000,7996816,1094558,0,14193256,999187,1999724,4997905
"NA19685","MXL","ancestry_tuned",0,135,21611570,8000000,7997367,200000,0,13414203,1000000,2000000,4997367
"NA19686","MXL","ancestry_tuned",0,135,19982671,8000000,7965952,0,0,12016719,998470,1967544,4999938
"NA19718","MXL","ancestry_tuned",0,133,24557443,8000000,7991680,1299056,0,15266707,993213,1998626,4999841
"NA19721","MXL","ancestry_tuned",0,148,24148774,8000000,7996573,600000,0,15552201,1000000,1996908,4999665
"NA19724","MXL","ancestry_tuned",0,130,19265205,8000000,7999607,100000,0,11165598,1000000,2000000,4999607
"NA19727","MXL","ancestry_tuned",0,142,23138103,8000000,7999643,200000,0,14938460,999643,2000000,5000000
"NA19730","MXL","ancestry_tuned",0,137,31210244,8000000,7999542,3618108,0,19592594,1000000,1999542,5000000
"NA19733","MXL","ancestry_tuned",0,158,29163597,8000000,7992021,2792667,0,18378909,999956,2000000,4992065
"NA19748","MXL","ancestry_tuned",0,130,25923887,8000000,7995784,1100000,0,16828103,997409,2000000,4998375
"NA19751","MXL","ancestry_tuned",0,153,23760918,8000000,7998819,300000,0,15462099,1000000,1999132,4999687
"NA19757","MXL","ancestry_tuned",0,130,26632581,8000000,7998595,2392884,300000,15941102,999909,2000000,4998686
"NA19760","MXL","ancestry_tuned",0,124,23133118,8000000,7993359,598843,0,14540916,1000000,1993954,4999405
"NA19763","MXL","ancestry_tuned",0,129,26992501,8000000,7993249,600000,0,18399252,996731,1996518,5000000
"NA19772","MXL","ancestry_tuned",0,136,22602904,8000000,7993845,400000,0,14209059,996958,1997314,4999573
"NA19775","MXL","ancestry_tuned",0,130,24257744,8000000,7999780,1000000,0,15257964,999780,2000000,5000000
"NA19778","MXL","ancestry_tuned",0,111,20701605,8000000,7998933,500000,0,12202672,999982,1999120,4999831
"NA19781","MXL","ancestry_tuned",0,132,23598481,8000000,7999393,674669,0,14924419,999396,1999997,5000000
"NA19784","MXL","ancestry_tuned",0,119,22513383,8000000,7995767,1094167,0,13423449,998394,1998118,4999255
"NA19787","MXL","ancestry_tuned",0,119,21966241,8000000,7996252,1300000,0,12669989,999236,1998342,4998674
"NA19790","MXL","ancestry_tuned",0,132,23926208,8000000,7992441,1400000,0,14533767,995812,1997255,4999374
"NA19796","MXL","ancestry_tuned",0,142,22460019,8000000,7996836,1588942,0,12874241,998864,1999485,4998487
"NA19650","MXL","pooled",0,132,23356738,8000000,7971374,1600000,0,13785364,976066,1999760,4995548
"NA19653","MXL","pooled",0,133,25819082,8000000,7991855,795188,0,17032039,996633,1996278,4998944
"NA19656","MXL","pooled",0,132,18663018,8000000,7998473,100000,0,10564545,1000000,1998473,5000000
"NA19659","MXL","pooled",0,142,23466365,8000000,7984621,600000,0,14881744,984853,1999768,5000000
"NA19662","MXL","pooled",0,135,20919854,8000000,7993156,400000,0,12526698,997281,1999570,4996305
"NA19665","MXL","pooled",0,125,22457110,8000000,7997698,900000,0,13559412,1000000,1998206,4999492
"NA19671","MXL","pooled",0,144,24965461,8000000,7998734,700000,0,16266727,1000000,1998743,4999991
"NA19675","MXL","pooled",0,137,18985277,8000000,7996534,100000,0,10888743,1000000,1997431,4999103
"NA19677","MXL","pooled",0,138,19403656,8000000,7995809,500000,0,10907847,997705,2000000,4998104
"NA19680","MXL","pooled",0,118,18434743,8000000,7999100,100000,0,10335643,999819,1999281,5000000
"NA19683","MXL","pooled",0,127,24006033,8000000,7996816,1089216,0,14920001,999187,1999724,4997905
"NA19685","MXL","pooled",0,141,22042914,8000000,7997367,200000,0,13845547,1000000,2000000,4997367
"NA19686","MXL","pooled",0,142,20344325,8000000,7992194,0,0,12352131,998470,1993786,4999938
"NA19718","MXL","pooled",0,145,25698162,8000000,7991680,1299056,0,16407426,993213,1998626,4999841
"NA19721","MXL","pooled",0,144,24450206,8000000,7996573,600000,0,15853633,1000000,1996908,4999665
"NA19724","MXL","pooled",0,139,19875397,8000000,7999607,100000,0,11775790,1000000,2000000,4999607
"NA19727","MXL","pooled",0,154,24162013,8000000,7999643,200000,0,15962370,999643,2000000,5000000
"NA19730","MXL","pooled",0,154,32857211,8000000,7999542,3618108,0,21239561,1000000,1999542,5000000
"NA19733","MXL","pooled",0,175,30329050,8000000,7992021,2792667,0,19544362,999956,2000000,4992065
"NA19748","MXL","pooled",0,138,26351822,8000000,7995784,1100000,0,17256038,997409,2000000,4998375
"NA19751","MXL","pooled",0,158,24442209,8000000,7998819,400000,0,16043390,1000000,1999132,4999687
"NA19757","MXL","pooled",0,153,27994304,8000000,7997370,2400000,300000,17296934,999909,1998775,4998686
"NA19760","MXL","pooled",0,143,24333822,8000000,7993359,598843,0,15741620,1000000,1993954,4999405
"NA19763","MXL","pooled",0,141,27649285,8000000,7993249,600000,0,19056036,996731,1996518,5000000
"NA19772","MXL","pooled",0,143,23136850,8000000,7994272,400000,0,14742578,996958,1997314,5000000
"NA19775","MXL","pooled",0,138,25102258,8000000,7999780,1000000,0,16102478,999780,2000000,5000000
"NA19778","MXL","pooled",0,127,21520462,8000000,7998933,500000,0,13021529,999982,1999120,4999831
"NA19781","MXL","pooled",0,151,24888661,8000000,7999393,674669,0,16214599,999396,1999997,5000000
"NA19784","MXL","pooled",0,133,23575094,8000000,7995767,1094167,0,14485160,998394,1998118,4999255
"NA19787","MXL","pooled",0,125,22478653,8000000,7996252,1300000,0,13182401,999236,1998342,4998674
"NA19790","MXL","pooled",0,144,24875739,8000000,7994466,1400000,0,15481273,1000000,1997255,4997211
"NA19796","MXL","pooled",0,153,23473110,8000000,7995316,1588942,0,13888852,997344,1999485,4998487
"NA19650","MXL","single_population",0,126,22936848,8000000,7971374,1600000,0,13365474,976066,1999760,4995548
"NA19653","MXL","single_population",0,128,25444844,8000000,7991855,795188,0,16657801,996633,1996278,4998944
"NA19656","MXL","single_population",0,126,19121952,8000000,7998473,100000,0,11023479,1000000,1998473,5000000
"NA19659","MXL","single_population",0,132,22411982,8000000,7984621,600000,0,13827361,984853,1999768,5000000
"NA19662","MXL","single_population",0,128,20306815,8000000,7991612,400000,0,11915203,995737,1999570,4996305
"NA19665","MXL","single_population",0,115,21802556,8000000,7997698,900000,0,12904858,1000000,1998206,4999492
"NA19671","MXL","single_population",0,138,24406500,8000000,7998734,700000,0,15707766,1000000,1998743,4999991
"NA19675","MXL","single_population",0,124,17754789,8000000,7996534,100000,0,9658255,1000000,1997431,4999103
"NA19677","MXL","single_population",0,135,18626400,8000000,7995809,500000,0,10130591,997705,2000000,4998104
"NA19680","MXL","single_population",0,116,17379623,8000000,7999100,100000,0,9280523,999819,1999281,5000000
"NA19683","MXL","single_population",0,118,23461108,8000000,7996816,1094558,0,14369734,999187,1999724,4997905
"NA19685","MXL","single_population",0,135,20912556,8000000,7997367,200000,0,12715189,1000000,2000000,4997367
"NA19686","MXL","single_population",0,130,19860465,8000000,7965952,0,0,11894513,998470,1967544,4999938
"NA19718","MXL","single_population",0,134,24744806,8000000,7991680,1299056,0,15454070,993213,1998626,4999841
"NA19721","MXL","single_population",0,149,24058141,8000000,7996573,600000,0,15461568,1000000,1996908,4999665
"NA19724","MXL","single_population",0,127,19069001,8000000,7999607,100000,0,10969394,1000000,2000000,4999607
"NA19727","MXL","single_population",0,146,23236767,8000000,7999643,200000,0,15037124,999643,2000000,5000000
"NA19730","MXL","single_population",0,144,31824662,8000000,7999542,3618108,0,20207012,1000000,1999542,5000000
"NA19733","MXL","single_population",0,161,29285226,8000000,7992021,2792667,0,18500538,999956,2000000,4992065
"NA19748","MXL","single_population",0,130,25829358,8000000,7995784,1100000,0,16733574,997409,2000000,4998375
"NA19751","MXL","single_population",0,155,23748149,8000000,7998819,300000,0,15449330,1000000,1999132,4999687
"NA19757","MXL","single_population",0,132,26750856,8000000,7998595,2392884,300000,16059377,999909,2000000,4998686
"NA19760","MXL","single_population",0,119,22989586,8000000,7993359,598843,0,14397384,1000000,1993954,4999405
"NA19763","MXL","single_population",0,133,27196663,8000000,7993249,600000,0,18603414,996731,1996518,5000000
"NA19772","MXL","single_population",0,136,22570404,8000000,7993845,400000,0,14176559,996958,1997314,4999573
"NA19775","MXL","single_population",0,131,24440472,8000000,7999780,1000000,0,15440692,999780,2000000,5000000
"NA19778","MXL","single_population",0,112,20647895,8000000,7998933,500000,0,12148962,999982,1999120,4999831
"NA19781","MXL","single_population",0,128,23490468,8000000,7999393,674669,0,14816406,999396,1999997,5000000
"NA19784","MXL","single_population",0,121,22565653,8000000,7994538,1094167,0,13476948,998394,1998118,4998026
"NA19787","MXL","single_population",0,120,21944067,8000000,7996252,1300000,0,12647815,999236,1998342,4998674
"NA19790","MXL","single_population",0,134,24113527,8000000,7996629,1400000,0,14716898,1000000,1997255,4999374
"NA19796","MXL","single_population",0,141,22478931,8000000,7996836,1588942,0,12893153,998864,1999485,4998487
"HG01567","PEL","ancestry_tuned",0,128,22430402,8000000,7993994,900000,0,13536408,999216,1999727,4995051
"HG01573","PEL","ancestry_tuned",0,133,23237073,8000000,7997764,1867338,0,13371971,1000000,2000000,4997764
"HG01579","PEL","ancestry_tuned",0,133,31089810,8000000,7999881,3595060,0,19494869,1000000,2000000,4999881
"HG01898","PEL","ancestry_tuned",0,130,22848641,8000000,7994198,1298245,0,13556198,999528,1996046,4998624
"HG01919","PEL","ancestry_tuned",0,143,29589947,8000000,7998470,3044592,0,18546885,998531,2000000,4999939
"HG01922","PEL","ancestry_tuned",0,133,30169964,8000000,7999693,4092505,0,18077766,1000000,2000000,4999693
"HG01925","PEL","ancestry_tuned",0,132,25640456,8000000,8000000,1199182,0,16441274,1000000,2000000,5000000
"HG01928","PEL","ancestry_tuned",0,137,27987919,8000000,7991831,2719544,0,17276544,999825,1997838,4994168
"HG01934","PEL","ancestry_tuned",0,130,23910633,8000000,7999214,1100000,0,14811419,1000000,2000000,4999214
"HG01937","PEL","ancestry_tuned",0,120,21629453,8000000,7995041,800000,0,12834412,998627,1996414,5000000
"HG01940","PEL","ancestry_tuned",0,141,25843774,8000000,7994414,1498206,0,16351154,1000000,1996999,4997415
"HG01943","PEL","ancestry_tuned",0,137,28239163,8000000,7998391,2300000,0,17940772,1000000,1999671,4998720
"HG01946","PEL","ancestry_tuned",0,129,22207958,8000000,7997057,939553,0,13271348,998746,2000000,4998311
"HG01949","PEL","ancestry_tuned",0,151,22993568,8000000,7202182,500000,0,15291386,205714,1999904,4996564
"HG01952","PEL","ancestry_tuned",0,137,28635508,8000000,7995385,2305422,0,18334701,1000000,1995385,5000000
"HG01955","PEL","ancestry_tuned",0,143,29559816,8000000,7996558,3364632,0,18198626,999696,2000000,4996862
"HG01969","PEL","ancestry_tuned",0,140,25938304,8000000,7999961,1796181,0,16142162,1000000,1999961,5000000
"HG01972","PEL","ancestry_tuned",0,144,24666233,8000000,7997142,1300000,0,15369091,1000000,1998865,4998277
"HG01975","PEL","ancestry_tuned",0,141,28069724,8000000,7999181,1899879,0,18170664,999953,1999228,5000000
"HG01978","PEL","ancestry_tuned",0,147,26037049,8000000,7994024,2699734,0,15343291,998714,1995310,5000000
"HG01981","PEL","ancestry_tuned",0,129,26823230,8000000,7996626,2400000,0,16426604,998858,2000000,4997768
"HG01984","PEL","ancestry_tuned",0,139,23938422,8000000,7993773,1500000,0,14444649,996872,1997116,4999785
"HG01993","PEL","ancestry_tuned",0,152,30497514,8000000,7989658,2369557,0,20138299,1000000,1989658,5000000
"HG01998","PEL","ancestry_tuned",0,114,21583649,8000000,7997678,600000,0,12985971,999530,1998417,4999731
"HG02004","PEL","ancestry_tuned",0,149,29932699,8000000,7999996,3200000,0,18732703,1000000,2000000,4999996
"HG02091","PEL","ancestry_tuned",0,119,24551844,8000000,7987921,3531516,0,13032407,998751,1991111,4998059
"HG02106","PEL","ancestry_tuned",0,134,31494875,8000000,7995423,4299277,0,19200175,999603,1995820,5000000
"HG02148","PEL","ancestry_tuned",0,112,25066583,8000000,7997229,1619544,0,15449810,1000000,2000000,4997229
"HG02261","PEL","ancestry_tuned",0,138,30417050,8000000,8000000,2567161,0,19849889,1000000,2000000,5000000
"HG02273","PEL","ancestry_tuned",0,150,32604414,8000000,7988950,3500000,0,21115464,998220,1998256,4992474
"HG02279","PEL","ancestry_tuned",0,133,31953563,8000000,7997609,5388221,0,18567733,999805,2000000,4997804
"HG02287","PEL","ancestry_tuned",0,137,28585931,8000000,7998341,2100000,0,18487590,999757,2000000,4998584
"HG02293","PEL","ancestry_tuned",0,134,30834735,8000000,7998634,3573977,0,19262124,999670,1999249,4999715
"HG02300","PEL","ancestry_tuned",0,127,23626709,8000000,7998449,1099937,0,14528323,1000000,1998449,5000000
"HG02303","PEL","ancestry_tuned",0,141,29505196,8000000,7996565,3396758,0,18111873,996601,2000000,4999964
"HG01567","PEL","pooled",0,141,23562801,8000000,7997279,900000,0,14665522,999216,1999727,4998336
"HG01573","PEL","pooled",0,159,25045579,8000000,7997764,1867338,0,15180477,1000000,2000000,4997764
"HG01579","PEL","pooled",0,145,31742156,8000000,7999881,3595060,0,20147215,1000000,2000000,4999881
"HG01898","PEL","pooled",0,139,23523075,8000000,7997377,1298245,0,14227453,999528,1999225,4998624
"HG01919","PEL","pooled",0,170,31495198,8000000,7997176,3044592,0,20453430,998531,2000000,4998645
"HG01922","PEL","pooled",0,148,31082868,8000000,7999693,4092505,0,18990670,1000000,2000000,4999693
"HG01925","PEL","pooled",0,153,27391164,8000000,8000000,1199182,0,18191982,1000000,2000000,5000000
"HG01928","PEL","pooled",0,150,29008197,8000000,7994369,2719544,0,18294284,999825,1997838,4996706
"HG01934","PEL","pooled",0,146,25026330,8000000,7999214,1100000,0,15927116,1000000,2000000,4999214
"HG01937","PEL","pooled",0,144,23199935,8000000,7995041,800000,0,14404894,998627,1996414,5000000
"HG01940","PEL","pooled",0,165,27226423,8000000,7992216,1498206,0,17736001,997802,1996999,4997415
"HG01943","PEL","pooled",0,159,29360729,8000000,7998391,2300000,0,19062338,1000000,1999671,4998720
"HG01946","PEL","pooled",0,152,23876360,8000000,7997057,939553,0,14939750,998746,2000000,4998311
"HG01949","PEL","pooled",0,164,23852141,8000000,7202182,500000,0,16149959,205714,1999904,4996564
"HG01952","PEL","pooled",0,156,30092222,8000000,7995385,2305422,0,19791415,1000000,1995385,5000000
"HG01955","PEL","pooled",0,164,31185048,8000000,7996558,3364632,0,19823858,999696,2000000,4996862
"HG01969","PEL","pooled",0,163,27173734,8000000,7999961,1800000,0,17373773,1000000,1999961,5000000
"HG01972","PEL","pooled",0,154,25386108,8000000,7997142,1300000,0,16088966,1000000,1998865,4998277
"HG01975","PEL","pooled",0,155,29081295,8000000,7999181,1899879,0,19182235,999953,1999228,5000000
"HG01978","PEL","pooled",0,163,26993628,8000000,7994024,2699734,0,16299870,998714,1995310,5000000
"HG01981","PEL","pooled",0,156,28807722,8000000,7996626,2400000,0,18411096,998858,2000000,4997768
"HG01984","PEL","pooled",0,157,25368624,8000000,7993773,1500000,0,15874851,996872,1997116,4999785
"HG01993","PEL","pooled",0,174,31743640,8000000,7990638,2369557,0,21383445,1000000,1990638,5000000
"HG01998","PEL","pooled",0,125,22725587,8000000,7997678,697917,0,14029992,999530,1998417,4999731
"HG02004","PEL","pooled",0,168,31086846,8000000,7999996,3300000,0,19786850,1000000,2000000,4999996
"HG02091","PEL","pooled",0,142,25790134,8000000,7973480,3531516,0,14285138,996536,1991111,4985833
"HG02106","PEL","pooled",0,151,32397624,8000000,7995423,4299277,0,20102924,999603,1995820,5000000
"HG02148","PEL","pooled",0,134,26219653,8000000,7997229,1619544,0,16602880,1000000,2000000,4997229
"HG02261","PEL","pooled",0,159,31891124,8000000,8000000,2567161,0,21323963,1000000,2000000,5000000
"HG02273","PEL","pooled",0,164,33620597,8000000,7988950,3494877,0,22136770,998220,1998256,4992474
"HG02279","PEL","pooled",0,155,32896330,8000000,7997609,5389063,0,19509658,999805,2000000,4997804
"HG02287","PEL","pooled",0,160,30270168,8000000,7998341,2100000,0,20171827,999757,2000000,4998584
"HG02293","PEL","pooled",0,148,31951909,8000000,7998634,3538340,0,20414935,999670,1999249,4999715
"HG02300","PEL","pooled",0,139,24615133,8000000,7998449,1099937,0,15516747,1000000,1998449,5000000
"HG02303","PEL","pooled",0,162,31293173,8000000,7999779,3396758,0,19896636,999815,2000000,4999964
"HG01567","PEL","single_population",0,125,22465688,8000000,7993994,900000,0,13571694,999216,1999727,4995051
"HG01573","PEL","single_population",0,135,23390132,8000000,7997764,1867338,0,13525030,1000000,2000000,4997764
"HG01579","PEL","single_population",0,135,31135014,8000000,7999881,3595060,0,19540073,1000000,2000000,4999881
"HG01898","PEL","single_population",0,131,22747276,8000000,7994198,1298245,0,13454833,999528,1996046,4998624
"HG01919","PEL","single_population",0,141,29371187,8000000,7998470,2944592,0,18428125,998531,2000000,4999939
"HG01922","PEL","single_population",0,132,30157805,8000000,7999693,4092505,0,18065607,1000000,2000000,4999693
"HG01925","PEL","single_population",0,135,25782957,8000000,8000000,1199182,0,16583775,1000000,2000000,5000000
"HG01928","PEL","single_population",0,138,28083571,8000000,7991831,2719544,0,17372196,999825,1997838,4994168
"HG01934","PEL","single_population",0,134,24027984,8000000,7999214,1100000,0,14928770,1000000,2000000,4999214
"HG01937","PEL","single_population",0,123,21895279,8000000,7995041,800000,0,13100238,998627,1996414,5000000
"HG01940","PEL","single_population",0,146,26063474,8000000,7994414,1498206,0,16570854,1000000,1996999,4997415
"HG01943","PEL","single_population",0,141,28030144,8000000,7998391,2200000,0,17831753,1000000,1999671,4998720
"HG01946","PEL","single_population",0,134,22718425,8000000,7997057,939553,0,13781815,998746,2000000,4998311
"HG01949","PEL","single_population",0,150,22912080,8000000,7202182,500000,0,15209898,205714,1999904,4996564
"HG01952","PEL","single_population",0,140,28763939,8000000,7995385,2305422,0,18463132,1000000,1995385,5000000
"HG01955","PEL","single_population",0,150,30096019,8000000,7996558,3364632,0,18734829,999696,2000000,4996862
"HG01969","PEL","single_population",0,143,26074806,8000000,7999961,1800000,0,16274845,1000000,1999961,5000000
"HG01972","PEL","single_population",0,145,24729062,8000000,7997142,1300000,0,15431920,1000000,1998865,4998277
"HG01975","PEL","single_population",0,140,28028174,8000000,7999181,1899879,0,18129114,999953,1999228,5000000
"HG01978","PEL","single_population",0,152,26175349,8000000,7994024,2699734,0,15481591,998714,1995310,5000000
"HG01981","PEL","single_population",0,132,26983645,8000000,7996626,2400000,0,16587019,998858,2000000,4997768
"HG01984","PEL","single_population",0,140,24297420,8000000,7993773,1500000,0,14803647,996872,1997116,4999785
"HG01993","PEL","single_population",0,152,30701256,8000000,7989658,2369557,0,20342041,1000000,1989658,5000000
"HG01998","PEL","single_population",0,114,21441975,8000000,7997678,600000,0,12844297,999530,1998417,4999731
"HG02004","PEL","single_population",0,155,30345147,8000000,7999996,3300000,0,19045151,1000000,2000000,4999996
"HG02091","PEL","single_population",0,123,24751062,8000000,7987921,3531516,0,13231625,998751,1991111,4998059
"HG02106","PEL","single_population",0,134,31435597,8000000,7995423,4299277,0,19140897,999603,1995820,5000000
"HG02148","PEL","single_population",0,115,24950937,8000000,7997229,1619544,0,15334164,1000000,2000000,4997229
"HG02261","PEL","single_population",0,138,30207001,8000000,8000000,2567161,0,19639840,1000000,2000000,5000000
"HG02273","PEL","single_population",0,152,32745757,8000000,7988950,3500000,0,21256807,998220,1998256,4992474
"HG02279","PEL","single_population",0,135,32112301,8000000,7997609,5388221,0,18726471,999805,2000000,4997804
"HG02287","PEL","single_population",0,144,29081912,8000000,7998341,2100000,0,18983571,999757,2000000,4998584
"HG02293","PEL","single_population",0,136,30944252,8000000,7998634,3531361,0,19414257,999670,1999249,4999715
"HG02300","PEL","single_population",0,129,23743872,8000000,7998449,1099937,0,14645486,1000000,1998449,5000000
"HG02303","PEL","single_population",0,144,30007228,8000000,7999043,3396758,0,18611427,999079,2000000,4999964
"HG00552","PUR","ancestry_tuned",0,110,21255079,8000000,7992178,700000,0,12562901,1000000,1992178,5000000
"HG00555","PUR","ancestry_tuned",0,111,18963407,8000000,7999559,0,0,10963848,1000000,2000000,4999559
"HG00639","PUR","ancestry_tuned",0,132,20328871,8000000,7998484,200000,0,12130387,998484,2000000,5000000
"HG00642","PUR","ancestry_tuned",0,134,21936110,8000000,7996406,0,0,13939704,1000000,1999679,4996727
"HG00733","PUR","ancestry_tuned",0,140,24222125,8000000,7997724,3328266,0,12896135,999517,1998207,5000000
"HG00735","PUR","ancestry_tuned",0,139,21657400,8000000,7996283,500000,0,13161117,999998,1998356,4997929
"HG00738","PUR","ancestry_tuned",0,124,18996167,8000000,7997415,100000,0,10898752,1000000,1999510,4997905
"HG00741","PUR","ancestry_tuned",0,118,17294690,8000000,7990916,0,0,9303774,999846,1999417,4991653
"HG01050","PUR","ancestry_tuned",0,126,22990768,8000000,7999290,3600000,0,11391478,999789,2000000,4999501
"HG01053","PUR","ancestry_tuned",0,120,18098393,8000000,7998940,100000,0,9999453,999349,2000000,4999591
"HG01056","PUR","ancestry_tuned",0,128,20133853,8000000,7973213,300000,0,11860640,997635,2000000,4975578
"HG01062","PUR","ancestry_tuned",0,149,21006587,8000000,7996339,299110,0,12711138,999349,1999783,4997207
"HG01068","PUR","ancestry_tuned",0,115,21259838,8000000,7996164,399343,0,12864331,996460,2000000,4999704
"HG01071","PUR","ancestry_tuned",0,140,21290332,8000000,7994489,200000,0,13095843,998845,1996141,4999503
"HG01074","PUR","ancestry_tuned",0,129,21136300,8000000,7986295,200000,0,12950005,999336,1988456,4998503
"HG01081","PUR","ancestry_tuned",0,112,19303380,8000000,7987207,200000,0,11116173,995126,1995577,4996504
"HG01084","PUR","ancestry_tuned",0,140,21411556,8000000,7917968,400000,0,13093588,919296,2000000,4998672
"HG01087","PUR","ancestry_tuned",0,130,22107587,8000000,7994888,200000,0,13912699,1000000,1995880,4999008
"HG01096","PUR","ancestry_tuned",0,120,21378922,8000000,7995490,1106453,0,12276979,995490,2000000,5000000
"HG01099","PUR","ancestry_tuned",0,104,21317208,8000000,8000000,300000,0,13017208,1000000,2000000,5000000
"HG01100","PUR","ancestry_tuned",0,133,20805512,8000000,7980573,0,0,12824939,982605,1998778,4999190
"HG01103","PUR","ancestry_tuned",0,128,18055183,8000000,7995695,0,0,10059488,995695,2000000,5000000
"HG01106","PUR","ancestry_tuned",0,128,22215247,8000000,7997932,199343,0,14017972,997977,1999955,5000000
"HG01109","PUR","ancestry_tuned",0,111,15094768,8000000,7922045,0,0,7172723,999475,1922570,5000000
"HG01169","PUR","ancestry_tuned",0,129,19316677,8000000,7995935,99057,0,11221685,997044,1998891,5000000
"HG01172","PUR","ancestry_tuned",0,125,20310308,8000000,7998835,598309,0,11713164,999628,1999886,4999321
"HG01175","PUR","ancestry_tuned",0,110,18948784,8000000,7995452,100000,0,10853332,996261,1999440,4999751
"HG01178","PUR","ancestry_tuned",0,122,19648992,8000000,7987900,300000,0,11361092,994929,1999697,4993274
"HG01184","PUR","ancestry_tuned",0,120,19723077,8000000,7983378,0,0,11739699,999532,1983846,5000000
"HG01189","PUR","ancestry_tuned",0,111,17121891,8000000,7993234,200000,0,8928657,996536,1997921,4998777
"HG01192","PUR","ancestry_tuned",0,103,26840931,8000000,7998038,9100804,0,9742089,999460,1998578,5000000
"HG01199","PUR","ancestry_tuned",0,102,15496101,8000000,7998344,0,0,7497757,1000000,1999979,4998365
"HG01206","PUR","ancestry_tuned",0,121,21072596,8000000,7999340,200000,0,12873256,1000000,1999340,5000000
"HG01243","PUR","ancestry_tuned",0,95,14330159,8000000,7999897,0,0,6330262,999897,2000000,5000000
"HG01249","PUR","ancestry_tuned",0,128,20245618,8000000,7993869,500000,0,11751749,998962,1999452,4995455
"HG00552","PUR","pooled",0,123,22426784,8000000,7992178,700000,0,13734606,1000000,1992178,5000000
"HG00555","PUR","pooled",0,115,19150268,8000000,7999559,0,0,11150709,1000000,2000000,4999559
"HG00639","PUR","pooled",0,147,21785333,8000000,7998484,200000,0,13586849,998484,2000000,5000000
"HG00642","PUR","pooled",0,143,22349072,8000000,7996406,0,0,14352666,1000000,1999679,4996727
"HG00733","PUR","pooled",0,152,25298660,8000000,7997724,3328266,0,13972670,999517,1998207,5000000
"HG00735","PUR","pooled",0,149,22496228,8000000,7996283,500000,0,13999945,999998,1998356,4997929
"HG00738","PUR","pooled",0,139,19698538,8000000,7999178,100000,0,11599360,1000000,1999510,4999668
"HG00741","PUR","pooled",0,116,17382490,8000000,7990916,0,0,9391574,999846,1999417,4991653
"HG01050","PUR","pooled",0,129,23190704,8000000,7992526,3600000,0,11598178,999789,2000000,4992737
"HG01053","PUR","pooled",0,123,18061953,8000000,7998940,100000,0,9963013,999349,2000000,4999591
"HG01056","PUR","pooled",0,136,21368787,8000000,7973213,300000,0,13095574,997635,2000000,4975578
"HG01062","PUR","pooled",0,158,21911087,8000000,7996571,299110,0,13615406,999581,1999783,4997207
"HG01068","PUR","pooled",0,127,22337659,8000000,7996164,399343,0,13942152,996460,2000000,4999704
"HG01071","PUR","pooled",0,151,22187841,8000000,7994489,200000,0,13993352,998845,1996141,4999503
"HG01074","PUR","pooled",0,140,22043771,8000000,7997045,200000,0,13846726,999336,1999206,4998503
"HG01081","PUR","pooled",0,124,20309698,8000000,7987207,200000,0,12122491,995126,1995577,4996504
"HG01084","PUR","pooled",0,145,22005015,8000000,7917968,400000,0,13687047,919296,2000000,4998672
"HG01087","PUR","pooled",0,138,22611745,8000000,7994888,200000,0,14416857,1000000,1995880,4999008
"HG01096","PUR","pooled",0,131,21808482,8000000,7995490,1106453,0,12706539,995490,2000000,5000000
"HG01099","PUR","pooled",0,131,22729782,8000000,8000000,300000,0,14429782,1000000,2000000,5000000
"HG01100","PUR","pooled",0,141,21313016,8000000,7980573,0,0,13332443,982605,1998778,4999190
"HG01103","PUR","pooled",0,140,18558639,8000000,7995695,0,0,10562944,995695,2000000,5000000
"HG01106","PUR","pooled",0,136,22724642,8000000,7997932,199343,0,14527367,997977,1999955,5000000
"HG01109","PUR","pooled",0,115,15147613,8000000,7984387,0,0,7163226,999475,1984912,5000000
"HG01169","PUR","pooled",0,134,19751514,8000000,7991617,99057,0,11660840,992726,1998891,5000000
"HG01172","PUR","pooled",0,137,21153007,8000000,7998835,698309,0,12455863,999628,1999886,4999321
"HG01175","PUR","pooled",0,117,19706668,8000000,7995452,100000,0,11611216,996261,1999440,4999751
"HG01178","PUR","pooled",0,129,19870274,8000000,7987900,300000,0,11582374,994929,1999697,4993274
"HG01184","PUR","pooled",0,124,20126227,8000000,7983378,0,0,12142849,999532,1983846,5000000
"HG01189","PUR","pooled",0,115,17270688,8000000,7993234,200000,0,9077454,996536,1997921,4998777
"HG01192","PUR","pooled",0,115,28259552,8000000,7993662,9100804,0,11165086,995084,1998578,5000000
"HG01199","PUR","pooled",0,109,15697808,8000000,7998344,0,0,7699464,1000000,1999979,4998365
"HG01206","PUR","pooled",0,130,21907750,8000000,7999340,200000,0,13708410,1000000,1999340,5000000
"HG01243","PUR","pooled",0,101,14542703,8000000,7999897,0,0,6542806,999897,2000000,5000000
"HG01249","PUR","pooled",0,148,21644781,8000000,7993869,500000,0,13150912,998962,1999452,4995455
"HG00552","PUR","single_population",0,115,21779010,8000000,7992178,700000,0,13086832,1000000,1992178,5000000
"HG00555","PUR","single_population",0,103,18308731,8000000,7999559,0,0,10309172,1000000,2000000,4999559
"HG00639","PUR","single_population",0,142,20747424,8000000,7998484,200000,0,12548940,998484,2000000,5000000
"HG00642","PUR","single_population",0,132,21698220,8000000,7996406,0,0,13701814,1000000,1999679,4996727
"HG00733","PUR","single_population",0,142,24558343,8000000,7997724,3328266,0,13232353,999517,1998207,5000000
"HG00735","PUR","single_population",0,139,21435932,8000000,7996283,500000,0,12939649,999998,1998356,4997929
"HG00738","PUR","single_population",0,133,19028380,8000000,7998307,100000,0,10930073,1000000,1998639,4999668
"HG00741","PUR","single_population",0,113,17016659,8000000,7990916,0,0,9025743,999846,1999417,4991653
"HG01050","PUR","single_population",0,117,22513326,8000000,7999290,3600000,0,10914036,999789,2000000,4999501
"HG01053","PUR","single_population",0,117,17527769,8000000,7998940,100000,0,9428829,999349,2000000,4999591
"HG01056","PUR","single_population",0,128,20577545,8000000,7973213,300000,0,12304332,997635,2000000,4975578
"HG01062","PUR","single_population",0,149,21046575,8000000,7996571,299110,0,12750894,999581,1999783,4997207
"HG01068","PUR","single_population",0,126,21757533,8000000,7996164,399343,0,13362026,996460,2000000,4999704
"HG01071","PUR","single_population",0,145,21901527,8000000,7994489,200000,0,13707038,998845,1996141,4999503
"HG01074","PUR","single_population",0,124,20978306,8000000,7986959,200000,0,12791347,1000000,1988456,4998503
"HG01081","PUR","single_population",0,113,19274773,8000000,7987207,200000,0,11087566,995126,1995577,4996504
"HG01084","PUR","single_population",0,136,21209318,8000000,7917968,400000,0,12891350,919296,2000000,4998672
"HG01087","PUR","single_population",0,129,21085465,8000000,7994888,200000,0,12890577,1000000,1995880,4999008
"HG01096","PUR","single_population",0,116,19854895,8000000,7995490,1106453,0,10752952,995490,2000000,5000000
"HG01099","PUR","single_population",0,118,21969511,8000000,8000000,300000,0,13669511,1000000,2000000,5000000
"HG01100","PUR","single_population",0,138,20657529,8000000,7980573,0,0,12676956,982605,1998778,4999190
"HG01103","PUR","single_population",0,132,17993745,8000000,7990054,0,0,10003691,990054,2000000,5000000
"HG01106","PUR","single_population",0,123,21848663,8000000,7997932,199343,0,13651388,997977,1999955,5000000
"HG01109","PUR","single_population",0,114,14990313,8000000,7984387,0,0,7005926,999475,1984912,5000000
"HG01169","PUR","single_population",0,132,19071447,8000000,7991617,99057,0,10980773,992726,1998891,5000000
"HG01172","PUR","single_population",0,123,20162864,8000000,7998835,598309,0,11565720,999628,1999886,4999321
"HG01175","PUR","single_population",0,112,19037354,8000000,7995452,100000,0,10941902,996261,1999440,4999751
"HG01178","PUR","single_population",0,121,19440242,8000000,7987710,300000,0,11152532,994929,1999697,4993084
"HG01184","PUR","single_population",0,123,19483860,8000000,7983378,0,0,11500482,999532,1983846,5000000
"HG01189","PUR","single_population",0,113,17073778,8000000,7993234,200000,0,8880544,996536,1997921,4998777
"HG01192","PUR","single_population",0,109,27486986,8000000,7998038,9100804,0,10388144,999460,1998578,5000000
"HG01199","PUR","single_population",0,106,15425239,8000000,7998344,0,0,7426895,1000000,1999979,4998365
"HG01206","PUR","single_population",0,122,21305903,8000000,7999340,200000,0,13106563,1000000,1999340,5000000
"HG01243","PUR","single_population",0,111,14208358,8000000,7999897,0,0,6208461,999897,2000000,5000000
"HG01249","PUR","single_population",0,135,20527735,8000000,7993869,500000,0,12033866,998962,1999452,4995455
"NA18484","YRI","ancestry_tuned",0,95,14402569,8000000,7996066,100000,0,6306503,999186,2000000,4996880
"NA18485","YRI","ancestry_tuned",0,76,13415540,8000000,7996045,0,0,5419495,997908,1998651,4999486
"NA18497","YRI","ancestry_tuned",0,98,15606192,8000000,7996637,400000,0,7209555,999709,1999354,4997574
"NA18500","YRI","ancestry_tuned",0,89,13275105,8000000,6998814,200000,0,6076291,0,1999153,4999661
"NA18503","YRI","ancestry_tuned",0,100,14560731,8000000,7993452,100000,0,6467279,998784,1999049,4995619
"NA18506","YRI","ancestry_tuned",0,85,16035135,8000000,7994069,900000,0,7141066,995607,2000000,4998462
"NA18515","YRI","ancestry_tuned",0,94,15128307,8000000,7997814,200000,0,6930493,999564,1998615,4999635
"NA18518","YRI","ancestry_tuned",0,103,16730061,8000000,7995065,900000,0,7834996,999431,1999871,4995763
"NA18521","YRI","ancestry_tuned",0,84,13870122,8000000,7990398,200000,0,5679724,992881,1999489,4998028
"NA18854","YRI","ancestry_tuned",0,94,13937730,8000000,7997194,0,0,5940536,999116,1999979,4998099
"NA18857","YRI","ancestry_tuned",0,99,18003920,8000000,7998385,1400000,0,8605535,998567,1999818,5000000
"NA18860","YRI","ancestry_tuned",0,93,15063366,8000000,7996452,400000,0,6666914,1000000,1998837,4997615
"NA18863","YRI","ancestry_tuned",0,91,16001366,8000000,7998215,600000,0,7403151,1000000,1998278,4999937
"NA18869","YRI","ancestry_tuned",0,101,16154424,8000000,7997756,300000,0,7856668,999442,1999447,4998867
"NA18872","YRI","ancestry_tuned",0,90,16247744,8000000,7995291,1900000,0,6352453,998352,2000000,4996939
"NA18875","YRI","ancestry_tuned",0,107,14937767,8000000,7997637,99366,0,6840764,997637,2000000,5000000
"NA18906","YRI","ancestry_tuned",0,89,14978062,8000000,7998868,959110,0,6020084,999786,1999082,5000000
"NA18911","YRI","ancestry_tuned",0,98,14599816,8000000,7983468,100000,0,6516348,993482,1989986,5000000
"NA18914","YRI","ancestry_tuned",0,110,14089638,8000000,7997053,200000,0,5892585,997220,2000000,4999833
"NA18925","YRI","ancestry_tuned",0,106,18878662,8000000,7994278,2000000,0,8884384,1000000,1997914,4996364
"NA18930","YRI","ancestry_tuned",0,85,14251331,8000000,7993316,200000,0,6058015,995216,1998100,5000000
"NA18935","YRI","ancestry_tuned",0,100,17508809,8000000,7996750,500000,0,9012059,998253,2000000,4998497
"NA19094","YRI","ancestry_tuned",0,96,15259411,8000000,7998791,419544,0,6841076,999546,2000000,4999245
"NA19097","YRI","ancestry_tuned",0,96,16319866,8000000,7997662,200000,0,8122204,997768,1999894,5000000
"NA19100","YRI","ancestry_tuned",0,109,17061232,8000000,7998446,800000,0,8262786,998446,2000000,5000000
"NA19103","YRI","ancestry_tuned",0,106,14170297,8000000,7996099,219544,0,5954654,997728,1999298,4999073
"NA19109","YRI","ancestry_tuned",0,100,15282710,8000000,7995895,300000,0,6986815,998185,1998596,4999114
"NA19115","YRI","ancestry_tuned",0,99,20499547,8000000,7988294,1600000,300000,10611253,991188,1997571,4999535
"NA19120","YRI","ancestry_tuned",0,105,16677312,8000000,7987602,500000,0,8189710,995595,1995266,4996741
"NA19123","YRI","ancestry_tuned",0,99,17802429,8000000,7997091,2000000,0,7805338,1000000,1999010,4998081
"NA19129","YRI","ancestry_tuned",0,90,15430086,8000000,7995312,300000,0,7134774,996641,1999169,4999502
"NA19132","YRI","ancestry_tuned",0,102,16700740,8000000,7986538,400000,0,8314202,995877,1998704,4991957
"NA19139","YRI","ancestry_tuned",0,84,17850302,8000000,7995112,1400000,300000,8155190,996852,1999743,4998517
"NA19142","YRI","ancestry_tuned",0,89,14331897,8000000,7997228,500000,0,5834669,998959,1999118,4999151
"NA19145","YRI","ancestry_tuned",0,101,15873779,8000000,7994942,600000,0,7278837,996813,1998352,4999777
"NA19148","YRI","ancestry_tuned",0,106,16068344,8000000,7999752,200000,0,7868592,1000000,2000000,4999752
"NA19151","YRI","ancestry_tuned",0,97,15882712,8000000,7993175,300000,0,7589537,997736,1996305,4999134
"NA19154","YRI","ancestry_tuned",0,97,14607313,8000000,7999588,300000,0,6307725,999588,2000000,5000000
"NA19161","YRI","ancestry_tuned",0,98,23359231,8000000,7989935,4000000,300000,11069296,999514,1997801,4992620
"NA19173","YRI","ancestry_tuned",0,85,14474584,8000000,7996669,0,0,6477915,999180,1999738,4997751
"NA19174","YRI","ancestry_tuned",0,102,16812109,8000000,7996046,200000,0,8616063,997453,1999954,4998639
"NA19177","YRI","ancestry_tuned",0,107,15485039,8000000,7994459,500000,0,6990580,999048,1998016,4997395
"NA19186","YRI","ancestry_tuned",0,97,15556498,8000000,7999209,400000,0,7157289,999924,2000000,4999285
"NA19191","YRI","ancestry_tuned",0,102,17515062,8000000,7995746,700000,0,8819316,996769,1999778,4999199
"NA19199","YRI","ancestry_tuned",0,103,16289648,8000000,7994705,500000,0,7794943,1000000,1995679,4999026
"NA19202","YRI","ancestry_tuned",0,90,16554891,8000000,7981244,1100000,0,7473647,994884,1986507,4999853
"NA19205","YRI","ancestry_tuned",0,97,17553335,8000000,7997370,3500000,0,6055965,998025,1999979,4999366
"NA19208","YRI","ancestry_tuned",0,104,17200345,8000000,7987299,1800000,0,7413046,999610,2000000,4987689
"NA19211","YRI","ancestry_tuned",0,88,16174657,8000000,7995372,1219544,0,6959741,998011,1997531,4999830
"NA19215","YRI","ancestry_tuned",0,98,15947174,8000000,7995038,1000000,0,6952136,998014,1999110,4997914
"NA19221","YRI","ancestry_tuned",0,94,15971250,8000000,7996932,100000,0,7874318,1000000,1997811,4999121
"NA19224","YRI","ancestry_tuned",0,105,21321640,8000000,8000000,3598564,0,9723076,1000000,2000000,5000000
"NA19237","YRI","ancestry_tuned",0,86,15030505,8000000,7999813,100000,0,6930692,999926,2000000,4999887
"NA19240","YRI","ancestry_tuned",0,90,13088125,8000000,7997432,100000,0,4990693,999455,1998700,4999277
"NA19249","YRI","ancestry_tuned",0,89,14109840,8000000,7999385,789347,0,5321108,999481,1999904,5000000
"NA19258","YRI","ancestry_tuned",0,98,14919201,8000000,7988935,500000,0,6430266,993963,1994972,5000000
"NA18484","YRI","pooled",0,131,15976413,8000000,7996066,100000,0,7880347,999186,2000000,4996880
"NA18485","YRI","pooled",0,113,15078280,8000000,7996559,0,0,7081721,997908,1998651,5000000
"NA18497","YRI","pooled",0,133,17241776,8000000,7996637,400000,0,8845139,999709,1999354,4997574
"NA18500","YRI","pooled",0,121,14420804,8000000,6998106,200000,0,7222698,0,1999153,4998953
"NA18503","YRI","pooled",0,130,15537567,8000000,7993452,100000,0,7444115,998784,1999049,4995619
"NA18506","YRI","pooled",0,118,17110454,8000000,7992786,900000,0,8217668,995607,2000000,4997179
"NA18515","YRI","pooled",0,128,20270605,8000000,7997814,1200000,300000,10772791,999564,1998615,4999635
"NA18518","YRI","pooled",0,133,18126001,8000000,7995065,900000,0,9230936,999431,1999871,4995763
"NA18521","YRI","pooled",0,132,15352861,8000000,7990398,200000,0,7162463,992881,1999489,4998028
"NA18854","YRI","pooled",0,133,15326183,8000000,7997194,0,0,7328989,999116,1999979,4998099
"NA18857","YRI","pooled",0,133,19781857,8000000,7998385,1400000,0,10383472,998567,1999818,5000000
"NA18860","YRI","pooled",0,136,16708804,8000000,7996452,400000,0,8312352,1000000,1998837,4997615
"NA18863","YRI","pooled",0,124,21221269,8000000,7998215,1800000,300000,11123054,1000000,1998278,4999937
"NA18869","YRI","pooled",0,134,17481254,8000000,7997756,300000,0,9183498,999442,1999447,4998867
"NA18872","YRI","pooled",0,131,17988448,8000000,7995291,1900000,0,8093157,998352,2000000,4996939
"NA18875","YRI","pooled",0,135,16128731,8000000,7997637,100000,0,8031094,997637,2000000,5000000
"NA18906","YRI","pooled",0,107,15591749,8000000,7997461,959110,0,6635178,999786,1997675,5000000
"NA18911","YRI","pooled",0,118,15331591,8000000,7993135,100000,0,7238456,993482,1999653,5000000
"NA18914","YRI","pooled",0,151,15924037,8000000,7998367,200000,0,7725670,998534,2000000,4999833
"NA18925","YRI","pooled",0,140,20183517,8000000,7996257,2000000,0,10187260,1000000,1999893,4996364
"NA18930","YRI","pooled",0,111,15340035,8000000,7993316,200000,0,7146719,995216,1998100,5000000
"NA18935","YRI","pooled",0,133,18597769,8000000,7996750,500000,0,10101019,998253,2000000,4998497
"NA19094","YRI","pooled",0,122,16531317,8000000,7998791,419544,0,8112982,999546,2000000,4999245
"NA19097","YRI","pooled",0,130,18089134,8000000,7997662,200000,0,9891472,997768,1999894,5000000
"NA19100","YRI","pooled",0,142,18935060,8000000,7994753,800000,0,10140307,994753,2000000,5000000
"NA19103","YRI","pooled",0,141,15483991,8000000,7996099,219544,0,7268348,997728,1999298,4999073
"NA19109","YRI","pooled",0,132,16796042,8000000,7995895,300000,0,8500147,998185,1998596,4999114
"NA19115","YRI","pooled",0,128,22266329,8000000,7990517,1600000,300000,12375812,991188,1999794,4999535
"NA19120","YRI","pooled",0,136,17655046,8000000,7990271,500000,0,9164775,996893,1996637,4996741
"NA19123","YRI","pooled",0,122,18834237,8000000,7997399,2000000,0,8836838,999876,1999442,4998081
"NA19129","YRI","pooled",0,124,16555980,8000000,7997463,300000,0,8258517,999500,1998461,4999502
"NA19132","YRI","pooled",0,133,18270537,8000000,7987715,400000,0,9882822,997054,1998704,4991957
"NA19139","YRI","pooled",0,108,18968650,8000000,7995112,1400000,300000,9273538,996852,1999743,4998517
"NA19142","YRI","pooled",0,123,15692480,8000000,7997319,500000,0,7195161,998377,1999118,4999824
"NA19145","YRI","pooled",0,125,16612084,8000000,7994942,600000,0,8017142,996813,1998352,4999777
"NA19148","YRI","pooled",0,128,16968012,8000000,7999752,200000,0,8768260,1000000,2000000,4999752
"NA19151","YRI","pooled",0,125,16909200,8000000,7995070,300000,0,8614130,997736,1998200,4999134
"NA19154","YRI","pooled",0,124,15552070,8000000,7999588,300000,0,7252482,999588,2000000,5000000
"NA19161","YRI","pooled",0,128,24383819,8000000,7989935,4000000,300000,12093884,999514,1997801,4992620
"NA19173","YRI","pooled",0,131,16221962,8000000,7997118,0,0,8224844,999180,1999738,4998200
"NA19174","YRI","pooled",0,139,18137398,8000000,7996916,200000,0,9940482,997453,1999954,4999509
"NA19177","YRI","pooled",0,147,17188480,8000000,7994459,500000,0,8694021,999048,1998016,4997395
"NA19186","YRI","pooled",0,121,16344936,8000000,7996098,400000,0,7948838,999924,2000000,4996174
"NA19191","YRI","pooled",0,139,19378646,8000000,7995968,700000,0,10682678,996769,2000000,4999199
"NA19199","YRI","pooled",0,133,18123036,8000000,7994705,500000,0,9628331,1000000,1995679,4999026
"NA19202","YRI","pooled",0,116,17847416,8000000,7997680,1100000,0,8749736,998929,1998898,4999853
"NA19205","YRI","pooled",0,120,18532922,8000000,7997370,3500000,0,7035552,998025,1999979,4999366
"NA19208","YRI","pooled",0,139,18797925,8000000,7987299,1800000,0,9010626,999610,2000000,4987689
"NA19211","YRI","pooled",0,114,17325792,8000000,7997338,1219544,0,8108910,998011,1999497,4999830
"NA19215","YRI","pooled",0,124,17229018,8000000,7995038,1000000,0,8233980,998014,1999110,4997914
"NA19221","YRI","pooled",0,118,17460902,8000000,7997811,100000,0,9363091,1000000,1997811,5000000
"NA19224","YRI","pooled",0,130,22378648,8000000,8000000,3598564,0,10780084,1000000,2000000,5000000
"NA19237","YRI","pooled",0,109,15987525,8000000,7999813,100000,0,7887712,999926,2000000,4999887
"NA19240","YRI","pooled",0,126,14790452,8000000,7997432,100000,0,6693020,999455,1998700,4999277
"NA19249","YRI","pooled",0,117,15642709,8000000,7999385,789347,0,6853977,999481,1999904,5000000
"NA19258","YRI","pooled",0,126,16730503,8000000,7994972,500000,0,8235531,1000000,1994972,5000000
"NA18484","YRI","single_population",0,94,14398913,8000000,7996066,100000,0,6302847,999186,2000000,4996880
"NA18485","YRI","single_population",0,79,13537083,8000000,7996045,0,0,5541038,997908,1998651,4999486
"NA18497","YRI","single_population",0,102,15739886,8000000,7996637,400000,0,7343249,999709,1999354,4997574
"NA18500","YRI","single_population",0,86,13104745,8000000,6998814,200000,0,5905931,0,1999153,4999661
"NA18503","YRI","single_population",0,100,14556527,8000000,7993452,100000,0,6463075,998784,1999049,4995619
"NA18506","YRI","single_population",0,90,16158925,8000000,7994069,900000,0,7264856,995607,2000000,4998462
"NA18515","YRI","single_population",0,98,15291737,8000000,7997814,200000,0,7093923,999564,1998615,4999635
"NA18518","YRI","single_population",0,103,16728578,8000000,7999302,900000,0,7829276,999431,1999871,5000000
"NA18521","YRI","single_population",0,85,13811002,8000000,7990398,200000,0,5620604,992881,1999489,4998028
"NA18854","YRI","single_population",0,93,13850356,8000000,7997194,0,0,5853162,999116,1999979,4998099
"NA18857","YRI","single_population",0,100,18045080,8000000,7998385,1400000,0,8646695,998567,1999818,5000000
"NA18860","YRI","single_population",0,93,15051082,8000000,7996452,400000,0,6654630,1000000,1998837,4997615
"NA18863","YRI","single_population",0,92,16077915,8000000,7998215,600000,0,7479700,1000000,1998278,4999937
"NA18869","YRI","single_population",0,98,16082411,8000000,7997756,300000,0,7784655,999442,1999447,4998867
"NA18872","YRI","single_population",0,90,16434617,8000000,7995291,1900000,0,6539326,998352,2000000,4996939
"NA18875","YRI","single_population",0,108,14966594,8000000,7997637,99366,0,6869591,997637,2000000,5000000
"NA18906","YRI","single_population",0,89,15043117,8000000,7998868,959110,0,6085139,999786,1999082,5000000
"NA18911","YRI","single_population",0,97,14597593,8000000,7983468,100000,0,6514125,993482,1989986,5000000
"NA18914","YRI","single_population",0,109,14055955,8000000,7997053,200000,0,5858902,997220,2000000,4999833
"NA18925","YRI","single_population",0,105,18968934,8000000,7994278,2000000,0,8974656,1000000,1997914,4996364
"NA18930","YRI","single_population",0,85,14286606,8000000,7993316,200000,0,6093290,995216,1998100,5000000
"NA18935","YRI","single_population",0,101,17483620,8000000,7996750,500000,0,8986870,998253,2000000,4998497
"NA19094","YRI","single_population",0,97,15294819,8000000,7998791,419544,0,6876484,999546,2000000,4999245
"NA19097","YRI","single_population",0,99,16418638,8000000,7997662,200000,0,8220976,997768,1999894,5000000
"NA19100","YRI","single_population",0,107,16978698,8000000,7998446,800000,0,8180252,998446,2000000,5000000
"NA19103","YRI","single_population",0,107,14196234,8000000,7996099,219544,0,5980591,997728,1999298,4999073
"NA19109","YRI","single_population",0,100,15358605,8000000,7995895,300000,0,7062710,998185,1998596,4999114
"NA19115","YRI","single_population",0,102,20506869,8000000,7988294,1600000,300000,10618575,991188,1997571,4999535
"NA19120","YRI","single_population",0,105,16635199,8000000,7987602,500000,0,8147597,995595,1995266,4996741
"NA19123","YRI","single_population",0,99,17809866,8000000,7997091,2000000,0,7812775,1000000,1999010,4998081
"NA19129","YRI","single_population",0,92,15469336,8000000,7995312,300000,0,7174024,996641,1999169,4999502
"NA19132","YRI","single_population",0,104,16699482,8000000,7986538,400000,0,8312944,995877,1998704,4991957
"NA19139","YRI","single_population",0,83,17863315,8000000,7995112,1400000,300000,8168203,996852,1999743,4998517
"NA19142","YRI","single_population",0,87,14270764,8000000,7997228,500000,0,5773536,998959,1999118,4999151
"NA19145","YRI","single_population",0,100,15826684,8000000,7994942,600000,0,7231742,996813,1998352,4999777
"NA19148","YRI","single_population",0,106,16058477,8000000,7999752,200000,0,7858725,1000000,2000000,4999752
"NA19151","YRI","single_population",0,96,15839927,8000000,7993175,300000,0,7546752,997736,1996305,4999134
"NA19154","YRI","single_population",0,97,14530913,8000000,7999588,300000,0,6231325,999588,2000000,5000000
"NA19161","YRI","single_population",0,99,23581713,8000000,7989935,4000000,300000,11291778,999514,1997801,4992620
"NA19173","YRI","single_population",0,86,14448687,8000000,7996669,0,0,6452018,999180,1999738,4997751
"NA19174","YRI","single_population",0,105,16919385,8000000,7996046,200000,0,8723339,997453,1999954,4998639
"NA19177","YRI","single_population",0,107,15468313,8000000,7994459,500000,0,6973854,999048,1998016,4997395
"NA19186","YRI","single_population",0,97,15658568,8000000,7999209,400000,0,7259359,999924,2000000,4999285
"NA19191","YRI","single_population",0,102,17532521,8000000,7995746,700000,0,8836775,996769,1999778,4999199
"NA19199","YRI","single_population",0,104,16313449,8000000,7994705,500000,0,7818744,1000000,1995679,4999026
"NA19202","YRI","single_population",0,89,16548097,8000000,7981244,1100000,0,7466853,994884,1986507,4999853
"NA19205","YRI","single_population",0,100,17652036,8000000,7997370,3500000,0,6154666,998025,1999979,4999366
"NA19208","YRI","single_population",0,107,17251054,8000000,7987299,1800000,0,7463755,999610,2000000,4987689
"NA19211","YRI","single_population",0,89,16217695,8000000,7995372,1219544,0,7002779,998011,1997531,4999830
"NA19215","YRI","single_population",0,95,15837470,8000000,7995038,1000000,0,6842432,998014,1999110,4997914
"NA19221","YRI","single_population",0,95,16100705,8000000,7996932,100000,0,8003773,1000000,1997811,4999121
"NA19224","YRI","single_population",0,106,21313257,8000000,8000000,3598564,0,9714693,1000000,2000000,5000000
"NA19237","YRI","single_population",0,84,15024728,8000000,7999813,100000,0,6924915,999926,2000000,4999887
"NA19240","YRI","single_population",0,90,13081181,8000000,7997432,100000,0,4983749,999455,1998700,4999277
"NA19249","YRI","single_population",0,86,14363586,8000000,7999385,789347,0,5574854,999481,1999904,5000000
"NA19258","YRI","single_population",0,96,14854494,8000000,7988935,500000,0,6365559,993963,1994972,5000000
"HG01881","ACB","ancestry_tuned",500000,5,10482957,8000000,7997565,211358,0,2274034,999484,2000000,4998081
"HG01884","ACB","ancestry_tuned",500000,3,8223828,8000000,7990702,0,0,233126,999985,1990717,5000000
"HG01887","ACB","ancestry_tuned",500000,3,8140529,8000000,7998412,0,0,142117,1000000,1998412,5000000
"HG01888","ACB","ancestry_tuned",500000,4,8601823,8000000,7997856,400000,0,203967,998310,2000000,4999546
"HG01891","ACB","ancestry_tuned",500000,4,9179018,8000000,7995949,0,0,1183069,998470,1999168,4998311
"HG01895","ACB","ancestry_tuned",500000,4,8526828,8000000,7995153,100000,0,431675,996547,1998606,5000000
"HG01897","ACB","ancestry_tuned",500000,4,8680708,8000000,7996521,300000,0,384187,1000000,1998936,4997585
"HG01916","ACB","ancestry_tuned",500000,3,8016551,8000000,7986490,0,0,30061,1000000,1986929,4999561
"HG01959","ACB","ancestry_tuned",500000,3,8105353,8000000,7999245,0,0,106108,1000000,1999435,4999810
"HG01960","ACB","ancestry_tuned",500000,4,8555428,8000000,7997818,0,0,557610,998260,1999558,5000000
"HG01987","ACB","ancestry_tuned",500000,4,12071380,8000000,7995250,3503420,0,572710,1000000,1995250,5000000
"HG02011","ACB","ancestry_tuned",500000,6,10029195,8000000,7998332,200000,0,1830863,998332,2000000,5000000
"HG02055","ACB","ancestry_tuned",500000,5,10749886,8000000,7997795,1000000,0,1752091,999962,1998159,4999674
"HG02145","ACB","ancestry_tuned",500000,4,9328960,8000000,7998095,771746,0,559119,999423,1999181,4999491
"HG02257","ACB","ancestry_tuned",500000,3,8057974,8000000,7998098,0,0,59876,998301,1999797,5000000
"HG02258","ACB","ancestry_tuned",500000,4,8573697,8000000,7997370,0,0,576327,999213,1999820,4998337
"HG02280","ACB","ancestry_tuned",500000,3,7993889,8000000,7991109,0,0,2780,998771,1996922,4995416
"HG02316","ACB","ancestry_tuned",500000,4,8741009,8000000,7999730,0,0,741279,999840,1999890,5000000
"HG02321","ACB","ancestry_tuned",500000,3,8069372,8000000,7994388,0,0,74984,998415,1997127,4998846
"HG02451","ACB","ancestry_tuned",500000,3,8103335,8000000,7999675,63538,0,40122,1000000,1999691,4999984
"HG01881","ACB","pooled",500000,5,10489966,8000000,7997565,211358,0,2281043,999484,2000000,4998081
"HG01884","ACB","pooled",500000,3,8234108,8000000,7999985,0,0,234123,999985,2000000,5000000
"HG01887","ACB","pooled",500000,3,8140529,8000000,7998412,0,0,142117,1000000,1998412,5000000
"HG01888","ACB","pooled",500000,4,8601823,8000000,7997856,400000,0,203967,998310,2000000,4999546
"HG01891","ACB","pooled",500000,4,9185982,8000000,7997638,0,0,1188344,998470,1999168,5000000
"HG01895","ACB","pooled",500000,4,8533741,8000000,7995153,100000,0,438588,996547,1998606,5000000
"HG01897","ACB","pooled",500000,4,8697420,8000000,7999665,300000,0,397755,1000000,1999665,5000000
"HG01916","ACB","pooled",500000,3,8016551,8000000,7986490,0,0,30061,1000000,1986929,4999561
"HG01959","ACB","pooled",500000,3,8016201,8000000,7999245,0,0,16956,1000000,1999435,4999810
"HG01960","ACB","pooled",500000,4,8539295,8000000,7999070,0,0,540225,999512,1999558,5000000
"HG01987","ACB","pooled",500000,4,12116542,8000000,8000000,3503420,0,613122,1000000,2000000,5000000
"HG02011","ACB","pooled",500000,6,10019244,8000000,7998332,200000,0,1820912,998332,2000000,5000000
"HG02055","ACB","pooled",500000,5,10755234,8000000,7999315,1000000,0,1755919,999962,1999679,4999674
"HG02145","ACB","pooled",500000,5,13380090,8000000,7998672,1971746,300000,3109672,1000000,1999181,4999491
"HG02257","ACB","pooled",500000,3,8057974,8000000,7998098,0,0,59876,998301,1999797,5000000
"HG02258","ACB","pooled",500000,4,8566095,8000000,7989768,0,0,576327,999213,1999820,4990735
"HG02280","ACB","pooled",500000,3,7993889,8000000,7991109,0,0,2780,998771,1996922,4995416
"HG02316","ACB","pooled",500000,4,8742813,8000000,7999840,0,0,742973,999840,2000000,5000000
"HG02321","ACB","pooled",500000,3,8080740,8000000,7995542,0,0,85198,998415,1997127,5000000
"HG02451","ACB","pooled",500000,3,8103335,8000000,7999675,63538,0,40122,1000000,1999691,4999984
"HG01881","ACB","single_population",500000,5,10482957,8000000,7997565,211358,0,2274034,999484,2000000,4998081
"HG01884","ACB","single_population",500000,3,8223828,8000000,7990702,0,0,233126,999985,1990717,5000000
"HG01887","ACB","single_population",500000,3,8134663,8000000,7998412,0,0,136251,1000000,1998412,5000000
"HG01888","ACB","single_population",500000,4,8601823,8000000,7997856,400000,0,203967,998310,2000000,4999546
"HG01891","ACB","single_population",500000,4,9179018,8000000,7995949,0,0,1183069,998470,1999168,4998311
"HG01895","ACB","single_population",500000,4,8531048,8000000,7998578,100000,0,432470,999972,1998606,5000000
"HG01897","ACB","single_population",500000,4,8680708,8000000,7996521,300000,0,384187,1000000,1998936,4997585
"HG01916","ACB","single_population",500000,3,8016551,8000000,7986490,0,0,30061,1000000,1986929,4999561
"HG01959","ACB","single_population",500000,3,8103905,8000000,7997797,0,0,106108,1000000,1997987,4999810
"HG01960","ACB","single_population",500000,4,8691975,8000000,7997818,0,0,694157,998260,1999558,5000000
"HG01987","ACB","single_population",500000,4,12071380,8000000,7995250,3503420,0,572710,1000000,1995250,5000000
"HG02011","ACB","single_population",500000,6,10013066,8000000,7998332,200000,0,1814734,998332,2000000,5000000
"HG02055","ACB","single_population",500000,5,10749022,8000000,7996931,1000000,0,1752091,999098,1998159,4999674
"HG02145","ACB","single_population",500000,4,9328960,8000000,7998095,771746,0,559119,999423,1999181,4999491
"HG02257","ACB","single_population",500000,3,8057974,8000000,7998098,0,0,59876,998301,1999797,5000000
"HG02258","ACB","single_population",500000,4,8573697,8000000,7997370,0,0,576327,999213,1999820,4998337
"HG02280","ACB","single_population",500000,3,7993889,8000000,7991109,0,0,2780,998771,1996922,4995416
"HG02316","ACB","single_population",500000,4,8741009,8000000,7999730,0,0,741279,999840,1999890,5000000
"HG02321","ACB","single_population",500000,3,8069372,8000000,7994388,0,0,74984,998415,1997127,4998846
"HG02451","ACB","single_population",500000,3,8103335,8000000,7999675,63538,0,40122,1000000,1999691,4999984
"NA19702","ASW","ancestry_tuned",500000,3,8126795,8000000,7996768,0,0,130027,999872,1998576,4998320
"NA19705","ASW","ancestry_tuned",500000,5,9360762,8000000,7996701,400000,0,964061,997282,1999419,5000000
"NA19828","ASW","ancestry_tuned",500000,3,11295450,8000000,7995682,1200000,300000,1799768,1000000,1996729,4998953
"NA19836","ASW","ancestry_tuned",500000,5,11887360,8000000,7995657,2500000,0,1391703,997116,1998752,4999789
"NA19902","ASW","ancestry_tuned",500000,5,9731805,8000000,7998353,100000,0,1633452,998524,1999829,5000000
"NA19918","ASW","ancestry_tuned",500000,5,9259648,8000000,7993418,200000,0,1066230,995957,1997461,5000000
"NA19919","ASW","ancestry_tuned",500000,4,8906381,8000000,7999319,0,0,907062,1000000,1999319,5000000
"NA19924","ASW","ancestry_tuned",500000,3,7996389,8000000,7990300,0,0,6089,995781,1995376,4999143
"NA19983","ASW","ancestry_tuned",500000,4,8587242,8000000,7999074,100000,0,488168,1000000,1999897,4999177
"NA20128","ASW","ancestry_tuned",500000,3,8296227,8000000,7994476,0,0,301751,999626,2000000,4994850
"NA20129","ASW","ancestry_tuned",500000,6,9797940,8000000,7936705,0,0,1861235,998125,1938580,5000000
"NA20279","ASW","ancestry_tuned",500000,4,13453547,8000000,7998455,1400000,300000,3755092,999864,1998669,4999922
"NA20358","ASW","ancestry_tuned",500000,4,8694058,8000000,7995677,500000,0,198381,998873,1999350,4997454
"NA19702","ASW","pooled",500000,3,8136520,8000000,7998334,0,0,138186,999872,1998576,4999886
"NA19705","ASW","pooled",500000,5,9357202,8000000,7997865,400000,0,959337,998446,1999419,5000000
"NA19828","ASW","pooled",500000,3,11366613,8000000,7995682,1200000,300000,1870931,1000000,1996729,4998953
"NA19836","ASW","pooled",500000,5,11891008,8000000,7995657,2500000,0,1395351,997116,1998752,4999789
"NA19902","ASW","pooled",500000,5,9761871,8000000,7998353,100000,0,1663518,998524,1999829,5000000
"NA19918","ASW","pooled",500000,5,9262745,8000000,7993418,200000,0,1069327,995957,1997461,5000000
"NA19919","ASW","pooled",500000,4,8912815,8000000,7999319,0,0,913496,1000000,1999319,5000000
"NA19924","ASW","pooled",500000,3,7996389,8000000,7990300,0,0,6089,995781,1995376,4999143
"NA19983","ASW","pooled",500000,4,8587242,8000000,7999074,100000,0,488168,1000000,1999897,4999177
"NA20128","ASW","pooled",500000,3,8301555,8000000,7999626,0,0,301929,999626,2000000,5000000
"NA20129","ASW","pooled",500000,6,9800260,8000000,7936705,0,0,1863555,998125,1938580,5000000
"NA20279","ASW","pooled",500000,4,13453547,8000000,7998455,1400000,300000,3755092,999864,1998669,4999922
"NA20358","ASW","pooled",500000,4,8694058,8000000,7995677,500000,0,198381,998873,1999350,4997454
"NA19702","ASW","single_population",500000,3,8126795,8000000,7996768,0,0,130027,999872,1998576,4998320
"NA19705","ASW","single_population",500000,5,9360762,8000000,7996701,400000,0,964061,997282,1999419,5000000
"NA19828","ASW","single_population",500000,3,11293474,8000000,7995682,1200000,300000,1797792,1000000,1996729,4998953
"NA19836","ASW","single_population",500000,5,11887360,8000000,7995657,2500000,0,1391703,997116,1998752,4999789
"NA19902","ASW","single_population",500000,4,9136285,8000000,7998353,100000,0,1037932,998524,1999829,5000000
"NA19918","ASW","single_population",500000,5,9259648,8000000,7993418,200000,0,1066230,995957,1997461,5000000
"NA19919","ASW","single_population",500000,4,8906381,8000000,7999319,0,0,907062,1000000,1999319,5000000
"NA19924","ASW","single_population",500000,3,7996389,8000000,7990300,0,0,6089,995781,1995376,4999143
"NA19983","ASW","single_population",500000,4,8587242,8000000,7999074,100000,0,488168,1000000,1999897,4999177
"NA20128","ASW","single_population",500000,3,8296227,8000000,7994476,0,0,301751,999626,2000000,4994850
"NA20129","ASW","single_population",500000,6,9796736,8000000,7935060,0,0,1861676,998125,1936935,5000000
"NA20279","ASW","single_population",500000,4,8452411,8000000,7938801,0,0,513610,999864,1949221,4989716
"NA20358","ASW","single_population",500000,4,8694058,8000000,7995677,500000,0,198381,998873,1999350,4997454
"NA06991","CEU","ancestry_tuned",500000,5,9760733,8000000,7999538,300000,0,1461195,999996,1999542,5000000
"NA06995","CEU","ancestry_tuned",500000,10,13038341,8000000,7992877,600000,0,4445464,1000000,2000000,4992877
"NA06997","CEU","ancestry_tuned",500000,5,10579432,8000000,7994964,100000,0,2484468,997512,1997553,4999899
"NA07014","CEU","ancestry_tuned",500000,6,10368824,8000000,7999892,0,0,2368932,999980,2000000,4999912
"NA07019","CEU","ancestry_tuned",500000,8,11972170,8000000,7997314,600000,0,3374856,999701,2000000,4997613
"NA07029","CEU","ancestry_tuned",500000,7,11655767,8000000,7998854,200000,0,3456913,998854,2000000,5000000
"NA07048","CEU","ancestry_tuned",500000,8,12858128,8000000,7998232,1200000,0,3659896,1000000,1998943,4999289
"NA07348","CEU","ancestry_tuned",500000,6,9843287,8000000,7995386,200000,0,1647901,1000000,1996331,4999055
"NA07349","CEU","ancestry_tuned",500000,4,8769218,8000000,7986002,0,0,783216,1000000,1986002,5000000
"NA10830","CEU","ancestry_tuned",500000,5,13582415,8000000,7995400,1400000,300000,3887015,998663,1996997,4999740
"NA10831","CEU","ancestry_tuned",500000,3,8200229,8000000,7999005,0,0,201224,1000000,1999005,5000000
"NA10835","CEU","ancestry_tuned",500000,7,14573948,8000000,7997957,1400000,300000,4875991,1000000,1999394,4998563
"NA10836","CEU","ancestry_tuned",500000,6,9740391,8000000,7997081,300000,0,1443310,999846,1998152,4999083
"NA10837","CEU","ancestry_tuned",500000,5,10595550,8000000,8000000,289085,0,2306465,1000000,2000000,5000000
"NA10838","CEU","ancestry_tuned",500000,5,9377496,8000000,7993736,200000,0,1183760,999642,1999654,4994440
"NA10839","CEU","ancestry_tuned",500000,3,8023135,8000000,7987762,0,0,35373,999832,2000000,4987930
"NA10840","CEU","ancestry_tuned",500000,9,12606821,8000000,7999113,100000,0,4507708,999427,2000000,4999686
"NA10842","CEU","ancestry_tuned",500000,4,8720857,8000000,7953211,300000,0,467646,964211,1999318,4989682
"NA10843","CEU","ancestry_tuned",500000,4,8594921,8000000,7990610,300000,0,304311,998201,2000000,4992409
"NA10845","CEU","ancestry_tuned",500000,8,11798963,8000000,7999973,200000,0,3598990,999973,2000000,5000000
"NA10846","CEU","ancestry_tuned",500000,5,9749654,8000000,7999354,600000,0,1150300,1000000,1999423,4999931
"NA10847","CEU","ancestry_tuned",500000,6,11164116,8000000,7996632,600000,0,2567484,998500,2000000,4998132
"NA10851","CEU","ancestry_tuned",500000,10,13106679,8000000,7997306,600000,0,4509373,998612,1999886,4998808
"NA10852","CEU","ancestry_tuned",500000,6,10290388,8000000,7999502,124102,0,2166784,999584,2000000,4999918
"NA10854","CEU","ancestry_tuned",500000,6,10185647,8000000,7995809,700000,0,1489838,999146,2000000,4996663
"NA10855","CEU","ancestry_tuned",500000,5,10426875,8000000,7996830,100000,0,2330045,999564,1998291,4998975
"NA10856","CEU","ancestry_tuned",500000,5,9979113,8000000,7998949,100000,0,1880164,999231,1999718,5000000
"NA10857","CEU","ancestry_tuned",500000,5,9659060,8000000,7988394,0,0,1670666,995773,1997816,4994805
"NA10859","CEU","ancestry_tuned",500000,9,13015289,8000000,7997064,400000,0,4618225,999894,1997494,4999676
"NA10860","CEU","ancestry_tuned",500000,3,7976111,8000000,6999079,0,0,977032,0,1999672,4999407
"NA10861","CEU","ancestry_tuned",500000,4,9247876,8000000,7990495,0,0,1257381,998978,1991517,5000000
"NA10863","CEU","ancestry_tuned",500000,8,11456949,8000000,7993795,0,0,3463154,998093,1998486,4997216
"NA10864","CEU","ancestry_tuned",500000,5,9801558,8000000,7993694,0,0,1807864,1000000,1999284,4994410
"NA10865","CEU","ancestry_tuned",500000,8,12174560,8000000,7999190,0,0,4175370,999839,1999526,4999825
"NA12329","CEU","ancestry_tuned",500000,5,9517391,8000000,7997583,100000,0,1419808,999691,1999309,4998583
"NA12335","CEU","ancestry_tuned",500000,5,10007534,8000000,7996800,0,0,2010734,997193,2000000,4999607
"NA12336","CEU","ancestry_tuned",500000,5,9645317,8000000,7998915,300000,0,1346402,1000000,1999967,4998948
"NA12344","CEU","ancestry_tuned",500000,6,10294690,8000000,7998672,0,0,2296018,998737,2000000,4999935
"NA12376","CEU","ancestry_tuned",500000,3,7996209,8000000,7969347,0,0,26862,999658,1969699,4999990
"NA12386","CEU","ancestry_tuned",500000,5,9166711,8000000,7998973,500000,0,667738,1000000,1999094,4999879
"NA12485","CEU","ancestry_tuned",500000,6,10576635,8000000,7997690,300000,0,2278945,998771,2000000,4998919
"NA12707","CEU","ancestry_tuned",500000,7,10978811,8000000,7999863,200000,0,2778948,1000000,2000000,4999863
"NA12739","CEU","ancestry_tuned",500000,3,7965808,8000000,7671947,0,0,293861,1000000,1672933,4999014
"NA12740","CEU","ancestry_tuned",500000,4,9384060,8000000,7984701,0,0,1399359,998128,1998574,4987999
"NA12752","CEU","ancestry_tuned",500000,8,17387144,8000000,7998725,2400000,300000,6688419,999003,2000000,4999722
"NA12753","CEU","ancestry_tuned",500000,5,10878270,8000000,7997319,600000,0,2280951,998430,1998985,4999904
"NA12766","CEU","ancestry_tuned",500000,6,10024414,8000000,7996003,100000,0,1928411,1000000,1997898,4998105
"NA12767","CEU","ancestry_tuned",500000,9,11852429,8000000,7996987,300000,0,3555442,998479,2000000,4998508
"NA12801","CEU","ancestry_tuned",500000,6,10358899,8000000,7998258,500000,0,1860641,999739,1998519,5000000
"NA12802","CEU","ancestry_tuned",500000,7,11971517,8000000,7996698,300000,0,3674819,998350,1998584,4999764
"NA12817","CEU","ancestry_tuned",500000,6,10350902,8000000,8000000,600000,0,1750902,1000000,2000000,5000000
"NA12818","CEU","ancestry_tuned",500000,7,11008991,8000000,7661241,699737,0,2648013,1000000,1661241,5000000
"NA12832","CEU","ancestry_tuned",500000,8,11001137,8000000,7997801,300000,0,2703336,999123,1999777,4998901
"NA12864","CEU","ancestry_tuned",500000,4,8688139,8000000,7995675,100000,0,592464,998774,1997652,4999249
"NA12865","CEU","ancestry_tuned",500000,7,11543907,8000000,7997125,800000,0,2746782,999973,2000000,4997152
"NA12877","CEU","ancestry_tuned",500000,6,11320780,8000000,7999058,399550,0,2922172,1000000,1999058,5000000
"NA12878","CEU","ancestry_tuned",500000,6,10828987,8000000,7996778,500000,0,2332209,999989,1996789,5000000
"NA06991","CEU","pooled",500000,5,9765392,8000000,7999538,300000,0,1465854,999996,1999542,5000000
"NA06995","CEU","pooled",500000,10,13181222,8000000,7992877,600000,0,4588345,1000000,2000000,4992877
"NA06997","CEU","pooled",500000,5,10587965,8000000,7994964,100000,0,2493001,997512,1997553,4999899
"NA07014","CEU","pooled",500000,5,9902675,8000000,7999892,0,0,1902783,999980,2000000,4999912
"NA07019","CEU","pooled",500000,8,11972170,8000000,7997314,600000,0,3374856,999701,2000000,4997613
"NA07029","CEU","pooled",500000,7,11646774,8000000,7998854,200000,0,3447920,998854,2000000,5000000
"NA07048","CEU","pooled",500000,8,12876122,8000000,7998243,1200000,0,3677879,1000000,1998954,4999289
"NA07348","CEU","pooled",500000,6,9844694,8000000,7995386,200000,0,1649308,1000000,1996331,4999055
"NA07349","CEU","pooled",500000,4,8892091,8000000,7986002,0,0,906089,1000000,1986002,5000000
"NA10830","CEU","pooled",500000,5,13582415,8000000,7995400,1400000,300000,3887015,998663,1996997,4999740
"NA10831","CEU","pooled",500000,3,8200229,8000000,7999005,0,0,201224,1000000,1999005,5000000
"NA10835","CEU","pooled",500000,7,14790065,8000000,7997957,1400000,300000,5092108,1000000,1999394,4998563
"NA10836","CEU","pooled",500000,5,9222137,8000000,7997081,200000,0,1025056,999846,1998152,4999083
"NA10837","CEU","pooled",500000,5,10595550,8000000,8000000,289085,0,2306465,1000000,2000000,5000000
"NA10838","CEU","pooled",500000,5,9377496,8000000,7993736,200000,0,1183760,999642,1999654,4994440
"NA10839","CEU","pooled",500000,3,8023135,8000000,7987762,0,0,35373,999832,2000000,4987930
"NA10840","CEU","pooled",500000,9,12650346,8000000,7999113,100000,0,4551233,999427,2000000,4999686
"NA10842","CEU","pooled",500000,4,8745288,8000000,7955872,300000,0,489416,964211,1999318,4992343
"NA10843","CEU","pooled",500000,4,8594921,8000000,7990610,300000,0,304311,998201,2000000,4992409
"NA10845","CEU","pooled",500000,8,11803622,8000000,7999973,200000,0,3603649,999973,2000000,5000000
"NA10846","CEU","pooled",500000,5,9753407,8000000,7999354,600000,0,1154053,1000000,1999423,4999931
"NA10847","CEU","pooled",500000,6,11164116,8000000,7996632,600000,0,2567484,998500,2000000,4998132
"NA10851","CEU","pooled",500000,11,13855381,8000000,7997306,600000,0,5258075,998612,1999886,4998808
"NA10852","CEU","pooled",500000,6,10316597,8000000,7997725,124102,0,2194770,999584,2000000,4998141
"NA10854","CEU","pooled",500000,6,10330424,8000000,7993008,700000,0,1637416,999146,1997199,4996663
"NA10855","CEU","pooled",500000,5,10430937,8000000,7997855,100000,0,2333082,999564,1998291,5000000
"NA10856","CEU","pooled",500000,5,10022127,8000000,7998949,100000,0,1923178,999231,1999718,5000000
"NA10857","CEU","pooled",500000,5,9661612,8000000,7990946,0,0,1670666,998325,1997816,4994805
"NA10859","CEU","pooled",500000,9,13053973,8000000,7997064,400000,0,4656909,999894,1997494,4999676
"NA10860","CEU","pooled",500000,3,7976111,8000000,6999079,0,0,977032,0,1999672,4999407
"NA10861","CEU","pooled",500000,4,9249848,8000000,7991424,0,0,1258424,998978,1992446,5000000
"NA10863","CEU","pooled",500000,8,11499073,8000000,7993795,0,0,3505278,998093,1998486,4997216
"NA10864","CEU","pooled",500000,5,9913205,8000000,7993694,0,0,1919511,1000000,1999284,4994410
"NA10865","CEU","pooled",500000,7,11625492,8000000,7999190,0,0,3626302,999839,1999526,4999825
"NA12329","CEU","pooled",500000,5,9517391,8000000,7997583,100000,0,1419808,999691,1999309,4998583
"NA12335","CEU","pooled",500000,5,10006542,8000000,7996800,0,0,2009742,997193,2000000,4999607
"NA12336","CEU","pooled",500000,5,9645317,8000000,7998915,300000,0,1346402,1000000,1999967,4998948
"NA12344","CEU","pooled",500000,6,10308891,8000000,7998672,0,0,2310219,998737,2000000,4999935
"NA12376","CEU","pooled",500000,3,8014916,8000000,7988054,0,0,26862,999658,1988406,4999990
"NA12386","CEU","pooled",500000,5,9166711,8000000,7998973,500000,0,667738,1000000,1999094,4999879
"NA12485","CEU","pooled",500000,6,10576635,8000000,7997690,300000,0,2278945,998771,2000000,4998919
"NA12707","CEU","pooled",500000,7,10999212,8000000,7999863,200000,0,2799349,1000000,2000000,4999863
"NA12739","CEU","pooled",500000,3,7965808,8000000,7671947,0,0,293861,1000000,1672933,4999014
"NA12740","CEU","pooled",500000,4,9385820,8000000,7986461,0,0,1399359,998128,1998574,4989759
"NA12752","CEU","pooled",500000,8,17372409,8000000,7998725,2400000,300000,6673684,999003,2000000,4999722
"NA12753","CEU","pooled",500000,5,10881535,8000000,7998334,600000,0,2283201,998430,2000000,4999904
"NA12766","CEU","pooled",500000,6,10021583,8000000,7996003,100000,0,1925580,1000000,1997898,4998105
"NA12767","CEU","pooled",500000,8,11236928,8000000,7996987,200000,0,3039941,998479,2000000,4998508
"NA12801","CEU","pooled",500000,6,10358899,8000000,7998258,500000,0,1860641,999739,1998519,5000000
"NA12802","CEU","pooled",500000,7,12064495,8000000,7995126,300000,0,3769369,998350,1998584,4998192
"NA12817","CEU","pooled",500000,6,10355657,8000000,8000000,600000,0,1755657,1000000,2000000,5000000
"NA12818","CEU","pooled",500000,7,11314287,8000000,7661241,699737,0,2953309,1000000,1661241,5000000
"NA12832","CEU","pooled",500000,8,11036615,8000000,7997801,300000,0,2738814,999123,1999777,4998901
"NA12864","CEU","pooled",500000,4,8694367,8000000,7995675,100000,0,598692,998774,1997652,4999249
"NA12865","CEU","pooled",500000,7,11543907,8000000,7997125,800000,0,2746782,999973,2000000,4997152
"NA12877","CEU","pooled",500000,6,11370548,8000000,7999058,399550,0,2971940,1000000,1999058,5000000
"NA12878","CEU","pooled",500000,6,10956091,8000000,7996778,500000,0,2459313,999989,1996789,5000000
"NA06991","CEU","single_population",500000,5,9760733,8000000,7999538,300000,0,1461195,999996,1999542,5000000
"NA06995","CEU","single_population",500000,10,13038341,8000000,7992877,600000,0,4445464,1000000,2000000,4992877
"NA06997","CEU","single_population",500000,5,10586008,8000000,7994964,100000,0,2491044,997512,1997553,4999899
"NA07014","CEU","single_population",500000,5,9854067,8000000,7999892,0,0,1854175,999980,2000000,4999912
"NA07019","CEU","single_population",500000,8,11972170,8000000,7997314,600000,0,3374856,999701,2000000,4997613
"NA07029","CEU","single_population",500000,7,11655767,8000000,7998854,200000,0,3456913,998854,2000000,5000000
"NA07048","CEU","single_population",500000,8,12784905,8000000,7998232,1200000,0,3586673,1000000,1998943,4999289
"NA07348","CEU","single_population",500000,6,9822422,8000000,7995386,200000,0,1627036,1000000,1996331,4999055
"NA07349","CEU","single_population",500000,4,8776248,8000000,7986002,0,0,790246,1000000,1986002,5000000
"NA10830","CEU","single_population",500000,5,13582415,8000000,7995400,1400000,300000,3887015,998663,1996997,4999740
"NA10831","CEU","single_population",500000,3,8200229,8000000,7999005,0,0,201224,1000000,1999005,5000000
"NA10835","CEU","single_population",500000,7,14573948,8000000,7997957,1400000,300000,4875991,1000000,1999394,4998563
"NA10836","CEU","single_population",500000,6,9740391,8000000,7997081,300000,0,1443310,999846,1998152,4999083
"NA10837","CEU","single_population",500000,5,10595550,8000000,8000000,289085,0,2306465,1000000,2000000,5000000
"NA10838","CEU","single_population",500000,5,9377496,8000000,7993736,200000,0,1183760,999642,1999654,4994440
"NA10839","CEU","single_population",500000,3,8023135,8000000,7987762,0,0,35373,999832,2000000,4987930
"NA10840","CEU","single_population",500000,9,12555104,8000000,7999113,100000,0,4455991,999427,2000000,4999686
"NA10842","CEU","single_population",500000,4,8720857,8000000,7953211,300000,0,467646,964211,1999318,4989682
"NA10843","CEU","single_population",500000,4,8594921,8000000,7990610,300000,0,304311,998201,2000000,4992409
"NA10845","CEU","single_population",500000,8,11798963,8000000,7999973,200000,0,3598990,999973,2000000,5000000
"NA10846","CEU","single_population",500000,5,9749654,8000000,7999354,600000,0,1150300,1000000,1999423,4999931
"NA10847","CEU","single_population",500000,6,11164116,8000000,7996632,600000,0,2567484,998500,2000000,4998132
"NA10851","CEU","single_population",500000,11,13853324,8000000,7997306,600000,0,5256018,998612,1999886,4998808
"NA10852","CEU","single_population",500000,6,10290388,8000000,7999502,124102,0,2166784,999584,2000000,4999918
"NA10854","CEU","single_population",500000,6,10150628,8000000,7995809,700000,0,1454819,999146,2000000,4996663
"NA10855","CEU","single_population",500000,5,10426875,8000000,7996830,100000,0,2330045,999564,1998291,4998975
"NA10856","CEU","single_population",500000,5,9979113,8000000,7998949,100000,0,1880164,999231,1999718,5000000
"NA10857","CEU","single_population",500000,5,9616154,8000000,7988394,0,0,1627760,995773,1997816,4994805
"NA10859","CEU","single_population",500000,9,13021865,8000000,7997064,400000,0,4624801,999894,1997494,4999676
"NA10860","CEU","single_population",500000,3,7976111,8000000,6999079,0,0,977032,0,1999672,4999407
"NA10861","CEU","single_population",500000,4,9247876,8000000,7990495,0,0,1257381,998978,1991517,5000000
"NA10863","CEU","single_population",500000,8,11456949,8000000,7993795,0,0,3463154,998093,1998486,4997216
"NA10864","CEU","single_population",500000,5,9805928,8000000,7998064,0,0,1807864,1000000,1999284,4998780
"NA10865","CEU","single_population",500000,8,12174560,8000000,7999190,0,0,4175370,999839,1999526,4999825
"NA12329","CEU","single_population",500000,5,9517391,8000000,7997583,100000,0,1419808,999691,1999309,4998583
"NA12335","CEU","single_population",500000,5,10007534,8000000,7996800,0,0,2010734,997193,2000000,4999607
"NA12336","CEU","single_population",500000,5,9614229,8000000,7998915,300000,0,1315314,1000000,1999967,4998948
"NA12344","CEU","single_population",500000,6,10270778,8000000,7998672,0,0,2272106,998737,2000000,4999935
"NA12376","CEU","single_population",500000,3,7996209,8000000,7969347,0,0,26862,999658,1969699,4999990
"NA12386","CEU","single_population",500000,5,9113724,8000000,7998973,500000,0,614751,1000000,1999094,4999879
"NA12485","CEU","single_population",500000,6,10562124,8000000,7997690,300000,0,2264434,998771,2000000,4998919
"NA12707","CEU","single_population",500000,7,10978811,8000000,7999863,200000,0,2778948,1000000,2000000,4999863
"NA12739","CEU","single_population",500000,3,7965808,8000000,7671947,0,0,293861,1000000,1672933,4999014
"NA12740","CEU","single_population",500000,4,9384060,8000000,7984701,0,0,1399359,998128,1998574,4987999
"NA12752","CEU","single_population",500000,8,17386471,8000000,7998725,2400000,300000,6687746,999003,2000000,4999722
"NA12753","CEU","single_population",500000,5,10878270,8000000,7997319,600000,0,2280951,998430,1998985,4999904
"NA12766","CEU","single_population",500000,6,10021583,8000000,7996003,100000,0,1925580,1000000,1997898,4998105
"NA12767","CEU","single_population",500000,9,11851638,8000000,7996987,300000,0,3554651,998479,2000000,4998508
"NA12801","CEU","single_population",500000,6,10358899,8000000,7998258,500000,0,1860641,999739,1998519,5000000
"NA12802","CEU","single_population",500000,7,11971517,8000000,7996698,300000,0,3674819,998350,1998584,4999764
"NA12817","CEU","single_population",500000,6,10353866,8000000,8000000,600000,0,1753866,1000000,2000000,5000000
"NA12818","CEU","single_population",500000,7,11008991,8000000,7661241,699737,0,2648013,1000000,1661241,5000000
"NA12832","CEU","single_population",500000,8,11001137,8000000,7997801,300000,0,2703336,999123,1999777,4998901
"NA12864","CEU","single_population",500000,4,8688139,8000000,7995675,100000,0,592464,998774,1997652,4999249
"NA12865","CEU","single_population",500000,7,11535204,8000000,7997125,800000,0,2738079,999973,2000000,4997152
"NA12877","CEU","single_population",500000,6,11320780,8000000,7999058,399550,0,2922172,1000000,1999058,5000000
"NA12878","CEU","single_population",500000,6,10959431,8000000,7996778,500000,0,2462653,999989,1996789,5000000
"HG00405","CHS","ancestry_tuned",500000,11,13177854,8000000,7998824,600000,0,4579030,998882,1999942,5000000
"HG00408","CHS","ancestry_tuned",500000,6,10932431,8000000,7997469,100000,0,2834962,1000000,1999725,4997744
"HG00420","CHS","ancestry_tuned",500000,6,10013184,8000000,7970074,200000,0,1843110,1000000,1970074,5000000
"HG00423","CHS","ancestry_tuned",500000,5,10941873,8000000,7997298,0,0,2944575,997943,1999355,5000000
"HG00429","CHS","ancestry_tuned",500000,7,10611149,8000000,7994037,500000,0,2117112,1000000,1994540,4999497
"HG00438","CHS","ancestry_tuned",500000,5,11315429,8000000,7992846,0,0,3322583,992846,2000000,5000000
"HG00444","CHS","ancestry_tuned",500000,3,8257716,8000000,7995851,0,0,261865,999849,1996162,4999840
"HG00447","CHS","ancestry_tuned",500000,6,10462541,8000000,7996130,500000,0,1966411,1000000,1998719,4997411
"HG00450","CHS","ancestry_tuned",500000,8,12121778,8000000,7994345,400000,0,3727433,995786,1998559,5000000
"HG00453","CHS","ancestry_tuned",500000,5,11126439,8000000,7999372,0,0,3127067,1000000,2000000,4999372
"HG00459","CHS","ancestry_tuned",500000,6,11669152,8000000,7997542,0,0,3671610,999662,1998875,4999005
"HG00465","CHS","ancestry_tuned",500000,5,10092290,8000000,7995473,400000,0,1696817,1000000,1995473,5000000
"HG00474","CHS","ancestry_tuned",500000,6,11087470,8000000,7997876,100000,0,2989594,998938,1998938,5000000
"HG00477","CHS","ancestry_tuned",500000,7,11252074,8000000,7998648,500000,0,2753426,999972,1998676,5000000
"HG00480","CHS","ancestry_tuned",500000,4,9209071,8000000,7996903,0,0,1212168,1000000,1996903,5000000
"HG00502","CHS","ancestry_tuned",500000,7,10753016,8000000,8000000,100000,0,2653016,1000000,2000000,5000000
"HG00514","CHS","ancestry_tuned",500000,6,10596862,8000000,7995163,300000,0,2301699,996224,2000000,4998939
"HG00526","CHS","ancestry_tuned",500000,6,10593851,8000000,7995719,100000,0,2498132,996661,2000000,4999058
"HG00532","CHS","ancestry_tuned",500000,5,11278234,8000000,7998250,0,0,3279984,999305,2000000,4998945
"HG00535","CHS","ancestry_tuned",500000,9,12911399,8000000,7998719,200000,0,4712680,1000000,1998719,5000000
"HG00538","CHS","ancestry_tuned",500000,6,11020921,8000000,7997274,0,0,3023647,1000000,2000000,4997274
"HG00544","CHS","ancestry_tuned",500000,4,9586227,8000000,7994928,300000,0,1291299,997912,1997694,4999322
"HG00558","CHS","ancestry_tuned",500000,10,13415656,8000000,7998734,600000,0,4816922,999544,2000000,4999190
"HG00561","CHS","ancestry_tuned",500000,9,12868852,8000000,7996131,800000,0,4072721,1000000,1997037,4999094
"HG00567","CHS","ancestry_tuned",500000,6,12838486,8000000,7998824,1186659,0,3653003,999257,1999567,5000000
"HG00579","CHS","ancestry_tuned",500000,8,11611916,8000000,7998183,200000,0,3413733,999433,2000000,4998750
"HG00582","CHS","ancestry_tuned",500000,6,9997185,8000000,7998242,700000,0,1298943,998577,1999665,5000000
"HG00585","CHS","ancestry_tuned",500000,8,11232132,8000000,7994832,0,0,3237300,1000000,2000000,4994832
"HG00591","CHS","ancestry_tuned",500000,5,9596828,8000000,7995984,0,0,1600844,999677,1998732,4997575
"HG00594","CHS","ancestry_tuned",500000,4,8846597,8000000,7997648,0,0,848949,1000000,1998920,4998728
"HG00597","CHS","ancestry_tuned",500000,7,10609094,8000000,7994625,200000,0,2414469,996137,1999954,4998534
"HG00609","CHS","ancestry_tuned",500000,8,13055153,8000000,7994646,812924,0,4247583,999807,1998225,4996614
"HG00612","CHS","ancestry_tuned",500000,9,12946920,8000000,7993684,700000,0,4253236,993999,1999685,5000000
"HG00615","CHS","ancestry_tuned",500000,8,11622675,8000000,8000000,100000,0,3522675,1000000,2000000,5000000
"HG00621","CHS","ancestry_tuned",500000,6,11173998,8000000,7958367,600000,0,2615631,1000000,1995495,4962872
"HG00627","CHS","ancestry_tuned",500000,4,9300990,8000000,7996357,0,0,1304633,1000000,1999538,4996819
"HG00630","CHS","ancestry_tuned",500000,5,9142883,8000000,7997798,300000,0,845085,999946,2000000,4997852
"HG00636","CHS","ancestry_tuned",500000,7,12041496,8000000,7999143,100000,0,3942353,1000000,1999571,4999572
"HG00652","CHS","ancestry_tuned",500000,7,10923737,8000000,7998464,171636,0,2753637,998464,2000000,5000000
"HG00655","CHS","ancestry_tuned",500000,11,14253727,8000000,7998608,400000,0,5855119,1000000,2000000,4998608
"HG00658","CHS","ancestry_tuned",500000,5,9360409,8000000,7999502,200000,0,1160907,1000000,1999502,5000000
"HG00664","CHS","ancestry_tuned",500000,5,11623469,8000000,8000000,2000000,0,1623469,1000000,2000000,5000000
"HG00673","CHS","ancestry_tuned",500000,7,11086208,8000000,7997048,100000,0,2989160,1000000,1997374,4999674
"HG00685","CHS","ancestry_tuned",500000,6,10569604,8000000,7997232,0,0,2572372,999525,1998484,4999223
"HG00691","CHS","ancestry_tuned",500000,6,9994292,8000000,7994391,200000,0,1799901,995466,1999518,4999407
"HG00694","CHS","ancestry_tuned",500000,8,11937000,8000000,7998003,0,0,3938997,999201,1999215,4999587
"HG00700","CHS","ancestry_tuned",500000,5,9637936,8000000,7992682,100000,0,1545254,996010,2000000,4996672
"HG00702","CHS","ancestry_tuned",500000,6,10530638,8000000,7993942,300000,0,2236696,1000000,1999226,4994716
"HG00703","CHS","ancestry_tuned",500000,6,10755430,8000000,7993972,488456,0,2273002,994415,2000000,4999557
"HG00706","CHS","ancestry_tuned",500000,6,10548010,8000000,7788785,100000,0,2659225,791912,1997830,4999043
"HG00709","CHS","ancestry_tuned",500000,5,9866801,8000000,7983907,100000,0,1782894,999476,2000000,4984431
"HG00405","CHS","pooled",500000,11,13332564,8000000,7998824,600000,0,4733740,998882,1999942,5000000
"HG00408","CHS","pooled",500000,6,10957546,8000000,7997469,100000,0,2860077,1000000,1999725,4997744
"HG00420","CHS","pooled",500000,7,10513158,8000000,7970074,200000,0,2343084,1000000,1970074,5000000
"HG00423","CHS","pooled",500000,5,10967047,8000000,7997298,0,0,2969749,997943,1999355,5000000
"HG00429","CHS","pooled",500000,7,10629646,8000000,7998356,500000,0,2131290,1000000,1998859,4999497
"HG00438","CHS","pooled",500000,6,11978353,8000000,7992846,100000,0,3885507,992846,2000000,5000000
"HG00444","CHS","pooled",500000,3,8257716,8000000,7995851,0,0,261865,999849,1996162,4999840
"HG00447","CHS","pooled",500000,6,10462541,8000000,7996130,500000,0,1966411,1000000,1998719,4997411
"HG00450","CHS","pooled",500000,8,12504308,8000000,7994345,400000,0,4109963,995786,1998559,5000000
"HG00453","CHS","pooled",500000,6,11656710,8000000,7999372,0,0,3657338,1000000,2000000,4999372
"HG00459","CHS","pooled",500000,6,11673377,8000000,7997542,0,0,3675835,999662,1998875,4999005
"HG00465","CHS","pooled",500000,5,10099610,8000000,7995473,400000,0,1704137,1000000,1995473,5000000
"HG00474","CHS","pooled",500000,6,11189734,8000000,7998938,100000,0,3090796,1000000,1998938,5000000
"HG00477","CHS","pooled",500000,7,11289824,8000000,7998648,500000,0,2791176,999972,1998676,5000000
"HG00480","CHS","pooled",500000,4,9209071,8000000,7996903,0,0,1212168,1000000,1996903,5000000
"HG00502","CHS","pooled",500000,7,10803138,8000000,8000000,100000,0,2703138,1000000,2000000,5000000
"HG00514","CHS","pooled",500000,7,11161719,8000000,7995163,300000,0,2866556,996224,2000000,4998939
"HG00526","CHS","pooled",500000,6,10771885,8000000,7995719,100000,0,2676166,996661,2000000,4999058
"HG00532","CHS","pooled",500000,5,11265594,8000000,7998852,0,0,3266742,999305,1999742,4999805
"HG00535","CHS","pooled",500000,9,12977737,8000000,7998719,200000,0,4779018,1000000,1998719,5000000
"HG00538","CHS","pooled",500000,6,11022432,8000000,7997274,0,0,3025158,1000000,2000000,4997274
"HG00544","CHS","pooled",500000,4,9586227,8000000,7994928,300000,0,1291299,997912,1997694,4999322
"HG00558","CHS","pooled",500000,10,13544821,8000000,7998734,600000,0,4946087,999544,2000000,4999190
"HG00561","CHS","pooled",500000,9,12897564,8000000,7996131,800000,0,4101433,1000000,1997037,4999094
"HG00567","CHS","pooled",500000,6,12850233,8000000,7998824,1186659,0,3664750,999257,1999567,5000000
"HG00579","CHS","pooled",500000,8,11618770,8000000,7999373,200000,0,3419397,999433,2000000,4999940
"HG00582","CHS","pooled",500000,6,10069269,8000000,7998242,700000,0,1371027,998577,1999665,5000000
"HG00585","CHS","pooled",500000,8,11251942,8000000,7994832,0,0,3257110,1000000,2000000,4994832
"HG00591","CHS","pooled",500000,5,9603404,8000000,7995984,0,0,1607420,999677,1998732,4997575
"HG00594","CHS","pooled",500000,4,8854120,8000000,7998920,0,0,855200,1000000,1998920,5000000
"HG00597","CHS","pooled",500000,7,10611394,8000000,7994625,200000,0,2416769,996137,1999954,4998534
"HG00609","CHS","pooled",500000,8,13118458,8000000,7994646,812924,0,4310888,999807,1998225,4996614
"HG00612","CHS","pooled",500000,9,13000807,8000000,7993684,700000,0,4307123,993999,1999685,5000000
"HG00615","CHS","pooled",500000,9,12215258,8000000,8000000,100000,0,4115258,1000000,2000000,5000000
"HG00621","CHS","pooled",500000,7,11772958,8000000,7995495,600000,0,3177463,1000000,1995495,5000000
"HG00627","CHS","pooled",500000,4,9358030,8000000,7996357,0,0,1361673,1000000,1999538,4996819
"HG00630","CHS","pooled",500000,6,9680674,8000000,7997852,300000,0,1382822,1000000,2000000,4997852
"HG00636","CHS","pooled",500000,7,12049785,8000000,7999143,100000,0,3950642,1000000,1999571,4999572
"HG00652","CHS","pooled",500000,7,11039890,8000000,7998464,196810,0,2844616,998464,2000000,5000000
"HG00655","CHS","pooled",500000,11,14558063,8000000,7998608,400000,0,6159455,1000000,2000000,4998608
"HG00658","CHS","pooled",500000,5,9359038,8000000,7998131,200000,0,1160907,1000000,1998131,5000000
"HG00664","CHS","pooled",500000,6,12272086,8000000,8000000,2000000,0,2272086,1000000,2000000,5000000
"HG00673","CHS","pooled",500000,7,11103889,8000000,7997048,100000,0,3006841,1000000,1997374,4999674
"HG00685","CHS","pooled",500000,6,10540074,8000000,7997232,0,0,2542842,999525,1998484,4999223
"HG00691","CHS","pooled",500000,6,10047062,8000000,7994391,200000,0,1852671,995466,1999518,4999407
"HG00694","CHS","pooled",500000,8,11961352,8000000,7998416,0,0,3962936,999201,1999215,5000000
"HG00700","CHS","pooled",500000,5,9639594,8000000,7992682,100000,0,1546912,996010,2000000,4996672
"HG00702","CHS","pooled",500000,6,10530638,8000000,7993942,300000,0,2236696,1000000,1999226,4994716
"HG00703","CHS","pooled",500000,6,10772980,8000000,7993972,488456,0,2290552,994415,2000000,4999557
"HG00706","CHS","pooled",500000,6,10982713,8000000,7790223,100000,0,3092490,791912,1999268,4999043
"HG00709","CHS","pooled",500000,5,9876655,8000000,7983540,100000,0,1793115,999476,2000000,4984064
"HG00405","CHS","single_population",500000,11,13177854,8000000,7998824,600000,0,4579030,998882,1999942,5000000
"HG00408","CHS","single_population",500000,6,10928021,8000000,7997469,100000,0,2830552,1000000,1999725,4997744
"HG00420","CHS","single_population",500000,6,10013184,8000000,7970074,200000,0,1843110,1000000,1970074,5000000
"HG00423","CHS","single_population",500000,5,10941873,8000000,7997298,0,0,2944575,997943,1999355,5000000
"HG00429","CHS","single_population",500000,7,10611149,8000000,7994037,500000,0,2117112,1000000,1994540,4999497
"HG00438","CHS","single_population",500000,5,11315429,8000000,7992846,0,0,3322583,992846,2000000,5000000
"HG00444","CHS","single_population",500000,3,8257716,8000000,7995851,0,0,261865,999849,1996162,4999840
"HG00447","CHS","single_population",500000,6,10462541,8000000,7996130,500000,0,1966411,1000000,1998719,4997411
"HG00450","CHS","single_population",500000,8,12100985,8000000,7994345,400000,0,3706640,995786,1998559,5000000
"HG00453","CHS","single_population",500000,5,11125032,8000000,7999372,0,0,3125660,1000000,2000000,4999372
"HG00459","CHS","single_population",500000,6,11669152,8000000,7997542,0,0,3671610,999662,1998875,4999005
"HG00465","CHS","single_population",500000,5,10092290,8000000,7995473,400000,0,1696817,1000000,1995473,5000000
"HG00474","CHS","single_population",500000,6,11087470,8000000,7997876,100000,0,2989594,998938,1998938,5000000
"HG00477","CHS","single_population",500000,7,11232403,8000000,7998648,500000,0,2733755,999972,1998676,5000000
"HG00480","CHS","single_population",500000,4,9135295,8000000,7996903,0,0,1138392,1000000,1996903,5000000
"HG00502","CHS","single_population",500000,7,10753016,8000000,8000000,100000,0,2653016,1000000,2000000,5000000
"HG00514","CHS","single_population",500000,6,10596862,8000000,7995163,300000,0,2301699,996224,2000000,4998939
"HG00526","CHS","single_population",500000,6,10593851,8000000,7995719,100000,0,2498132,996661,2000000,4999058
"HG00532","CHS","single_population",500000,5,11266536,8000000,7998250,0,0,3268286,999305,2000000,4998945
"HG00535","CHS","single_population",500000,9,12911399,8000000,7998719,200000,0,4712680,1000000,1998719,5000000
"HG00538","CHS","single_population",500000,6,10849602,8000000,7997274,0,0,2852328,1000000,2000000,4997274
"HG00544","CHS","single_population",500000,4,9586227,8000000,7994928,300000,0,1291299,997912,1997694,4999322
"HG00558","CHS","single_population",500000,10,13415656,8000000,7998734,600000,0,4816922,999544,2000000,4999190
"HG00561","CHS","single_population",500000,9,12791235,8000000,7996131,800000,0,3995104,1000000,1997037,4999094
"HG00567","CHS","single_population",500000,6,12838486,8000000,7998824,1186659,0,3653003,999257,1999567,5000000
"HG00579","CHS","single_population",500000,8,11611916,8000000,7998183,200000,0,3413733,999433,2000000,4998750
"HG00582","CHS","single_population",500000,6,10010979,8000000,7998242,700000,0,1312737,998577,1999665,5000000
"HG00585","CHS","single_population",500000,8,11232132,8000000,7994832,0,0,3237300,1000000,2000000,4994832
"HG00591","CHS","single_population",500000,5,9596828,8000000,7995984,0,0,1600844,999677,1998732,4997575
"HG00594","CHS","single_population",500000,4,8846597,8000000,7997648,0,0,848949,1000000,1998920,4998728
"HG00597","CHS","single_population",500000,7,10609094,8000000,7994625,200000,0,2414469,996137,1999954,4998534
"HG00609","CHS","single_population",500000,8,13055153,8000000,7994646,812924,0,4247583,999807,1998225,4996614
"HG00612","CHS","single_population",500000,9,12953307,8000000,7993684,700000,0,4259623,993999,1999685,5000000
"HG00615","CHS","single_population",500000,8,11622675,8000000,8000000,100000,0,3522675,1000000,2000000,5000000
"HG00621","CHS","single_population",500000,6,11173998,8000000,7958367,600000,0,2615631,1000000,1995495,4962872
"HG00627","CHS","single_population",500000,4,9299869,8000000,7996357,0,0,1303512,1000000,1999538,4996819
"HG00630","CHS","single_population",500000,5,9142883,8000000,7997798,300000,0,845085,999946,2000000,4997852
"HG00636","CHS","single_population",500000,7,12041496,8000000,7999143,100000,0,3942353,1000000,1999571,4999572
"HG00652","CHS","single_population",500000,7,10923737,8000000,7998464,171636,0,2753637,998464,2000000,5000000
"HG00655","CHS","single_population",500000,11,14157668,8000000,7998608,387223,0,5771837,1000000,2000000,4998608
"HG00658","CHS","single_population",500000,5,9360409,8000000,7999502,200000,0,1160907,1000000,1999502,5000000
"HG00664","CHS","single_population",500000,5,11623469,8000000,8000000,2000000,0,1623469,1000000,2000000,5000000
"HG00673","CHS","single_population",500000,7,11086208,8000000,7997048,100000,0,2989160,1000000,1997374,4999674
"HG00685","CHS","single_population",500000,6,10569604,8000000,7997232,0,0,2572372,999525,1998484,4999223
"HG00691","CHS","single_population",500000,6,9994292,8000000,7994391,200000,0,1799901,995466,1999518,4999407
"HG00694","CHS","single_population",500000,8,11937000,8000000,7998003,0,0,3938997,999201,1999215,4999587
"HG00700","CHS","single_population",500000,5,9637936,8000000,7992682,100000,0,1545254,996010,2000000,4996672
"HG00702","CHS","single_population",500000,6,10527783,8000000,7993942,300000,0,2233841,1000000,1999226,4994716
"HG00703","CHS","single_population",500000,6,10755430,8000000,7993972,488456,0,2273002,994415,2000000,4999557
"HG00706","CHS","single_population",500000,6,10548010,8000000,7788785,100000,0,2659225,791912,1997830,4999043
"HG00709","CHS","single_population",500000,5,9828430,8000000,7983907,100000,0,1744523,999476,2000000,4984431
"HG01114","CLM","ancestry_tuned",500000,8,13573072,8000000,7999227,2300000,0,3273845,999506,2000000,4999721
"HG01126","CLM","ancestry_tuned",500000,6,16414887,8000000,7993386,1902925,300000,6218576,997254,1997876,4998256
"HG01135","CLM","ancestry_tuned",500000,5,9284606,8000000,7979277,0,0,1305329,998600,1998896,4981781
"HG01138","CLM","ancestry_tuned",500000,5,9541176,8000000,7996950,200000,0,1344226,1000000,1998816,4998134
"HG01141","CLM","ancestry_tuned",500000,3,8078131,8000000,7999006,0,0,79125,999006,2000000,5000000
"HG01150","CLM","ancestry_tuned",500000,7,11022676,8000000,7951063,100000,0,2971613,998780,1952283,5000000
"HG01252","CLM","ancestry_tuned",500000,6,10676005,8000000,7998528,200000,0,2477477,1000000,1999040,4999488
"HG01255","CLM","ancestry_tuned",500000,7,11891232,8000000,7998485,800000,0,3092747,1000000,1999530,4998955
"HG01258","CLM","ancestry_tuned",500000,6,10072445,8000000,7997212,400000,0,1675233,1000000,1997486,4999726
"HG01261","CLM","ancestry_tuned",500000,4,8805247,8000000,7994072,0,0,811175,999461,1994611,5000000
"HG01273","CLM","ancestry_tuned",500000,8,11286190,8000000,7998545,200000,0,3087645,999812,1998733,5000000
"HG01276","CLM","ancestry_tuned",500000,5,10389529,8000000,8000000,0,0,2389529,1000000,2000000,5000000
"HG01279","CLM","ancestry_tuned",500000,6,11782015,8000000,7990078,1100000,0,2691937,996394,1995333,4998351
"HG01343","CLM","ancestry_tuned",500000,6,13197095,8000000,7998732,1351391,0,3846972,1000000,1999917,4998815
"HG01346","CLM","ancestry_tuned",500000,7,10693524,8000000,7993635,300000,0,2399889,1000000,1996207,4997428
"HG01349","CLM","ancestry_tuned",500000,8,14905562,8000000,7996915,3499857,0,3408790,996915,2000000,5000000
"HG01352","CLM","ancestry_tuned",500000,7,11555509,8000000,7998965,400000,0,3156544,1000000,1998965,5000000
"HG01355","CLM","ancestry_tuned",500000,7,11238784,8000000,7996361,0,0,3242423,998893,1997971,4999497
"HG01358","CLM","ancestry_tuned",500000,4,10740820,8000000,7994519,0,0,2746301,1000000,1999301,4995218
"HG01361","CLM","ancestry_tuned",500000,3,7996836,8000000,7943880,0,0,52956,994998,1951016,4997866
"HG01367","CLM","ancestry_tuned",500000,3,8393472,8000000,7999499,0,0,393973,999499,2000000,5000000
"HG01376","CLM","ancestry_tuned",500000,8,12255291,8000000,7992845,200000,0,4062446,997656,1995189,5000000
"HG01379","CLM","ancestry_tuned",500000,3,8114744,8000000,7996578,0,0,118166,999921,1996974,4999683
"HG01385","CLM","ancestry_tuned",500000,4,9598457,8000000,7998604,0,0,1599853,998604,2000000,5000000
"HG01391","CLM","ancestry_tuned",500000,7,11662492,8000000,7990758,200000,0,3471734,999809,1991358,4999591
"HG01433","CLM","ancestry_tuned",500000,6,9825219,8000000,7972798,0,0,1852421,986471,1986613,4999714
"HG01439","CLM","ancestry_tuned",500000,8,12274429,8000000,7998397,1300000,0,2976032,998443,1999954,5000000
"HG01457","CLM","ancestry_tuned",500000,8,11729422,8000000,7977974,100000,0,3651448,999496,1978478,5000000
"HG01463","CLM","ancestry_tuned",500000,6,11773339,8000000,7990397,100000,0,3682942,999698,2000000,4990699
"HG01466","CLM","ancestry_tuned",500000,5,10101791,8000000,7996770,0,0,2105021,998408,2000000,4998362
"HG01490","CLM","ancestry_tuned",500000,3,8129554,8000000,7999264,0,0,130290,1000000,1999338,4999926
"HG01493","CLM","ancestry_tuned",500000,7,10581269,8000000,7999796,500000,0,2081473,999944,2000000,4999852
"HG01496","CLM","ancestry_tuned",500000,5,10940848,8000000,7993098,200000,0,2747750,996157,1999891,4997050
"HG01499","CLM","ancestry_tuned",500000,8,13398017,8000000,7998641,2031516,0,3367860,1000000,1998641,5000000
"HG01552","CLM","ancestry_tuned",500000,4,8659735,8000000,7996178,0,0,663557,997712,1998999,4999467
"HG01114","CLM","pooled",500000,8,13573072,8000000,7999227,2300000,0,3273845,999506,2000000,4999721
"HG01126","CLM","pooled",500000,6,16444678,8000000,7993343,1902925,300000,6248410,997211,1997876,4998256
"HG01135","CLM","pooled",500000,5,9284606,8000000,7979277,0,0,1305329,998600,1998896,4981781
"HG01138","CLM","pooled",500000,5,9541176,8000000,7996950,200000,0,1344226,1000000,1998816,4998134
"HG01141","CLM","pooled",500000,3,8078131,8000000,7999006,0,0,79125,999006,2000000,5000000
"HG01150","CLM","pooled",500000,7,11028904,8000000,7951063,100000,0,2977841,998780,1952283,5000000
"HG01252","CLM","pooled",500000,6,10678304,8000000,7997893,200000,0,2480411,1000000,1999040,4998853
"HG01255","CLM","pooled",500000,7,11970622,8000000,7998485,800000,0,3172137,1000000,1999530,4998955
"HG01258","CLM","pooled",500000,6,10072445,8000000,7997212,400000,0,1675233,1000000,1997486,4999726
"HG01261","CLM","pooled",500000,4,8805247,8000000,7994072,0,0,811175,999461,1994611,5000000
"HG01273","CLM","pooled",500000,8,11324482,8000000,7998545,200000,0,3125937,999812,1998733,5000000
"HG01276","CLM","pooled",500000,5,10389529,8000000,8000000,0,0,2389529,1000000,2000000,5000000
"HG01279","CLM","pooled",500000,6,11795015,8000000,7992922,1100000,0,2702093,996394,1998177,4998351
"HG01343","CLM","pooled",500000,6,13199372,8000000,7998732,1351391,0,3849249,1000000,1999917,4998815
"HG01346","CLM","pooled",500000,7,10712562,8000000,7993975,300000,0,2418587,1000000,1996207,4997768
"HG01349","CLM","pooled",500000,8,14931040,8000000,7996915,3499857,0,3434268,996915,2000000,5000000
"HG01352","CLM","pooled",500000,7,11650392,8000000,7998965,400000,0,3251427,1000000,1998965,5000000
"HG01355","CLM","pooled",500000,7,11272164,8000000,7996361,0,0,3275803,998893,1997971,4999497
"HG01358","CLM","pooled",500000,4,10741414,8000000,7994519,0,0,2746895,1000000,1999301,4995218
"HG01361","CLM","pooled",500000,3,7996836,8000000,7943880,0,0,52956,994998,1951016,4997866
"HG01367","CLM","pooled",500000,3,8388689,8000000,7994245,0,0,394444,994245,2000000,5000000
"HG01376","CLM","pooled",500000,8,12255291,8000000,7992845,200000,0,4062446,997656,1995189,5000000
"HG01379","CLM","pooled",500000,3,8114744,8000000,7996578,0,0,118166,999921,1996974,4999683
"HG01385","CLM","pooled",500000,4,9599156,8000000,7998604,0,0,1600552,998604,2000000,5000000
"HG01391","CLM","pooled",500000,7,12242749,8000000,7990758,200000,0,4051991,999809,1991358,4999591
"HG01433","CLM","pooled",500000,6,9829377,8000000,7972798,0,0,1856579,986471,1986613,4999714
"HG01439","CLM","pooled",500000,8,12276722,8000000,7998397,1300000,0,2978325,998443,1999954,5000000
"HG01457","CLM","pooled",500000,9,12351970,8000000,7977974,100000,0,4273996,999496,1978478,5000000
"HG01463","CLM","pooled",500000,5,10688995,8000000,7990397,100000,0,2598598,999698,2000000,4990699
"HG01466","CLM","pooled",500000,5,10101791,8000000,7996770,0,0,2105021,998408,2000000,4998362
"HG01490","CLM","pooled",500000,3,8148894,8000000,7999264,0,0,149630,1000000,1999338,4999926
"HG01493","CLM","pooled",500000,7,10581269,8000000,7999796,500000,0,2081473,999944,2000000,4999852
"HG01496","CLM","pooled",500000,5,10940848,8000000,7993098,200000,0,2747750,996157,1999891,4997050
"HG01499","CLM","pooled",500000,8,13400882,8000000,7998641,2031516,0,3370725,1000000,1998641,5000000
"HG01552","CLM","pooled",500000,4,8659735,8000000,7996178,0,0,663557,997712,1998999,4999467
"HG01114","CLM","single_population",500000,8,13573072,8000000,7999227,2300000,0,3273845,999506,2000000,4999721
"HG01126","CLM","single_population",500000,6,16413059,8000000,7993386,1902925,300000,6216748,997254,1997876,4998256
"HG01135","CLM","single_population",500000,5,9284606,8000000,7979277,0,0,1305329,998600,1998896,4981781
"HG01138","CLM","single_population",500000,5,9541176,8000000,7996950,200000,0,1344226,1000000,1998816,4998134
"HG01141","CLM","single_population",500000,3,8100405,8000000,7999006,0,0,101399,999006,2000000,5000000
"HG01150","CLM","single_population",500000,7,11000073,8000000,7951063,100000,0,2949010,998780,1952283,5000000
"HG01252","CLM","single_population",500000,6,10676005,8000000,7998528,200000,0,2477477,1000000,1999040,4999488
"HG01255","CLM","single_population",500000,7,11891232,8000000,7998485,800000,0,3092747,1000000,1999530,4998955
"HG01258","CLM","single_population",500000,6,10071603,8000000,7996370,400000,0,1675233,1000000,1996644,4999726
"HG01261","CLM","single_population",500000,4,8805247,8000000,7994072,0,0,811175,999461,1994611,5000000
"HG01273","CLM","single_population",500000,8,11286190,8000000,7998545,200000,0,3087645,999812,1998733,5000000
"HG01276","CLM","single_population",500000,5,10399762,8000000,8000000,0,0,2399762,1000000,2000000,5000000
"HG01279","CLM","single_population",500000,6,11764528,8000000,7984515,1100000,0,2680013,996394,1995333,4992788
"HG01343","CLM","single_population",500000,6,13197707,8000000,7998732,1351391,0,3847584,1000000,1999917,4998815
"HG01346","CLM","single_population",500000,7,10700552,8000000,7993975,300000,0,2406577,1000000,1996207,4997768
"HG01349","CLM","single_population",500000,8,14905562,8000000,7996915,3499857,0,3408790,996915,2000000,5000000
"HG01352","CLM","single_population",500000,7,11607835,8000000,7998965,400000,0,3208870,1000000,1998965,5000000
"HG01355","CLM","single_population",500000,7,11368379,8000000,7997419,0,0,3370960,998893,1999029,4999497
"HG01358","CLM","single_population",500000,4,10740820,8000000,7994519,0,0,2746301,1000000,1999301,4995218
"HG01361","CLM","single_population",500000,3,7996836,8000000,7943880,0,0,52956,994998,1951016,4997866
"HG01367","CLM","single_population",500000,3,8393472,8000000,7999499,0,0,393973,999499,2000000,5000000
"HG01376","CLM","single_population",500000,8,12230800,8000000,7980278,200000,0,4050522,997656,1982622,5000000
"HG01379","CLM","single_population",500000,3,8114744,8000000,7996578,0,0,118166,999921,1996974,4999683
"HG01385","CLM","single_population",500000,4,9586533,8000000,7998604,0,0,1587929,998604,2000000,5000000
"HG01391","CLM","single_population",500000,7,11643006,8000000,7987988,200000,0,3455018,999809,1988588,4999591
"HG01433","CLM","single_population",500000,6,9826594,8000000,7972798,0,0,1853796,986471,1986613,4999714
"HG01439","CLM","single_population",500000,8,12266772,8000000,7998397,1300000,0,2968375,998443,1999954,5000000
"HG01457","CLM","single_population",500000,8,11729422,8000000,7977974,100000,0,3651448,999496,1978478,5000000
"HG01463","CLM","single_population",500000,5,10688995,8000000,7990397,100000,0,2598598,999698,2000000,4990699
"HG01466","CLM","single_population",500000,5,10058777,8000000,7996770,0,0,2062007,998408,2000000,4998362
"HG01490","CLM","single_population",500000,4,9176395,8000000,7999264,0,0,1177131,1000000,1999338,4999926
"HG01493","CLM","single_population",500000,7,10581269,8000000,7999796,500000,0,2081473,999944,2000000,4999852
"HG01496","CLM","single_population",500000,5,10940848,8000000,7993098,200000,0,2747750,996157,1999891,4997050
"HG01499","CLM","single_population",500000,8,13386488,8000000,7998641,2031516,0,3356331,1000000,1998641,5000000
"HG01552","CLM","single_population",500000,5,9706576,8000000,7996178,100000,0,1610398,997712,1998999,4999467
"HG02924","ESN","ancestry_tuned",500000,2,7028691,8000000,6999796,0,0,28895,0,1999796,5000000
"HG02945","ESN","ancestry_tuned",500000,4,15927272,8000000,7998917,3200000,300000,4428355,999635,1999282,5000000
"HG02948","ESN","ancestry_tuned",500000,3,8411197,8000000,7991053,0,0,420144,999405,1998075,4993573
"HG02954","ESN","ancestry_tuned",500000,5,9346251,8000000,7998569,600000,0,747682,998808,2000000,4999761
"HG02966","ESN","ancestry_tuned",500000,3,7671553,8000000,7571812,0,0,99741,1000000,1573605,4998207
"HG02972","ESN","ancestry_tuned",500000,3,7936398,8000000,7934242,0,0,2156,994057,1999679,4940506
"HG02975","ESN","ancestry_tuned",500000,3,8086361,8000000,7995090,0,0,91271,998888,2000000,4996202
"HG02978","ESN","ancestry_tuned",500000,3,8078733,8000000,7995669,16824,0,66240,995669,2000000,5000000
"HG02980","ESN","ancestry_tuned",500000,4,8772171,8000000,7992448,500000,0,279723,998109,1994339,5000000
"HG03101","ESN","ancestry_tuned",500000,3,8059281,8000000,7996963,20038,0,42280,1000000,1997434,4999529
"HG03110","ESN","ancestry_tuned",500000,4,8783921,8000000,7998484,500000,0,285437,999839,1999403,4999242
"HG03113","ESN","ancestry_tuned",500000,3,8026725,8000000,7991487,0,0,35238,995699,1999715,4996073
"HG03116","ESN","ancestry_tuned",500000,5,15442603,8000000,7995895,2000000,300000,5146708,999459,1998375,4998061
"HG03119","ESN","ancestry_tuned",500000,4,8916397,8000000,7997810,0,0,918587,999080,1999754,4998976
"HG03122","ESN","ancestry_tuned",500000,4,8560226,8000000,7997876,200000,0,362350,998869,1999142,4999865
"HG03125","ESN","ancestry_tuned",500000,5,10002220,8000000,7993763,0,0,2008457,998245,1999815,4995703
"HG03128","ESN","ancestry_tuned",500000,4,8610068,8000000,7826098,500000,0,283970,1000000,1999618,4826480
"HG03131","ESN","ancestry_tuned",500000,4,8643556,8000000,7999178,0,0,644378,999733,1999445,5000000
"HG03134","ESN","ancestry_tuned",500000,4,8746141,8000000,7994161,400000,0,351980,1000000,1995218,4998943
"HG03137","ESN","ancestry_tuned",500000,4,8951704,8000000,7997218,400000,0,554486,1000000,1997536,4999682
"HG03161","ESN","ancestry_tuned",500000,4,8881434,8000000,7989306,500000,0,392128,1000000,1999122,4990184
"HG03164","ESN","ancestry_tuned",500000,5,9872621,8000000,7990489,0,0,1882132,999179,1993430,4997880
"HG03170","ESN","ancestry_tuned",500000,4,9277315,8000000,7993273,0,0,1284042,999345,1993928,5000000
"HG03191","ESN","ancestry_tuned",500000,3,7768470,8000000,7637429,0,0,131041,1000000,2000000,4637429
"HG03197","ESN","ancestry_tuned",500000,3,8288313,8000000,7985940,0,0,302373,996174,1998782,4990984
"HG03200","ESN","ancestry_tuned",500000,3,7767130,8000000,7755917,0,0,11213,1000000,1787154,4968763
"HG03269","ESN","ancestry_tuned",500000,4,8901891,8000000,7997135,300000,0,604756,999813,1999382,4997940
"HG03272","ESN","ancestry_tuned",500000,5,13058490,8000000,7989050,1500000,300000,3269440,995198,1997962,4995890
"HG03296","ESN","ancestry_tuned",500000,4,9165130,8000000,7880256,0,0,1284874,999825,1880431,5000000
"HG03299","ESN","ancestry_tuned",500000,3,8802113,8000000,7992923,100000,0,709190,1000000,1994638,4998285
"HG03302","ESN","ancestry_tuned",500000,5,14038367,8000000,7994001,1300000,300000,4444366,999832,1997926,4996243
"HG03305","ESN","ancestry_tuned",500000,4,8748421,8000000,7997435,100000,0,650986,998265,1999170,5000000
"HG03308","ESN","ancestry_tuned",500000,4,8840543,8000000,7995800,300000,0,544743,1000000,1995800,5000000
"HG03310","ESN","ancestry_tuned",500000,7,17226237,8000000,7998017,5231516,0,3996704,1000000,1998017,5000000
"HG03314","ESN","ancestry_tuned",500000,6,10916173,8000000,7939227,631516,0,2345430,998713,1948400,4992114
"HG03344","ESN","ancestry_tuned",500000,3,9640418,8000000,7997539,934575,0,708304,997606,1999933,5000000
"HG03350","ESN","ancestry_tuned",500000,4,9317704,8000000,7999558,300000,0,1018146,999558,2000000,5000000
"HG03368","ESN","ancestry_tuned",500000,4,9284127,8000000,7997934,100000,0,1186193,1000000,1999340,4998594
"HG03371","ESN","ancestry_tuned",500000,3,8316915,8000000,7996613,0,0,320302,999691,1999617,4997305
"HG03374","ESN","ancestry_tuned",500000,3,8043910,8000000,7988214,0,0,55696,1000000,1993007,4995207
"HG03516","ESN","ancestry_tuned",500000,3,8086340,8000000,7991763,0,0,94577,994184,1998803,4998776
"HG03519","ESN","ancestry_tuned",500000,4,8779423,8000000,7996273,600000,0,183150,998575,1997937,4999761
"HG03522","ESN","ancestry_tuned",500000,5,9534802,8000000,7999658,1100000,0,435144,999963,2000000,4999695
"HG02924","ESN","pooled",500000,2,7028691,8000000,6999796,0,0,28895,0,1999796,5000000
"HG02945","ESN","pooled",500000,4,15919720,8000000,7991589,3200000,300000,4428131,999635,1999282,4992672
"HG02948","ESN","pooled",500000,3,8417445,8000000,7997244,0,0,420201,999405,1998075,4999764
"HG02954","ESN","pooled",500000,5,9354142,8000000,7998569,600000,0,755573,998808,2000000,4999761
"HG02966","ESN","pooled",500000,3,8546041,8000000,7998207,0,0,547834,1000000,2000000,4998207
"HG02972","ESN","pooled",500000,3,8043366,8000000,7995993,0,0,47373,998964,1999679,4997350
"HG02975","ESN","pooled",500000,3,8086361,8000000,7995090,0,0,91271,998888,2000000,4996202
"HG02978","ESN","pooled",500000,3,8078733,8000000,7995669,16824,0,66240,995669,2000000,5000000
"HG02980","ESN","pooled",500000,4,8780754,8000000,7992448,500000,0,288306,998109,1994339,5000000
"HG03101","ESN","pooled",500000,3,8060498,8000000,7999859,20038,0,40601,1000000,2000000,4999859
"HG03110","ESN","pooled",500000,4,8784548,8000000,7998484,500000,0,286064,999839,1999403,4999242
"HG03113","ESN","pooled",500000,3,8029578,8000000,7994340,0,0,35238,995699,1999715,4998926
"HG03116","ESN","pooled",500000,5,15447238,8000000,7997345,2000000,300000,5149893,999459,1999825,4998061
"HG03119","ESN","pooled",500000,4,8924385,8000000,7997810,0,0,926575,999080,1999754,4998976
"HG03122","ESN","pooled",500000,5,9615925,8000000,7997876,200000,0,1418049,998869,1999142,4999865
"HG03125","ESN","pooled",500000,5,10006707,8000000,7993763,0,0,2012944,998245,1999815,4995703
"HG03128","ESN","pooled",500000,4,8613147,8000000,7826098,500000,0,287049,1000000,1999618,4826480
"HG03131","ESN","pooled",500000,4,8693474,8000000,7999178,0,0,694296,999733,1999445,5000000
"HG03134","ESN","pooled",500000,5,9364145,8000000,7994161,400000,0,969984,1000000,1995218,4998943
"HG03137","ESN","pooled",500000,4,8961202,8000000,7997218,400000,0,563984,1000000,1997536,4999682
"HG03161","ESN","pooled",500000,4,9342278,8000000,7992605,500000,0,849673,1000000,2000000,4992605
"HG03164","ESN","pooled",500000,5,9898342,8000000,7990489,0,0,1907853,999179,1993430,4997880
"HG03170","ESN","pooled",500000,5,9787662,8000000,7993273,300000,0,1494389,999345,1993928,5000000
"HG03191","ESN","pooled",500000,3,8641826,8000000,7999027,0,0,642799,999027,2000000,5000000
"HG03197","ESN","pooled",500000,3,8297222,8000000,7994849,0,0,302373,996174,1998782,4999893
"HG03200","ESN","pooled",500000,3,7767130,8000000,7755917,0,0,11213,1000000,1787154,4968763
"HG03269","ESN","pooled",500000,5,9467502,8000000,7997322,300000,0,1170180,1000000,1999382,4997940
"HG03272","ESN","pooled",500000,5,13077576,8000000,7990779,1500000,300000,3286797,995198,1999691,4995890
"HG03296","ESN","pooled",500000,4,8953758,8000000,7880256,0,0,1073502,999825,1880431,5000000
"HG03299","ESN","pooled",500000,3,8802113,8000000,7992923,100000,0,709190,1000000,1994638,4998285
"HG03302","ESN","pooled",500000,4,14385948,8000000,7995382,1300000,300000,4790566,999139,2000000,4996243
"HG03305","ESN","pooled",500000,4,8698907,8000000,7998265,100000,0,600642,998265,2000000,5000000
"HG03308","ESN","pooled",500000,4,8971964,8000000,7995800,300000,0,676164,1000000,1995800,5000000
"HG03310","ESN","pooled",500000,7,17251306,8000000,7998017,5231516,0,4021773,1000000,1998017,5000000
"HG03314","ESN","pooled",500000,6,10956199,8000000,7990827,631516,0,2333856,998713,2000000,4992114
"HG03344","ESN","pooled",500000,3,9653356,8000000,7997539,934575,0,721242,997606,1999933,5000000
"HG03350","ESN","pooled",500000,4,9320670,8000000,7997880,300000,0,1022790,999558,2000000,4998322
"HG03368","ESN","pooled",500000,4,13160182,8000000,7997934,1400000,300000,3462248,1000000,1999340,4998594
"HG03371","ESN","pooled",500000,4,9371397,8000000,7996613,0,0,1374784,999691,1999617,4997305
"HG03374","ESN","pooled",500000,3,8043910,8000000,7988214,0,0,55696,1000000,1993007,4995207
"HG03516","ESN","pooled",500000,3,8094583,8000000,7989434,0,0,105149,991855,1998803,4998776
"HG03519","ESN","pooled",500000,4,8794736,8000000,7996273,600000,0,198463,998575,1997937,4999761
"HG03522","ESN","pooled",500000,5,9539721,8000000,7993563,1100000,0,446158,999963,2000000,4993600
"HG02924","ESN","single_population",500000,2,7028691,8000000,6999796,0,0,28895,0,1999796,5000000
"HG02945","ESN","single_population",500000,4,15927272,8000000,7998917,3200000,300000,4428355,999635,1999282,5000000
"HG02948","ESN","single_population",500000,3,8411197,8000000,7991053,0,0,420144,999405,1998075,4993573
"HG02954","ESN","single_population",500000,5,9346251,8000000,7998569,600000,0,747682,998808,2000000,4999761
"HG02966","ESN","single_population",500000,3,7671553,8000000,7571812,0,0,99741,1000000,1573605,4998207
"HG02972","ESN","single_population",500000,3,7936398,8000000,7934242,0,0,2156,994057,1999679,4940506
"HG02975","ESN","single_population",500000,3,8086361,8000000,7995090,0,0,91271,998888,2000000,4996202
"HG02978","ESN","single_population",500000,3,8059824,8000000,7995098,16824,0,47902,995669,1999429,5000000
"HG02980","ESN","single_population",500000,4,8776623,8000000,7992448,500000,0,284175,998109,1994339,5000000
"HG03101","ESN","single_population",500000,3,8059281,8000000,7996963,20038,0,42280,1000000,1997434,4999529
"HG03110","ESN","single_population",500000,4,8783921,8000000,7998484,500000,0,285437,999839,1999403,4999242
"HG03113","ESN","single_population",500000,3,8026725,8000000,7991487,0,0,35238,995699,1999715,4996073
"HG03116","ESN","single_population",500000,5,15442603,8000000,7995895,2000000,300000,5146708,999459,1998375,4998061
"HG03119","ESN","single_population",500000,4,8916397,8000000,7997810,0,0,918587,999080,1999754,4998976
"HG03122","ESN","single_population",500000,4,8560226,8000000,7997876,200000,0,362350,998869,1999142,4999865
"HG03125","ESN","single_population",500000,5,10002220,8000000,7993763,0,0,2008457,998245,1999815,4995703
"HG03128","ESN","single_population",500000,4,8610068,8000000,7826098,500000,0,283970,1000000,1999618,4826480
"HG03131","ESN","single_population",500000,4,8650758,8000000,7999178,0,0,651580,999733,1999445,5000000
"HG03134","ESN","single_population",500000,4,8746141,8000000,7994161,400000,0,351980,1000000,1995218,4998943
"HG03137","ESN","single_population",500000,4,8951704,8000000,7997218,400000,0,554486,1000000,1997536,4999682
"HG03161","ESN","single_population",500000,4,8881434,8000000,7989306,500000,0,392128,1000000,1999122,4990184
"HG03164","ESN","single_population",500000,5,9872621,8000000,7990489,0,0,1882132,999179,1993430,4997880
"HG03170","ESN","single_population",500000,4,9277315,8000000,7993273,0,0,1284042,999345,1993928,5000000
"HG03191","ESN","single_population",500000,3,7768470,8000000,7637429,0,0,131041,1000000,2000000,4637429
"HG03197","ESN","single_population",500000,3,8288313,8000000,7985940,0,0,302373,996174,1998782,4990984
"HG03200","ESN","single_population",500000,3,7767130,8000000,7755917,0,0,11213,1000000,1787154,4968763
"HG03269","ESN","single_population",500000,4,8901891,8000000,7997135,300000,0,604756,999813,1999382,4997940
"HG03272","ESN","single_population",500000,5,13058490,8000000,7989050,1500000,300000,3269440,995198,1997962,4995890
"HG03296","ESN","single_population",500000,4,9165130,8000000,7880256,0,0,1284874,999825,1880431,5000000
"HG03299","ESN","single_population",500000,3,8802113,8000000,7992923,100000,0,709190,1000000,1994638,4998285
"HG03302","ESN","single_population",500000,4,14130876,8000000,7994001,1300000,300000,4536875,999832,1997926,4996243
"HG03305","ESN","single_population",500000,4,8742431,8000000,7997435,100000,0,644996,998265,1999170,5000000
"HG03308","ESN","single_population",500000,4,8840543,8000000,7995800,300000,0,544743,1000000,1995800,5000000
"HG03310","ESN","single_population",500000,7,17229641,8000000,7998017,5231516,0,4000108,1000000,1998017,5000000
"HG03314","ESN","single_population",500000,6,10915837,8000000,7939227,631516,0,2345094,998713,1948400,4992114
"HG03344","ESN","single_population",500000,3,9640418,8000000,7997539,934575,0,708304,997606,1999933,5000000
"HG03350","ESN","single_population",500000,4,9317704,8000000,7999558,300000,0,1018146,999558,2000000,5000000
"HG03368","ESN","single_population",500000,4,9314098,8000000,7999340,100000,0,1214758,1000000,1999340,5000000
"HG03371","ESN","single_population",500000,3,8316915,8000000,7996613,0,0,320302,999691,1999617,4997305
"HG03374","ESN","single_population",500000,3,8043910,8000000,7988214,0,0,55696,1000000,1993007,4995207
"HG03516","ESN","single_population",500000,3,8086340,8000000,7991763,0,0,94577,994184,1998803,4998776
"HG03519","ESN","single_population",500000,4,8781550,8000000,7996273,600000,0,185277,998575,1997937,4999761
"HG03522","ESN","single_population",500000,5,9534802,8000000,7999658,1100000,0,435144,999963,2000000,4999695
"NA19650","MXL","ancestry_tuned",500000,7,11721020,8000000,7974750,1500000,0,2246270,976066,1999760,4998924
"NA19653","MXL","ancestry_tuned",500000,8,12763687,8000000,7991855,100000,0,4671832,996633,1996278,4998944
"NA19656","MXL","ancestry_tuned",500000,4,8856087,8000000,7998473,0,0,857614,1000000,1998473,5000000
"NA19659","MXL","ancestry_tuned",500000,4,9251464,8000000,7984621,100000,0,1166843,984853,1999768,5000000
"NA19662","MXL","ancestry_tuned",500000,6,10357162,8000000,7993156,400000,0,1964006,997281,1999570,4996305
"NA19665","MXL","ancestry_tuned",500000,6,12378557,8000000,7997698,300000,0,4080859,1000000,1998206,4999492
"NA19671","MXL","ancestry_tuned",500000,7,11257693,8000000,7998734,400000,0,2858959,1000000,1998743,4999991
"NA19675","MXL","ancestry_tuned",500000,3,8396944,8000000,7996534,0,0,400410,1000000,1997431,4999103
"NA19677","MXL","ancestry_tuned",500000,3,8257960,8000000,7995809,0,0,262151,997705,2000000,4998104
"NA19680","MXL","ancestry_tuned",500000,3,8197549,8000000,7999100,0,0,198449,999819,1999281,5000000
"NA19683","MXL","ancestry_tuned",500000,11,13669111,8000000,7996816,700000,0,4972295,999187,1999724,4997905
"NA19685","MXL","ancestry_tuned",500000,5,9524473,8000000,7997367,0,0,1527106,1000000,2000000,4997367
"NA19686","MXL","ancestry_tuned",500000,5,9642439,8000000,7965952,0,0,1676487,998470,1967544,4999938
"NA19718","MXL","ancestry_tuned",500000,8,11979503,8000000,7991680,600000,0,3387823,993213,1998626,4999841
"NA19721","MXL","ancestry_tuned",500000,5,11284032,8000000,7996573,400000,0,2887459,1000000,1996908,4999665
"NA19724","MXL","ancestry_tuned",500000,3,8386197,8000000,7999607,0,0,386590,1000000,2000000,4999607
"NA19727","MXL","ancestry_tuned",500000,3,8141182,8000000,7999643,0,0,141539,999643,2000000,5000000
"NA19730","MXL","ancestry_tuned",500000,11,16513070,8000000,7999542,2300000,0,6213528,1000000,1999542,5000000
"NA19733","MXL","ancestry_tuned",500000,9,12196861,8000000,7992021,992996,0,3211844,999956,2000000,4992065
"NA19748","MXL","ancestry_tuned",500000,10,13562898,8000000,7995784,500000,0,5067114,997409,2000000,4998375
"NA19751","MXL","ancestry_tuned",500000,7,10878156,8000000,7998819,0,0,2879337,1000000,1999132,4999687
"NA19757","MXL","ancestry_tuned",500000,6,15983470,8000000,7998595,2000000,300000,5684875,999909,2000000,4998686
"NA19760","MXL","ancestry_tuned",500000,6,11292445,8000000,7993359,500000,0,2799086,1000000,1993954,4999405
"NA19763","MXL","ancestry_tuned",500000,10,12911456,8000000,7993249,500000,0,4418207,996731,1996518,5000000
"NA19772","MXL","ancestry_tuned",500000,5,10357719,8000000,7993845,200000,0,2163874,996958,1997314,4999573
"NA19775","MXL","ancestry_tuned",500000,7,12551936,8000000,7999780,800000,0,3752156,999780,2000000,5000000
"NA19778","MXL","ancestry_tuned",500000,6,11800280,8000000,7998933,400000,0,3401347,999982,1999120,4999831
"NA19781","MXL","ancestry_tuned",500000,5,10133371,8000000,7999393,177240,0,1956738,999396,1999997,5000000
"NA19784","MXL","ancestry_tuned",500000,8,12148890,8000000,7995767,699577,0,3453546,998394,1998118,4999255
"NA19787","MXL","ancestry_tuned",500000,6,10321883,8000000,7996252,600000,0,1725631,999236,1998342,4998674
"NA19790","MXL","ancestry_tuned",500000,5,10659584,8000000,7992441,1000000,0,1667143,995812,1997255,4999374
"NA19796","MXL","ancestry_tuned",500000,7,11573816,8000000,7996836,893754,0,2683226,998864,1999485,4998487
"NA19650","MXL","pooled",500000,7,11721706,8000000,7971374,1500000,0,2250332,976066,1999760,4995548
"NA19653","MXL","pooled",500000,8,12763687,8000000,7991855,100000,0,4671832,996633,1996278,4998944
"NA19656","MXL","pooled",500000,4,8856644,8000000,7998473,0,0,858171,1000000,1998473,5000000
"NA19659","MXL","pooled",500000,4,9410957,8000000,7984621,100000,0,1326336,984853,1999768,5000000
"NA19662","MXL","pooled",500000,6,10194769,8000000,7993156,400000,0,1801613,997281,1999570,4996305
"NA19665","MXL","pooled",500000,6,12382619,8000000,7997698,300000,0,4084921,1000000,1998206,4999492
"NA19671","MXL","pooled",500000,7,11271462,8000000,7998734,400000,0,2872728,1000000,1998743,4999991
"NA19675","MXL","pooled",500000,3,8394219,8000000,7996534,0,0,397685,1000000,1997431,4999103
"NA19677","MXL","pooled",500000,3,8257960,8000000,7995809,0,0,262151,997705,2000000,4998104
"NA19680","MXL","pooled",500000,3,8197549,8000000,7999100,0,0,198449,999819,1999281,5000000
"NA19683","MXL","pooled",500000,11,13736975,8000000,7996816,700000,0,5040159,999187,1999724,4997905
"NA19685","MXL","pooled",500000,5,9524473,8000000,7997367,0,0,1527106,1000000,2000000,4997367
"NA19686","MXL","pooled",500000,5,9715294,8000000,7992194,0,0,1723100,998470,1993786,4999938
"NA19718","MXL","pooled",500000,8,11970445,8000000,7991680,600000,0,3378765,993213,1998626,4999841
"NA19721","MXL","pooled",500000,5,11331108,8000000,7996573,400000,0,2934535,1000000,1996908,4999665
"NA19724","MXL","pooled",500000,3,8386197,8000000,7999607,0,0,386590,1000000,2000000,4999607
"NA19727","MXL","pooled",500000,3,8141182,8000000,7999643,0,0,141539,999643,2000000,5000000
"NA19730","MXL","pooled",500000,11,16608001,8000000,7999542,2300000,0,6308459,1000000,1999542,5000000
"NA19733","MXL","pooled",500000,9,12100887,8000000,7992021,992996,0,3115870,999956,2000000,4992065
"NA19748","MXL","pooled",500000,10,13576519,8000000,7995784,500000,0,5080735,997409,2000000,4998375
"NA19751","MXL","pooled",500000,7,10970997,8000000,7998819,0,0,2972178,1000000,1999132,4999687
"NA19757","MXL","pooled",500000,6,16015195,8000000,7997370,2000000,300000,5717825,999909,1998775,4998686
"NA19760","MXL","pooled",500000,6,11303222,8000000,7993359,500000,0,2809863,1000000,1993954,4999405
"NA19763","MXL","pooled",500000,10,12924319,8000000,7993249,500000,0,4431070,996731,1996518,5000000
"NA19772","MXL","pooled",500000,5,10389995,8000000,7994272,200000,0,2195723,996958,1997314,5000000
"NA19775","MXL","pooled",500000,7,12575029,8000000,7999780,800000,0,3775249,999780,2000000,5000000
"NA19778","MXL","pooled",500000,6,11805427,8000000,7998933,400000,0,3406494,999982,1999120,4999831
"NA19781","MXL","pooled",500000,5,10204004,8000000,7999393,177240,0,2027371,999396,1999997,5000000
"NA19784","MXL","pooled",500000,8,12199600,8000000,7995767,699577,0,3504256,998394,1998118,4999255
"NA19787","MXL","pooled",500000,6,10474454,8000000,7996252,600000,0,1878202,999236,1998342,4998674
"NA19790","MXL","pooled",500000,5,10663411,8000000,7994466,1000000,0,1668945,1000000,1997255,4997211
"NA19796","MXL","pooled",500000,7,11594991,8000000,7995316,893754,0,2705921,997344,1999485,4998487
"NA19650","MXL","single_population",500000,7,11717644,8000000,7971374,1500000,0,2246270,976066,1999760,4995548
"NA19653","MXL","single_population",500000,8,12763687,8000000,7991855,100000,0,4671832,996633,1996278,4998944
"NA19656","MXL","single_population",500000,5,9696381,8000000,7998473,0,0,1697908,1000000,1998473,5000000
"NA19659","MXL","single_population",500000,4,9251464,8000000,7984621,100000,0,1166843,984853,1999768,5000000
"NA19662","MXL","single_population",500000,6,10355385,8000000,7991612,400000,0,1963773,995737,1999570,4996305
"NA19665","MXL","single_population",500000,6,12249774,8000000,7997698,300000,0,3952076,1000000,1998206,4999492
"NA19671","MXL","single_population",500000,7,11276400,8000000,7998734,400000,0,2877666,1000000,1998743,4999991
"NA19675","MXL","single_population",500000,3,8396944,8000000,7996534,0,0,400410,1000000,1997431,4999103
"NA19677","MXL","single_population",500000,3,8257960,8000000,7995809,0,0,262151,997705,2000000,4998104
"NA19680","MXL","single_population",500000,3,8204175,8000000,7999100,0,0,205075,999819,1999281,5000000
"NA19683","MXL","single_population",500000,11,13675587,8000000,7996816,700000,0,4978771,999187,1999724,4997905
"NA19685","MXL","single_population",500000,5,9443719,8000000,7997367,0,0,1446352,1000000,2000000,4997367
"NA19686","MXL","single_population",500000,5,9630515,8000000,7965952,0,0,1664563,998470,1967544,4999938
"NA19718","MXL","single_population",500000,8,11979503,8000000,7991680,600000,0,3387823,993213,1998626,4999841
"NA19721","MXL","single_population",500000,5,11272108,8000000,7996573,400000,0,2875535,1000000,1996908,4999665
"NA19724","MXL","single_population",500000,3,8386197,8000000,7999607,0,0,386590,1000000,2000000,4999607
"NA19727","MXL","single_population",500000,3,8141182,8000000,7999643,0,0,141539,999643,2000000,5000000
"NA19730","MXL","single_population",500000,11,16513070,8000000,7999542,2300000,0,6213528,1000000,1999542,5000000
"NA19733","MXL","single_population",500000,9,12196861,8000000,7992021,992996,0,3211844,999956,2000000,4992065
"NA19748","MXL","single_population",500000,10,13472528,8000000,7995784,500000,0,4976744,997409,2000000,4998375
"NA19751","MXL","single_population",500000,7,10891363,8000000,7998819,0,0,2892544,1000000,1999132,4999687
"NA19757","MXL","single_population",500000,6,15983470,8000000,7998595,2000000,300000,5684875,999909,2000000,4998686
"NA19760","MXL","single_population",500000,6,11303222,8000000,7993359,500000,0,2809863,1000000,1993954,4999405
"NA19763","MXL","single_population",500000,10,12917932,8000000,7993249,500000,0,4424683,996731,1996518,5000000
"NA19772","MXL","single_population",500000,5,10363061,8000000,7993845,200000,0,2169216,996958,1997314,4999573
"NA19775","MXL","single_population",500000,7,12551936,8000000,7999780,800000,0,3752156,999780,2000000,5000000
"NA19778","MXL","single_population",500000,6,11371991,8000000,7998933,200000,0,3173058,999982,1999120,4999831
"NA19781","MXL","single_population",500000,5,10121447,8000000,7999393,177240,0,1944814,999396,1999997,5000000
"NA19784","MXL","single_population",500000,8,12147661,8000000,7994538,699577,0,3453546,998394,1998118,4998026
"NA19787","MXL","single_population",500000,6,10319624,8000000,7996252,600000,0,1723372,999236,1998342,4998674
"NA19790","MXL","single_population",500000,5,10666235,8000000,7996629,1000000,0,1669606,1000000,1997255,4999374
"NA19796","MXL","single_population",500000,7,11573816,8000000,7996836,893754,0,2683226,998864,1999485,4998487
"HG01567","PEL","ancestry_tuned",500000,6,11276023,8000000,7993994,400000,0,2882029,999216,1999727,4995051
"HG01573","PEL","ancestry_tuned",500000,6,11244690,8000000,7997764,547794,0,2699132,1000000,2000000,4997764
"HG01579","PEL","ancestry_tuned",500000,13,17906521,8000000,7999881,2397575,0,7509065,1000000,2000000,4999881
"HG01898","PEL","ancestry_tuned",500000,7,12664789,8000000,7994198,400000,0,4270591,999528,1996046,4998624
"HG01919","PEL","ancestry_tuned",500000,9,13007641,8000000,7998470,1544592,0,3464579,998531,2000000,4999939
"HG01922","PEL","ancestry_tuned",500000,12,16485958,8000000,7999693,2992505,0,5493760,1000000,2000000,4999693
"HG01925","PEL","ancestry_tuned",500000,6,11699718,8000000,8000000,200000,0,3499718,1000000,2000000,5000000
"HG01928","PEL","ancestry_tuned",500000,11,15448985,8000000,7991831,1600000,0,5857154,999825,1997838,4994168
"HG01934","PEL","ancestry_tuned",500000,3,9692648,8000000,7999214,400000,0,1293434,1000000,2000000,4999214
"HG01937","PEL","ancestry_tuned",500000,5,10203828,8000000,7995041,0,0,2208787,998627,1996414,5000000
"HG01940","PEL","ancestry_tuned",500000,8,11402209,8000000,7994414,500000,0,2907795,1000000,1996999,4997415
"HG01943","PEL","ancestry_tuned",500000,8,15324548,8000000,7998391,1400000,0,5926157,1000000,1999671,4998720
"HG01946","PEL","ancestry_tuned",500000,6,10636965,8000000,7997057,439553,0,2200355,998746,2000000,4998311
"HG01949","PEL","ancestry_tuned",500000,5,9291712,8000000,6996468,0,0,2295244,0,1999904,4996564
"HG01952","PEL","ancestry_tuned",500000,10,14366278,8000000,7995385,1406119,0,4964774,1000000,1995385,5000000
"HG01955","PEL","ancestry_tuned",500000,7,13957594,8000000,7996558,2246230,0,3714806,999696,2000000,4996862
"HG01969","PEL","ancestry_tuned",500000,7,11598327,8000000,7999961,1000000,0,2598366,1000000,1999961,5000000
"HG01972","PEL","ancestry_tuned",500000,5,10816825,8000000,7997142,700000,0,2119683,1000000,1998865,4998277
"HG01975","PEL","ancestry_tuned",500000,6,11785679,8000000,7999181,600000,0,3186498,999953,1999228,5000000
"HG01978","PEL","ancestry_tuned",500000,8,12793251,8000000,7994024,1299734,0,3499493,998714,1995310,5000000
"HG01981","PEL","ancestry_tuned",500000,8,13664854,8000000,7996626,1100000,0,4568228,998858,2000000,4997768
"HG01984","PEL","ancestry_tuned",500000,4,8779832,8000000,7993773,300000,0,486059,996872,1997116,4999785
"HG01993","PEL","ancestry_tuned",500000,10,12947490,8000000,7989658,1069557,0,3888275,1000000,1989658,5000000
"HG01998","PEL","ancestry_tuned",500000,7,10841307,8000000,7997678,100000,0,2743629,999530,1998417,4999731
"HG02004","PEL","ancestry_tuned",500000,9,13625911,8000000,7999996,1700000,0,3925915,1000000,2000000,4999996
"HG02091","PEL","ancestry_tuned",500000,7,13859138,8000000,7987921,2500000,0,3371217,998751,1991111,4998059
"HG02106","PEL","ancestry_tuned",500000,12,17283526,8000000,7995423,2700000,0,6588103,999603,1995820,5000000
"HG02148","PEL","ancestry_tuned",500000,9,13912141,8000000,7997229,300000,0,5614912,1000000,2000000,4997229
"HG02261","PEL","ancestry_tuned",500000,12,15686161,8000000,8000000,1167161,0,6519000,1000000,2000000,5000000
"HG02273","PEL","ancestry_tuned",500000,15,16906423,8000000,7988950,1600000,0,7317473,998220,1998256,4992474
"HG02279","PEL","ancestry_tuned",500000,14,19943541,8000000,7997609,4000000,0,7945932,999805,2000000,4997804
"HG02287","PEL","ancestry_tuned",500000,9,13977198,8000000,7998341,600000,0,5378857,999757,2000000,4998584
"HG02293","PEL","ancestry_tuned",500000,13,18049069,8000000,7998634,2582063,0,7468372,999670,1999249,4999715
"HG02300","PEL","ancestry_tuned",500000,6,11151776,8000000,7998449,300000,0,2853327,1000000,1998449,5000000
"HG02303","PEL","ancestry_tuned",500000,10,13762026,8000000,7996565,1800000,0,3965461,996601,2000000,4999964
"HG01567","PEL","pooled",500000,6,11289397,8000000,7997279,400000,0,2892118,999216,1999727,4998336
"HG01573","PEL","pooled",500000,6,11251175,8000000,7997764,547794,0,2705617,1000000,2000000,4997764
"HG01579","PEL","pooled",500000,13,17968711,8000000,7999881,2397575,0,7571255,1000000,2000000,4999881
"HG01898","PEL","pooled",500000,7,12730176,8000000,7997377,400000,0,4332799,999528,1999225,4998624
"HG01919","PEL","pooled",500000,10,13876160,8000000,7997176,1844592,0,4034392,998531,2000000,4998645
"HG01922","PEL","pooled",500000,12,16491183,8000000,7999693,2992505,0,5498985,1000000,2000000,4999693
"HG01925","PEL","pooled",500000,6,11699718,8000000,8000000,200000,0,3499718,1000000,2000000,5000000
"HG01928","PEL","pooled",500000,11,15461755,8000000,7994369,1600000,0,5867386,999825,1997838,4996706
"HG01934","PEL","pooled",500000,3,9727444,8000000,7999214,400000,0,1328230,1000000,2000000,4999214
"HG01937","PEL","pooled",500000,5,10252879,8000000,7995041,0,0,2257838,998627,1996414,5000000
"HG01940","PEL","pooled",500000,8,11434305,8000000,7992216,500000,0,2942089,997802,1996999,4997415
"HG01943","PEL","pooled",500000,8,15332992,8000000,7998391,1400000,0,5934601,1000000,1999671,4998720
"HG01946","PEL","pooled",500000,6,10636965,8000000,7997057,439553,0,2200355,998746,2000000,4998311
"HG01949","PEL","pooled",500000,6,9922613,8000000,6996468,0,0,2926145,0,1999904,4996564
"HG01952","PEL","pooled",500000,10,14366439,8000000,7995385,1406119,0,4964935,1000000,1995385,5000000
"HG01955","PEL","pooled",500000,7,13961656,8000000,7996558,2246230,0,3718868,999696,2000000,4996862
"HG01969","PEL","pooled",500000,7,11645403,8000000,7999961,1000000,0,2645442,1000000,1999961,5000000
"HG01972","PEL","pooled",500000,5,10821748,8000000,7997142,700000,0,2124606,1000000,1998865,4998277
"HG01975","PEL","pooled",500000,6,11787999,8000000,7999181,600000,0,3188818,999953,1999228,5000000
"HG01978","PEL","pooled",500000,8,12798331,8000000,7994024,1299734,0,3504573,998714,1995310,5000000
"HG01981","PEL","pooled",500000,8,13673562,8000000,7996626,1100000,0,4576936,998858,2000000,4997768
"HG01984","PEL","pooled",500000,5,9341960,8000000,7993773,500000,0,848187,996872,1997116,4999785
"HG01993","PEL","pooled",500000,11,13481602,8000000,7990638,1069557,0,4421407,1000000,1990638,5000000
"HG01998","PEL","pooled",500000,7,10845369,8000000,7997678,100000,0,2747691,999530,1998417,4999731
"HG02004","PEL","pooled",500000,10,14228519,8000000,7999996,1800000,0,4428523,1000000,2000000,4999996
"HG02091","PEL","pooled",500000,7,13871082,8000000,7973480,2500000,0,3397602,996536,1991111,4985833
"HG02106","PEL","pooled",500000,12,17336536,8000000,7995423,2700000,0,6641113,999603,1995820,5000000
"HG02148","PEL","pooled",500000,8,13262235,8000000,7997229,300000,0,4965006,1000000,2000000,4997229
"HG02261","PEL","pooled",500000,12,15838447,8000000,8000000,1167161,0,6671286,1000000,2000000,5000000
"HG02273","PEL","pooled",500000,15,16952982,8000000,7988950,1600000,0,7364032,998220,1998256,4992474
"HG02279","PEL","pooled",500000,14,19946149,8000000,7997609,4000000,0,7948540,999805,2000000,4997804
"HG02287","PEL","pooled",500000,9,13988664,8000000,7998341,600000,0,5390323,999757,2000000,4998584
"HG02293","PEL","pooled",500000,13,17506379,8000000,7998634,2482063,0,7025682,999670,1999249,4999715
"HG02300","PEL","pooled",500000,6,11150881,8000000,7998449,300000,0,2852432,1000000,1998449,5000000
"HG02303","PEL","pooled",500000,10,13984322,8000000,7999779,1800000,0,4184543,999815,2000000,4999964
"HG01567","PEL","single_population",500000,6,11282499,8000000,7993994,400000,0,2888505,999216,1999727,4995051
"HG01573","PEL","single_population",500000,6,11251175,8000000,7997764,547794,0,2705617,1000000,2000000,4997764
"HG01579","PEL","single_population",500000,13,17932811,8000000,7999881,2397575,0,7535355,1000000,2000000,4999881
"HG01898","PEL","single_population",500000,7,12680775,8000000,7994198,400000,0,4286577,999528,1996046,4998624
"HG01919","PEL","single_population",500000,9,13007641,8000000,7998470,1544592,0,3464579,998531,2000000,4999939
"HG01922","PEL","single_population",500000,12,16452273,8000000,7999693,2992505,0,5460075,1000000,2000000,4999693
"HG01925","PEL","single_population",500000,6,11699245,8000000,8000000,200000,0,3499245,1000000,2000000,5000000
"HG01928","PEL","single_population",500000,11,15448985,8000000,7991831,1600000,0,5857154,999825,1997838,4994168
"HG01934","PEL","single_population",500000,3,9692648,8000000,7999214,400000,0,1293434,1000000,2000000,4999214
"HG01937","PEL","single_population",500000,5,10209865,8000000,7995041,0,0,2214824,998627,1996414,5000000
"HG01940","PEL","single_population",500000,8,11408685,8000000,7994414,500000,0,2914271,1000000,1996999,4997415
"HG01943","PEL","single_population",500000,8,14992683,8000000,7998391,1300000,0,5694292,1000000,1999671,4998720
"HG01946","PEL","single_population",500000,6,10636965,8000000,7997057,439553,0,2200355,998746,2000000,4998311
"HG01949","PEL","single_population",500000,6,9921992,8000000,6996468,0,0,2925524,0,1999904,4996564
"HG01952","PEL","single_population",500000,10,14358657,8000000,7995385,1406119,0,4957153,1000000,1995385,5000000
"HG01955","PEL","single_population",500000,7,13957594,8000000,7996558,2246230,0,3714806,999696,2000000,4996862
"HG01969","PEL","single_population",500000,7,11568523,8000000,7999961,1000000,0,2568562,1000000,1999961,5000000
"HG01972","PEL","single_population",500000,5,10816825,8000000,7997142,700000,0,2119683,1000000,1998865,4998277
"HG01975","PEL","single_population",500000,6,11785679,8000000,7999181,600000,0,3186498,999953,1999228,5000000
"HG01978","PEL","single_population",500000,8,12793251,8000000,7994024,1299734,0,3499493,998714,1995310,5000000
"HG01981","PEL","single_population",500000,8,13652930,8000000,7996626,1100000,0,4556304,998858,2000000,4997768
"HG01984","PEL","single_population",500000,4,8779832,8000000,7993773,300000,0,486059,996872,1997116,4999785
"HG01993","PEL","single_population",500000,11,13476854,8000000,7989658,1069557,0,4417639,1000000,1989658,5000000
"HG01998","PEL","single_population",500000,7,10841307,8000000,7997678,100000,0,2743629,999530,1998417,4999731
"HG02004","PEL","single_population",500000,9,13625911,8000000,7999996,1700000,0,3925915,1000000,2000000,4999996
"HG02091","PEL","single_population",500000,7,13862100,8000000,7987921,2500000,0,3374179,998751,1991111,4998059
"HG02106","PEL","single_population",500000,12,17283526,8000000,7995423,2700000,0,6588103,999603,1995820,5000000
"HG02148","PEL","single_population",500000,8,13193983,8000000,7997229,300000,0,4896754,1000000,2000000,4997229
"HG02261","PEL","single_population",500000,12,15820735,8000000,8000000,1167161,0,6653574,1000000,2000000,5000000
"HG02273","PEL","single_population",500000,15,16910013,8000000,7988950,1600000,0,7321063,998220,1998256,4992474
"HG02279","PEL","single_population",500000,14,19954370,8000000,7997609,4000000,0,7956761,999805,2000000,4997804
"HG02287","PEL","single_population",500000,9,13981980,8000000,7998341,600000,0,5383639,999757,2000000,4998584
"HG02293","PEL","single_population",500000,13,17475243,8000000,7998634,2482063,0,6994546,999670,1999249,4999715
"HG02300","PEL","single_population",500000,6,11151776,8000000,7998449,300000,0,2853327,1000000,1998449,5000000
"HG02303","PEL","single_population",500000,10,13926077,8000000,7999043,1800000,0,4127034,999079,2000000,4999964
"HG00552","PUR","ancestry_tuned",500000,6,10422879,8000000,7992178,200000,0,2230701,1000000,1992178,5000000
"HG00555","PUR","ancestry_tuned",500000,5,9774395,8000000,7999559,0,0,1774836,1000000,2000000,4999559
"HG00639","PUR","ancestry_tuned",500000,4,9000487,8000000,7998484,0,0,1002003,998484,2000000,5000000
"HG00642","PUR","ancestry_tuned",500000,5,10287214,8000000,7996406,0,0,2290808,1000000,1999679,4996727
"HG00733","PUR","ancestry_tuned",500000,6,12671165,8000000,7997724,2828266,0,1845175,999517,1998207,5000000
"HG00735","PUR","ancestry_tuned",500000,7,11606925,8000000,7996283,500000,0,3110642,999998,1998356,4997929
"HG00738","PUR","ancestry_tuned",500000,3,8042090,8000000,7997415,0,0,44675,1000000,1999510,4997905
"HG00741","PUR","ancestry_tuned",500000,4,8603763,8000000,7990916,0,0,612847,999846,1999417,4991653
"HG01050","PUR","ancestry_tuned",500000,6,13098698,8000000,7999290,3500000,0,1599408,999789,2000000,4999501
"HG01053","PUR","ancestry_tuned",500000,4,9307139,8000000,7998940,0,0,1308199,999349,2000000,4999591
"HG01056","PUR","ancestry_tuned",500000,5,9141171,8000000,7973213,100000,0,1067958,997635,2000000,4975578
"HG01062","PUR","ancestry_tuned",500000,3,8072878,8000000,7996339,0,0,76539,999349,1999783,4997207
"HG01068","PUR","ancestry_tuned",500000,8,10933517,8000000,7996164,0,0,2937353,996460,2000000,4999704
"HG01071","PUR","ancestry_tuned",500000,5,9448553,8000000,7994489,200000,0,1254064,998845,1996141,4999503
"HG01074","PUR","ancestry_tuned",500000,5,10029342,8000000,7986295,0,0,2043047,999336,1988456,4998503
"HG01081","PUR","ancestry_tuned",500000,5,9212776,8000000,7987207,0,0,1225569,995126,1995577,4996504
"HG01084","PUR","ancestry_tuned",500000,5,9968499,8000000,7917968,0,0,2050531,919296,2000000,4998672
"HG01087","PUR","ancestry_tuned",500000,6,11037813,8000000,7994888,0,0,3042925,1000000,1995880,4999008
"HG01096","PUR","ancestry_tuned",500000,6,11593255,8000000,7995490,806453,0,2791312,995490,2000000,5000000
"HG01099","PUR","ancestry_tuned",500000,6,11488452,8000000,8000000,0,0,3488452,1000000,2000000,5000000
"HG01100","PUR","ancestry_tuned",500000,4,10216749,8000000,7980573,0,0,2236176,982605,1998778,4999190
"HG01103","PUR","ancestry_tuned",500000,3,8144337,8000000,7995695,0,0,148642,995695,2000000,5000000
"HG01106","PUR","ancestry_tuned",500000,6,11689831,8000000,7997932,0,0,3691899,997977,1999955,5000000
"HG01109","PUR","ancestry_tuned",500000,3,7925108,8000000,7922045,0,0,3063,999475,1922570,5000000
"HG01169","PUR","ancestry_tuned",500000,3,8085610,8000000,7995935,0,0,89675,997044,1998891,5000000
"HG01172","PUR","ancestry_tuned",500000,5,9206572,8000000,7998835,200000,0,1007737,999628,1999886,4999321
"HG01175","PUR","ancestry_tuned",500000,6,10447264,8000000,7995452,0,0,2451812,996261,1999440,4999751
"HG01178","PUR","ancestry_tuned",500000,5,9241478,8000000,7987900,200000,0,1053578,994929,1999697,4993274
"HG01184","PUR","ancestry_tuned",500000,4,9359755,8000000,7983378,0,0,1376377,999532,1983846,5000000
"HG01189","PUR","ancestry_tuned",500000,4,8505887,8000000,7993234,100000,0,412653,996536,1997921,4998777
"HG01192","PUR","ancestry_tuned",500000,4,17965145,8000000,7998038,9069288,0,897819,999460,1998578,5000000
"HG01199","PUR","ancestry_tuned",500000,3,8001709,8000000,7998344,0,0,3365,1000000,1999979,4998365
"HG01206","PUR","ancestry_tuned",500000,5,10333783,8000000,7999340,200000,0,2134443,1000000,1999340,5000000
"HG01243","PUR","ancestry_tuned",500000,3,8065058,8000000,7999897,0,0,65161,999897,2000000,5000000
"HG01249","PUR","ancestry_tuned",500000,6,9668003,8000000,7993869,400000,0,1274134,998962,1999452,4995455
"HG00552","PUR","pooled",500000,6,10456893,8000000,7992178,200000,0,2264715,1000000,1992178,5000000
"HG00555","PUR","pooled",500000,5,9774395,8000000,7999559,0,0,1774836,1000000,2000000,4999559
"HG00639","PUR","pooled",500000,4,9010473,8000000,7998484,0,0,1011989,998484,2000000,5000000
"HG00642","PUR","pooled",500000,5,10287214,8000000,7996406,0,0,2290808,1000000,1999679,4996727
"HG00733","PUR","pooled",500000,6,12662184,8000000,7997724,2828266,0,1836194,999517,1998207,5000000
"HG00735","PUR","pooled",500000,7,11607661,8000000,7996283,500000,0,3111378,999998,1998356,4997929
"HG00738","PUR","pooled",500000,3,8051849,8000000,7999178,0,0,52671,1000000,1999510,4999668
"HG00741","PUR","pooled",500000,4,8603763,8000000,7990916,0,0,612847,999846,1999417,4991653
"HG01050","PUR","pooled",500000,6,13101598,8000000,7992526,3500000,0,1609072,999789,2000000,4992737
"HG01053","PUR","pooled",500000,4,9095767,8000000,7998940,0,0,1096827,999349,2000000,4999591
"HG01056","PUR","pooled",500000,5,9156478,8000000,7973213,100000,0,1083265,997635,2000000,4975578
"HG01062","PUR","pooled",500000,3,8073110,8000000,7996571,0,0,76539,999581,1999783,4997207
"HG01068","PUR","pooled",500000,8,11103933,8000000,7996164,0,0,3107769,996460,2000000,4999704
"HG01071","PUR","pooled",500000,5,9454400,8000000,7994489,200000,0,1259911,998845,1996141,4999503
"HG01074","PUR","pooled",500000,5,10070962,8000000,7997045,0,0,2073917,999336,1999206,4998503
"HG01081","PUR","pooled",500000,5,9212776,8000000,7987207,0,0,1225569,995126,1995577,4996504
"HG01084","PUR","pooled",500000,5,9972561,8000000,7917968,0,0,2054593,919296,2000000,4998672
"HG01087","PUR","pooled",500000,6,11037813,8000000,7994888,0,0,3042925,1000000,1995880,4999008
"HG01096","PUR","pooled",500000,6,11630474,8000000,7995490,806453,0,2828531,995490,2000000,5000000
"HG01099","PUR","pooled",500000,6,11488452,8000000,8000000,0,0,3488452,1000000,2000000,5000000
"HG01100","PUR","pooled",500000,4,10216749,8000000,7980573,0,0,2236176,982605,1998778,4999190
"HG01103","PUR","pooled",500000,3,8144337,8000000,7995695,0,0,148642,995695,2000000,5000000
"HG01106","PUR","pooled",500000,6,11691579,8000000,7997932,0,0,3693647,997977,1999955,5000000
"HG01109","PUR","pooled",500000,3,7986640,8000000,7984387,0,0,2253,999475,1984912,5000000
"HG01169","PUR","pooled",500000,4,8766282,8000000,7991617,0,0,774665,992726,1998891,5000000
"HG01172","PUR","pooled",500000,5,9197893,8000000,7998835,200000,0,999058,999628,1999886,4999321
"HG01175","PUR","pooled",500000,6,10447264,8000000,7995452,0,0,2451812,996261,1999440,4999751
"HG01178","PUR","pooled",500000,5,9241478,8000000,7987900,200000,0,1053578,994929,1999697,4993274
"HG01184","PUR","pooled",500000,4,9359755,8000000,7983378,0,0,1376377,999532,1983846,5000000
"HG01189","PUR","pooled",500000,4,8505887,8000000,7993234,100000,0,412653,996536,1997921,4998777
"HG01192","PUR","pooled",500000,4,17960769,8000000,7993662,9069288,0,897819,995084,1998578,5000000
"HG01199","PUR","pooled",500000,3,8001709,8000000,7998344,0,0,3365,1000000,1999979,4998365
"HG01206","PUR","pooled",500000,5,10333783,8000000,7999340,200000,0,2134443,1000000,1999340,5000000
"HG01243","PUR","pooled",500000,3,8065058,8000000,7999897,0,0,65161,999897,2000000,5000000
"HG01249","PUR","pooled",500000,6,9665277,8000000,7993869,400000,0,1271408,998962,1999452,4995455
"HG00552","PUR","single_population",500000,6,10441586,8000000,7992178,200000,0,2249408,1000000,1992178,5000000
"HG00555","PUR","single_population",500000,5,9774395,8000000,7999559,0,0,1774836,1000000,2000000,4999559
"HG00639","PUR","single_population",500000,4,9058323,8000000,7998484,0,0,1059839,998484,2000000,5000000
"HG00642","PUR","single_population",500000,5,10287214,8000000,7996406,0,0,2290808,1000000,1999679,4996727
"HG00733","PUR","single_population",500000,6,12687094,8000000,7997724,2828266,0,1861104,999517,1998207,5000000
"HG00735","PUR","single_population",500000,7,11606925,8000000,7996283,500000,0,3110642,999998,1998356,4997929
"HG00738","PUR","single_population",500000,3,8063268,8000000,7998307,0,0,64961,1000000,1998639,4999668
"HG00741","PUR","single_population",500000,4,8603763,8000000,7990916,0,0,612847,999846,1999417,4991653
"HG01050","PUR","single_population",500000,6,13098698,8000000,7999290,3500000,0,1599408,999789,2000000,4999501
"HG01053","PUR","single_population",500000,4,9035004,8000000,7998940,0,0,1036064,999349,2000000,4999591
"HG01056","PUR","single_population",500000,5,9141171,8000000,7973213,100000,0,1067958,997635,2000000,4975578
"HG01062","PUR","single_population",500000,3,8073110,8000000,7996571,0,0,76539,999581,1999783,4997207
"HG01068","PUR","single_population",500000,8,10933517,8000000,7996164,0,0,2937353,996460,2000000,4999704
"HG01071","PUR","single_population",500000,5,9453183,8000000,7994489,200000,0,1258694,998845,1996141,4999503
"HG01074","PUR","single_population",500000,5,10030659,8000000,7986959,0,0,2043700,1000000,1988456,4998503
"HG01081","PUR","single_population",500000,5,9212776,8000000,7987207,0,0,1225569,995126,1995577,4996504
"HG01084","PUR","single_population",500000,5,9968499,8000000,7917968,0,0,2050531,919296,2000000,4998672
"HG01087","PUR","single_population",500000,4,9203761,8000000,7994888,0,0,1208873,1000000,1995880,4999008
"HG01096","PUR","single_population",500000,5,10596945,8000000,7995490,806453,0,1795002,995490,2000000,5000000
"HG01099","PUR","single_population",500000,6,11488452,8000000,8000000,0,0,3488452,1000000,2000000,5000000
"HG01100","PUR","single_population",500000,4,10173735,8000000,7980573,0,0,2193162,982605,1998778,4999190
"HG01103","PUR","single_population",500000,3,8138696,8000000,7990054,0,0,148642,990054,2000000,5000000
"HG01106","PUR","single_population",500000,6,11683255,8000000,7997932,0,0,3685323,997977,1999955,5000000
"HG01109","PUR","single_population",500000,3,7986640,8000000,7984387,0,0,2253,999475,1984912,5000000
"HG01169","PUR","single_population",500000,3,8081292,8000000,7991617,0,0,89675,992726,1998891,5000000
"HG01172","PUR","single_population",500000,5,9199997,8000000,7998835,200000,0,1001162,999628,1999886,4999321
"HG01175","PUR","single_population",500000,6,10447264,8000000,7995452,0,0,2451812,996261,1999440,4999751
"HG01178","PUR","single_population",500000,5,9239347,8000000,7987710,200000,0,1051637,994929,1999697,4993084
"HG01184","PUR","single_population",500000,4,9359755,8000000,7983378,0,0,1376377,999532,1983846,5000000
"HG01189","PUR","single_population",500000,4,8505887,8000000,7993234,100000,0,412653,996536,1997921,4998777
"HG01192","PUR","single_population",500000,4,17965145,8000000,7998038,9069288,0,897819,999460,1998578,5000000
"HG01199","PUR","single_population",500000,3,8001709,8000000,7998344,0,0,3365,1000000,1999979,4998365
"HG01206","PUR","single_population",500000,5,10345541,8000000,7999340,200000,0,2146201,1000000,1999340,5000000
"HG01243","PUR","single_population",500000,3,8054133,8000000,7999897,0,0,54236,999897,2000000,5000000
"HG01249","PUR","single_population",500000,6,9668003,8000000,7993869,400000,0,1274134,998962,1999452,4995455
"NA18484","YRI","ancestry_tuned",500000,3,8002770,8000000,7996066,0,0,6704,999186,2000000,4996880
"NA18485","YRI","ancestry_tuned",500000,4,8828613,8000000,7996045,0,0,832568,997908,1998651,4999486
"NA18497","YRI","ancestry_tuned",500000,4,8613971,8000000,7996637,300000,0,317334,999709,1999354,4997574
"NA18500","YRI","ancestry_tuned",500000,3,8355023,8000000,6998814,100000,0,1256209,0,1999153,4999661
"NA18503","YRI","ancestry_tuned",500000,3,7993452,8000000,7993452,0,0,0,998784,1999049,4995619
"NA18506","YRI","ancestry_tuned",500000,5,10531738,8000000,7994069,900000,0,1637669,995607,2000000,4998462
"NA18515","YRI","ancestry_tuned",500000,5,9239529,8000000,7997814,100000,0,1141715,999564,1998615,4999635
"NA18518","YRI","ancestry_tuned",500000,6,10186784,8000000,7995065,600000,0,1591719,999431,1999871,4995763
"NA18521","YRI","ancestry_tuned",500000,3,8254900,8000000,7990398,0,0,264502,992881,1999489,4998028
"NA18854","YRI","ancestry_tuned",500000,3,8013066,8000000,7997194,0,0,15872,999116,1999979,4998099
"NA18857","YRI","ancestry_tuned",500000,6,11592166,8000000,7998385,1400000,0,2193781,998567,1999818,5000000
"NA18860","YRI","ancestry_tuned",500000,4,8712514,8000000,7996452,100000,0,616062,1000000,1998837,4997615
"NA18863","YRI","ancestry_tuned",500000,4,8640434,8000000,7998215,0,0,642219,1000000,1998278,4999937
"NA18869","YRI","ancestry_tuned",500000,3,9898512,8000000,7997756,200000,0,1700756,999442,1999447,4998867
"NA18872","YRI","ancestry_tuned",500000,5,10614555,8000000,7995291,1900000,0,719264,998352,2000000,4996939
"NA18875","YRI","ancestry_tuned",500000,3,8068433,8000000,7997637,0,0,70796,997637,2000000,5000000
"NA18906","YRI","ancestry_tuned",500000,4,9651132,8000000,7998868,959110,0,693154,999786,1999082,5000000
"NA18911","YRI","ancestry_tuned",500000,3,8005575,8000000,7983468,0,0,22107,993482,1989986,5000000
"NA18914","YRI","ancestry_tuned",500000,3,8008247,8000000,7997053,0,0,11194,997220,2000000,4999833
"NA18925","YRI","ancestry_tuned",500000,4,10752391,8000000,7994278,1400000,0,1358113,1000000,1997914,4996364
"NA18930","YRI","ancestry_tuned",500000,4,8942280,8000000,7993316,200000,0,748964,995216,1998100,5000000
"NA18935","YRI","ancestry_tuned",500000,5,9432707,8000000,7996750,200000,0,1235957,998253,2000000,4998497
"NA19094","YRI","ancestry_tuned",500000,4,9232331,8000000,7998791,0,0,1233540,999546,2000000,4999245
"NA19097","YRI","ancestry_tuned",500000,4,9414561,8000000,7997662,100000,0,1316899,997768,1999894,5000000
"NA19100","YRI","ancestry_tuned",500000,4,8701434,8000000,7998446,0,0,702988,998446,2000000,5000000
"NA19103","YRI","ancestry_tuned",500000,3,7998100,8000000,7996099,0,0,2001,997728,1999298,4999073
"NA19109","YRI","ancestry_tuned",500000,3,7998222,8000000,7995895,0,0,2327,998185,1998596,4999114
"NA19115","YRI","ancestry_tuned",500000,6,14417391,8000000,7988294,1400000,300000,4729097,991188,1997571,4999535
"NA19120","YRI","ancestry_tuned",500000,5,9671319,8000000,7987602,300000,0,1383717,995595,1995266,4996741
"NA19123","YRI","ancestry_tuned",500000,5,11069777,8000000,7997091,1800000,0,1272686,1000000,1999010,4998081
"NA19129","YRI","ancestry_tuned",500000,3,7995960,8000000,7995312,0,0,648,996641,1999169,4999502
"NA19132","YRI","ancestry_tuned",500000,5,9619121,8000000,7986538,100000,0,1532583,995877,1998704,4991957
"NA19139","YRI","ancestry_tuned",500000,4,12163883,8000000,7995112,1300000,300000,2568771,996852,1999743,4998517
"NA19142","YRI","ancestry_tuned",500000,4,8586398,8000000,7997228,500000,0,89170,998959,1999118,4999151
"NA19145","YRI","ancestry_tuned",500000,4,8585018,8000000,7994942,300000,0,290076,996813,1998352,4999777
"NA19148","YRI","ancestry_tuned",500000,4,8574107,8000000,7999752,0,0,574355,1000000,2000000,4999752
"NA19151","YRI","ancestry_tuned",500000,3,7993548,8000000,7993175,0,0,373,997736,1996305,4999134
"NA19154","YRI","ancestry_tuned",500000,3,8157366,8000000,7999588,0,0,157778,999588,2000000,5000000
"NA19161","YRI","ancestry_tuned",500000,5,17138501,8000000,7989935,3900000,300000,4948566,999514,1997801,4992620
"NA19173","YRI","ancestry_tuned",500000,3,8001007,8000000,7996669,0,0,4338,999180,1999738,4997751
"NA19174","YRI","ancestry_tuned",500000,4,9239642,8000000,7996046,0,0,1243596,997453,1999954,4998639
"NA19177","YRI","ancestry_tuned",500000,3,7994459,8000000,7994459,0,0,0,999048,1998016,4997395
"NA19186","YRI","ancestry_tuned",500000,3,8043334,8000000,7999209,0,0,44125,999924,2000000,4999285
"NA19191","YRI","ancestry_tuned",500000,6,10611601,8000000,7995746,100000,0,2515855,996769,1999778,4999199
"NA19199","YRI","ancestry_tuned",500000,4,8527925,8000000,7994705,400000,0,133220,1000000,1995679,4999026
"NA19202","YRI","ancestry_tuned",500000,6,10005327,8000000,7981244,900000,0,1124083,994884,1986507,4999853
"NA19205","YRI","ancestry_tuned",500000,4,11629926,8000000,7997370,3400000,0,232556,998025,1999979,4999366
"NA19208","YRI","ancestry_tuned",500000,4,9833908,8000000,7987299,1600000,0,246609,999610,2000000,4987689
"NA19211","YRI","ancestry_tuned",500000,6,10261137,8000000,7995372,1100000,0,1165765,998011,1997531,4999830
"NA19215","YRI","ancestry_tuned",500000,6,10042760,8000000,7995038,800000,0,1247722,998014,1999110,4997914
"NA19221","YRI","ancestry_tuned",500000,5,9599007,8000000,7996932,100000,0,1502075,1000000,1997811,4999121
"NA19224","YRI","ancestry_tuned",500000,5,12173273,8000000,8000000,3000000,0,1173273,1000000,2000000,5000000
"NA19237","YRI","ancestry_tuned",500000,3,8219186,8000000,7999813,0,0,219373,999926,2000000,4999887
"NA19240","YRI","ancestry_tuned",500000,3,8011844,8000000,7997432,0,0,14412,999455,1998700,4999277
"NA19249","YRI","ancestry_tuned",500000,4,8611763,8000000,7999385,189347,0,423031,999481,1999904,5000000
"NA19258","YRI","ancestry_tuned",500000,5,9620037,8000000,7988935,400000,0,1231102,993963,1994972,5000000
"NA18484","YRI","pooled",500000,3,8004223,8000000,7996066,0,0,8157,999186,2000000,4996880
"NA18485","YRI","pooled",500000,4,8876648,8000000,7996559,0,0,880089,997908,1998651,5000000
"NA18497","YRI","pooled",500000,4,8620580,8000000,7996637,300000,0,323943,999709,1999354,4997574
"NA18500","YRI","pooled",500000,3,8355484,8000000,6998106,100000,0,1257378,0,1999153,4998953
"NA18503","YRI","pooled",500000,3,7993452,8000000,7993452,0,0,0,998784,1999049,4995619
"NA18506","YRI","pooled",500000,5,10539786,8000000,7992786,900000,0,1647000,995607,2000000,4997179
"NA18515","YRI","pooled",500000,6,13239540,8000000,7997814,1100000,300000,3841726,999564,1998615,4999635
"NA18518","YRI","pooled",500000,6,10183831,8000000,7995065,600000,0,1588766,999431,1999871,4995763
"NA18521","YRI","pooled",500000,3,8254900,8000000,7990398,0,0,264502,992881,1999489,4998028
"NA18854","YRI","pooled",500000,3,8013066,8000000,7997194,0,0,15872,999116,1999979,4998099
"NA18857","YRI","pooled",500000,7,12319428,8000000,7998385,1400000,0,2921043,998567,1999818,5000000
"NA18860","YRI","pooled",500000,4,8712514,8000000,7996452,100000,0,616062,1000000,1998837,4997615
"NA18863","YRI","pooled",500000,5,12642891,8000000,7998215,1200000,300000,3144676,1000000,1998278,4999937
"NA18869","YRI","pooled",500000,3,9898512,8000000,7997756,200000,0,1700756,999442,1999447,4998867
"NA18872","YRI","pooled",500000,5,10614555,8000000,7995291,1900000,0,719264,998352,2000000,4996939
"NA18875","YRI","pooled",500000,3,8068433,8000000,7997637,0,0,70796,997637,2000000,5000000
"NA18906","YRI","pooled",500000,4,9649725,8000000,7997461,959110,0,693154,999786,1997675,5000000
"NA18911","YRI","pooled",500000,3,8020411,8000000,7993135,0,0,27276,993482,1999653,5000000
"NA18914","YRI","pooled",500000,3,8009561,8000000,7998367,0,0,11194,998534,2000000,4999833
"NA18925","YRI","pooled",500000,4,10789966,8000000,7996257,1400000,0,1393709,1000000,1999893,4996364
"NA18930","YRI","pooled",500000,4,8934787,8000000,7993316,200000,0,741471,995216,1998100,5000000
"NA18935","YRI","pooled",500000,5,9434847,8000000,7996750,200000,0,1238097,998253,2000000,4998497
"NA19094","YRI","pooled",500000,4,9232331,8000000,7998791,0,0,1233540,999546,2000000,4999245
"NA19097","YRI","pooled",500000,4,9639438,8000000,7997662,100000,0,1541776,997768,1999894,5000000
"NA19100","YRI","pooled",500000,4,8699913,8000000,7994753,0,0,705160,994753,2000000,5000000
"NA19103","YRI","pooled",500000,3,7998100,8000000,7996099,0,0,2001,997728,1999298,4999073
"NA19109","YRI","pooled",500000,3,7999664,8000000,7995895,0,0,3769,998185,1998596,4999114
"NA19115","YRI","pooled",500000,6,14430946,8000000,7990517,1400000,300000,4740429,991188,1999794,4999535
"NA19120","YRI","pooled",500000,5,9733477,8000000,7990271,300000,0,1443206,996893,1996637,4996741
"NA19123","YRI","pooled",500000,5,11067565,8000000,7997399,1800000,0,1270166,999876,1999442,4998081
"NA19129","YRI","pooled",500000,3,7999324,8000000,7997463,0,0,1861,999500,1998461,4999502
"NA19132","YRI","pooled",500000,6,10146975,8000000,7987715,100000,0,2059260,997054,1998704,4991957
"NA19139","YRI","pooled",500000,4,12163883,8000000,7995112,1300000,300000,2568771,996852,1999743,4998517
"NA19142","YRI","pooled",500000,4,8588848,8000000,7997319,500000,0,91529,998377,1999118,4999824
"NA19145","YRI","pooled",500000,4,8635876,8000000,7994942,300000,0,340934,996813,1998352,4999777
"NA19148","YRI","pooled",500000,4,8574107,8000000,7999752,0,0,574355,1000000,2000000,4999752
"NA19151","YRI","pooled",500000,3,7997927,8000000,7995070,0,0,2857,997736,1998200,4999134
"NA19154","YRI","pooled",500000,3,8114058,8000000,7999588,0,0,114470,999588,2000000,5000000
"NA19161","YRI","pooled",500000,5,17104991,8000000,7989935,3900000,300000,4915056,999514,1997801,4992620
"NA19173","YRI","pooled",500000,3,8001456,8000000,7997118,0,0,4338,999180,1999738,4998200
"NA19174","YRI","pooled",500000,4,9243286,8000000,7996916,0,0,1246370,997453,1999954,4999509
"NA19177","YRI","pooled",500000,3,7994459,8000000,7994459,0,0,0,999048,1998016,4997395
"NA19186","YRI","pooled",500000,3,8036500,8000000,7996098,0,0,40402,999924,2000000,4996174
"NA19191","YRI","pooled",500000,6,10636953,8000000,7995968,100000,0,2540985,996769,2000000,4999199
"NA19199","YRI","pooled",500000,4,8567309,8000000,7994705,400000,0,172604,1000000,1995679,4999026
"NA19202","YRI","pooled",500000,6,10133400,8000000,7997680,900000,0,1235720,998929,1998898,4999853
"NA19205","YRI","pooled",500000,4,11629926,8000000,7997370,3400000,0,232556,998025,1999979,4999366
"NA19208","YRI","pooled",500000,4,9833908,8000000,7987299,1600000,0,246609,999610,2000000,4987689
"NA19211","YRI","pooled",500000,6,10279148,8000000,7997338,1100000,0,1181810,998011,1999497,4999830
"NA19215","YRI","pooled",500000,6,10050236,8000000,7995038,800000,0,1255198,998014,1999110,4997914
"NA19221","YRI","pooled",500000,5,9705550,8000000,7997811,100000,0,1607739,1000000,1997811,5000000
"NA19224","YRI","pooled",500000,5,12173273,8000000,8000000,3000000,0,1173273,1000000,2000000,5000000
"NA19237","YRI","pooled",500000,3,8254556,8000000,7999813,0,0,254743,999926,2000000,4999887
"NA19240","YRI","pooled",500000,3,8011844,8000000,7997432,0,0,14412,999455,1998700,4999277
"NA19249","YRI","pooled",500000,4,8655861,8000000,7999385,189347,0,467129,999481,1999904,5000000
"NA19258","YRI","pooled",500000,5,9741929,8000000,7994972,400000,0,1346957,1000000,1994972,5000000
"NA18484","YRI","single_population",500000,3,8002770,8000000,7996066,0,0,6704,999186,2000000,4996880
"NA18485","YRI","single_population",500000,4,8828613,8000000,7996045,0,0,832568,997908,1998651,4999486
"NA18497","YRI","single_population",500000,4,8613971,8000000,7996637,300000,0,317334,999709,1999354,4997574
"NA18500","YRI","single_population",500000,3,8355023,8000000,6998814,100000,0,1256209,0,1999153,4999661
"NA18503","YRI","single_population",500000,3,7993452,8000000,7993452,0,0,0,998784,1999049,4995619
"NA18506","YRI","single_population",500000,5,10531738,8000000,7994069,900000,0,1637669,995607,2000000,4998462
"NA18515","YRI","single_population",500000,5,9239529,8000000,7997814,100000,0,1141715,999564,1998615,4999635
"NA18518","YRI","single_population",500000,6,10191652,8000000,7999302,600000,0,1592350,999431,1999871,5000000
"NA18521","YRI","single_population",500000,3,8254900,8000000,7990398,0,0,264502,992881,1999489,4998028
"NA18854","YRI","single_population",500000,3,8013066,8000000,7997194,0,0,15872,999116,1999979,4998099
"NA18857","YRI","single_population",500000,7,12139005,8000000,7998385,1400000,0,2740620,998567,1999818,5000000
"NA18860","YRI","single_population",500000,4,8712514,8000000,7996452,100000,0,616062,1000000,1998837,4997615
"NA18863","YRI","single_population",500000,4,8640434,8000000,7998215,0,0,642219,1000000,1998278,4999937
"NA18869","YRI","single_population",500000,3,9898512,8000000,7997756,200000,0,1700756,999442,1999447,4998867
"NA18872","YRI","single_population",500000,5,10614555,8000000,7995291,1900000,0,719264,998352,2000000,4996939
"NA18875","YRI","single_population",500000,3,8068433,8000000,7997637,0,0,70796,997637,2000000,5000000
"NA18906","YRI","single_population",500000,4,9651132,8000000,7998868,959110,0,693154,999786,1999082,5000000
"NA18911","YRI","single_population",500000,3,8005575,8000000,7983468,0,0,22107,993482,1989986,5000000
"NA18914","YRI","single_population",500000,3,8008247,8000000,7997053,0,0,11194,997220,2000000,4999833
"NA18925","YRI","single_population",500000,4,10752391,8000000,7994278,1400000,0,1358113,1000000,1997914,4996364
"NA18930","YRI","single_population",500000,4,8934787,8000000,7993316,200000,0,741471,995216,1998100,5000000
"NA18935","YRI","single_population",500000,5,9432707,8000000,7996750,200000,0,1235957,998253,2000000,4998497
"NA19094","YRI","single_population",500000,4,9232331,8000000,7998791,0,0,1233540,999546,2000000,4999245
"NA19097","YRI","single_population",500000,4,9414561,8000000,7997662,100000,0,1316899,997768,1999894,5000000
"NA19100","YRI","single_population",500000,4,8701434,8000000,7998446,0,0,702988,998446,2000000,5000000
"NA19103","YRI","single_population",500000,3,7998100,8000000,7996099,0,0,2001,997728,1999298,4999073
"NA19109","YRI","single_population",500000,3,7998222,8000000,7995895,0,0,2327,998185,1998596,4999114
"NA19115","YRI","single_population",500000,6,14417391,8000000,7988294,1400000,300000,4729097,991188,1997571,4999535
"NA19120","YRI","single_population",500000,5,9671319,8000000,7987602,300000,0,1383717,995595,1995266,4996741
"NA19123","YRI","single_population",500000,5,11069777,8000000,7997091,1800000,0,1272686,1000000,1999010,4998081
"NA19129","YRI","single_population",500000,3,7995960,8000000,7995312,0,0,648,996641,1999169,4999502
"NA19132","YRI","single_population",500000,5,9619121,8000000,7986538,100000,0,1532583,995877,1998704,4991957
"NA19139","YRI","single_population",500000,4,12163883,8000000,7995112,1300000,300000,2568771,996852,1999743,4998517
"NA19142","YRI","single_population",500000,4,8586398,8000000,7997228,500000,0,89170,998959,1999118,4999151
"NA19145","YRI","single_population",500000,4,8585018,8000000,7994942,300000,0,290076,996813,1998352,4999777
"NA19148","YRI","single_population",500000,4,8574107,8000000,7999752,0,0,574355,1000000,2000000,4999752
"NA19151","YRI","single_population",500000,3,7993548,8000000,7993175,0,0,373,997736,1996305,4999134
"NA19154","YRI","single_population",500000,3,8157366,8000000,7999588,0,0,157778,999588,2000000,5000000
"NA19161","YRI","single_population",500000,5,17138501,8000000,7989935,3900000,300000,4948566,999514,1997801,4992620
"NA19173","YRI","single_population",500000,3,8001007,8000000,7996669,0,0,4338,999180,1999738,4997751
"NA19174","YRI","single_population",500000,4,9239642,8000000,7996046,0,0,1243596,997453,1999954,4998639
"NA19177","YRI","single_population",500000,3,7994459,8000000,7994459,0,0,0,999048,1998016,4997395
"NA19186","YRI","single_population",500000,3,8043334,8000000,7999209,0,0,44125,999924,2000000,4999285
"NA19191","YRI","single_population",500000,6,10611601,8000000,7995746,100000,0,2515855,996769,1999778,4999199
"NA19199","YRI","single_population",500000,4,8527925,8000000,7994705,400000,0,133220,1000000,1995679,4999026
"NA19202","YRI","single_population",500000,6,10014027,8000000,7981244,900000,0,1132783,994884,1986507,4999853
"NA19205","YRI","single_population",500000,4,11629926,8000000,7997370,3400000,0,232556,998025,1999979,4999366
"NA19208","YRI","single_population",500000,4,9833908,8000000,7987299,1600000,0,246609,999610,2000000,4987689
"NA19211","YRI","single_population",500000,6,10261137,8000000,7995372,1100000,0,1165765,998011,1997531,4999830
"NA19215","YRI","single_population",500000,6,10042760,8000000,7995038,800000,0,1247722,998014,1999110,4997914
"NA19221","YRI","single_population",500000,5,9599007,8000000,7996932,100000,0,1502075,1000000,1997811,4999121
"NA19224","YRI","single_population",500000,5,12174284,8000000,8000000,3000000,0,1174284,1000000,2000000,5000000
"NA19237","YRI","single_population",500000,3,8219186,8000000,7999813,0,0,219373,999926,2000000,4999887
"NA19240","YRI","single_population",500000,3,8011844,8000000,7997432,0,0,14412,999455,1998700,4999277
"NA19249","YRI","single_population",500000,4,8611763,8000000,7999385,189347,0,423031,999481,1999904,5000000
"NA19258","YRI","single_population",500000,5,9625486,8000000,7988935,400000,0,1236551,993963,1994972,5000000
"HG01881","ACB","ancestry_tuned",1000000,4,9737501,8000000,7997565,111358,0,1628578,999484,2000000,4998081
"HG01884","ACB","ancestry_tuned",1000000,3,8223828,8000000,7990702,0,0,233126,999985,1990717,5000000
"HG01887","ACB","ancestry_tuned",1000000,3,8140529,8000000,7998412,0,0,142117,1000000,1998412,5000000
"HG01888","ACB","ancestry_tuned",1000000,3,8068099,8000000,7997856,0,0,70243,998310,2000000,4999546
"HG01891","ACB","ancestry_tuned",1000000,3,8180548,8000000,6997479,0,0,1183069,0,1999168,4998311
"HG01895","ACB","ancestry_tuned",1000000,2,7015279,8000000,6998606,0,0,16673,0,1998606,5000000
"HG01897","ACB","ancestry_tuned",1000000,3,8014121,8000000,7996521,0,0,17600,1000000,1998936,4997585
"HG01916","ACB","ancestry_tuned",1000000,3,8016551,8000000,7986490,0,0,30061,1000000,1986929,4999561
"HG01959","ACB","ancestry_tuned",1000000,3,8105353,8000000,7999245,0,0,106108,1000000,1999435,4999810
"HG01960","ACB","ancestry_tuned",1000000,3,8019492,8000000,7997818,0,0,21674,998260,1999558,5000000
"HG01987","ACB","ancestry_tuned",1000000,4,12071380,8000000,7995250,3503420,0,572710,1000000,1995250,5000000
"HG02011","ACB","ancestry_tuned",1000000,3,8057196,8000000,7998332,0,0,58864,998332,2000000,5000000
"HG02055","ACB","ancestry_tuned",1000000,4,9769907,8000000,7997795,400000,0,1372112,999962,1998159,4999674
"HG02145","ACB","ancestry_tuned",1000000,3,8697928,8000000,7998095,371746,0,328087,999423,1999181,4999491
"HG02257","ACB","ancestry_tuned",1000000,3,8057974,8000000,7998098,0,0,59876,998301,1999797,5000000
"HG02258","ACB","ancestry_tuned",1000000,3,8037679,8000000,7997370,0,0,40309,999213,1999820,4998337
"HG02280","ACB","ancestry_tuned",1000000,2,6995118,8000000,6992338,0,0,2780,0,1996922,4995416
"HG02316","ACB","ancestry_tuned",1000000,3,8142981,8000000,7999730,0,0,143251,999840,1999890,5000000
"HG02321","ACB","ancestry_tuned",1000000,3,8069372,8000000,7994388,0,0,74984,998415,1997127,4998846
"HG02451","ACB","ancestry_tuned",1000000,3,8103335,8000000,7999675,63538,0,40122,1000000,1999691,4999984
"HG01881","ACB","pooled",1000000,4,9740198,8000000,7997565,111358,0,1631275,999484,2000000,4998081
"HG01884","ACB","pooled",1000000,3,8234108,8000000,7999985,0,0,234123,999985,2000000,5000000
"HG01887","ACB","pooled",1000000,3,8140529,8000000,7998412,0,0,142117,1000000,1998412,5000000
"HG01888","ACB","pooled",1000000,3,8068099,8000000,7997856,0,0,70243,998310,2000000,4999546
"HG01891","ACB","pooled",1000000,3,8187512,8000000,6999168,0,0,1188344,0,1999168,5000000
"HG01895","ACB","pooled",1000000,2,7017265,8000000,6998606,0,0,18659,0,1998606,5000000
"HG01897","ACB","pooled",1000000,3,8030833,8000000,7999665,0,0,31168,1000000,1999665,5000000
"HG01916","ACB","pooled",1000000,3,8016551,8000000,7986490,0,0,30061,1000000,1986929,4999561
"HG01959","ACB","pooled",1000000,3,8016201,8000000,7999245,0,0,16956,1000000,1999435,4999810
"HG01960","ACB","pooled",1000000,3,8020744,8000000,7999070,0,0,21674,999512,1999558,5000000
"HG01987","ACB","pooled",1000000,4,12116542,8000000,8000000,3503420,0,613122,1000000,2000000,5000000
"HG02011","ACB","pooled",1000000,3,8047245,8000000,7998332,0,0,48913,998332,2000000,5000000
"HG02055","ACB","pooled",1000000,4,9772804,8000000,7999315,400000,0,1373489,999962,1999679,4999674
"HG02145","ACB","pooled",1000000,4,12749058,8000000,7998672,1571746,300000,2878640,1000000,1999181,4999491
"HG02257","ACB","pooled",1000000,3,8057974,8000000,7998098,0,0,59876,998301,1999797,5000000
"HG02258","ACB","pooled",1000000,3,8030077,8000000,7989768,0,0,40309,999213,1999820,4990735
"HG02280","ACB","pooled",1000000,2,6995118,8000000,6992338,0,0,2780,0,1996922,4995416
"HG02316","ACB","pooled",1000000,3,8144785,8000000,7999840,0,0,144945,999840,2000000,5000000
"HG02321","ACB","pooled",1000000,3,8080740,8000000,7995542,0,0,85198,998415,1997127,5000000
"HG02451","ACB","pooled",1000000,3,8103335,8000000,7999675,63538,0,40122,1000000,1999691,4999984
"HG01881","ACB","single_population",1000000,4,9737501,8000000,7997565,111358,0,1628578,999484,2000000,4998081
"HG01884","ACB","single_population",1000000,3,8223828,8000000,7990702,0,0,233126,999985,1990717,5000000
"HG01887","ACB","single_population",1000000,3,8134663,8000000,7998412,0,0,136251,1000000,1998412,5000000
"HG01888","ACB","single_population",1000000,3,8068099,8000000,7997856,0,0,70243,998310,2000000,4999546
"HG01891","ACB","single_population",1000000,3,8180548,8000000,6997479,0,0,1183069,0,1999168,4998311
"HG01895","ACB","single_population",1000000,3,8016046,8000000,7998578,0,0,17468,999972,1998606,5000000
"HG01897","ACB","single_population",1000000,3,8014121,8000000,7996521,0,0,17600,1000000,1998936,4997585
"HG01916","ACB","single_population",1000000,3,8016551,8000000,7986490,0,0,30061,1000000,1986929,4999561
"HG01959","ACB","single_population",1000000,3,8103905,8000000,7997797,0,0,106108,1000000,1997987,4999810
"HG01960","ACB","single_population",1000000,3,8156039,8000000,7997818,0,0,158221,998260,1999558,5000000
"HG01987","ACB","single_population",1000000,4,12071380,8000000,7995250,3503420,0,572710,1000000,1995250,5000000
"HG02011","ACB","single_population",1000000,3,8052765,8000000,7998332,0,0,54433,998332,2000000,5000000
"HG02055","ACB","single_population",1000000,4,9769043,8000000,7996931,400000,0,1372112,999098,1998159,4999674
"HG02145","ACB","single_population",1000000,3,8697928,8000000,7998095,371746,0,328087,999423,1999181,4999491
"HG02257","ACB","single_population",1000000,3,8057974,8000000,7998098,0,0,59876,998301,1999797,5000000
"HG02258","ACB","single_population",1000000,3,8037679,8000000,7997370,0,0,40309,999213,1999820,4998337
"HG02280","ACB","single_population",1000000,2,6995118,8000000,6992338,0,0,2780,0,1996922,4995416
"HG02316","ACB","single_population",1000000,3,8142981,8000000,7999730,0,0,143251,999840,1999890,5000000
"HG02321","ACB","single_population",1000000,3,8069372,8000000,7994388,0,0,74984,998415,1997127,4998846
"HG02451","ACB","single_population",1000000,3,8103335,8000000,7999675,63538,0,40122,1000000,1999691,4999984
"NA19702","ASW","ancestry_tuned",1000000,3,8126795,8000000,7996768,0,0,130027,999872,1998576,4998320
"NA19705","ASW","ancestry_tuned",1000000,3,8211938,8000000,7996701,0,0,215237,997282,1999419,5000000
"NA19828","ASW","ancestry_tuned",1000000,3,11295450,8000000,7995682,1200000,300000,1799768,1000000,1996729,4998953
"NA19836","ASW","ancestry_tuned",1000000,3,10076677,8000000,6998541,2500000,0,578136,0,1998752,4999789
"NA19902","ASW","ancestry_tuned",1000000,3,8137022,8000000,6999829,100000,0,1037193,0,1999829,5000000
"NA19918","ASW","ancestry_tuned",1000000,2,7102065,8000000,6997461,0,0,104604,0,1997461,5000000
"NA19919","ASW","ancestry_tuned",1000000,3,8195218,8000000,7999319,0,0,195899,1000000,1999319,5000000
"NA19924","ASW","ancestry_tuned",1000000,3,7996389,8000000,7990300,0,0,6089,995781,1995376,4999143
"NA19983","ASW","ancestry_tuned",1000000,3,8008905,8000000,7999074,0,0,9831,1000000,1999897,4999177
"NA20128","ASW","ancestry_tuned",1000000,3,8296227,8000000,7994476,0,0,301751,999626,2000000,4994850
"NA20129","ASW","ancestry_tuned",1000000,2,6951053,8000000,6938580,0,0,12473,0,1938580,5000000
"NA20279","ASW","ancestry_tuned",1000000,3,12940757,8000000,7998455,1400000,300000,3242302,999864,1998669,4999922
"NA20358","ASW","ancestry_tuned",1000000,2,7066755,8000000,6996804,0,0,69951,0,1999350,4997454
"NA19702","ASW","pooled",1000000,3,8136520,8000000,7998334,0,0,138186,999872,1998576,4999886
"NA19705","ASW","pooled",1000000,3,8208378,8000000,7997865,0,0,210513,998446,1999419,5000000
"NA19828","ASW","pooled",1000000,3,11366613,8000000,7995682,1200000,300000,1870931,1000000,1996729,4998953
"NA19836","ASW","pooled",1000000,3,10080325,8000000,6998541,2500000,0,581784,0,1998752,4999789
"NA19902","ASW","pooled",1000000,3,8167088,8000000,6999829,100000,0,1067259,0,1999829,5000000
"NA19918","ASW","pooled",1000000,2,7101192,8000000,6997461,0,0,103731,0,1997461,5000000
"NA19919","ASW","pooled",1000000,3,8201652,8000000,7999319,0,0,202333,1000000,1999319,5000000
"NA19924","ASW","pooled",1000000,3,7996389,8000000,7990300,0,0,6089,995781,1995376,4999143
"NA19983","ASW","pooled",1000000,3,8008905,8000000,7999074,0,0,9831,1000000,1999897,4999177
"NA20128","ASW","pooled",1000000,3,8301555,8000000,7999626,0,0,301929,999626,2000000,5000000
"NA20129","ASW","pooled",1000000,2,6951053,8000000,6938580,0,0,12473,0,1938580,5000000
"NA20279","ASW","pooled",1000000,3,12940757,8000000,7998455,1400000,300000,3242302,999864,1998669,4999922
"NA20358","ASW","pooled",1000000,2,7066755,8000000,6996804,0,0,69951,0,1999350,4997454
"NA19702","ASW","single_population",1000000,3,8126795,8000000,7996768,0,0,130027,999872,1998576,4998320
"NA19705","ASW","single_population",1000000,3,8211938,8000000,7996701,0,0,215237,997282,1999419,5000000
"NA19828","ASW","single_population",1000000,3,11293474,8000000,7995682,1200000,300000,1797792,1000000,1996729,4998953
"NA19836","ASW","single_population",1000000,3,10076677,8000000,6998541,2500000,0,578136,0,1998752,4999789
"NA19902","ASW","single_population",1000000,3,8137022,8000000,6999829,100000,0,1037193,0,1999829,5000000
"NA19918","ASW","single_population",1000000,2,7102065,8000000,6997461,0,0,104604,0,1997461,5000000
"NA19919","ASW","single_population",1000000,3,8195218,8000000,7999319,0,0,195899,1000000,1999319,5000000
"NA19924","ASW","single_population",1000000,3,7996389,8000000,7990300,0,0,6089,995781,1995376,4999143
"NA19983","ASW","single_population",1000000,3,8008905,8000000,7999074,0,0,9831,1000000,1999897,4999177
"NA20128","ASW","single_population",1000000,3,8296227,8000000,7994476,0,0,301751,999626,2000000,4994850
"NA20129","ASW","single_population",1000000,2,6946280,8000000,6936935,0,0,9345,0,1936935,5000000
"NA20279","ASW","single_population",1000000,3,7939621,8000000,7938801,0,0,820,999864,1949221,4989716
"NA20358","ASW","single_population",1000000,2,7066755,8000000,6996804,0,0,69951,0,1999350,4997454
"NA06991","CEU","ancestry_tuned",1000000,4,9210583,8000000,7999538,300000,0,911045,999996,1999542,5000000
"NA06995","CEU","ancestry_tuned",1000000,4,9293719,8000000,7992877,100000,0,1200842,1000000,2000000,4992877
"NA06997","CEU","ancestry_tuned",1000000,4,9724108,8000000,7994964,0,0,1729144,997512,1997553,4999899
"NA07014","CEU","ancestry_tuned",1000000,3,8299193,8000000,7999892,0,0,299301,999980,2000000,4999912
"NA07019","CEU","ancestry_tuned",1000000,3,8141734,8000000,7997314,0,0,144420,999701,2000000,4997613
"NA07029","CEU","ancestry_tuned",1000000,3,8322300,8000000,7000000,100000,0,1222300,0,2000000,5000000
"NA07048","CEU","ancestry_tuned",1000000,4,9994920,8000000,7998232,600000,0,1396688,1000000,1998943,4999289
"NA07348","CEU","ancestry_tuned",1000000,3,8034976,8000000,7995386,0,0,39590,1000000,1996331,4999055
"NA07349","CEU","ancestry_tuned",1000000,3,8043877,8000000,7986002,0,0,57875,1000000,1986002,5000000
"NA10830","CEU","ancestry_tuned",1000000,3,12358418,8000000,7995400,1200000,300000,2863018,998663,1996997,4999740
"NA10831","CEU","ancestry_tuned",1000000,3,8200229,8000000,7999005,0,0,201224,1000000,1999005,5000000
"NA10835","CEU","ancestry_tuned",1000000,4,12464838,8000000,7997957,1200000,300000,2966881,1000000,1999394,4998563
"NA10836","CEU","ancestry_tuned",1000000,2,6997235,8000000,6997235,0,0,0,0,1998152,4999083
"NA10837","CEU","ancestry_tuned",1000000,3,8785993,8000000,8000000,89085,0,696908,1000000,2000000,5000000
"NA10838","CEU","ancestry_tuned",1000000,3,8018245,8000000,7993736,0,0,24509,999642,1999654,4994440
"NA10839","CEU","ancestry_tuned",1000000,3,8023135,8000000,7987762,0,0,35373,999832,2000000,4987930
"NA10840","CEU","ancestry_tuned",1000000,4,9508482,8000000,7999113,0,0,1509369,999427,2000000,4999686
"NA10842","CEU","ancestry_tuned",1000000,2,7003607,8000000,6989000,0,0,14607,0,1999318,4989682
"NA10843","CEU","ancestry_tuned",1000000,3,8009321,8000000,7990610,0,0,18711,998201,2000000,4992409
"NA10845","CEU","ancestry_tuned",1000000,4,9298328,8000000,7999973,0,0,1298355,999973,2000000,5000000
"NA10846","CEU","ancestry_tuned",1000000,3,8128809,8000000,7999354,0,0,129455,1000000,1999423,4999931
"NA10847","CEU","ancestry_tuned",1000000,4,9799657,8000000,7996632,100000,0,1703025,998500,2000000,4998132
"NA10851","CEU","ancestry_tuned",1000000,3,8173069,8000000,6998694,0,0,1174375,0,1999886,4998808
"NA10852","CEU","ancestry_tuned",1000000,3,8502403,8000000,7999502,24102,0,478799,999584,2000000,4999918
"NA10854","CEU","ancestry_tuned",1000000,4,9081237,8000000,7995809,700000,0,385428,999146,2000000,4996663
"NA10855","CEU","ancestry_tuned",1000000,4,9708348,8000000,7996830,100000,0,1611518,999564,1998291,4998975
"NA10856","CEU","ancestry_tuned",1000000,3,8080337,8000000,7998949,0,0,81388,999231,1999718,5000000
"NA10857","CEU","ancestry_tuned",1000000,2,6993010,8000000,6992621,0,0,389,0,1997816,4994805
"NA10859","CEU","ancestry_tuned",1000000,5,10676913,8000000,7997064,100000,0,2579849,999894,1997494,4999676
"NA10860","CEU","ancestry_tuned",1000000,2,7170231,8000000,6999079,0,0,171152,0,1999672,4999407
"NA10861","CEU","ancestry_tuned",1000000,2,7318076,8000000,6991517,0,0,326559,0,1991517,5000000
"NA10863","CEU","ancestry_tuned",1000000,4,9170225,8000000,7993795,0,0,1176430,998093,1998486,4997216
"NA10864","CEU","ancestry_tuned",1000000,4,9238244,8000000,7993694,0,0,1244550,1000000,1999284,4994410
"NA10865","CEU","ancestry_tuned",1000000,4,9500255,8000000,7999190,0,0,1501065,999839,1999526,4999825
"NA12329","CEU","ancestry_tuned",1000000,3,8104566,8000000,7997583,0,0,106983,999691,1999309,4998583
"NA12335","CEU","ancestry_tuned",1000000,3,8311519,8000000,6999607,0,0,1311912,0,2000000,4999607
"NA12336","CEU","ancestry_tuned",1000000,3,8118207,8000000,7998915,0,0,119292,1000000,1999967,4998948
"NA12344","CEU","ancestry_tuned",1000000,3,8267778,8000000,7998672,0,0,269106,998737,2000000,4999935
"NA12376","CEU","ancestry_tuned",1000000,2,6996551,8000000,6969689,0,0,26862,0,1969699,4999990
"NA12386","CEU","ancestry_tuned",1000000,3,8041218,8000000,7998973,0,0,42245,1000000,1999094,4999879
"NA12485","CEU","ancestry_tuned",1000000,3,8306794,8000000,6998919,0,0,1307875,0,2000000,4998919
"NA12707","CEU","ancestry_tuned",1000000,4,9202205,8000000,7999863,0,0,1202342,1000000,2000000,4999863
"NA12739","CEU","ancestry_tuned",1000000,3,7965808,8000000,7671947,0,0,293861,1000000,1672933,4999014
"NA12740","CEU","ancestry_tuned",1000000,3,8385932,8000000,6986573,0,0,1399359,0,1998574,4987999
"NA12752","CEU","ancestry_tuned",1000000,5,15536398,8000000,7998725,2100000,300000,5137673,999003,2000000,4999722
"NA12753","CEU","ancestry_tuned",1000000,3,9100088,8000000,6998889,400000,0,1701199,0,1998985,4999904
"NA12766","CEU","ancestry_tuned",1000000,3,8131077,8000000,7996003,0,0,135074,1000000,1997898,4998105
"NA12767","CEU","ancestry_tuned",1000000,2,7050157,8000000,6998508,0,0,51649,0,2000000,4998508
"NA12801","CEU","ancestry_tuned",1000000,3,8225923,8000000,7998258,0,0,227665,999739,1998519,5000000
"NA12802","CEU","ancestry_tuned",1000000,4,9794638,8000000,6998348,100000,0,2696290,0,1998584,4999764
"NA12817","CEU","ancestry_tuned",1000000,3,8206298,8000000,8000000,0,0,206298,1000000,2000000,5000000
"NA12818","CEU","ancestry_tuned",1000000,3,8099041,8000000,7661241,0,0,437800,1000000,1661241,5000000
"NA12832","CEU","ancestry_tuned",1000000,3,8018929,8000000,7997801,0,0,21128,999123,1999777,4998901
"NA12864","CEU","ancestry_tuned",1000000,2,7000546,8000000,6996901,0,0,3645,0,1997652,4999249
"NA12865","CEU","ancestry_tuned",1000000,4,9682379,8000000,7997125,100000,0,1585254,999973,2000000,4997152
"NA12877","CEU","ancestry_tuned",1000000,3,9207901,8000000,7999058,199550,0,1009293,1000000,1999058,5000000
"NA12878","CEU","ancestry_tuned",1000000,4,9216051,8000000,7996778,100000,0,1119273,999989,1996789,5000000
"NA06991","CEU","pooled",1000000,4,9210583,8000000,7999538,300000,0,911045,999996,1999542,5000000
"NA06995","CEU","pooled",1000000,4,9293719,8000000,7992877,100000,0,1200842,1000000,2000000,4992877
"NA06997","CEU","pooled",1000000,4,9732641,8000000,7994964,0,0,1737677,997512,1997553,4999899
"NA07014","CEU","pooled",1000000,4,9332722,8000000,7999892,0,0,1332830,999980,2000000,4999912
"NA07019","CEU","pooled",1000000,3,8141734,8000000,7997314,0,0,144420,999701,2000000,4997613
"NA07029","CEU","pooled",1000000,3,8322300,8000000,7000000,100000,0,1222300,0,2000000,5000000
"NA07048","CEU","pooled",1000000,4,10012914,8000000,7998243,600000,0,1414671,1000000,1998954,4999289
"NA07348","CEU","pooled",1000000,3,8034976,8000000,7995386,0,0,39590,1000000,1996331,4999055
"NA07349","CEU","pooled",1000000,3,8166750,8000000,7986002,0,0,180748,1000000,1986002,5000000
"NA10830","CEU","pooled",1000000,3,12358418,8000000,7995400,1200000,300000,2863018,998663,1996997,4999740
"NA10831","CEU","pooled",1000000,3,8200229,8000000,7999005,0,0,201224,1000000,1999005,5000000
"NA10835","CEU","pooled",1000000,4,12464838,8000000,7997957,1200000,300000,2966881,1000000,1999394,4998563
"NA10836","CEU","pooled",1000000,2,6997235,8000000,6997235,0,0,0,0,1998152,4999083
"NA10837","CEU","pooled",1000000,3,8785993,8000000,8000000,89085,0,696908,1000000,2000000,5000000
"NA10838","CEU","pooled",1000000,3,8018245,8000000,7993736,0,0,24509,999642,1999654,4994440
"NA10839","CEU","pooled",1000000,3,8023135,8000000,7987762,0,0,35373,999832,2000000,4987930
"NA10840","CEU","pooled",1000000,4,9549142,8000000,7999113,0,0,1550029,999427,2000000,4999686
"NA10842","CEU","pooled",1000000,2,7028038,8000000,6991661,0,0,36377,0,1999318,4992343
"NA10843","CEU","pooled",1000000,3,8009321,8000000,7990610,0,0,18711,998201,2000000,4992409
"NA10845","CEU","pooled",1000000,4,9298328,8000000,7999973,0,0,1298355,999973,2000000,5000000
"NA10846","CEU","pooled",1000000,3,8132562,8000000,7999354,0,0,133208,1000000,1999423,4999931
"NA10847","CEU","pooled",1000000,4,9799657,8000000,7996632,100000,0,1703025,998500,2000000,4998132
"NA10851","CEU","pooled",1000000,3,8332562,8000000,6998694,0,0,1333868,0,1999886,4998808
"NA10852","CEU","pooled",1000000,3,8517871,8000000,7997725,24102,0,496044,999584,2000000,4998141
"NA10854","CEU","pooled",1000000,4,9079584,8000000,7993008,700000,0,386576,999146,1997199,4996663
"NA10855","CEU","pooled",1000000,4,9712410,8000000,7997855,100000,0,1614555,999564,1998291,5000000
"NA10856","CEU","pooled",1000000,4,9113866,8000000,7998949,0,0,1114917,999231,1999718,5000000
"NA10857","CEU","pooled",1000000,2,6993010,8000000,6992621,0,0,389,0,1997816,4994805
"NA10859","CEU","pooled",1000000,5,10715597,8000000,7997064,100000,0,2618533,999894,1997494,4999676
"NA10860","CEU","pooled",1000000,2,7170231,8000000,6999079,0,0,171152,0,1999672,4999407
"NA10861","CEU","pooled",1000000,2,7320048,8000000,6992446,0,0,327602,0,1992446,5000000
"NA10863","CEU","pooled",1000000,4,9170225,8000000,7993795,0,0,1176430,998093,1998486,4997216
"NA10864","CEU","pooled",1000000,4,9349891,8000000,7993694,0,0,1356197,1000000,1999284,4994410
"NA10865","CEU","pooled",1000000,4,9500255,8000000,7999190,0,0,1501065,999839,1999526,4999825
"NA12329","CEU","pooled",1000000,3,8104566,8000000,7997583,0,0,106983,999691,1999309,4998583
"NA12335","CEU","pooled",1000000,3,8311519,8000000,6999607,0,0,1311912,0,2000000,4999607
"NA12336","CEU","pooled",1000000,3,8118207,8000000,7998915,0,0,119292,1000000,1999967,4998948
"NA12344","CEU","pooled",1000000,3,8281979,8000000,7998672,0,0,283307,998737,2000000,4999935
"NA12376","CEU","pooled",1000000,2,7015258,8000000,6988396,0,0,26862,0,1988406,4999990
"NA12386","CEU","pooled",1000000,3,8041218,8000000,7998973,0,0,42245,1000000,1999094,4999879
"NA12485","CEU","pooled",1000000,3,8306794,8000000,6998919,0,0,1307875,0,2000000,4998919
"NA12707","CEU","pooled",1000000,4,9205139,8000000,7999863,0,0,1205276,1000000,2000000,4999863
"NA12739","CEU","pooled",1000000,3,7965808,8000000,7671947,0,0,293861,1000000,1672933,4999014
"NA12740","CEU","pooled",1000000,3,8387692,8000000,6988333,0,0,1399359,0,1998574,4989759
"NA12752","CEU","pooled",1000000,4,14530978,8000000,7998725,1900000,300000,4332253,999003,2000000,4999722
"NA12753","CEU","pooled",1000000,3,9103353,8000000,6999904,400000,0,1703449,0,2000000,4999904
"NA12766","CEU","pooled",1000000,3,8131077,8000000,7996003,0,0,135074,1000000,1997898,4998105
"NA12767","CEU","pooled",1000000,2,7049366,8000000,6998508,0,0,50858,0,2000000,4998508
"NA12801","CEU","pooled",1000000,3,8225923,8000000,7998258,0,0,227665,999739,1998519,5000000
"NA12802","CEU","pooled",1000000,4,9875125,8000000,6996776,100000,0,2778349,0,1998584,4998192
"NA12817","CEU","pooled",1000000,3,8206298,8000000,8000000,0,0,206298,1000000,2000000,5000000
"NA12818","CEU","pooled",1000000,3,8349369,8000000,7661241,0,0,688128,1000000,1661241,5000000
"NA12832","CEU","pooled",1000000,3,8018929,8000000,7997801,0,0,21128,999123,1999777,4998901
"NA12864","CEU","pooled",1000000,2,7000546,8000000,6996901,0,0,3645,0,1997652,4999249
"NA12865","CEU","pooled",1000000,4,9682379,8000000,7997125,100000,0,1585254,999973,2000000,4997152
"NA12877","CEU","pooled",1000000,3,9250082,8000000,7999058,199550,0,1051474,1000000,1999058,5000000
"NA12878","CEU","pooled",1000000,4,9346495,8000000,7996778,100000,0,1249717,999989,1996789,5000000
"NA06991","CEU","single_population",1000000,4,9210583,8000000,7999538,300000,0,911045,999996,1999542,5000000
"NA06995","CEU","single_population",1000000,4,9293719,8000000,7992877,100000,0,1200842,1000000,2000000,4992877
"NA06997","CEU","single_population",1000000,4,9730684,8000000,7994964,0,0,1735720,997512,1997553,4999899
"NA07014","CEU","single_population",1000000,3,8299193,8000000,7999892,0,0,299301,999980,2000000,4999912
"NA07019","CEU","single_population",1000000,3,8141734,8000000,7997314,0,0,144420,999701,2000000,4997613
"NA07029","CEU","single_population",1000000,3,8322300,8000000,7000000,100000,0,1222300,0,2000000,5000000
"NA07048","CEU","single_population",1000000,4,9921697,8000000,7998232,600000,0,1323465,1000000,1998943,4999289
"NA07348","CEU","single_population",1000000,3,8034976,8000000,7995386,0,0,39590,1000000,1996331,4999055
"NA07349","CEU","single_population",1000000,3,8050907,8000000,7986002,0,0,64905,1000000,1986002,5000000
"NA10830","CEU","single_population",1000000,3,12358418,8000000,7995400,1200000,300000,2863018,998663,1996997,4999740
"NA10831","CEU","single_population",1000000,3,8200229,8000000,7999005,0,0,201224,1000000,1999005,5000000
"NA10835","CEU","single_population",1000000,4,12464838,8000000,7997957,1200000,300000,2966881,1000000,1999394,4998563
"NA10836","CEU","single_population",1000000,2,6997235,8000000,6997235,0,0,0,0,1998152,4999083
"NA10837","CEU","single_population",1000000,3,8785993,8000000,8000000,89085,0,696908,1000000,2000000,5000000
"NA10838","CEU","single_population",1000000,3,8018245,8000000,7993736,0,0,24509,999642,1999654,4994440
"NA10839","CEU","single_population",1000000,3,8023135,8000000,7987762,0,0,35373,999832,2000000,4987930
"NA10840","CEU","single_population",1000000,3,8467503,8000000,7999113,0,0,468390,999427,2000000,4999686
"NA10842","CEU","single_population",1000000,2,7003607,8000000,6989000,0,0,14607,0,1999318,4989682
"NA10843","CEU","single_population",1000000,3,8009321,8000000,7990610,0,0,18711,998201,2000000,4992409
"NA10845","CEU","single_population",1000000,4,9298328,8000000,7999973,0,0,1298355,999973,2000000,5000000
"NA10846","CEU","single_population",1000000,3,8128809,8000000,7999354,0,0,129455,1000000,1999423,4999931
"NA10847","CEU","single_population",1000000,4,9799657,8000000,7996632,100000,0,1703025,998500,2000000,4998132
"NA10851","CEU","single_population",1000000,3,8332562,8000000,6998694,0,0,1333868,0,1999886,4998808
"NA10852","CEU","single_population",1000000,3,8502403,8000000,7999502,24102,0,478799,999584,2000000,4999918
"NA10854","CEU","single_population",1000000,4,9046218,8000000,7995809,700000,0,350409,999146,2000000,4996663
"NA10855","CEU","single_population",1000000,4,9708348,8000000,7996830,100000,0,1611518,999564,1998291,4998975
"NA10856","CEU","single_population",1000000,3,8080337,8000000,7998949,0,0,81388,999231,1999718,5000000
"NA10857","CEU","single_population",1000000,2,6993010,8000000,6992621,0,0,389,0,1997816,4994805
"NA10859","CEU","single_population",1000000,5,10683489,8000000,7997064,100000,0,2586425,999894,1997494,4999676
"NA10860","CEU","single_population",1000000,2,7170231,8000000,6999079,0,0,171152,0,1999672,4999407
"NA10861","CEU","single_population",1000000,2,7318076,8000000,6991517,0,0,326559,0,1991517,5000000
"NA10863","CEU","single_population",1000000,4,9170225,8000000,7993795,0,0,1176430,998093,1998486,4997216
"NA10864","CEU","single_population",1000000,4,9242614,8000000,7998064,0,0,1244550,1000000,1999284,4998780
"NA10865","CEU","single_population",1000000,4,9500255,8000000,7999190,0,0,1501065,999839,1999526,4999825
"NA12329","CEU","single_population",1000000,3,8104566,8000000,7997583,0,0,106983,999691,1999309,4998583
"NA12335","CEU","single_population",1000000,3,8311519,8000000,6999607,0,0,1311912,0,2000000,4999607
"NA12336","CEU","single_population",1000000,3,8087119,8000000,7998915,0,0,88204,1000000,1999967,4998948
"NA12344","CEU","single_population",1000000,3,8267778,8000000,7998672,0,0,269106,998737,2000000,4999935
"NA12376","CEU","single_population",1000000,2,6996551,8000000,6969689,0,0,26862,0,1969699,4999990
"NA12386","CEU","single_population",1000000,3,8041218,8000000,7998973,0,0,42245,1000000,1999094,4999879
"NA12485","CEU","single_population",1000000,3,8306794,8000000,6998919,0,0,1307875,0,2000000,4998919
"NA12707","CEU","single_population",1000000,4,9202205,8000000,7999863,0,0,1202342,1000000,2000000,4999863
"NA12739","CEU","single_population",1000000,3,7965808,8000000,7671947,0,0,293861,1000000,1672933,4999014
"NA12740","CEU","single_population",1000000,3,8385932,8000000,6986573,0,0,1399359,0,1998574,4987999
"NA12752","CEU","single_population",1000000,5,15535725,8000000,7998725,2100000,300000,5137000,999003,2000000,4999722
"NA12753","CEU","single_population",1000000,3,9100088,8000000,6998889,400000,0,1701199,0,1998985,4999904
"NA12766","CEU","single_population",1000000,3,8131077,8000000,7996003,0,0,135074,1000000,1997898,4998105
"NA12767","CEU","single_population",1000000,2,7049366,8000000,6998508,0,0,50858,0,2000000,4998508
"NA12801","CEU","single_population",1000000,3,8225923,8000000,7998258,0,0,227665,999739,1998519,5000000
"NA12802","CEU","single_population",1000000,4,9794638,8000000,6998348,100000,0,2696290,0,1998584,4999764
"NA12817","CEU","single_population",1000000,3,8206298,8000000,8000000,0,0,206298,1000000,2000000,5000000
"NA12818","CEU","single_population",1000000,3,8099041,8000000,7661241,0,0,437800,1000000,1661241,5000000
"NA12832","CEU","single_population",1000000,3,8018929,8000000,7997801,0,0,21128,999123,1999777,4998901
"NA12864","CEU","single_population",1000000,2,7000546,8000000,6996901,0,0,3645,0,1997652,4999249
"NA12865","CEU","single_population",1000000,4,9682379,8000000,7997125,100000,0,1585254,999973,2000000,4997152
"NA12877","CEU","single_population",1000000,3,9207901,8000000,7999058,199550,0,1009293,1000000,1999058,5000000
"NA12878","CEU","single_population",1000000,4,9346495,8000000,7996778,100000,0,1249717,999989,1996789,5000000
"HG00405","CHS","ancestry_tuned",1000000,2,7204553,8000000,6999942,0,0,204611,0,1999942,5000000
"HG00408","CHS","ancestry_tuned",1000000,4,9610345,8000000,7997469,0,0,1612876,1000000,1999725,4997744
"HG00420","CHS","ancestry_tuned",1000000,3,8350050,8000000,7970074,100000,0,279976,1000000,1970074,5000000
"HG00423","CHS","ancestry_tuned",1000000,4,9968088,8000000,7997298,0,0,1970790,997943,1999355,5000000
"HG00429","CHS","ancestry_tuned",1000000,3,8061889,8000000,7994037,0,0,67852,1000000,1994540,4999497
"HG00438","CHS","ancestry_tuned",1000000,4,10322583,8000000,7000000,0,0,3322583,0,2000000,5000000
"HG00444","CHS","ancestry_tuned",1000000,3,8257716,8000000,7995851,0,0,261865,999849,1996162,4999840
"HG00447","CHS","ancestry_tuned",1000000,4,9245929,8000000,7996130,100000,0,1149799,1000000,1998719,4997411
"HG00450","CHS","ancestry_tuned",1000000,5,10450288,8000000,7994345,300000,0,2155943,995786,1998559,5000000
"HG00453","CHS","ancestry_tuned",1000000,4,10410131,8000000,7999372,0,0,2410759,1000000,2000000,4999372
"HG00459","CHS","ancestry_tuned",1000000,5,11138187,8000000,7997542,0,0,3140645,999662,1998875,4999005
"HG00465","CHS","ancestry_tuned",1000000,3,8575254,8000000,7995473,0,0,579781,1000000,1995473,5000000
"HG00474","CHS","ancestry_tuned",1000000,4,9563464,8000000,7997876,0,0,1565588,998938,1998938,5000000
"HG00477","CHS","ancestry_tuned",1000000,4,9409939,8000000,7998648,0,0,1411291,999972,1998676,5000000
"HG00480","CHS","ancestry_tuned",1000000,3,8222013,8000000,7996903,0,0,225110,1000000,1996903,5000000
"HG00502","CHS","ancestry_tuned",1000000,3,8209396,8000000,8000000,0,0,209396,1000000,2000000,5000000
"HG00514","CHS","ancestry_tuned",1000000,2,7225221,8000000,6998939,0,0,226282,0,2000000,4998939
"HG00526","CHS","ancestry_tuned",1000000,3,8538586,8000000,6999058,0,0,1539528,0,2000000,4999058
"HG00532","CHS","ancestry_tuned",1000000,4,10542072,8000000,7998250,0,0,2543822,999305,2000000,4998945
"HG00535","CHS","ancestry_tuned",1000000,4,9663323,8000000,7998719,0,0,1664604,1000000,1998719,5000000
"HG00538","CHS","ancestry_tuned",1000000,4,9727379,8000000,7997274,0,0,1730105,1000000,2000000,4997274
"HG00544","CHS","ancestry_tuned",1000000,3,8588120,8000000,6997016,300000,0,1291104,0,1997694,4999322
"HG00558","CHS","ancestry_tuned",1000000,4,9710500,8000000,7998734,0,0,1711766,999544,2000000,4999190
"HG00561","CHS","ancestry_tuned",1000000,4,9319389,8000000,7996131,100000,0,1223258,1000000,1997037,4999094
"HG00567","CHS","ancestry_tuned",1000000,3,10659395,8000000,6999567,1186659,0,2473169,0,1999567,5000000
"HG00579","CHS","ancestry_tuned",1000000,4,9169921,8000000,7998183,100000,0,1071738,999433,2000000,4998750
"HG00582","CHS","ancestry_tuned",1000000,2,7077826,8000000,6999665,0,0,78161,0,1999665,5000000
"HG00585","CHS","ancestry_tuned",1000000,3,8219215,8000000,7994832,0,0,224383,1000000,2000000,4994832
"HG00591","CHS","ancestry_tuned",1000000,3,8029246,8000000,6996307,0,0,1032939,0,1998732,4997575
"HG00594","CHS","ancestry_tuned",1000000,3,8200255,8000000,7997648,0,0,202607,1000000,1998920,4998728
"HG00597","CHS","ancestry_tuned",1000000,3,8038140,8000000,7994625,0,0,43515,996137,1999954,4998534
"HG00609","CHS","ancestry_tuned",1000000,5,11292249,8000000,7994646,412924,0,2884679,999807,1998225,4996614
"HG00612","CHS","ancestry_tuned",1000000,4,9549614,8000000,7993684,0,0,1555930,993999,1999685,5000000
"HG00615","CHS","ancestry_tuned",1000000,3,8278448,8000000,8000000,0,0,278448,1000000,2000000,5000000
"HG00621","CHS","ancestry_tuned",1000000,4,9712108,8000000,7958367,500000,0,1253741,1000000,1995495,4962872
"HG00627","CHS","ancestry_tuned",1000000,3,8630255,8000000,7996357,0,0,633898,1000000,1999538,4996819
"HG00630","CHS","ancestry_tuned",1000000,3,8127317,8000000,7997798,0,0,129519,999946,2000000,4997852
"HG00636","CHS","ancestry_tuned",1000000,4,10071960,8000000,7999143,100000,0,1972817,1000000,1999571,4999572
"HG00652","CHS","ancestry_tuned",1000000,4,9132455,8000000,7998464,0,0,1133991,998464,2000000,5000000
"HG00655","CHS","ancestry_tuned",1000000,4,9406017,8000000,7998608,0,0,1407409,1000000,2000000,4998608
"HG00658","CHS","ancestry_tuned",1000000,3,8265485,8000000,7999502,0,0,265983,1000000,1999502,5000000
"HG00664","CHS","ancestry_tuned",1000000,5,11623469,8000000,8000000,2000000,0,1623469,1000000,2000000,5000000
"HG00673","CHS","ancestry_tuned",1000000,4,9409994,8000000,7997048,0,0,1412946,1000000,1997374,4999674
"HG00685","CHS","ancestry_tuned",1000000,3,8455233,8000000,6997707,0,0,1457526,0,1998484,4999223
"HG00691","CHS","ancestry_tuned",1000000,2,7392286,8000000,6998925,0,0,393361,0,1999518,4999407
"HG00694","CHS","ancestry_tuned",1000000,4,9295684,8000000,7998003,0,0,1297681,999201,1999215,4999587
"HG00700","CHS","ancestry_tuned",1000000,2,7050857,8000000,6996672,0,0,54185,0,2000000,4996672
"HG00702","CHS","ancestry_tuned",1000000,4,9420959,8000000,7993942,0,0,1427017,1000000,1999226,4994716
"HG00703","CHS","ancestry_tuned",1000000,2,7727514,8000000,6999557,288456,0,439501,0,2000000,4999557
"HG00706","CHS","ancestry_tuned",1000000,2,7017104,8000000,6996873,0,0,20231,0,1997830,4999043
"HG00709","CHS","ancestry_tuned",1000000,4,9101777,8000000,7983907,100000,0,1017870,999476,2000000,4984431
"HG00405","CHS","pooled",1000000,2,7203593,8000000,6999942,0,0,203651,0,1999942,5000000
"HG00408","CHS","pooled",1000000,4,9634312,8000000,7997469,0,0,1636843,1000000,1999725,4997744
"HG00420","CHS","pooled",1000000,3,8343714,8000000,7970074,100000,0,273640,1000000,1970074,5000000
"HG00423","CHS","pooled",1000000,4,9993262,8000000,7997298,0,0,1995964,997943,1999355,5000000
"HG00429","CHS","pooled",1000000,3,8068635,8000000,7998356,0,0,70279,1000000,1998859,4999497
"HG00438","CHS","pooled",1000000,4,10322583,8000000,7000000,0,0,3322583,0,2000000,5000000
"HG00444","CHS","pooled",1000000,3,8257716,8000000,7995851,0,0,261865,999849,1996162,4999840
"HG00447","CHS","pooled",1000000,4,9245929,8000000,7996130,100000,0,1149799,1000000,1998719,4997411
"HG00450","CHS","pooled",1000000,5,10830504,8000000,7994345,300000,0,2536159,995786,1998559,5000000
"HG00453","CHS","pooled",1000000,4,10397584,8000000,7999372,0,0,2398212,1000000,2000000,4999372
"HG00459","CHS","pooled",1000000,5,11138187,8000000,7997542,0,0,3140645,999662,1998875,4999005
"HG00465","CHS","pooled",1000000,3,8578812,8000000,7995473,0,0,583339,1000000,1995473,5000000
"HG00474","CHS","pooled",1000000,4,9661966,8000000,7998938,0,0,1663028,1000000,1998938,5000000
"HG00477","CHS","pooled",1000000,4,9409939,8000000,7998648,0,0,1411291,999972,1998676,5000000
"HG00480","CHS","pooled",1000000,3,8222013,8000000,7996903,0,0,225110,1000000,1996903,5000000
"HG00502","CHS","pooled",1000000,3,8211345,8000000,8000000,0,0,211345,1000000,2000000,5000000
"HG00514","CHS","pooled",1000000,2,7225221,8000000,6998939,0,0,226282,0,2000000,4998939
"HG00526","CHS","pooled",1000000,3,8716620,8000000,6999058,0,0,1717562,0,2000000,4999058
"HG00532","CHS","pooled",1000000,4,10541130,8000000,7998852,0,0,2542278,999305,1999742,4999805
"HG00535","CHS","pooled",1000000,4,9663323,8000000,7998719,0,0,1664604,1000000,1998719,5000000
"HG00538","CHS","pooled",1000000,4,9727379,8000000,7997274,0,0,1730105,1000000,2000000,4997274
"HG00544","CHS","pooled",1000000,3,8588120,8000000,6997016,300000,0,1291104,0,1997694,4999322
"HG00558","CHS","pooled",1000000,4,9835362,8000000,7998734,0,0,1836628,999544,2000000,4999190
"HG00561","CHS","pooled",1000000,4,9319389,8000000,7996131,100000,0,1223258,1000000,1997037,4999094
"HG00567","CHS","pooled",1000000,3,10665470,8000000,6999567,1186659,0,2479244,0,1999567,5000000
"HG00579","CHS","pooled",1000000,4,9171111,8000000,7999373,100000,0,1071738,999433,2000000,4999940
"HG00582","CHS","pooled",1000000,2,7077826,8000000,6999665,0,0,78161,0,1999665,5000000
"HG00585","CHS","pooled",1000000,3,8236496,8000000,7994832,0,0,241664,1000000,2000000,4994832
"HG00591","CHS","pooled",1000000,3,8035822,8000000,6996307,0,0,1039515,0,1998732,4997575
"HG00594","CHS","pooled",1000000,3,8204032,8000000,7998920,0,0,205112,1000000,1998920,5000000
"HG00597","CHS","pooled",1000000,3,8038140,8000000,7994625,0,0,43515,996137,1999954,4998534
"HG00609","CHS","pooled",1000000,5,11292249,8000000,7994646,412924,0,2884679,999807,1998225,4996614
"HG00612","CHS","pooled",1000000,4,9554990,8000000,7993684,0,0,1561306,993999,1999685,5000000
"HG00615","CHS","pooled",1000000,3,8366582,8000000,8000000,0,0,366582,1000000,2000000,5000000
"HG00621","CHS","pooled",1000000,4,9810356,8000000,7995495,500000,0,1314861,1000000,1995495,5000000
"HG00627","CHS","pooled",1000000,3,8687295,8000000,7996357,0,0,690938,1000000,1999538,4996819
"HG00630","CHS","pooled",1000000,3,8130485,8000000,7997852,0,0,132633,1000000,2000000,4997852
"HG00636","CHS","pooled",1000000,4,10073862,8000000,7999143,100000,0,1974719,1000000,1999571,4999572
"HG00652","CHS","pooled",1000000,4,9206685,8000000,7998464,0,0,1208221,998464,2000000,5000000
"HG00655","CHS","pooled",1000000,4,9558877,8000000,7998608,0,0,1560269,1000000,2000000,4998608
"HG00658","CHS","pooled",1000000,3,8264114,8000000,7998131,0,0,265983,1000000,1998131,5000000
"HG00664","CHS","pooled",1000000,5,11650258,8000000,8000000,2000000,0,1650258,1000000,2000000,5000000
"HG00673","CHS","pooled",1000000,4,9409994,8000000,7997048,0,0,1412946,1000000,1997374,4999674
"HG00685","CHS","pooled",1000000,3,8455233,8000000,6997707,0,0,1457526,0,1998484,4999223
"HG00691","CHS","pooled",1000000,2,7392286,8000000,6998925,0,0,393361,0,1999518,4999407
"HG00694","CHS","pooled",1000000,4,9316274,8000000,7998416,0,0,1317858,999201,1999215,5000000
"HG00700","CHS","pooled",1000000,2,7052515,8000000,6996672,0,0,55843,0,2000000,4996672
"HG00702","CHS","pooled",1000000,4,9420959,8000000,7993942,0,0,1427017,1000000,1999226,4994716
"HG00703","CHS","pooled",1000000,2,7725526,8000000,6999557,288456,0,437513,0,2000000,4999557
"HG00706","CHS","pooled",1000000,3,8332334,8000000,6998311,100000,0,1234023,0,1999268,4999043
"HG00709","CHS","pooled",1000000,4,9111631,8000000,7983540,100000,0,1028091,999476,2000000,4984064
"HG00405","CHS","single_population",1000000,2,7204553,8000000,6999942,0,0,204611,0,1999942,5000000
"HG00408","CHS","single_population",1000000,4,9605935,8000000,7997469,0,0,1608466,1000000,1999725,4997744
"HG00420","CHS","single_population",1000000,3,8350050,8000000,7970074,100000,0,279976,1000000,1970074,5000000
"HG00423","CHS","single_population",1000000,4,9968088,8000000,7997298,0,0,1970790,997943,1999355,5000000
"HG00429","CHS","single_population",1000000,3,8061889,8000000,7994037,0,0,67852,1000000,1994540,4999497
"HG00438","CHS","single_population",1000000,4,10322583,8000000,7000000,0,0,3322583,0,2000000,5000000
"HG00444","CHS","single_population",1000000,3,8257716,8000000,7995851,0,0,261865,999849,1996162,4999840
"HG00447","CHS","single_population",1000000,4,9245929,8000000,7996130,100000,0,1149799,1000000,1998719,4997411
"HG00450","CHS","single_population",1000000,5,10450288,8000000,7994345,300000,0,2155943,995786,1998559,5000000
"HG00453","CHS","single_population",1000000,4,10408724,8000000,7999372,0,0,2409352,1000000,2000000,4999372
"HG00459","CHS","single_population",1000000,5,11138187,8000000,7997542,0,0,3140645,999662,1998875,4999005
"HG00465","CHS","single_population",1000000,3,8575254,8000000,7995473,0,0,579781,1000000,1995473,5000000
"HG00474","CHS","single_population",1000000,4,9563464,8000000,7997876,0,0,1565588,998938,1998938,5000000
"HG00477","CHS","single_population",1000000,4,9390268,8000000,7998648,0,0,1391620,999972,1998676,5000000
"HG00480","CHS","single_population",1000000,3,8148237,8000000,7996903,0,0,151334,1000000,1996903,5000000
"HG00502","CHS","single_population",1000000,3,8209396,8000000,8000000,0,0,209396,1000000,2000000,5000000
"HG00514","CHS","single_population",1000000,2,7225221,8000000,6998939,0,0,226282,0,2000000,4998939
"HG00526","CHS","single_population",1000000,3,8538586,8000000,6999058,0,0,1539528,0,2000000,4999058
"HG00532","CHS","single_population",1000000,4,10542072,8000000,7998250,0,0,2543822,999305,2000000,4998945
"HG00535","CHS","single_population",1000000,4,9663323,8000000,7998719,0,0,1664604,1000000,1998719,5000000
"HG00538","CHS","single_population",1000000,4,9727379,8000000,7997274,0,0,1730105,1000000,2000000,4997274
"HG00544","CHS","single_population",1000000,3,8588120,8000000,6997016,300000,0,1291104,0,1997694,4999322
"HG00558","CHS","single_population",1000000,4,9710500,8000000,7998734,0,0,1711766,999544,2000000,4999190
"HG00561","CHS","single_population",1000000,4,9319389,8000000,7996131,100000,0,1223258,1000000,1997037,4999094
"HG00567","CHS","single_population",1000000,3,10659395,8000000,6999567,1186659,0,2473169,0,1999567,5000000
"HG00579","CHS","single_population",1000000,4,9169921,8000000,7998183,100000,0,1071738,999433,2000000,4998750
"HG00582","CHS","single_population",1000000,2,7077826,8000000,6999665,0,0,78161,0,1999665,5000000
"HG00585","CHS","single_population",1000000,3,8219215,8000000,7994832,0,0,224383,1000000,2000000,4994832
"HG00591","CHS","single_population",1000000,3,8029246,8000000,6996307,0,0,1032939,0,1998732,4997575
"HG00594","CHS","single_population",1000000,3,8200255,8000000,7997648,0,0,202607,1000000,1998920,4998728
"HG00597","CHS","single_population",1000000,3,8038140,8000000,7994625,0,0,43515,996137,1999954,4998534
"HG00609","CHS","single_population",1000000,5,11292249,8000000,7994646,412924,0,2884679,999807,1998225,4996614
"HG00612","CHS","single_population",1000000,4,9554990,8000000,7993684,0,0,1561306,993999,1999685,5000000
"HG00615","CHS","single_population",1000000,3,8278448,8000000,8000000,0,0,278448,1000000,2000000,5000000
"HG00621","CHS","single_population",1000000,4,9712108,8000000,7958367,500000,0,1253741,1000000,1995495,4962872
"HG00627","CHS","single_population",1000000,3,8630255,8000000,7996357,0,0,633898,1000000,1999538,4996819
"HG00630","CHS","single_population",1000000,3,8127317,8000000,7997798,0,0,129519,999946,2000000,4997852
"HG00636","CHS","single_population",1000000,4,10071960,8000000,7999143,100000,0,1972817,1000000,1999571,4999572
"HG00652","CHS","single_population",1000000,4,9132455,8000000,7998464,0,0,1133991,998464,2000000,5000000
"HG00655","CHS","single_population",1000000,4,9406017,8000000,7998608,0,0,1407409,1000000,2000000,4998608
"HG00658","CHS","single_population",1000000,3,8265485,8000000,7999502,0,0,265983,1000000,1999502,5000000
"HG00664","CHS","single_population",1000000,5,11623469,8000000,8000000,2000000,0,1623469,1000000,2000000,5000000
"HG00673","CHS","single_population",1000000,4,9409994,8000000,7997048,0,0,1412946,1000000,1997374,4999674
"HG00685","CHS","single_population",1000000,3,8455233,8000000,6997707,0,0,1457526,0,1998484,4999223
"HG00691","CHS","single_population",1000000,2,7392286,8000000,6998925,0,0,393361,0,1999518,4999407
"HG00694","CHS","single_population",1000000,4,9295684,8000000,7998003,0,0,1297681,999201,1999215,4999587
"HG00700","CHS","single_population",1000000,2,7050857,8000000,6996672,0,0,54185,0,2000000,4996672
"HG00702","CHS","single_population",1000000,4,9418104,8000000,7993942,0,0,1424162,1000000,1999226,4994716
"HG00703","CHS","single_population",1000000,2,7727514,8000000,6999557,288456,0,439501,0,2000000,4999557
"HG00706","CHS","single_population",1000000,2,7017104,8000000,6996873,0,0,20231,0,1997830,4999043
"HG00709","CHS","single_population",1000000,4,9101777,8000000,7983907,100000,0,1017870,999476,2000000,4984431
"HG01114","CLM","ancestry_tuned",1000000,4,10588987,8000000,6999721,1500000,0,2089266,0,2000000,4999721
"HG01126","CLM","ancestry_tuned",1000000,3,14134476,8000000,6996132,1902925,300000,4935419,0,1997876,4998256
"HG01135","CLM","ancestry_tuned",1000000,3,8019596,8000000,7979277,0,0,40319,998600,1998896,4981781
"HG01138","CLM","ancestry_tuned",1000000,3,8063670,8000000,7996950,0,0,66720,1000000,1998816,4998134
"HG01141","CLM","ancestry_tuned",1000000,3,8078131,8000000,7999006,0,0,79125,999006,2000000,5000000
"HG01150","CLM","ancestry_tuned",1000000,2,6953374,8000000,6952283,0,0,1091,0,1952283,5000000
"HG01252","CLM","ancestry_tuned",1000000,4,9354779,8000000,7998528,200000,0,1156251,1000000,1999040,4999488
"HG01255","CLM","ancestry_tuned",1000000,5,10310325,8000000,7998485,300000,0,2011840,1000000,1999530,4998955
"HG01258","CLM","ancestry_tuned",1000000,3,8034087,8000000,7997212,0,0,36875,1000000,1997486,4999726
"HG01261","CLM","ancestry_tuned",1000000,3,7995873,8000000,7994072,0,0,1801,999461,1994611,5000000
"HG01273","CLM","ancestry_tuned",1000000,3,8184655,8000000,7998545,0,0,186110,999812,1998733,5000000
"HG01276","CLM","ancestry_tuned",1000000,4,9607327,8000000,8000000,0,0,1607327,1000000,2000000,5000000
"HG01279","CLM","ancestry_tuned",1000000,5,10903316,8000000,7990078,1100000,0,1813238,996394,1995333,4998351
"HG01343","CLM","ancestry_tuned",1000000,4,11709898,8000000,7998732,1351391,0,2359775,1000000,1999917,4998815
"HG01346","CLM","ancestry_tuned",1000000,3,8159810,8000000,7993635,0,0,166175,1000000,1996207,4997428
"HG01349","CLM","ancestry_tuned",1000000,5,13019478,8000000,7996915,3399857,0,1622706,996915,2000000,5000000
"HG01352","CLM","ancestry_tuned",1000000,4,9610430,8000000,7998965,0,0,1611465,1000000,1998965,5000000
"HG01355","CLM","ancestry_tuned",1000000,3,8228299,8000000,6997468,0,0,1230831,0,1997971,4999497
"HG01358","CLM","ancestry_tuned",1000000,4,10740820,8000000,7994519,0,0,2746301,1000000,1999301,4995218
"HG01361","CLM","ancestry_tuned",1000000,3,7996836,8000000,7943880,0,0,52956,994998,1951016,4997866
"HG01367","CLM","ancestry_tuned",1000000,3,8393472,8000000,7999499,0,0,393973,999499,2000000,5000000
"HG01376","CLM","ancestry_tuned",1000000,5,10159254,8000000,7992845,0,0,2166409,997656,1995189,5000000
"HG01379","CLM","ancestry_tuned",1000000,3,8114744,8000000,7996578,0,0,118166,999921,1996974,4999683
"HG01385","CLM","ancestry_tuned",1000000,4,9598457,8000000,7998604,0,0,1599853,998604,2000000,5000000
"HG01391","CLM","ancestry_tuned",1000000,5,10359900,8000000,7990758,100000,0,2269142,999809,1991358,4999591
"HG01433","CLM","ancestry_tuned",1000000,3,8141414,8000000,7972798,0,0,168616,986471,1986613,4999714
"HG01439","CLM","ancestry_tuned",1000000,3,8600102,8000000,6999954,1000000,0,600148,0,1999954,5000000
"HG01457","CLM","ancestry_tuned",1000000,3,8454521,8000000,7977974,0,0,476547,999496,1978478,5000000
"HG01463","CLM","ancestry_tuned",1000000,5,10773641,8000000,6990699,100000,0,3682942,0,2000000,4990699
"HG01466","CLM","ancestry_tuned",1000000,3,8561900,8000000,6998362,0,0,1563538,0,2000000,4998362
"HG01490","CLM","ancestry_tuned",1000000,3,8129554,8000000,7999264,0,0,130290,1000000,1999338,4999926
"HG01493","CLM","ancestry_tuned",1000000,3,8080437,8000000,7999796,0,0,80641,999944,2000000,4999852
"HG01496","CLM","ancestry_tuned",1000000,3,9124056,8000000,6996941,100000,0,2027115,0,1999891,4997050
"HG01499","CLM","ancestry_tuned",1000000,5,11436549,8000000,7998641,1931516,0,1506392,1000000,1998641,5000000
"HG01552","CLM","ancestry_tuned",1000000,3,8001721,8000000,7996178,0,0,5543,997712,1998999,4999467
"HG01114","CLM","pooled",1000000,4,10588987,8000000,6999721,1500000,0,2089266,0,2000000,4999721
"HG01126","CLM","pooled",1000000,3,14134476,8000000,6996132,1902925,300000,4935419,0,1997876,4998256
"HG01135","CLM","pooled",1000000,3,8019596,8000000,7979277,0,0,40319,998600,1998896,4981781
"HG01138","CLM","pooled",1000000,3,8063670,8000000,7996950,0,0,66720,1000000,1998816,4998134
"HG01141","CLM","pooled",1000000,3,8078131,8000000,7999006,0,0,79125,999006,2000000,5000000
"HG01150","CLM","pooled",1000000,2,6953374,8000000,6952283,0,0,1091,0,1952283,5000000
"HG01252","CLM","pooled",1000000,4,9357078,8000000,7997893,200000,0,1159185,1000000,1999040,4998853
"HG01255","CLM","pooled",1000000,5,10363867,8000000,7998485,300000,0,2065382,1000000,1999530,4998955
"HG01258","CLM","pooled",1000000,3,8034087,8000000,7997212,0,0,36875,1000000,1997486,4999726
"HG01261","CLM","pooled",1000000,3,7995873,8000000,7994072,0,0,1801,999461,1994611,5000000
"HG01273","CLM","pooled",1000000,3,8234946,8000000,7998545,0,0,236401,999812,1998733,5000000
"HG01276","CLM","pooled",1000000,4,9607327,8000000,8000000,0,0,1607327,1000000,2000000,5000000
"HG01279","CLM","pooled",1000000,5,10916316,8000000,7992922,1100000,0,1823394,996394,1998177,4998351
"HG01343","CLM","pooled",1000000,4,11711563,8000000,7998732,1351391,0,2361440,1000000,1999917,4998815
"HG01346","CLM","pooled",1000000,3,8173004,8000000,7993975,0,0,179029,1000000,1996207,4997768
"HG01349","CLM","pooled",1000000,5,13042173,8000000,7996915,3399857,0,1645401,996915,2000000,5000000
"HG01352","CLM","pooled",1000000,4,9652987,8000000,7998965,0,0,1654022,1000000,1998965,5000000
"HG01355","CLM","pooled",1000000,3,8237100,8000000,6997468,0,0,1239632,0,1997971,4999497
"HG01358","CLM","pooled",1000000,4,10741414,8000000,7994519,0,0,2746895,1000000,1999301,4995218
"HG01361","CLM","pooled",1000000,3,7996836,8000000,7943880,0,0,52956,994998,1951016,4997866
"HG01367","CLM","pooled",1000000,2,7392198,8000000,7000000,0,0,392198,0,2000000,5000000
"HG01376","CLM","pooled",1000000,5,10159254,8000000,7992845,0,0,2166409,997656,1995189,5000000
"HG01379","CLM","pooled",1000000,3,8114744,8000000,7996578,0,0,118166,999921,1996974,4999683
"HG01385","CLM","pooled",1000000,4,9599156,8000000,7998604,0,0,1600552,998604,2000000,5000000
"HG01391","CLM","pooled",1000000,6,11604398,8000000,7990758,200000,0,3413640,999809,1991358,4999591
"HG01433","CLM","pooled",1000000,3,8142789,8000000,7972798,0,0,169991,986471,1986613,4999714
"HG01439","CLM","pooled",1000000,3,8599530,8000000,6999954,1000000,0,599576,0,1999954,5000000
"HG01457","CLM","pooled",1000000,3,8454521,8000000,7977974,0,0,476547,999496,1978478,5000000
"HG01463","CLM","pooled",1000000,4,9689297,8000000,6990699,100000,0,2598598,0,2000000,4990699
"HG01466","CLM","pooled",1000000,3,8561900,8000000,6998362,0,0,1563538,0,2000000,4998362
"HG01490","CLM","pooled",1000000,3,8148894,8000000,7999264,0,0,149630,1000000,1999338,4999926
"HG01493","CLM","pooled",1000000,3,8080437,8000000,7999796,0,0,80641,999944,2000000,4999852
"HG01496","CLM","pooled",1000000,3,9124056,8000000,6996941,100000,0,2027115,0,1999891,4997050
"HG01499","CLM","pooled",1000000,5,11436549,8000000,7998641,1931516,0,1506392,1000000,1998641,5000000
"HG01552","CLM","pooled",1000000,3,8001721,8000000,7996178,0,0,5543,997712,1998999,4999467
"HG01114","CLM","single_population",1000000,4,10588987,8000000,6999721,1500000,0,2089266,0,2000000,4999721
"HG01126","CLM","single_population",1000000,3,14134476,8000000,6996132,1902925,300000,4935419,0,1997876,4998256
"HG01135","CLM","single_population",1000000,3,8019596,8000000,7979277,0,0,40319,998600,1998896,4981781
"HG01138","CLM","single_population",1000000,3,8063670,8000000,7996950,0,0,66720,1000000,1998816,4998134
"HG01141","CLM","single_population",1000000,3,8100405,8000000,7999006,0,0,101399,999006,2000000,5000000
"HG01150","CLM","single_population",1000000,2,6953374,8000000,6952283,0,0,1091,0,1952283,5000000
"HG01252","CLM","single_population",1000000,4,9354779,8000000,7998528,200000,0,1156251,1000000,1999040,4999488
"HG01255","CLM","single_population",1000000,5,10310325,8000000,7998485,300000,0,2011840,1000000,1999530,4998955
"HG01258","CLM","single_population",1000000,3,8033245,8000000,7996370,0,0,36875,1000000,1996644,4999726
"HG01261","CLM","single_population",1000000,3,7995873,8000000,7994072,0,0,1801,999461,1994611,5000000
"HG01273","CLM","single_population",1000000,3,8184655,8000000,7998545,0,0,186110,999812,1998733,5000000
"HG01276","CLM","single_population",1000000,4,9617560,8000000,8000000,0,0,1617560,1000000,2000000,5000000
"HG01279","CLM","single_population",1000000,5,10897753,8000000,7984515,1100000,0,1813238,996394,1995333,4992788
"HG01343","CLM","single_population",1000000,4,11709898,8000000,7998732,1351391,0,2359775,1000000,1999917,4998815
"HG01346","CLM","single_population",1000000,3,8165219,8000000,7993975,0,0,171244,1000000,1996207,4997768
"HG01349","CLM","single_population",1000000,5,13019478,8000000,7996915,3399857,0,1622706,996915,2000000,5000000
"HG01352","CLM","single_population",1000000,4,9610430,8000000,7998965,0,0,1611465,1000000,1998965,5000000
"HG01355","CLM","single_population",1000000,3,8354043,8000000,6998526,0,0,1355517,0,1999029,4999497
"HG01358","CLM","single_population",1000000,4,10740820,8000000,7994519,0,0,2746301,1000000,1999301,4995218
"HG01361","CLM","single_population",1000000,3,7996836,8000000,7943880,0,0,52956,994998,1951016,4997866
"HG01367","CLM","single_population",1000000,3,8393472,8000000,7999499,0,0,393973,999499,2000000,5000000
"HG01376","CLM","single_population",1000000,5,10134763,8000000,7980278,0,0,2154485,997656,1982622,5000000
"HG01379","CLM","single_population",1000000,3,8114744,8000000,7996578,0,0,118166,999921,1996974,4999683
"HG01385","CLM","single_population",1000000,4,9586533,8000000,7998604,0,0,1587929,998604,2000000,5000000
"HG01391","CLM","single_population",1000000,5,10340414,8000000,7987988,100000,0,2252426,999809,1988588,4999591
"HG01433","CLM","single_population",1000000,3,8142789,8000000,7972798,0,0,169991,986471,1986613,4999714
"HG01439","CLM","single_population",1000000,3,8589580,8000000,6999954,1000000,0,589626,0,1999954,5000000
"HG01457","CLM","single_population",1000000,3,8454521,8000000,7977974,0,0,476547,999496,1978478,5000000
"HG01463","CLM","single_population",1000000,4,9689297,8000000,6990699,100000,0,2598598,0,2000000,4990699
"HG01466","CLM","single_population",1000000,3,8518886,8000000,6998362,0,0,1520524,0,2000000,4998362
"HG01490","CLM","single_population",1000000,4,9176395,8000000,7999264,0,0,1177131,1000000,1999338,4999926
"HG01493","CLM","single_population",1000000,3,8080437,8000000,7999796,0,0,80641,999944,2000000,4999852
"HG01496","CLM","single_population",1000000,3,9124056,8000000,6996941,100000,0,2027115,0,1999891,4997050
"HG01499","CLM","single_population",1000000,5,11422155,8000000,7998641,1931516,0,1491998,1000000,1998641,5000000
"HG01552","CLM","single_population",1000000,4,9048562,8000000,7996178,100000,0,952384,997712,1998999,4999467
"HG02924","ESN","ancestry_tuned",1000000,2,7028691,8000000,6999796,0,0,28895,0,1999796,5000000
"HG02945","ESN","ancestry_tuned",1000000,4,15927272,8000000,7998917,3200000,300000,4428355,999635,1999282,5000000
"HG02948","ESN","ancestry_tuned",1000000,3,8411197,8000000,7991053,0,0,420144,999405,1998075,4993573
"HG02954","ESN","ancestry_tuned",1000000,2,7002226,8000000,6999761,0,0,2465,0,2000000,4999761
"HG02966","ESN","ancestry_tuned",1000000,3,7671553,8000000,7571812,0,0,99741,1000000,1573605,4998207
"HG02972","ESN","ancestry_tuned",1000000,2,6942341,8000000,6940185,0,0,2156,0,1999679,4940506
"HG02975","ESN","ancestry_tuned",1000000,2,7087473,8000000,6996202,0,0,91271,0,2000000,4996202
"HG02978","ESN","ancestry_tuned",1000000,2,7083064,8000000,7000000,16824,0,66240,0,2000000,5000000
"HG02980","ESN","ancestry_tuned",1000000,2,7032668,8000000,6994339,0,0,38329,0,1994339,5000000
"HG03101","ESN","ancestry_tuned",1000000,3,8059281,8000000,7996963,20038,0,42280,1000000,1997434,4999529
"HG03110","ESN","ancestry_tuned",1000000,3,8028239,8000000,7998484,0,0,29755,999839,1999403,4999242
"HG03113","ESN","ancestry_tuned",1000000,3,8026725,8000000,7991487,0,0,35238,995699,1999715,4996073
"HG03116","ESN","ancestry_tuned",1000000,4,14898131,8000000,7995895,1800000,300000,4802236,999459,1998375,4998061
"HG03119","ESN","ancestry_tuned",1000000,3,8101355,8000000,7997810,0,0,103545,999080,1999754,4998976
"HG03122","ESN","ancestry_tuned",1000000,2,7010920,8000000,6999007,0,0,11913,0,1999142,4999865
"HG03125","ESN","ancestry_tuned",1000000,4,9489430,8000000,7993763,0,0,1495667,998245,1999815,4995703
"HG03128","ESN","ancestry_tuned",1000000,3,7840394,8000000,7826098,0,0,14296,1000000,1999618,4826480
"HG03131","ESN","ancestry_tuned",1000000,3,8136270,8000000,7999178,0,0,137092,999733,1999445,5000000
"HG03134","ESN","ancestry_tuned",1000000,3,8166852,8000000,7994161,0,0,172691,1000000,1995218,4998943
"HG03137","ESN","ancestry_tuned",1000000,3,8369101,8000000,7997218,0,0,371883,1000000,1997536,4999682
"HG03161","ESN","ancestry_tuned",1000000,3,8116410,8000000,7989306,0,0,127104,1000000,1999122,4990184
"HG03164","ESN","ancestry_tuned",1000000,4,9226649,8000000,7990489,0,0,1236160,999179,1993430,4997880
"HG03170","ESN","ancestry_tuned",1000000,4,9277315,8000000,7993273,0,0,1284042,999345,1993928,5000000
"HG03191","ESN","ancestry_tuned",1000000,3,7768470,8000000,7637429,0,0,131041,1000000,2000000,4637429
"HG03197","ESN","ancestry_tuned",1000000,2,7290945,8000000,6989766,0,0,301179,0,1998782,4990984
"HG03200","ESN","ancestry_tuned",1000000,3,7767130,8000000,7755917,0,0,11213,1000000,1787154,4968763
"HG03269","ESN","ancestry_tuned",1000000,3,8355335,8000000,7997135,0,0,358200,999813,1999382,4997940
"HG03272","ESN","ancestry_tuned",1000000,3,11394554,8000000,6993852,1400000,300000,2700702,0,1997962,4995890
"HG03296","ESN","ancestry_tuned",1000000,4,9165130,8000000,7880256,0,0,1284874,999825,1880431,5000000
"HG03299","ESN","ancestry_tuned",1000000,3,8802113,8000000,7992923,100000,0,709190,1000000,1994638,4998285
"HG03302","ESN","ancestry_tuned",1000000,4,13368907,8000000,7994001,1100000,300000,3974906,999832,1997926,4996243
"HG03305","ESN","ancestry_tuned",1000000,2,7043718,8000000,6999170,0,0,44548,0,1999170,5000000
"HG03308","ESN","ancestry_tuned",1000000,3,8009784,8000000,7995800,0,0,13984,1000000,1995800,5000000
"HG03310","ESN","ancestry_tuned",1000000,6,16589477,8000000,7998017,4900000,0,3691460,1000000,1998017,5000000
"HG03314","ESN","ancestry_tuned",1000000,5,10335418,8000000,7939227,631516,0,1764675,998713,1948400,4992114
"HG03344","ESN","ancestry_tuned",1000000,3,9640418,8000000,7997539,934575,0,708304,997606,1999933,5000000
"HG03350","ESN","ancestry_tuned",1000000,4,9317704,8000000,7999558,300000,0,1018146,999558,2000000,5000000
"HG03368","ESN","ancestry_tuned",1000000,4,9284127,8000000,7997934,100000,0,1186193,1000000,1999340,4998594
"HG03371","ESN","ancestry_tuned",1000000,2,7317224,8000000,6996922,0,0,320302,0,1999617,4997305
"HG03374","ESN","ancestry_tuned",1000000,3,8043910,8000000,7988214,0,0,55696,1000000,1993007,4995207
"HG03516","ESN","ancestry_tuned",1000000,2,7092156,8000000,6997579,0,0,94577,0,1998803,4998776
"HG03519","ESN","ancestry_tuned",1000000,3,8075356,8000000,7996273,0,0,79083,998575,1997937,4999761
"HG03522","ESN","ancestry_tuned",1000000,3,8086492,8000000,7999658,0,0,86834,999963,2000000,4999695
"HG02924","ESN","pooled",1000000,2,7028691,8000000,6999796,0,0,28895,0,1999796,5000000
"HG02945","ESN","pooled",1000000,4,15919720,8000000,7991589,3200000,300000,4428131,999635,1999282,4992672
"HG02948","ESN","pooled",1000000,3,8417445,8000000,7997244,0,0,420201,999405,1998075,4999764
"HG02954","ESN","pooled",1000000,2,7002226,8000000,6999761,0,0,2465,0,2000000,4999761
"HG02966","ESN","pooled",1000000,3,8546041,8000000,7998207,0,0,547834,1000000,2000000,4998207
"HG02972","ESN","pooled",1000000,2,7044402,8000000,6997029,0,0,47373,0,1999679,4997350
"HG02975","ESN","pooled",1000000,2,7087473,8000000,6996202,0,0,91271,0,2000000,4996202
"HG02978","ESN","pooled",1000000,2,7083064,8000000,7000000,16824,0,66240,0,2000000,5000000
"HG02980","ESN","pooled",1000000,2,7036799,8000000,6994339,0,0,42460,0,1994339,5000000
"HG03101","ESN","pooled",1000000,3,8060498,8000000,7999859,20038,0,40601,1000000,2000000,4999859
"HG03110","ESN","pooled",1000000,3,8028866,8000000,7998484,0,0,30382,999839,1999403,4999242
"HG03113","ESN","pooled",1000000,3,8029578,8000000,7994340,0,0,35238,995699,1999715,4998926
"HG03116","ESN","pooled",1000000,4,14902766,8000000,7997345,1800000,300000,4805421,999459,1999825,4998061
"HG03119","ESN","pooled",1000000,3,8101355,8000000,7997810,0,0,103545,999080,1999754,4998976
"HG03122","ESN","pooled",1000000,3,8065402,8000000,6999007,0,0,1066395,0,1999142,4999865
"HG03125","ESN","pooled",1000000,4,9493917,8000000,7993763,0,0,1500154,998245,1999815,4995703
"HG03128","ESN","pooled",1000000,3,7840394,8000000,7826098,0,0,14296,1000000,1999618,4826480
"HG03131","ESN","pooled",1000000,3,8182426,8000000,7999178,0,0,183248,999733,1999445,5000000
"HG03134","ESN","pooled",1000000,3,8167125,8000000,7994161,0,0,172964,1000000,1995218,4998943
"HG03137","ESN","pooled",1000000,3,8369101,8000000,7997218,0,0,371883,1000000,1997536,4999682
"HG03161","ESN","pooled",1000000,4,9342278,8000000,7992605,500000,0,849673,1000000,2000000,4992605
"HG03164","ESN","pooled",1000000,4,9261115,8000000,7990489,0,0,1270626,999179,1993430,4997880
"HG03170","ESN","pooled",1000000,4,9275385,8000000,7993273,0,0,1282112,999345,1993928,5000000
"HG03191","ESN","pooled",1000000,3,8641826,8000000,7999027,0,0,642799,999027,2000000,5000000
"HG03197","ESN","pooled",1000000,2,7299854,8000000,6998675,0,0,301179,0,1998782,4999893
"HG03200","ESN","pooled",1000000,3,7767130,8000000,7755917,0,0,11213,1000000,1787154,4968763
"HG03269","ESN","pooled",1000000,3,8365644,8000000,7997322,0,0,368322,1000000,1999382,4997940
"HG03272","ESN","pooled",1000000,3,11409878,8000000,6995581,1400000,300000,2714297,0,1999691,4995890
"HG03296","ESN","pooled",1000000,4,8953758,8000000,7880256,0,0,1073502,999825,1880431,5000000
"HG03299","ESN","pooled",1000000,3,8802113,8000000,7992923,100000,0,709190,1000000,1994638,4998285
"HG03302","ESN","pooled",1000000,4,14385948,8000000,7995382,1300000,300000,4790566,999139,2000000,4996243
"HG03305","ESN","pooled",1000000,2,7082680,8000000,7000000,0,0,82680,0,2000000,5000000
"HG03308","ESN","pooled",1000000,3,8117689,8000000,7995800,0,0,121889,1000000,1995800,5000000
"HG03310","ESN","pooled",1000000,6,16614546,8000000,7998017,4900000,0,3716529,1000000,1998017,5000000
"HG03314","ESN","pooled",1000000,5,10373495,8000000,7990827,631516,0,1751152,998713,2000000,4992114
"HG03344","ESN","pooled",1000000,3,9653356,8000000,7997539,934575,0,721242,997606,1999933,5000000
"HG03350","ESN","pooled",1000000,4,9320670,8000000,7997880,300000,0,1022790,999558,2000000,4998322
"HG03368","ESN","pooled",1000000,4,13160182,8000000,7997934,1400000,300000,3462248,1000000,1999340,4998594
"HG03371","ESN","pooled",1000000,3,8371706,8000000,6996922,0,0,1374784,0,1999617,4997305
"HG03374","ESN","pooled",1000000,3,8043910,8000000,7988214,0,0,55696,1000000,1993007,4995207
"HG03516","ESN","pooled",1000000,2,7102728,8000000,6997579,0,0,105149,0,1998803,4998776
"HG03519","ESN","pooled",1000000,3,8075356,8000000,7996273,0,0,79083,998575,1997937,4999761
"HG03522","ESN","pooled",1000000,3,8081447,8000000,7993563,0,0,87884,999963,2000000,4993600
"HG02924","ESN","single_population",1000000,2,7028691,8000000,6999796,0,0,28895,0,1999796,5000000
"HG02945","ESN","single_population",1000000,4,15927272,8000000,7998917,3200000,300000,4428355,999635,1999282,5000000
"HG02948","ESN","single_population",1000000,3,8411197,8000000,7991053,0,0,420144,999405,1998075,4993573
"HG02954","ESN","single_population",1000000,2,7002226,8000000,6999761,0,0,2465,0,2000000,4999761
"HG02966","ESN","single_population",1000000,3,7671553,8000000,7571812,0,0,99741,1000000,1573605,4998207
"HG02972","ESN","single_population",1000000,2,6942341,8000000,6940185,0,0,2156,0,1999679,4940506
"HG02975","ESN","single_population",1000000,2,7087473,8000000,6996202,0,0,91271,0,2000000,4996202
"HG02978","ESN","single_population",1000000,2,7064155,8000000,6999429,16824,0,47902,0,1999429,5000000
"HG02980","ESN","single_population",1000000,2,7032668,8000000,6994339,0,0,38329,0,1994339,5000000
"HG03101","ESN","single_population",1000000,3,8059281,8000000,7996963,20038,0,42280,1000000,1997434,4999529
"HG03110","ESN","single_population",1000000,3,8028239,8000000,7998484,0,0,29755,999839,1999403,4999242
"HG03113","ESN","single_population",1000000,3,8026725,8000000,7991487,0,0,35238,995699,1999715,4996073
"HG03116","ESN","single_population",1000000,4,14898131,8000000,7995895,1800000,300000,4802236,999459,1998375,4998061
"HG03119","ESN","single_population",1000000,3,8101355,8000000,7997810,0,0,103545,999080,1999754,4998976
"HG03122","ESN","single_population",1000000,2,7010920,8000000,6999007,0,0,11913,0,1999142,4999865
"HG03125","ESN","single_population",1000000,4,9489430,8000000,7993763,0,0,1495667,998245,1999815,4995703
"HG03128","ESN","single_population",1000000,3,7840394,8000000,7826098,0,0,14296,1000000,1999618,4826480
"HG03131","ESN","single_population",1000000,3,8143472,8000000,7999178,0,0,144294,999733,1999445,5000000
"HG03134","ESN","single_population",1000000,3,8166852,8000000,7994161,0,0,172691,1000000,1995218,4998943
"HG03137","ESN","single_population",1000000,3,8369101,8000000,7997218,0,0,371883,1000000,1997536,4999682
"HG03161","ESN","single_population",1000000,3,8116410,8000000,7989306,0,0,127104,1000000,1999122,4990184
"HG03164","ESN","single_population",1000000,4,9226649,8000000,7990489,0,0,1236160,999179,1993430,4997880
"HG03170","ESN","single_population",1000000,4,9277315,8000000,7993273,0,0,1284042,999345,1993928,5000000
"HG03191","ESN","single_population",1000000,3,7768470,8000000,7637429,0,0,131041,1000000,2000000,4637429
"HG03197","ESN","single_population",1000000,2,7290945,8000000,6989766,0,0,301179,0,1998782,4990984
"HG03200","ESN","single_population",1000000,3,7767130,8000000,7755917,0,0,11213,1000000,1787154,4968763
"HG03269","ESN","single_population",1000000,3,8355335,8000000,7997135,0,0,358200,999813,1999382,4997940
"HG03272","ESN","single_population",1000000,3,11394554,8000000,6993852,1400000,300000,2700702,0,1997962,4995890
"HG03296","ESN","single_population",1000000,4,9165130,8000000,7880256,0,0,1284874,999825,1880431,5000000
"HG03299","ESN","single_population",1000000,3,8802113,8000000,7992923,100000,0,709190,1000000,1994638,4998285
"HG03302","ESN","single_population",1000000,4,14130876,8000000,7994001,1300000,300000,4536875,999832,1997926,4996243
"HG03305","ESN","single_population",1000000,2,7043718,8000000,6999170,0,0,44548,0,1999170,5000000
"HG03308","ESN","single_population",1000000,3,8009784,8000000,7995800,0,0,13984,1000000,1995800,5000000
"HG03310","ESN","single_population",1000000,6,16592881,8000000,7998017,4900000,0,3694864,1000000,1998017,5000000
"HG03314","ESN","single_population",1000000,5,10335082,8000000,7939227,631516,0,1764339,998713,1948400,4992114
"HG03344","ESN","single_population",1000000,3,9640418,8000000,7997539,934575,0,708304,997606,1999933,5000000
"HG03350","ESN","single_population",1000000,4,9317704,8000000,7999558,300000,0,1018146,999558,2000000,5000000
"HG03368","ESN","single_population",1000000,4,9314098,8000000,7999340,100000,0,1214758,1000000,1999340,5000000
"HG03371","ESN","single_population",1000000,2,7317224,8000000,6996922,0,0,320302,0,1999617,4997305
"HG03374","ESN","single_population",1000000,3,8043910,8000000,7988214,0,0,55696,1000000,1993007,4995207
"HG03516","ESN","single_population",1000000,2,7092156,8000000,6997579,0,0,94577,0,1998803,4998776
"HG03519","ESN","single_population",1000000,3,8075356,8000000,7996273,0,0,79083,998575,1997937,4999761
"HG03522","ESN","single_population",1000000,3,8086492,8000000,7999658,0,0,86834,999963,2000000,4999695
"NA19650","MXL","ancestry_tuned",1000000,3,8702531,8000000,6998684,1500000,0,203847,0,1999760,4998924
"NA19653","MXL","ancestry_tuned",1000000,4,9639497,8000000,6995222,0,0,2644275,0,1996278,4998944
"NA19656","MXL","ancestry_tuned",1000000,3,8142930,8000000,7998473,0,0,144457,1000000,1998473,5000000
"NA19659","MXL","ancestry_tuned",1000000,3,8259548,8000000,6999768,100000,0,1159780,0,1999768,5000000
"NA19662","MXL","ancestry_tuned",1000000,2,6995875,8000000,6995875,0,0,0,0,1999570,4996305
"NA19665","MXL","ancestry_tuned",1000000,5,11681391,8000000,7997698,300000,0,3383693,1000000,1998206,4999492
"NA19671","MXL","ancestry_tuned",1000000,4,9076821,8000000,7998734,0,0,1078087,1000000,1998743,4999991
"NA19675","MXL","ancestry_tuned",1000000,3,8396944,8000000,7996534,0,0,400410,1000000,1997431,4999103
"NA19677","MXL","ancestry_tuned",1000000,3,8257960,8000000,7995809,0,0,262151,997705,2000000,4998104
"NA19680","MXL","ancestry_tuned",1000000,3,8197549,8000000,7999100,0,0,198449,999819,1999281,5000000
"NA19683","MXL","ancestry_tuned",1000000,3,8198922,8000000,6997629,0,0,1201293,0,1999724,4997905
"NA19685","MXL","ancestry_tuned",1000000,3,8074362,8000000,7997367,0,0,76995,1000000,2000000,4997367
"NA19686","MXL","ancestry_tuned",1000000,3,8100892,8000000,7965952,0,0,134940,998470,1967544,4999938
"NA19718","MXL","ancestry_tuned",1000000,4,9113796,8000000,7991680,0,0,1122116,993213,1998626,4999841
"NA19721","MXL","ancestry_tuned",1000000,3,9377604,8000000,7996573,100000,0,1281031,1000000,1996908,4999665
"NA19724","MXL","ancestry_tuned",1000000,3,8386197,8000000,7999607,0,0,386590,1000000,2000000,4999607
"NA19727","MXL","ancestry_tuned",1000000,2,7141539,8000000,7000000,0,0,141539,0,2000000,5000000
"NA19730","MXL","ancestry_tuned",1000000,5,12638436,8000000,7999542,1100000,0,3538894,1000000,1999542,5000000
"NA19733","MXL","ancestry_tuned",1000000,4,9223060,8000000,7992021,200000,0,1031039,999956,2000000,4992065
"NA19748","MXL","ancestry_tuned",1000000,4,9290086,8000000,7995784,100000,0,1194302,997409,2000000,4998375
"NA19751","MXL","ancestry_tuned",1000000,3,8177026,8000000,7998819,0,0,178207,1000000,1999132,4999687
"NA19757","MXL","ancestry_tuned",1000000,4,14891288,8000000,7998595,1600000,300000,4992693,999909,2000000,4998686
"NA19760","MXL","ancestry_tuned",1000000,4,9702030,8000000,7993359,400000,0,1308671,1000000,1993954,4999405
"NA19763","MXL","ancestry_tuned",1000000,3,8061919,8000000,6996518,0,0,1065401,0,1996518,5000000
"NA19772","MXL","ancestry_tuned",1000000,4,9465924,8000000,7993845,200000,0,1272079,996958,1997314,4999573
"NA19775","MXL","ancestry_tuned",1000000,5,11098080,8000000,7999780,700000,0,2398300,999780,2000000,5000000
"NA19778","MXL","ancestry_tuned",1000000,3,9098059,8000000,7998933,200000,0,899126,999982,1999120,4999831
"NA19781","MXL","ancestry_tuned",1000000,3,8630087,8000000,7999393,177240,0,453454,999396,1999997,5000000
"NA19784","MXL","ancestry_tuned",1000000,4,9348447,8000000,7995767,200000,0,1152680,998394,1998118,4999255
"NA19787","MXL","ancestry_tuned",1000000,2,7067325,8000000,6997016,0,0,70309,0,1998342,4998674
"NA19790","MXL","ancestry_tuned",1000000,3,9355083,8000000,7992441,500000,0,862642,995812,1997255,4999374
"NA19796","MXL","ancestry_tuned",1000000,3,8451258,8000000,6997972,693754,0,759532,0,1999485,4998487
"NA19650","MXL","pooled",1000000,3,8699155,8000000,6995308,1500000,0,203847,0,1999760,4995548
"NA19653","MXL","pooled",1000000,4,9639497,8000000,6995222,0,0,2644275,0,1996278,4998944
"NA19656","MXL","pooled",1000000,3,8143487,8000000,7998473,0,0,145014,1000000,1998473,5000000
"NA19659","MXL","pooled",1000000,3,8419041,8000000,6999768,100000,0,1319273,0,1999768,5000000
"NA19662","MXL","pooled",1000000,2,6995875,8000000,6995875,0,0,0,0,1999570,4996305
"NA19665","MXL","pooled",1000000,5,11685453,8000000,7997698,300000,0,3387755,1000000,1998206,4999492
"NA19671","MXL","pooled",1000000,4,9090590,8000000,7998734,0,0,1091856,1000000,1998743,4999991
"NA19675","MXL","pooled",1000000,3,8394219,8000000,7996534,0,0,397685,1000000,1997431,4999103
"NA19677","MXL","pooled",1000000,3,8257960,8000000,7995809,0,0,262151,997705,2000000,4998104
"NA19680","MXL","pooled",1000000,3,8197549,8000000,7999100,0,0,198449,999819,1999281,5000000
"NA19683","MXL","pooled",1000000,4,9242232,8000000,7996816,0,0,1245416,999187,1999724,4997905
"NA19685","MXL","pooled",1000000,3,8074362,8000000,7997367,0,0,76995,1000000,2000000,4997367
"NA19686","MXL","pooled",1000000,4,9164262,8000000,7992194,0,0,1172068,998470,1993786,4999938
"NA19718","MXL","pooled",1000000,4,9120372,8000000,7991680,0,0,1128692,993213,1998626,4999841
"NA19721","MXL","pooled",1000000,4,10415195,8000000,7996573,100000,0,2318622,1000000,1996908,4999665
"NA19724","MXL","pooled",1000000,3,8386197,8000000,7999607,0,0,386590,1000000,2000000,4999607
"NA19727","MXL","pooled",1000000,2,7141539,8000000,7000000,0,0,141539,0,2000000,5000000
"NA19730","MXL","pooled",1000000,5,12642498,8000000,7999542,1100000,0,3542956,1000000,1999542,5000000
"NA19733","MXL","pooled",1000000,3,8171136,8000000,7992021,0,0,179115,999956,2000000,4992065
"NA19748","MXL","pooled",1000000,4,9295115,8000000,7995784,100000,0,1199331,997409,2000000,4998375
"NA19751","MXL","pooled",1000000,4,9232186,8000000,7998819,0,0,1233367,1000000,1999132,4999687
"NA19757","MXL","pooled",1000000,4,14923013,8000000,7997370,1600000,300000,5025643,999909,1998775,4998686
"NA19760","MXL","pooled",1000000,4,9706331,8000000,7993359,400000,0,1312972,1000000,1993954,4999405
"NA19763","MXL","pooled",1000000,3,8061919,8000000,6996518,0,0,1065401,0,1996518,5000000
"NA19772","MXL","pooled",1000000,4,9498200,8000000,7994272,200000,0,1303928,996958,1997314,5000000
"NA19775","MXL","pooled",1000000,5,11106595,8000000,7999780,700000,0,2406815,999780,2000000,5000000
"NA19778","MXL","pooled",1000000,3,9104635,8000000,7998933,200000,0,905702,999982,1999120,4999831
"NA19781","MXL","pooled",1000000,4,9691235,8000000,7999393,177240,0,1514602,999396,1999997,5000000
"NA19784","MXL","pooled",1000000,4,9399157,8000000,7995767,200000,0,1203390,998394,1998118,4999255
"NA19787","MXL","pooled",1000000,3,8078938,8000000,6997016,0,0,1081922,0,1998342,4998674
"NA19790","MXL","pooled",1000000,3,9358910,8000000,7994466,500000,0,864444,1000000,1997255,4997211
"NA19796","MXL","pooled",1000000,3,8451258,8000000,6997972,693754,0,759532,0,1999485,4998487
"NA19650","MXL","single_population",1000000,3,8699155,8000000,6995308,1500000,0,203847,0,1999760,4995548
"NA19653","MXL","single_population",1000000,4,9639497,8000000,6995222,0,0,2644275,0,1996278,4998944
"NA19656","MXL","single_population",1000000,3,8142930,8000000,7998473,0,0,144457,1000000,1998473,5000000
"NA19659","MXL","single_population",1000000,3,8259548,8000000,6999768,100000,0,1159780,0,1999768,5000000
"NA19662","MXL","single_population",1000000,2,6995875,8000000,6995875,0,0,0,0,1999570,4996305
"NA19665","MXL","single_population",1000000,5,11549641,8000000,7997698,300000,0,3251943,1000000,1998206,4999492
"NA19671","MXL","single_population",1000000,4,9095528,8000000,7998734,0,0,1096794,1000000,1998743,4999991
"NA19675","MXL","single_population",1000000,3,8396944,8000000,7996534,0,0,400410,1000000,1997431,4999103
"NA19677","MXL","single_population",1000000,3,8257960,8000000,7995809,0,0,262151,997705,2000000,4998104
"NA19680","MXL","single_population",1000000,3,8204175,8000000,7999100,0,0,205075,999819,1999281,5000000
"NA19683","MXL","single_population",1000000,3,8198922,8000000,6997629,0,0,1201293,0,1999724,4997905
"NA19685","MXL","single_population",1000000,3,8026454,8000000,7997367,0,0,29087,1000000,2000000,4997367
"NA19686","MXL","single_population",1000000,3,8100892,8000000,7965952,0,0,134940,998470,1967544,4999938
"NA19718","MXL","single_population",1000000,4,9113796,8000000,7991680,0,0,1122116,993213,1998626,4999841
"NA19721","MXL","single_population",1000000,3,9377604,8000000,7996573,100000,0,1281031,1000000,1996908,4999665
"NA19724","MXL","single_population",1000000,3,8386197,8000000,7999607,0,0,386590,1000000,2000000,4999607
"NA19727","MXL","single_population",1000000,2,7141539,8000000,7000000,0,0,141539,0,2000000,5000000
"NA19730","MXL","single_population",1000000,5,12638436,8000000,7999542,1100000,0,3538894,1000000,1999542,5000000
"NA19733","MXL","single_population",1000000,4,9223060,8000000,7992021,200000,0,1031039,999956,2000000,4992065
"NA19748","MXL","single_population",1000000,4,9290086,8000000,7995784,100000,0,1194302,997409,2000000,4998375
"NA19751","MXL","single_population",1000000,3,8198657,8000000,7998819,0,0,199838,1000000,1999132,4999687
"NA19757","MXL","single_population",1000000,4,14891288,8000000,7998595,1600000,300000,4992693,999909,2000000,4998686
"NA19760","MXL","single_population",1000000,4,9706331,8000000,7993359,400000,0,1312972,1000000,1993954,4999405
"NA19763","MXL","single_population",1000000,3,8061919,8000000,6996518,0,0,1065401,0,1996518,5000000
"NA19772","MXL","single_population",1000000,4,9471266,8000000,7993845,200000,0,1277421,996958,1997314,4999573
"NA19775","MXL","single_population",1000000,5,11098080,8000000,7999780,700000,0,2398300,999780,2000000,5000000
"NA19778","MXL","single_population",1000000,3,8669770,8000000,7998933,0,0,670837,999982,1999120,4999831
"NA19781","MXL","single_population",1000000,3,8630087,8000000,7999393,177240,0,453454,999396,1999997,5000000
"NA19784","MXL","single_population",1000000,4,9347218,8000000,7994538,200000,0,1152680,998394,1998118,4998026
"NA19787","MXL","single_population",1000000,2,7065066,8000000,6997016,0,0,68050,0,1998342,4998674
"NA19790","MXL","single_population",1000000,3,9361734,8000000,7996629,500000,0,865105,1000000,1997255,4999374
"NA19796","MXL","single_population",1000000,3,8451258,8000000,6997972,693754,0,759532,0,1999485,4998487
"HG01567","PEL","ancestry_tuned",1000000,4,9444761,8000000,6994778,100000,0,2349983,0,1999727,4995051
"HG01573","PEL","ancestry_tuned",1000000,4,9949206,8000000,7997764,47794,0,1903648,1000000,2000000,4997764
"HG01579","PEL","ancestry_tuned",1000000,6,13902247,8000000,7999881,1497575,0,4404791,1000000,2000000,4999881
"HG01898","PEL","ancestry_tuned",1000000,6,12135425,8000000,7994198,200000,0,3941227,999528,1996046,4998624
"HG01919","PEL","ancestry_tuned",1000000,4,9338940,8000000,6999939,946347,0,1392654,0,2000000,4999939
"HG01922","PEL","ancestry_tuned",1000000,5,11825452,8000000,7999693,1092505,0,2733254,1000000,2000000,4999693
"HG01925","PEL","ancestry_tuned",1000000,4,10484481,8000000,8000000,0,0,2484481,1000000,2000000,5000000
"HG01928","PEL","ancestry_tuned",1000000,6,11919108,8000000,7991831,300000,0,3627277,999825,1997838,4994168
"HG01934","PEL","ancestry_tuned",1000000,3,9692648,8000000,7999214,400000,0,1293434,1000000,2000000,4999214
"HG01937","PEL","ancestry_tuned",1000000,3,8870603,8000000,7995041,0,0,875562,998627,1996414,5000000
"HG01940","PEL","ancestry_tuned",1000000,3,8029495,8000000,7994414,0,0,35081,1000000,1996999,4997415
"HG01943","PEL","ancestry_tuned",1000000,5,13200420,8000000,7998391,1100000,0,4102029,1000000,1999671,4998720
"HG01946","PEL","ancestry_tuned",1000000,3,8407785,8000000,6998311,139553,0,1269921,0,2000000,4998311
"HG01949","PEL","ancestry_tuned",1000000,2,7192436,8000000,6996468,0,0,195968,0,1999904,4996564
"HG01952","PEL","ancestry_tuned",1000000,5,11056553,8000000,7995385,506119,0,2555049,1000000,1995385,5000000
"HG01955","PEL","ancestry_tuned",1000000,6,13413291,8000000,7996558,1946230,0,3470503,999696,2000000,4996862
"HG01969","PEL","ancestry_tuned",1000000,3,8589104,8000000,7999961,200000,0,389143,1000000,1999961,5000000
"HG01972","PEL","ancestry_tuned",1000000,3,9420453,8000000,7997142,300000,0,1123311,1000000,1998865,4998277
"HG01975","PEL","ancestry_tuned",1000000,5,10945994,8000000,7999181,500000,0,2446813,999953,1999228,5000000
"HG01978","PEL","ancestry_tuned",1000000,3,8973659,8000000,6995310,300000,0,1678349,0,1995310,5000000
"HG01981","PEL","ancestry_tuned",1000000,6,11908543,8000000,6997768,1100000,0,3810775,0,2000000,4997768
"HG01984","PEL","ancestry_tuned",1000000,2,7049753,8000000,6996901,0,0,52852,0,1997116,4999785
"HG01993","PEL","ancestry_tuned",1000000,3,8841660,8000000,7989658,169557,0,682445,1000000,1989658,5000000
"HG01998","PEL","ancestry_tuned",1000000,3,8133435,8000000,7997678,0,0,135757,999530,1998417,4999731
"HG02004","PEL","ancestry_tuned",1000000,4,10043255,8000000,7999996,100000,0,1943259,1000000,2000000,4999996
"HG02091","PEL","ancestry_tuned",1000000,5,12314095,8000000,7987921,1600000,0,2726174,998751,1991111,4998059
"HG02106","PEL","ancestry_tuned",1000000,6,13070771,8000000,7995423,1500000,0,3575348,999603,1995820,5000000
"HG02148","PEL","ancestry_tuned",1000000,4,10384666,8000000,7997229,100000,0,2287437,1000000,2000000,4997229
"HG02261","PEL","ancestry_tuned",1000000,6,11742886,8000000,8000000,467161,0,3275725,1000000,2000000,5000000
"HG02273","PEL","ancestry_tuned",1000000,5,10870871,8000000,7988950,200000,0,2681921,998220,1998256,4992474
"HG02279","PEL","ancestry_tuned",1000000,6,14192412,8000000,7997609,2200000,0,3994803,999805,2000000,4997804
"HG02287","PEL","ancestry_tuned",1000000,4,10937500,8000000,7998341,100000,0,2839159,999757,2000000,4998584
"HG02293","PEL","ancestry_tuned",1000000,6,13227070,8000000,7998634,1582063,0,3646373,999670,1999249,4999715
"HG02300","PEL","ancestry_tuned",1000000,4,9865675,8000000,7998449,200000,0,1667226,1000000,1998449,5000000
"HG02303","PEL","ancestry_tuned",1000000,4,9509705,8000000,6999964,500000,0,2009741,0,2000000,4999964
"HG01567","PEL","pooled",1000000,4,9458135,8000000,6998063,100000,0,2360072,0,1999727,4998336
"HG01573","PEL","pooled",1000000,4,9949206,8000000,7997764,47794,0,1903648,1000000,2000000,4997764
"HG01579","PEL","pooled",1000000,6,13938147,8000000,7999881,1497575,0,4440691,1000000,2000000,4999881
"HG01898","PEL","pooled",1000000,6,12163414,8000000,7997377,200000,0,3966037,999528,1999225,4998624
"HG01919","PEL","pooled",1000000,4,9337646,8000000,6998645,946347,0,1392654,0,2000000,4998645
"HG01922","PEL","pooled",1000000,5,11826325,8000000,7999693,1092505,0,2734127,1000000,2000000,4999693
"HG01925","PEL","pooled",1000000,4,10484481,8000000,8000000,0,0,2484481,1000000,2000000,5000000
"HG01928","PEL","pooled",1000000,6,11931878,8000000,7994369,300000,0,3637509,999825,1997838,4996706
"HG01934","PEL","pooled",1000000,3,9727444,8000000,7999214,400000,0,1328230,1000000,2000000,4999214
"HG01937","PEL","pooled",1000000,3,8913617,8000000,7995041,0,0,918576,998627,1996414,5000000
"HG01940","PEL","pooled",1000000,3,8026685,8000000,7992216,0,0,34469,997802,1996999,4997415
"HG01943","PEL","pooled",1000000,5,13206896,8000000,7998391,1100000,0,4108505,1000000,1999671,4998720
"HG01946","PEL","pooled",1000000,3,8407785,8000000,6998311,139553,0,1269921,0,2000000,4998311
"HG01949","PEL","pooled",1000000,2,7192436,8000000,6996468,0,0,195968,0,1999904,4996564
"HG01952","PEL","pooled",1000000,5,11057988,8000000,7995385,506119,0,2556484,1000000,1995385,5000000
"HG01955","PEL","pooled",1000000,6,13417353,8000000,7996558,1946230,0,3474565,999696,2000000,4996862
"HG01969","PEL","pooled",1000000,4,9626695,8000000,7999961,200000,0,1426734,1000000,1999961,5000000
"HG01972","PEL","pooled",1000000,3,9425376,8000000,7997142,300000,0,1128234,1000000,1998865,4998277
"HG01975","PEL","pooled",1000000,5,10948314,8000000,7999181,500000,0,2449133,999953,1999228,5000000
"HG01978","PEL","pooled",1000000,3,8973659,8000000,6995310,300000,0,1678349,0,1995310,5000000
"HG01981","PEL","pooled",1000000,6,11910675,8000000,6997768,1100000,0,3812907,0,2000000,4997768
"HG01984","PEL","pooled",1000000,2,7049753,8000000,6996901,0,0,52852,0,1997116,4999785
"HG01993","PEL","pooled",1000000,3,8846408,8000000,7990638,169557,0,686213,1000000,1990638,5000000
"HG01998","PEL","pooled",1000000,3,8133435,8000000,7997678,0,0,135757,999530,1998417,4999731
"HG02004","PEL","pooled",1000000,4,10043255,8000000,7999996,100000,0,1943259,1000000,2000000,4999996
"HG02091","PEL","pooled",1000000,5,12326039,8000000,7973480,1600000,0,2752559,996536,1991111,4985833
"HG02106","PEL","pooled",1000000,6,13119719,8000000,7995423,1500000,0,3624296,999603,1995820,5000000
"HG02148","PEL","pooled",1000000,5,11428177,8000000,7997229,100000,0,3330948,1000000,2000000,4997229
"HG02261","PEL","pooled",1000000,6,11887692,8000000,8000000,467161,0,3420531,1000000,2000000,5000000
"HG02273","PEL","pooled",1000000,5,10877447,8000000,7988950,200000,0,2688497,998220,1998256,4992474
"HG02279","PEL","pooled",1000000,6,14169912,8000000,7997609,2200000,0,3972303,999805,2000000,4997804
"HG02287","PEL","pooled",1000000,4,10944076,8000000,7998341,100000,0,2845735,999757,2000000,4998584
"HG02293","PEL","pooled",1000000,5,11937760,8000000,7998634,982063,0,2957063,999670,1999249,4999715
"HG02300","PEL","pooled",1000000,4,9864780,8000000,7998449,200000,0,1666331,1000000,1998449,5000000
"HG02303","PEL","pooled",1000000,5,10533537,8000000,7999779,500000,0,2033758,999815,2000000,4999964
"HG01567","PEL","single_population",1000000,4,9451237,8000000,6994778,100000,0,2356459,0,1999727,4995051
"HG01573","PEL","single_population",1000000,4,9949206,8000000,7997764,47794,0,1903648,1000000,2000000,4997764
"HG01579","PEL","single_population",1000000,6,13902247,8000000,7999881,1497575,0,4404791,1000000,2000000,4999881
"HG01898","PEL","single_population",1000000,6,12151411,8000000,7994198,200000,0,3957213,999528,1996046,4998624
"HG01919","PEL","single_population",1000000,4,9338940,8000000,6999939,946347,0,1392654,0,2000000,4999939
"HG01922","PEL","single_population",1000000,5,11825452,8000000,7999693,1092505,0,2733254,1000000,2000000,4999693
"HG01925","PEL","single_population",1000000,4,10484008,8000000,8000000,0,0,2484008,1000000,2000000,5000000
"HG01928","PEL","single_population",1000000,6,11919108,8000000,7991831,300000,0,3627277,999825,1997838,4994168
"HG01934","PEL","single_population",1000000,3,9692648,8000000,7999214,400000,0,1293434,1000000,2000000,4999214
"HG01937","PEL","single_population",1000000,3,8870603,8000000,7995041,0,0,875562,998627,1996414,5000000
"HG01940","PEL","single_population",1000000,3,8029495,8000000,7994414,0,0,35081,1000000,1996999,4997415
"HG01943","PEL","single_population",1000000,5,12868555,8000000,7998391,1000000,0,3870164,1000000,1999671,4998720
"HG01946","PEL","single_population",1000000,3,8407785,8000000,6998311,139553,0,1269921,0,2000000,4998311
"HG01949","PEL","single_population",1000000,2,7192436,8000000,6996468,0,0,195968,0,1999904,4996564
"HG01952","PEL","single_population",1000000,5,11053926,8000000,7995385,506119,0,2552422,1000000,1995385,5000000
"HG01955","PEL","single_population",1000000,6,13413291,8000000,7996558,1946230,0,3470503,999696,2000000,4996862
"HG01969","PEL","single_population",1000000,3,8571224,8000000,7999961,200000,0,371263,1000000,1999961,5000000
"HG01972","PEL","single_population",1000000,3,9420453,8000000,7997142,300000,0,1123311,1000000,1998865,4998277
"HG01975","PEL","single_population",1000000,5,10945994,8000000,7999181,500000,0,2446813,999953,1999228,5000000
"HG01978","PEL","single_population",1000000,3,8973659,8000000,6995310,300000,0,1678349,0,1995310,5000000
"HG01981","PEL","single_population",1000000,6,11896619,8000000,6997768,1100000,0,3798851,0,2000000,4997768
"HG01984","PEL","single_population",1000000,2,7049753,8000000,6996901,0,0,52852,0,1997116,4999785
"HG01993","PEL","single_population",1000000,3,8841660,8000000,7989658,169557,0,682445,1000000,1989658,5000000
"HG01998","PEL","single_population",1000000,3,8133435,8000000,7997678,0,0,135757,999530,1998417,4999731
"HG02004","PEL","single_population",1000000,4,10043255,8000000,7999996,100000,0,1943259,1000000,2000000,4999996
"HG02091","PEL","single_population",1000000,5,12317057,8000000,7987921,1600000,0,2729136,998751,1991111,4998059
"HG02106","PEL","single_population",1000000,6,13070771,8000000,7995423,1500000,0,3575348,999603,1995820,5000000
"HG02148","PEL","single_population",1000000,4,10396959,8000000,7997229,100000,0,2299730,1000000,2000000,4997229
"HG02261","PEL","single_population",1000000,6,11877460,8000000,8000000,467161,0,3410299,1000000,2000000,5000000
"HG02273","PEL","single_population",1000000,5,10870871,8000000,7988950,200000,0,2681921,998220,1998256,4992474
"HG02279","PEL","single_population",1000000,6,14192412,8000000,7997609,2200000,0,3994803,999805,2000000,4997804
"HG02287","PEL","single_population",1000000,4,10937500,8000000,7998341,100000,0,2839159,999757,2000000,4998584
"HG02293","PEL","single_population",1000000,5,11933698,8000000,7998634,982063,0,2953001,999670,1999249,4999715
"HG02300","PEL","single_population",1000000,4,9865675,8000000,7998449,200000,0,1667226,1000000,1998449,5000000
"HG02303","PEL","single_population",1000000,4,9509705,8000000,6999964,500000,0,2009741,0,2000000,4999964
"HG00552","PUR","ancestry_tuned",1000000,3,8372136,8000000,7992178,100000,0,279958,1000000,1992178,5000000
"HG00555","PUR","ancestry_tuned",1000000,3,8386584,8000000,7999559,0,0,387025,1000000,2000000,4999559
"HG00639","PUR","ancestry_tuned",1000000,2,7369404,8000000,7000000,0,0,369404,0,2000000,5000000
"HG00642","PUR","ancestry_tuned",1000000,4,9741426,8000000,7996406,0,0,1745020,1000000,1999679,4996727
"HG00733","PUR","ancestry_tuned",1000000,4,11326535,8000000,7997724,2728266,0,600545,999517,1998207,5000000
"HG00735","PUR","ancestry_tuned",1000000,5,10448583,8000000,7996283,400000,0,2052300,999998,1998356,4997929
"HG00738","PUR","ancestry_tuned",1000000,3,8042090,8000000,7997415,0,0,44675,1000000,1999510,4997905
"HG00741","PUR","ancestry_tuned",1000000,3,8040251,8000000,7990916,0,0,49335,999846,1999417,4991653
"HG01050","PUR","ancestry_tuned",1000000,4,11983287,8000000,7999290,3400000,0,583997,999789,2000000,4999501
"HG01053","PUR","ancestry_tuned",1000000,4,9307139,8000000,7998940,0,0,1308199,999349,2000000,4999591
"HG01056","PUR","ancestry_tuned",1000000,2,7000722,8000000,6975578,0,0,25144,0,2000000,4975578
"HG01062","PUR","ancestry_tuned",1000000,2,7073529,8000000,6996990,0,0,76539,0,1999783,4997207
"HG01068","PUR","ancestry_tuned",1000000,3,8035498,8000000,7996164,0,0,39334,996460,2000000,4999704
"HG01071","PUR","ancestry_tuned",1000000,3,8058520,8000000,7994489,0,0,64031,998845,1996141,4999503
"HG01074","PUR","ancestry_tuned",1000000,4,9240445,8000000,7986295,0,0,1254150,999336,1988456,4998503
"HG01081","PUR","ancestry_tuned",1000000,2,6992163,8000000,6992081,0,0,82,0,1995577,4996504
"HG01084","PUR","ancestry_tuned",1000000,2,7134009,8000000,6998672,0,0,135337,0,2000000,4998672
"HG01087","PUR","ancestry_tuned",1000000,5,10459200,8000000,7994888,0,0,2464312,1000000,1995880,4999008
"HG01096","PUR","ancestry_tuned",1000000,3,9152116,8000000,7000000,806453,0,1345663,0,2000000,5000000
"HG01099","PUR","ancestry_tuned",1000000,4,10271630,8000000,8000000,0,0,2271630,1000000,2000000,5000000
"HG01100","PUR","ancestry_tuned",1000000,3,9267598,8000000,7980573,0,0,1287025,982605,1998778,4999190
"HG01103","PUR","ancestry_tuned",1000000,3,8144337,8000000,7995695,0,0,148642,995695,2000000,5000000
"HG01106","PUR","ancestry_tuned",1000000,5,10933636,8000000,7997932,0,0,2935704,997977,1999955,5000000
"HG01109","PUR","ancestry_tuned",1000000,2,6925633,8000000,6922570,0,0,3063,0,1922570,5000000
"HG01169","PUR","ancestry_tuned",1000000,2,7088566,8000000,6998891,0,0,89675,0,1998891,5000000
"HG01172","PUR","ancestry_tuned",1000000,3,8153031,8000000,7998835,0,0,154196,999628,1999886,4999321
"HG01175","PUR","ancestry_tuned",1000000,3,8064253,8000000,6999191,0,0,1065062,0,1999440,4999751
"HG01178","PUR","ancestry_tuned",1000000,2,6994954,8000000,6992971,0,0,1983,0,1999697,4993274
"HG01184","PUR","ancestry_tuned",1000000,4,9359755,8000000,7983378,0,0,1376377,999532,1983846,5000000
"HG01189","PUR","ancestry_tuned",1000000,2,6999698,8000000,6996698,0,0,3000,0,1997921,4998777
"HG01192","PUR","ancestry_tuned",1000000,3,17353997,8000000,7998038,8969288,0,386671,999460,1998578,5000000
"HG01199","PUR","ancestry_tuned",1000000,3,8001709,8000000,7998344,0,0,3365,1000000,1999979,4998365
"HG01206","PUR","ancestry_tuned",1000000,4,9489176,8000000,7999340,100000,0,1389836,1000000,1999340,5000000
"HG01243","PUR","ancestry_tuned",1000000,3,8065058,8000000,7999897,0,0,65161,999897,2000000,5000000
"HG01249","PUR","ancestry_tuned",1000000,3,8025893,8000000,7993869,0,0,32024,998962,1999452,4995455
"HG00552","PUR","pooled",1000000,3,8372136,8000000,7992178,100000,0,279958,1000000,1992178,5000000
"HG00555","PUR","pooled",1000000,3,8386584,8000000,7999559,0,0,387025,1000000,2000000,4999559
"HG00639","PUR","pooled",1000000,2,7383127,8000000,7000000,0,0,383127,0,2000000,5000000
"HG00642","PUR","pooled",1000000,4,9741426,8000000,7996406,0,0,1745020,1000000,1999679,4996727
"HG00733","PUR","pooled",1000000,4,11317554,8000000,7997724,2728266,0,591564,999517,1998207,5000000
"HG00735","PUR","pooled",1000000,5,10449319,8000000,7996283,400000,0,2053036,999998,1998356,4997929
"HG00738","PUR","pooled",1000000,3,8051849,8000000,7999178,0,0,52671,1000000,1999510,4999668
"HG00741","PUR","pooled",1000000,3,8040251,8000000,7990916,0,0,49335,999846,1999417,4991653
"HG01050","PUR","pooled",1000000,4,11986187,8000000,7992526,3400000,0,593661,999789,2000000,4992737
"HG01053","PUR","pooled",1000000,4,9095767,8000000,7998940,0,0,1096827,999349,2000000,4999591
"HG01056","PUR","pooled",1000000,2,7000722,8000000,6975578,0,0,25144,0,2000000,4975578
"HG01062","PUR","pooled",1000000,2,7073529,8000000,6996990,0,0,76539,0,1999783,4997207
"HG01068","PUR","pooled",1000000,3,8035498,8000000,7996164,0,0,39334,996460,2000000,4999704
"HG01071","PUR","pooled",1000000,3,8059737,8000000,7994489,0,0,65248,998845,1996141,4999503
"HG01074","PUR","pooled",1000000,4,9282065,8000000,7997045,0,0,1285020,999336,1999206,4998503
"HG01081","PUR","pooled",1000000,2,6992163,8000000,6992081,0,0,82,0,1995577,4996504
"HG01084","PUR","pooled",1000000,2,7134009,8000000,6998672,0,0,135337,0,2000000,4998672
"HG01087","PUR","pooled",1000000,5,10459200,8000000,7994888,0,0,2464312,1000000,1995880,4999008
"HG01096","PUR","pooled",1000000,3,9174385,8000000,7000000,806453,0,1367932,0,2000000,5000000
"HG01099","PUR","pooled",1000000,4,10271630,8000000,8000000,0,0,2271630,1000000,2000000,5000000
"HG01100","PUR","pooled",1000000,3,9267598,8000000,7980573,0,0,1287025,982605,1998778,4999190
"HG01103","PUR","pooled",1000000,3,8144337,8000000,7995695,0,0,148642,995695,2000000,5000000
"HG01106","PUR","pooled",1000000,5,10935384,8000000,7997932,0,0,2937452,997977,1999955,5000000
"HG01109","PUR","pooled",1000000,2,6987165,8000000,6984912,0,0,2253,0,1984912,5000000
"HG01169","PUR","pooled",1000000,2,7088566,8000000,6998891,0,0,89675,0,1998891,5000000
"HG01172","PUR","pooled",1000000,3,8144352,8000000,7998835,0,0,145517,999628,1999886,4999321
"HG01175","PUR","pooled",1000000,3,8064253,8000000,6999191,0,0,1065062,0,1999440,4999751
"HG01178","PUR","pooled",1000000,2,6994954,8000000,6992971,0,0,1983,0,1999697,4993274
"HG01184","PUR","pooled",1000000,4,9359755,8000000,7983378,0,0,1376377,999532,1983846,5000000
"HG01189","PUR","pooled",1000000,2,6999698,8000000,6996698,0,0,3000,0,1997921,4998777
"HG01192","PUR","pooled",1000000,3,17349621,8000000,7993662,8969288,0,386671,995084,1998578,5000000
"HG01199","PUR","pooled",1000000,3,8001709,8000000,7998344,0,0,3365,1000000,1999979,4998365
"HG01206","PUR","pooled",1000000,4,9489176,8000000,7999340,100000,0,1389836,1000000,1999340,5000000
"HG01243","PUR","pooled",1000000,3,8065058,8000000,7999897,0,0,65161,999897,2000000,5000000
"HG01249","PUR","pooled",1000000,3,8025893,8000000,7993869,0,0,32024,998962,1999452,4995455
"HG00552","PUR","single_population",1000000,3,8372136,8000000,7992178,100000,0,279958,1000000,1992178,5000000
"HG00555","PUR","single_population",1000000,3,8386584,8000000,7999559,0,0,387025,1000000,2000000,4999559
"HG00639","PUR","single_population",1000000,2,7381825,8000000,7000000,0,0,381825,0,2000000,5000000
"HG00642","PUR","single_population",1000000,4,9741426,8000000,7996406,0,0,1745020,1000000,1999679,4996727
"HG00733","PUR","single_population",1000000,4,11342464,8000000,7997724,2728266,0,616474,999517,1998207,5000000
"HG00735","PUR","single_population",1000000,5,10448583,8000000,7996283,400000,0,2052300,999998,1998356,4997929
"HG00738","PUR","single_population",1000000,3,8063268,8000000,7998307,0,0,64961,1000000,1998639,4999668
"HG00741","PUR","single_population",1000000,3,8040251,8000000,7990916,0,0,49335,999846,1999417,4991653
"HG01050","PUR","single_population",1000000,4,11983287,8000000,7999290,3400000,0,583997,999789,2000000,4999501
"HG01053","PUR","single_population",1000000,3,8056413,8000000,7998940,0,0,57473,999349,2000000,4999591
"HG01056","PUR","single_population",1000000,2,7000722,8000000,6975578,0,0,25144,0,2000000,4975578
"HG01062","PUR","single_population",1000000,2,7073529,8000000,6996990,0,0,76539,0,1999783,4997207
"HG01068","PUR","single_population",1000000,3,8035498,8000000,7996164,0,0,39334,996460,2000000,4999704
"HG01071","PUR","single_population",1000000,3,8058520,8000000,7994489,0,0,64031,998845,1996141,4999503
"HG01074","PUR","single_population",1000000,4,9241762,8000000,7986959,0,0,1254803,1000000,1988456,4998503
"HG01081","PUR","single_population",1000000,2,6992163,8000000,6992081,0,0,82,0,1995577,4996504
"HG01084","PUR","single_population",1000000,2,7134009,8000000,6998672,0,0,135337,0,2000000,4998672
"HG01087","PUR","single_population",1000000,4,9203761,8000000,7994888,0,0,1208873,1000000,1995880,4999008
"HG01096","PUR","single_population",1000000,2,8140856,8000000,7000000,806453,0,334403,0,2000000,5000000
"HG01099","PUR","single_population",1000000,4,10271630,8000000,8000000,0,0,2271630,1000000,2000000,5000000
"HG01100","PUR","single_population",1000000,3,9224584,8000000,7980573,0,0,1244011,982605,1998778,4999190
"HG01103","PUR","single_population",1000000,3,8138696,8000000,7990054,0,0,148642,990054,2000000,5000000
"HG01106","PUR","single_population",1000000,5,10927060,8000000,7997932,0,0,2929128,997977,1999955,5000000
"HG01109","PUR","single_population",1000000,2,6987165,8000000,6984912,0,0,2253,0,1984912,5000000
"HG01169","PUR","single_population",1000000,2,7088566,8000000,6998891,0,0,89675,0,1998891,5000000
"HG01172","PUR","single_population",1000000,3,8146456,8000000,7998835,0,0,147621,999628,1999886,4999321
"HG01175","PUR","single_population",1000000,3,8064253,8000000,6999191,0,0,1065062,0,1999440,4999751
"HG01178","PUR","single_population",1000000,2,6992823,8000000,6992781,0,0,42,0,1999697,4993084
"HG01184","PUR","single_population",1000000,4,9359755,8000000,7983378,0,0,1376377,999532,1983846,5000000
"HG01189","PUR","single_population",1000000,2,6999698,8000000,6996698,0,0,3000,0,1997921,4998777
"HG01192","PUR","single_population",1000000,3,17353997,8000000,7998038,8969288,0,386671,999460,1998578,5000000
"HG01199","PUR","single_population",1000000,3,8001709,8000000,7998344,0,0,3365,1000000,1999979,4998365
"HG01206","PUR","single_population",1000000,4,9500934,8000000,7999340,100000,0,1401594,1000000,1999340,5000000
"HG01243","PUR","single_population",1000000,3,8054133,8000000,7999897,0,0,54236,999897,2000000,5000000
"HG01249","PUR","single_population",1000000,3,8025893,8000000,7993869,0,0,32024,998962,1999452,4995455
"NA18484","YRI","ancestry_tuned",1000000,2,7003140,8000000,6996880,0,0,6260,0,2000000,4996880
"NA18485","YRI","ancestry_tuned",1000000,2,7044543,8000000,6998137,0,0,46406,0,1998651,4999486
"NA18497","YRI","ancestry_tuned",1000000,3,8018858,8000000,7996637,0,0,22221,999709,1999354,4997574
"NA18500","YRI","ancestry_tuned",1000000,2,7697412,8000000,6998814,100000,0,598598,0,1999153,4999661
"NA18503","YRI","ancestry_tuned",1000000,2,6994668,8000000,6994668,0,0,0,0,1999049,4995619
"NA18506","YRI","ancestry_tuned",1000000,3,8755734,8000000,6998462,900000,0,857272,0,2000000,4998462
"NA18515","YRI","ancestry_tuned",1000000,2,7019242,8000000,6998250,0,0,20992,0,1998615,4999635
"NA18518","YRI","ancestry_tuned",1000000,3,8036560,8000000,7995065,0,0,41495,999431,1999871,4995763
"NA18521","YRI","ancestry_tuned",1000000,2,7262019,8000000,6997517,0,0,264502,0,1999489,4998028
"NA18854","YRI","ancestry_tuned",1000000,2,7013950,8000000,6998078,0,0,15872,0,1999979,4998099
"NA18857","YRI","ancestry_tuned",1000000,5,11071985,8000000,7998385,1400000,0,1673600,998567,1999818,5000000
"NA18860","YRI","ancestry_tuned",1000000,3,8001284,8000000,7996452,0,0,4832,1000000,1998837,4997615
"NA18863","YRI","ancestry_tuned",1000000,3,8065722,8000000,7998215,0,0,67507,1000000,1998278,4999937
"NA18869","YRI","ancestry_tuned",1000000,3,9898512,8000000,7997756,200000,0,1700756,999442,1999447,4998867
"NA18872","YRI","ancestry_tuned",1000000,4,10002662,8000000,7995291,1500000,0,507371,998352,2000000,4996939
"NA18875","YRI","ancestry_tuned",1000000,2,7070617,8000000,7000000,0,0,70617,0,2000000,5000000
"NA18906","YRI","ancestry_tuned",1000000,3,8658637,8000000,7998868,159110,0,500659,999786,1999082,5000000
"NA18911","YRI","ancestry_tuned",1000000,2,7011854,8000000,6989986,0,0,21868,0,1989986,5000000
"NA18914","YRI","ancestry_tuned",1000000,2,7011027,8000000,6999833,0,0,11194,0,2000000,4999833
"NA18925","YRI","ancestry_tuned",1000000,4,10752391,8000000,7994278,1400000,0,1358113,1000000,1997914,4996364
"NA18930","YRI","ancestry_tuned",1000000,2,7021763,8000000,6998100,0,0,23663,0,1998100,5000000
"NA18935","YRI","ancestry_tuned",1000000,2,7258439,8000000,6998497,0,0,259942,0,2000000,4998497
"NA19094","YRI","ancestry_tuned",1000000,3,8232785,8000000,6999245,0,0,1233540,0,2000000,4999245
"NA19097","YRI","ancestry_tuned",1000000,4,9414561,8000000,7997662,100000,0,1316899,997768,1999894,5000000
"NA19100","YRI","ancestry_tuned",1000000,2,7026828,8000000,7000000,0,0,26828,0,2000000,5000000
"NA19103","YRI","ancestry_tuned",1000000,2,7000372,8000000,6998371,0,0,2001,0,1999298,4999073
"NA19109","YRI","ancestry_tuned",1000000,2,7000037,8000000,6997710,0,0,2327,0,1998596,4999114
"NA19115","YRI","ancestry_tuned",1000000,4,12860183,8000000,6997106,1400000,300000,4163077,0,1997571,4999535
"NA19120","YRI","ancestry_tuned",1000000,3,8047914,8000000,6992007,300000,0,755907,0,1995266,4996741
"NA19123","YRI","ancestry_tuned",1000000,4,10294728,8000000,7997091,1800000,0,497637,1000000,1999010,4998081
"NA19129","YRI","ancestry_tuned",1000000,2,6999319,8000000,6998671,0,0,648,0,1999169,4999502
"NA19132","YRI","ancestry_tuned",1000000,3,8061434,8000000,6990661,100000,0,970773,0,1998704,4991957
"NA19139","YRI","ancestry_tuned",1000000,3,11167031,8000000,6998260,1300000,300000,2568771,0,1999743,4998517
"NA19142","YRI","ancestry_tuned",1000000,2,6998619,8000000,6998269,0,0,350,0,1999118,4999151
"NA19145","YRI","ancestry_tuned",1000000,3,8057644,8000000,7994942,0,0,62702,996813,1998352,4999777
"NA19148","YRI","ancestry_tuned",1000000,3,8051203,8000000,7999752,0,0,51451,1000000,2000000,4999752
"NA19151","YRI","ancestry_tuned",1000000,2,6995812,8000000,6995439,0,0,373,0,1996305,4999134
"NA19154","YRI","ancestry_tuned",1000000,3,8157366,8000000,7999588,0,0,157778,999588,2000000,5000000
"NA19161","YRI","ancestry_tuned",1000000,3,15177213,8000000,6990421,3900000,300000,3986792,0,1997801,4992620
"NA19173","YRI","ancestry_tuned",1000000,2,7001827,8000000,6997489,0,0,4338,0,1999738,4997751
"NA19174","YRI","ancestry_tuned",1000000,4,9239642,8000000,7996046,0,0,1243596,997453,1999954,4998639
"NA19177","YRI","ancestry_tuned",1000000,2,6995411,8000000,6995411,0,0,0,0,1998016,4997395
"NA19186","YRI","ancestry_tuned",1000000,3,8043334,8000000,7999209,0,0,44125,999924,2000000,4999285
"NA19191","YRI","ancestry_tuned",1000000,3,8254002,8000000,6998977,100000,0,1155025,0,1999778,4999199
"NA19199","YRI","ancestry_tuned",1000000,3,8019730,8000000,7994705,0,0,25025,1000000,1995679,4999026
"NA19202","YRI","ancestry_tuned",1000000,3,8193508,8000000,7981244,100000,0,112264,994884,1986507,4999853
"NA19205","YRI","ancestry_tuned",1000000,4,11629926,8000000,7997370,3400000,0,232556,998025,1999979,4999366
"NA19208","YRI","ancestry_tuned",1000000,4,9833908,8000000,7987299,1600000,0,246609,999610,2000000,4987689
"NA19211","YRI","ancestry_tuned",1000000,3,8123528,8000000,6997361,900000,0,226167,0,1997531,4999830
"NA19215","YRI","ancestry_tuned",1000000,3,7999771,8000000,7995038,0,0,4733,998014,1999110,4997914
"NA19221","YRI","ancestry_tuned",1000000,4,9086217,8000000,7996932,100000,0,989285,1000000,1997811,4999121
"NA19224","YRI","ancestry_tuned",1000000,4,11396756,8000000,8000000,2700000,0,696756,1000000,2000000,5000000
"NA19237","YRI","ancestry_tuned",1000000,3,8219186,8000000,7999813,0,0,219373,999926,2000000,4999887
"NA19240","YRI","ancestry_tuned",1000000,3,8011844,8000000,7997432,0,0,14412,999455,1998700,4999277
"NA19249","YRI","ancestry_tuned",1000000,3,8086122,8000000,7999385,0,0,86737,999481,1999904,5000000
"NA19258","YRI","ancestry_tuned",1000000,3,8107500,8000000,7988935,0,0,118565,993963,1994972,5000000
"NA18484","YRI","pooled",1000000,2,7004593,8000000,6996880,0,0,7713,0,2000000,4996880
"NA18485","YRI","pooled",1000000,2,7091705,8000000,6998651,0,0,93054,0,1998651,5000000
"NA18497","YRI","pooled",1000000,3,8019443,8000000,7996637,0,0,22806,999709,1999354,4997574
"NA18500","YRI","pooled",1000000,2,7696704,8000000,6998106,100000,0,598598,0,1999153,4998953
"NA18503","YRI","pooled",1000000,2,6994668,8000000,6994668,0,0,0,0,1999049,4995619
"NA18506","YRI","pooled",1000000,3,8763782,8000000,6997179,900000,0,866603,0,2000000,4997179
"NA18515","YRI","pooled",1000000,3,11015865,8000000,6998250,1000000,300000,2717615,0,1998615,4999635
"NA18518","YRI","pooled",1000000,3,8036560,8000000,7995065,0,0,41495,999431,1999871,4995763
"NA18521","YRI","pooled",1000000,2,7262019,8000000,6997517,0,0,264502,0,1999489,4998028
"NA18854","YRI","pooled",1000000,2,7013950,8000000,6998078,0,0,15872,0,1999979,4998099
"NA18857","YRI","pooled",1000000,5,11253459,8000000,7998385,1400000,0,1855074,998567,1999818,5000000
"NA18860","YRI","pooled",1000000,3,8001284,8000000,7996452,0,0,4832,1000000,1998837,4997615
"NA18863","YRI","pooled",1000000,4,12068179,8000000,7998215,1200000,300000,2569964,1000000,1998278,4999937
"NA18869","YRI","pooled",1000000,3,9898512,8000000,7997756,200000,0,1700756,999442,1999447,4998867
"NA18872","YRI","pooled",1000000,4,10002662,8000000,7995291,1500000,0,507371,998352,2000000,4996939
"NA18875","YRI","pooled",1000000,2,7070617,8000000,7000000,0,0,70617,0,2000000,5000000
"NA18906","YRI","pooled",1000000,3,8657230,8000000,7997461,159110,0,500659,999786,1997675,5000000
"NA18911","YRI","pooled",1000000,2,7026690,8000000,6999653,0,0,27037,0,1999653,5000000
"NA18914","YRI","pooled",1000000,2,7011027,8000000,6999833,0,0,11194,0,2000000,4999833
"NA18925","YRI","pooled",1000000,4,10789966,8000000,7996257,1400000,0,1393709,1000000,1999893,4996364
"NA18930","YRI","pooled",1000000,2,7014270,8000000,6998100,0,0,16170,0,1998100,5000000
"NA18935","YRI","pooled",1000000,2,7260579,8000000,6998497,0,0,262082,0,2000000,4998497
"NA19094","YRI","pooled",1000000,3,8232785,8000000,6999245,0,0,1233540,0,2000000,4999245
"NA19097","YRI","pooled",1000000,4,9639438,8000000,7997662,100000,0,1541776,997768,1999894,5000000
"NA19100","YRI","pooled",1000000,2,7029000,8000000,7000000,0,0,29000,0,2000000,5000000
"NA19103","YRI","pooled",1000000,2,7000372,8000000,6998371,0,0,2001,0,1999298,4999073
"NA19109","YRI","pooled",1000000,2,7001479,8000000,6997710,0,0,3769,0,1998596,4999114
"NA19115","YRI","pooled",1000000,4,12867785,8000000,6999329,1400000,300000,4168456,0,1999794,4999535
"NA19120","YRI","pooled",1000000,3,8104804,8000000,6993378,300000,0,811426,0,1996637,4996741
"NA19123","YRI","pooled",1000000,4,10292516,8000000,7997399,1800000,0,495117,999876,1999442,4998081
"NA19129","YRI","pooled",1000000,3,7999324,8000000,7997463,0,0,1861,999500,1998461,4999502
"NA19132","YRI","pooled",1000000,3,8061434,8000000,6990661,100000,0,970773,0,1998704,4991957
"NA19139","YRI","pooled",1000000,3,11167031,8000000,6998260,1300000,300000,2568771,0,1999743,4998517
"NA19142","YRI","pooled",1000000,2,7001651,8000000,6998942,0,0,2709,0,1999118,4999824
"NA19145","YRI","pooled",1000000,3,8108502,8000000,7994942,0,0,113560,996813,1998352,4999777
"NA19148","YRI","pooled",1000000,3,8051203,8000000,7999752,0,0,51451,1000000,2000000,4999752
"NA19151","YRI","pooled",1000000,2,7000191,8000000,6997334,0,0,2857,0,1998200,4999134
"NA19154","YRI","pooled",1000000,3,8114058,8000000,7999588,0,0,114470,999588,2000000,5000000
"NA19161","YRI","pooled",1000000,3,15143703,8000000,6990421,3900000,300000,3953282,0,1997801,4992620
"NA19173","YRI","pooled",1000000,2,7002276,8000000,6997938,0,0,4338,0,1999738,4998200
"NA19174","YRI","pooled",1000000,4,9243286,8000000,7996916,0,0,1246370,997453,1999954,4999509
"NA19177","YRI","pooled",1000000,2,6995411,8000000,6995411,0,0,0,0,1998016,4997395
"NA19186","YRI","pooled",1000000,3,8036500,8000000,7996098,0,0,40402,999924,2000000,4996174
"NA19191","YRI","pooled",1000000,3,8271366,8000000,6999199,100000,0,1172167,0,2000000,4999199
"NA19199","YRI","pooled",1000000,3,8019730,8000000,7994705,0,0,25025,1000000,1995679,4999026
"NA19202","YRI","pooled",1000000,3,8209944,8000000,7997680,100000,0,112264,998929,1998898,4999853
"NA19205","YRI","pooled",1000000,4,11629926,8000000,7997370,3400000,0,232556,998025,1999979,4999366
"NA19208","YRI","pooled",1000000,4,9833908,8000000,7987299,1600000,0,246609,999610,2000000,4987689
"NA19211","YRI","pooled",1000000,4,9127677,8000000,7997338,900000,0,230339,998011,1999497,4999830
"NA19215","YRI","pooled",1000000,3,8003277,8000000,7995038,0,0,8239,998014,1999110,4997914
"NA19221","YRI","pooled",1000000,4,9192760,8000000,7997811,100000,0,1094949,1000000,1997811,5000000
"NA19224","YRI","pooled",1000000,4,11396756,8000000,8000000,2700000,0,696756,1000000,2000000,5000000
"NA19237","YRI","pooled",1000000,3,8254556,8000000,7999813,0,0,254743,999926,2000000,4999887
"NA19240","YRI","pooled",1000000,3,8011844,8000000,7997432,0,0,14412,999455,1998700,4999277
"NA19249","YRI","pooled",1000000,3,8130220,8000000,7999385,0,0,130835,999481,1999904,5000000
"NA19258","YRI","pooled",1000000,3,8113668,8000000,7994972,0,0,118696,1000000,1994972,5000000
"NA18484","YRI","single_population",1000000,2,7003140,8000000,6996880,0,0,6260,0,2000000,4996880
"NA18485","YRI","single_population",1000000,2,7044543,8000000,6998137,0,0,46406,0,1998651,4999486
"NA18497","YRI","single_population",1000000,3,8018858,8000000,7996637,0,0,22221,999709,1999354,4997574
"NA18500","YRI","single_population",1000000,2,7697412,8000000,6998814,100000,0,598598,0,1999153,4999661
"NA18503","YRI","single_population",1000000,2,6994668,8000000,6994668,0,0,0,0,1999049,4995619
"NA18506","YRI","single_population",1000000,3,8755734,8000000,6998462,900000,0,857272,0,2000000,4998462
"NA18515","YRI","single_population",1000000,2,7019242,8000000,6998250,0,0,20992,0,1998615,4999635
"NA18518","YRI","single_population",1000000,3,8041428,8000000,7999302,0,0,42126,999431,1999871,5000000
"NA18521","YRI","single_population",1000000,2,7262019,8000000,6997517,0,0,264502,0,1999489,4998028
"NA18854","YRI","single_population",1000000,2,7013950,8000000,6998078,0,0,15872,0,1999979,4998099
"NA18857","YRI","single_population",1000000,5,11073036,8000000,7998385,1400000,0,1674651,998567,1999818,5000000
"NA18860","YRI","single_population",1000000,3,8001284,8000000,7996452,0,0,4832,1000000,1998837,4997615
"NA18863","YRI","single_population",1000000,3,8065722,8000000,7998215,0,0,67507,1000000,1998278,4999937
"NA18869","YRI","single_population",1000000,3,9898512,8000000,7997756,200000,0,1700756,999442,1999447,4998867
"NA18872","YRI","single_population",1000000,4,10002662,8000000,7995291,1500000,0,507371,998352,2000000,4996939
"NA18875","YRI","single_population",1000000,2,7070617,8000000,7000000,0,0,70617,0,2000000,5000000
"NA18906","YRI","single_population",1000000,3,8658637,8000000,7998868,159110,0,500659,999786,1999082,5000000
"NA18911","YRI","single_population",1000000,2,7011854,8000000,6989986,0,0,21868,0,1989986,5000000
"NA18914","YRI","single_population",1000000,2,7011027,8000000,6999833,0,0,11194,0,2000000,4999833
"NA18925","YRI","single_population",1000000,4,10752391,8000000,7994278,1400000,0,1358113,1000000,1997914,4996364
"NA18930","YRI","single_population",1000000,2,7014270,8000000,6998100,0,0,16170,0,1998100,5000000
"NA18935","YRI","single_population",1000000,2,7258439,8000000,6998497,0,0,259942,0,2000000,4998497
"NA19094","YRI","single_population",1000000,3,8232785,8000000,6999245,0,0,1233540,0,2000000,4999245
"NA19097","YRI","single_population",1000000,4,9414561,8000000,7997662,100000,0,1316899,997768,1999894,5000000
"NA19100","YRI","single_population",1000000,2,7026828,8000000,7000000,0,0,26828,0,2000000,5000000
"NA19103","YRI","single_population",1000000,2,7000372,8000000,6998371,0,0,2001,0,1999298,4999073
"NA19109","YRI","single_population",1000000,2,7000037,8000000,6997710,0,0,2327,0,1998596,4999114
"NA19115","YRI","single_population",1000000,4,12860183,8000000,6997106,1400000,300000,4163077,0,1997571,4999535
"NA19120","YRI","single_population",1000000,3,8047914,8000000,6992007,300000,0,755907,0,1995266,4996741
"NA19123","YRI","single_population",1000000,4,10294728,8000000,7997091,1800000,0,497637,1000000,1999010,4998081
"NA19129","YRI","single_population",1000000,2,6999319,8000000,6998671,0,0,648,0,1999169,4999502
"NA19132","YRI","single_population",1000000,3,8061434,8000000,6990661,100000,0,970773,0,1998704,4991957
"NA19139","YRI","single_population",1000000,3,11167031,8000000,6998260,1300000,300000,2568771,0,1999743,4998517
"NA19142","YRI","single_population",1000000,2,6998619,8000000,6998269,0,0,350,0,1999118,4999151
"NA19145","YRI","single_population",1000000,3,8057644,8000000,7994942,0,0,62702,996813,1998352,4999777
"NA19148","YRI","single_population",1000000,3,8051203,8000000,7999752,0,0,51451,1000000,2000000,4999752
"NA19151","YRI","single_population",1000000,2,6995812,8000000,6995439,0,0,373,0,1996305,4999134
"NA19154","YRI","single_population",1000000,3,8157366,8000000,7999588,0,0,157778,999588,2000000,5000000
"NA19161","YRI","single_population",1000000,3,15177213,8000000,6990421,3900000,300000,3986792,0,1997801,4992620
"NA19173","YRI","single_population",1000000,2,7001827,8000000,6997489,0,0,4338,0,1999738,4997751
"NA19174","YRI","single_population",1000000,4,9239642,8000000,7996046,0,0,1243596,997453,1999954,4998639
"NA19177","YRI","single_population",1000000,2,6995411,8000000,6995411,0,0,0,0,1998016,4997395
"NA19186","YRI","single_population",1000000,3,8043334,8000000,7999209,0,0,44125,999924,2000000,4999285
"NA19191","YRI","single_population",1000000,3,8254002,8000000,6998977,100000,0,1155025,0,1999778,4999199
"NA19199","YRI","single_population",1000000,3,8019730,8000000,7994705,0,0,25025,1000000,1995679,4999026
"NA19202","YRI","single_population",1000000,3,8193508,8000000,7981244,100000,0,112264,994884,1986507,4999853
"NA19205","YRI","single_population",1000000,4,11629926,8000000,7997370,3400000,0,232556,998025,1999979,4999366
"NA19208","YRI","single_population",1000000,4,9833908,8000000,7987299,1600000,0,246609,999610,2000000,4987689
"NA19211","YRI","single_population",1000000,3,8123528,8000000,6997361,900000,0,226167,0,1997531,4999830
"NA19215","YRI","single_population",1000000,3,7999771,8000000,7995038,0,0,4733,998014,1999110,4997914
"NA19221","YRI","single_population",1000000,4,9086217,8000000,7996932,100000,0,989285,1000000,1997811,4999121
"NA19224","YRI","single_population",1000000,4,11396756,8000000,8000000,2700000,0,696756,1000000,2000000,5000000
"NA19237","YRI","single_population",1000000,3,8219186,8000000,7999813,0,0,219373,999926,2000000,4999887
"NA19240","YRI","single_population",1000000,3,8011844,8000000,7997432,0,0,14412,999455,1998700,4999277
"NA19249","YRI","single_population",1000000,3,8086122,8000000,7999385,0,0,86737,999481,1999904,5000000
"NA19258","YRI","single_population",1000000,3,8107500,8000000,7988935,0,0,118565,993963,1994972,5000000
