"source_revision","extension_build_binding","mode","pass","transcripts","samples","overlap","threads","cpu_affinity","peak_process_rss_kib","seconds","workspace_bytes","model_bytes","input_records","projected_events","input_calls","peak_transcripts","peak_carriers","peak_prefixes","prefixes_created","output_leaves","translated_bases","output_carriers","cds_bytes","protein_bytes","physical_edits","contributors","blocks","peak_events","peak_projections","peak_allele_bytes","duckdb_version","json_bytes","xor_hash","sum_hash","artifact_directory","receipt_sha256","extension_sha256","native_binary_sha256","reference_sha256","events_sha256","output_contract","replay_json_bytes","replay_xor_hash","replay_sum_hash"
"b6f0016ffd287336e8c1777740f67457016d7cbe","htslib_distclean_make_release","native",1,1024,256,1,1,2,76264,0.0461375787854195,44804,34136,4096,4096,1048576,1,448,6,6144,3072,552960,458752,552960,184320,8192,8192,4096,4,4,10,NA,NA,NA,NA,"test/duckvep/conformance/results/haplotype_benchmark_184087d8546b4","259bf6df6318fa695fdaa4670151ac6e1eeadf88b1f210b8c59bedefba5be77b","03cc2c53b3c9dd1a3626f268e3a6749e85c33e41710d7d8e8e0d0597450f86e4","a7778bda9f9ef8d1c01c13cf72c917b57fe55fd16daa337e746db68c35aa23a3","b077686177ec40475f69c204de89cfe78bdd502f1608e6553990f473ffc587de","204ec8fa3b2c4e04c4cca5670daa6df254365a57cf537fa9591cb8e7fd15cc49",NA,NA,NA,NA
"b6f0016ffd287336e8c1777740f67457016d7cbe","htslib_distclean_make_release","native",2,1024,256,1,1,2,76268,0.0475529171526432,44804,34136,4096,4096,1048576,1,448,6,6144,3072,552960,458752,552960,184320,8192,8192,4096,4,4,10,NA,NA,NA,NA,"test/duckvep/conformance/results/haplotype_benchmark_184087d8546b4","259bf6df6318fa695fdaa4670151ac6e1eeadf88b1f210b8c59bedefba5be77b","03cc2c53b3c9dd1a3626f268e3a6749e85c33e41710d7d8e8e0d0597450f86e4","a7778bda9f9ef8d1c01c13cf72c917b57fe55fd16daa337e746db68c35aa23a3","b077686177ec40475f69c204de89cfe78bdd502f1608e6553990f473ffc587de","204ec8fa3b2c4e04c4cca5670daa6df254365a57cf537fa9591cb8e7fd15cc49",NA,NA,NA,NA
"b6f0016ffd287336e8c1777740f67457016d7cbe","htslib_distclean_make_release","native",3,1024,256,1,1,2,76264,0.0474950969219208,44804,34136,4096,4096,1048576,1,448,6,6144,3072,552960,458752,552960,184320,8192,8192,4096,4,4,10,NA,NA,NA,NA,"test/duckvep/conformance/results/haplotype_benchmark_184087d8546b4","259bf6df6318fa695fdaa4670151ac6e1eeadf88b1f210b8c59bedefba5be77b","03cc2c53b3c9dd1a3626f268e3a6749e85c33e41710d7d8e8e0d0597450f86e4","a7778bda9f9ef8d1c01c13cf72c917b57fe55fd16daa337e746db68c35aa23a3","b077686177ec40475f69c204de89cfe78bdd502f1608e6553990f473ffc587de","204ec8fa3b2c4e04c4cca5670daa6df254365a57cf537fa9591cb8e7fd15cc49",NA,NA,NA,NA
"b6f0016ffd287336e8c1777740f67457016d7cbe","htslib_distclean_make_release","sql",1,1024,256,1,1,2,1052040,3.438,NA,NA,NA,NA,NA,NA,NA,NA,NA,3072,NA,458752,552960,184320,8192,8192,4096,NA,NA,NA,"1.5.3",34508538,"12820793420504737645","27845641093698617117555","test/duckvep/conformance/results/haplotype_benchmark_184087d8546b4","259bf6df6318fa695fdaa4670151ac6e1eeadf88b1f210b8c59bedefba5be77b","03cc2c53b3c9dd1a3626f268e3a6749e85c33e41710d7d8e8e0d0597450f86e4","a7778bda9f9ef8d1c01c13cf72c917b57fe55fd16daa337e746db68c35aa23a3","b077686177ec40475f69c204de89cfe78bdd502f1608e6553990f473ffc587de","204ec8fa3b2c4e04c4cca5670daa6df254365a57cf537fa9591cb8e7fd15cc49",NA,NA,NA,NA
"b6f0016ffd287336e8c1777740f67457016d7cbe","htslib_distclean_make_release","sql",2,1024,256,1,1,2,1054832,3.488,NA,NA,NA,NA,NA,NA,NA,NA,NA,3072,NA,458752,552960,184320,8192,8192,4096,NA,NA,NA,"1.5.3",34508538,"12820793420504737645","27845641093698617117555","test/duckvep/conformance/results/haplotype_benchmark_184087d8546b4","259bf6df6318fa695fdaa4670151ac6e1eeadf88b1f210b8c59bedefba5be77b","03cc2c53b3c9dd1a3626f268e3a6749e85c33e41710d7d8e8e0d0597450f86e4","a7778bda9f9ef8d1c01c13cf72c917b57fe55fd16daa337e746db68c35aa23a3","b077686177ec40475f69c204de89cfe78bdd502f1608e6553990f473ffc587de","204ec8fa3b2c4e04c4cca5670daa6df254365a57cf537fa9591cb8e7fd15cc49",NA,NA,NA,NA
"b6f0016ffd287336e8c1777740f67457016d7cbe","htslib_distclean_make_release","sql",3,1024,256,1,1,2,1054552,3.446,NA,NA,NA,NA,NA,NA,NA,NA,NA,3072,NA,458752,552960,184320,8192,8192,4096,NA,NA,NA,"1.5.3",34508538,"12820793420504737645","27845641093698617117555","test/duckvep/conformance/results/haplotype_benchmark_184087d8546b4","259bf6df6318fa695fdaa4670151ac6e1eeadf88b1f210b8c59bedefba5be77b","03cc2c53b3c9dd1a3626f268e3a6749e85c33e41710d7d8e8e0d0597450f86e4","a7778bda9f9ef8d1c01c13cf72c917b57fe55fd16daa337e746db68c35aa23a3","b077686177ec40475f69c204de89cfe78bdd502f1608e6553990f473ffc587de","204ec8fa3b2c4e04c4cca5670daa6df254365a57cf537fa9591cb8e7fd15cc49",NA,NA,NA,NA
"b6f0016ffd287336e8c1777740f67457016d7cbe","htslib_distclean_make_release","native",1,1024,4,1,1,2,76264,0.00300529599189758,4484,34136,4096,4096,16384,1,7,6,6144,3072,552960,7168,552960,184320,8192,8192,4096,4,4,10,NA,NA,NA,NA,"test/duckvep/conformance/results/haplotype_benchmark_1838e414e7b0e","37e63b8437eff3bb2c2e5bc0a9d3530764f66e9c96b17361b9e4cca529085dd2","03cc2c53b3c9dd1a3626f268e3a6749e85c33e41710d7d8e8e0d0597450f86e4","a7778bda9f9ef8d1c01c13cf72c917b57fe55fd16daa337e746db68c35aa23a3","b077686177ec40475f69c204de89cfe78bdd502f1608e6553990f473ffc587de","204ec8fa3b2c4e04c4cca5670daa6df254365a57cf537fa9591cb8e7fd15cc49",NA,NA,NA,NA
"b6f0016ffd287336e8c1777740f67457016d7cbe","htslib_distclean_make_release","native",2,1024,4,1,1,2,76264,0.00288122892379761,4484,34136,4096,4096,16384,1,7,6,6144,3072,552960,7168,552960,184320,8192,8192,4096,4,4,10,NA,NA,NA,NA,"test/duckvep/conformance/results/haplotype_benchmark_1838e414e7b0e","37e63b8437eff3bb2c2e5bc0a9d3530764f66e9c96b17361b9e4cca529085dd2","03cc2c53b3c9dd1a3626f268e3a6749e85c33e41710d7d8e8e0d0597450f86e4","a7778bda9f9ef8d1c01c13cf72c917b57fe55fd16daa337e746db68c35aa23a3","b077686177ec40475f69c204de89cfe78bdd502f1608e6553990f473ffc587de","204ec8fa3b2c4e04c4cca5670daa6df254365a57cf537fa9591cb8e7fd15cc49",NA,NA,NA,NA
"b6f0016ffd287336e8c1777740f67457016d7cbe","htslib_distclean_make_release","native",3,1024,4,1,1,2,76264,0.00300338864326477,4484,34136,4096,4096,16384,1,7,6,6144,3072,552960,7168,552960,184320,8192,8192,4096,4,4,10,NA,NA,NA,NA,"test/duckvep/conformance/results/haplotype_benchmark_1838e414e7b0e","37e63b8437eff3bb2c2e5bc0a9d3530764f66e9c96b17361b9e4cca529085dd2","03cc2c53b3c9dd1a3626f268e3a6749e85c33e41710d7d8e8e0d0597450f86e4","a7778bda9f9ef8d1c01c13cf72c917b57fe55fd16daa337e746db68c35aa23a3","b077686177ec40475f69c204de89cfe78bdd502f1608e6553990f473ffc587de","204ec8fa3b2c4e04c4cca5670daa6df254365a57cf537fa9591cb8e7fd15cc49",NA,NA,NA,NA
"b6f0016ffd287336e8c1777740f67457016d7cbe","htslib_distclean_make_release","sql",1,1024,4,1,1,2,215052,0.083,NA,NA,NA,NA,NA,NA,NA,NA,NA,3072,NA,7168,552960,184320,8192,8192,4096,NA,NA,NA,"1.5.3",4622074,"7073993355575920695","28367269509809111348009","test/duckvep/conformance/results/haplotype_benchmark_1838e414e7b0e","37e63b8437eff3bb2c2e5bc0a9d3530764f66e9c96b17361b9e4cca529085dd2","03cc2c53b3c9dd1a3626f268e3a6749e85c33e41710d7d8e8e0d0597450f86e4","a7778bda9f9ef8d1c01c13cf72c917b57fe55fd16daa337e746db68c35aa23a3","b077686177ec40475f69c204de89cfe78bdd502f1608e6553990f473ffc587de","204ec8fa3b2c4e04c4cca5670daa6df254365a57cf537fa9591cb8e7fd15cc49",NA,NA,NA,NA
"b6f0016ffd287336e8c1777740f67457016d7cbe","htslib_distclean_make_release","sql",2,1024,4,1,1,2,215112,0.0840000000000001,NA,NA,NA,NA,NA,NA,NA,NA,NA,3072,NA,7168,552960,184320,8192,8192,4096,NA,NA,NA,"1.5.3",4622074,"7073993355575920695","28367269509809111348009","test/duckvep/conformance/results/haplotype_benchmark_1838e414e7b0e","37e63b8437eff3bb2c2e5bc0a9d3530764f66e9c96b17361b9e4cca529085dd2","03cc2c53b3c9dd1a3626f268e3a6749e85c33e41710d7d8e8e0d0597450f86e4","a7778bda9f9ef8d1c01c13cf72c917b57fe55fd16daa337e746db68c35aa23a3","b077686177ec40475f69c204de89cfe78bdd502f1608e6553990f473ffc587de","204ec8fa3b2c4e04c4cca5670daa6df254365a57cf537fa9591cb8e7fd15cc49",NA,NA,NA,NA
"b6f0016ffd287336e8c1777740f67457016d7cbe","htslib_distclean_make_release","sql",3,1024,4,1,1,2,215456,0.0840000000000001,NA,NA,NA,NA,NA,NA,NA,NA,NA,3072,NA,7168,552960,184320,8192,8192,4096,NA,NA,NA,"1.5.3",4622074,"7073993355575920695","28367269509809111348009","test/duckvep/conformance/results/haplotype_benchmark_1838e414e7b0e","37e63b8437eff3bb2c2e5bc0a9d3530764f66e9c96b17361b9e4cca529085dd2","03cc2c53b3c9dd1a3626f268e3a6749e85c33e41710d7d8e8e0d0597450f86e4","a7778bda9f9ef8d1c01c13cf72c917b57fe55fd16daa337e746db68c35aa23a3","b077686177ec40475f69c204de89cfe78bdd502f1608e6553990f473ffc587de","204ec8fa3b2c4e04c4cca5670daa6df254365a57cf537fa9591cb8e7fd15cc49",NA,NA,NA,NA
"b6f0016ffd287336e8c1777740f67457016d7cbe","htslib_distclean_make_release","native",1,1024,64,1,1,2,76264,0.0129140876233578,14084,34136,4096,4096,262144,1,112,6,6144,3072,552960,114688,552960,184320,8192,8192,4096,4,4,10,NA,NA,NA,NA,"test/duckvep/conformance/results/haplotype_benchmark_183c5b12f0fee8","1f718c5f12a34523a447c7de63e162e139c4473d642286ea8c7593c14d0cc979","03cc2c53b3c9dd1a3626f268e3a6749e85c33e41710d7d8e8e0d0597450f86e4","a7778bda9f9ef8d1c01c13cf72c917b57fe55fd16daa337e746db68c35aa23a3","b077686177ec40475f69c204de89cfe78bdd502f1608e6553990f473ffc587de","204ec8fa3b2c4e04c4cca5670daa6df254365a57cf537fa9591cb8e7fd15cc49",NA,NA,NA,NA
"b6f0016ffd287336e8c1777740f67457016d7cbe","htslib_distclean_make_release","native",2,1024,64,1,1,2,76264,0.0133329071104527,14084,34136,4096,4096,262144,1,112,6,6144,3072,552960,114688,552960,184320,8192,8192,4096,4,4,10,NA,NA,NA,NA,"test/duckvep/conformance/results/haplotype_benchmark_183c5b12f0fee8","1f718c5f12a34523a447c7de63e162e139c4473d642286ea8c7593c14d0cc979","03cc2c53b3c9dd1a3626f268e3a6749e85c33e41710d7d8e8e0d0597450f86e4","a7778bda9f9ef8d1c01c13cf72c917b57fe55fd16daa337e746db68c35aa23a3","b077686177ec40475f69c204de89cfe78bdd502f1608e6553990f473ffc587de","204ec8fa3b2c4e04c4cca5670daa6df254365a57cf537fa9591cb8e7fd15cc49",NA,NA,NA,NA
"b6f0016ffd287336e8c1777740f67457016d7cbe","htslib_distclean_make_release","native",3,1024,64,1,1,2,76264,0.0129828415811062,14084,34136,4096,4096,262144,1,112,6,6144,3072,552960,114688,552960,184320,8192,8192,4096,4,4,10,NA,NA,NA,NA,"test/duckvep/conformance/results/haplotype_benchmark_183c5b12f0fee8","1f718c5f12a34523a447c7de63e162e139c4473d642286ea8c7593c14d0cc979","03cc2c53b3c9dd1a3626f268e3a6749e85c33e41710d7d8e8e0d0597450f86e4","a7778bda9f9ef8d1c01c13cf72c917b57fe55fd16daa337e746db68c35aa23a3","b077686177ec40475f69c204de89cfe78bdd502f1608e6553990f473ffc587de","204ec8fa3b2c4e04c4cca5670daa6df254365a57cf537fa9591cb8e7fd15cc49",NA,NA,NA,NA
"b6f0016ffd287336e8c1777740f67457016d7cbe","htslib_distclean_make_release","sql",1,1024,64,1,1,2,402424,0.856,NA,NA,NA,NA,NA,NA,NA,NA,NA,3072,NA,114688,552960,184320,8192,8192,4096,NA,NA,NA,"1.5.3",11665146,"6659026955915781041","28419023938171811290625","test/duckvep/conformance/results/haplotype_benchmark_183c5b12f0fee8","1f718c5f12a34523a447c7de63e162e139c4473d642286ea8c7593c14d0cc979","03cc2c53b3c9dd1a3626f268e3a6749e85c33e41710d7d8e8e0d0597450f86e4","a7778bda9f9ef8d1c01c13cf72c917b57fe55fd16daa337e746db68c35aa23a3","b077686177ec40475f69c204de89cfe78bdd502f1608e6553990f473ffc587de","204ec8fa3b2c4e04c4cca5670daa6df254365a57cf537fa9591cb8e7fd15cc49",NA,NA,NA,NA
"b6f0016ffd287336e8c1777740f67457016d7cbe","htslib_distclean_make_release","sql",2,1024,64,1,1,2,402088,0.842,NA,NA,NA,NA,NA,NA,NA,NA,NA,3072,NA,114688,552960,184320,8192,8192,4096,NA,NA,NA,"1.5.3",11665146,"6659026955915781041","28419023938171811290625","test/duckvep/conformance/results/haplotype_benchmark_183c5b12f0fee8","1f718c5f12a34523a447c7de63e162e139c4473d642286ea8c7593c14d0cc979","03cc2c53b3c9dd1a3626f268e3a6749e85c33e41710d7d8e8e0d0597450f86e4","a7778bda9f9ef8d1c01c13cf72c917b57fe55fd16daa337e746db68c35aa23a3","b077686177ec40475f69c204de89cfe78bdd502f1608e6553990f473ffc587de","204ec8fa3b2c4e04c4cca5670daa6df254365a57cf537fa9591cb8e7fd15cc49",NA,NA,NA,NA
"b6f0016ffd287336e8c1777740f67457016d7cbe","htslib_distclean_make_release","sql",3,1024,64,1,1,2,402352,0.85,NA,NA,NA,NA,NA,NA,NA,NA,NA,3072,NA,114688,552960,184320,8192,8192,4096,NA,NA,NA,"1.5.3",11665146,"6659026955915781041","28419023938171811290625","test/duckvep/conformance/results/haplotype_benchmark_183c5b12f0fee8","1f718c5f12a34523a447c7de63e162e139c4473d642286ea8c7593c14d0cc979","03cc2c53b3c9dd1a3626f268e3a6749e85c33e41710d7d8e8e0d0597450f86e4","a7778bda9f9ef8d1c01c13cf72c917b57fe55fd16daa337e746db68c35aa23a3","b077686177ec40475f69c204de89cfe78bdd502f1608e6553990f473ffc587de","204ec8fa3b2c4e04c4cca5670daa6df254365a57cf537fa9591cb8e7fd15cc49",NA,NA,NA,NA
"b6f0016ffd287336e8c1777740f67457016d7cbe","htslib_distclean_make_release","native",1,1024,64,16,1,2,76104,0.0173384360969067,189104,34136,256,4096,262144,16,1792,96,6144,3072,552960,114688,552960,184320,8192,8192,4096,4,64,10,NA,NA,NA,NA,"test/duckvep/conformance/results/haplotype_benchmark_1847c9134985c4","8f964656fc6f506008b4729eb3c83c8c10266bfa2fd70b038e16cda07b49a2d9","03cc2c53b3c9dd1a3626f268e3a6749e85c33e41710d7d8e8e0d0597450f86e4","a7778bda9f9ef8d1c01c13cf72c917b57fe55fd16daa337e746db68c35aa23a3","b077686177ec40475f69c204de89cfe78bdd502f1608e6553990f473ffc587de","204ec8fa3b2c4e04c4cca5670daa6df254365a57cf537fa9591cb8e7fd15cc49",NA,NA,NA,NA
"b6f0016ffd287336e8c1777740f67457016d7cbe","htslib_distclean_make_release","native",2,1024,64,16,1,2,76268,0.017009761184454,189104,34136,256,4096,262144,16,1792,96,6144,3072,552960,114688,552960,184320,8192,8192,4096,4,64,10,NA,NA,NA,NA,"test/duckvep/conformance/results/haplotype_benchmark_1847c9134985c4","8f964656fc6f506008b4729eb3c83c8c10266bfa2fd70b038e16cda07b49a2d9","03cc2c53b3c9dd1a3626f268e3a6749e85c33e41710d7d8e8e0d0597450f86e4","a7778bda9f9ef8d1c01c13cf72c917b57fe55fd16daa337e746db68c35aa23a3","b077686177ec40475f69c204de89cfe78bdd502f1608e6553990f473ffc587de","204ec8fa3b2c4e04c4cca5670daa6df254365a57cf537fa9591cb8e7fd15cc49",NA,NA,NA,NA
"b6f0016ffd287336e8c1777740f67457016d7cbe","htslib_distclean_make_release","native",3,1024,64,16,1,2,76264,0.0166361406445503,189104,34136,256,4096,262144,16,1792,96,6144,3072,552960,114688,552960,184320,8192,8192,4096,4,64,10,NA,NA,NA,NA,"test/duckvep/conformance/results/haplotype_benchmark_1847c9134985c4","8f964656fc6f506008b4729eb3c83c8c10266bfa2fd70b038e16cda07b49a2d9","03cc2c53b3c9dd1a3626f268e3a6749e85c33e41710d7d8e8e0d0597450f86e4","a7778bda9f9ef8d1c01c13cf72c917b57fe55fd16daa337e746db68c35aa23a3","b077686177ec40475f69c204de89cfe78bdd502f1608e6553990f473ffc587de","204ec8fa3b2c4e04c4cca5670daa6df254365a57cf537fa9591cb8e7fd15cc49",NA,NA,NA,NA
"b6f0016ffd287336e8c1777740f67457016d7cbe","htslib_distclean_make_release","sql",1,1024,64,16,1,2,401828,0.875,NA,NA,NA,NA,NA,NA,NA,NA,NA,3072,NA,114688,552960,184320,8192,8192,4096,NA,NA,NA,"1.5.3",11637374,"4832535337411960646","28307095053310083420130","test/duckvep/conformance/results/haplotype_benchmark_1847c9134985c4","8f964656fc6f506008b4729eb3c83c8c10266bfa2fd70b038e16cda07b49a2d9","03cc2c53b3c9dd1a3626f268e3a6749e85c33e41710d7d8e8e0d0597450f86e4","a7778bda9f9ef8d1c01c13cf72c917b57fe55fd16daa337e746db68c35aa23a3","b077686177ec40475f69c204de89cfe78bdd502f1608e6553990f473ffc587de","204ec8fa3b2c4e04c4cca5670daa6df254365a57cf537fa9591cb8e7fd15cc49",NA,NA,NA,NA
"b6f0016ffd287336e8c1777740f67457016d7cbe","htslib_distclean_make_release","sql",2,1024,64,16,1,2,402888,0.878,NA,NA,NA,NA,NA,NA,NA,NA,NA,3072,NA,114688,552960,184320,8192,8192,4096,NA,NA,NA,"1.5.3",11637374,"4832535337411960646","28307095053310083420130","test/duckvep/conformance/results/haplotype_benchmark_1847c9134985c4","8f964656fc6f506008b4729eb3c83c8c10266bfa2fd70b038e16cda07b49a2d9","03cc2c53b3c9dd1a3626f268e3a6749e85c33e41710d7d8e8e0d0597450f86e4","a7778bda9f9ef8d1c01c13cf72c917b57fe55fd16daa337e746db68c35aa23a3","b077686177ec40475f69c204de89cfe78bdd502f1608e6553990f473ffc587de","204ec8fa3b2c4e04c4cca5670daa6df254365a57cf537fa9591cb8e7fd15cc49",NA,NA,NA,NA
"b6f0016ffd287336e8c1777740f67457016d7cbe","htslib_distclean_make_release","sql",3,1024,64,16,1,2,402960,0.892,NA,NA,NA,NA,NA,NA,NA,NA,NA,3072,NA,114688,552960,184320,8192,8192,4096,NA,NA,NA,"1.5.3",11637374,"4832535337411960646","28307095053310083420130","test/duckvep/conformance/results/haplotype_benchmark_1847c9134985c4","8f964656fc6f506008b4729eb3c83c8c10266bfa2fd70b038e16cda07b49a2d9","03cc2c53b3c9dd1a3626f268e3a6749e85c33e41710d7d8e8e0d0597450f86e4","a7778bda9f9ef8d1c01c13cf72c917b57fe55fd16daa337e746db68c35aa23a3","b077686177ec40475f69c204de89cfe78bdd502f1608e6553990f473ffc587de","204ec8fa3b2c4e04c4cca5670daa6df254365a57cf537fa9591cb8e7fd15cc49",NA,NA,NA,NA
"b6f0016ffd287336e8c1777740f67457016d7cbe","htslib_distclean_make_release","native",1,1024,64,64,1,2,76264,0.0177804194390774,749168,34136,64,4096,262144,64,7168,384,6144,3072,552960,114688,552960,184320,8192,8192,4096,4,256,10,NA,NA,NA,NA,"test/duckvep/conformance/results/haplotype_benchmark_185b685b3cf2dc","8a9e6701bd07813b3ff844976e55a0697f0292211095d4f864df94e76b4bae0b","03cc2c53b3c9dd1a3626f268e3a6749e85c33e41710d7d8e8e0d0597450f86e4","a7778bda9f9ef8d1c01c13cf72c917b57fe55fd16daa337e746db68c35aa23a3","b077686177ec40475f69c204de89cfe78bdd502f1608e6553990f473ffc587de","204ec8fa3b2c4e04c4cca5670daa6df254365a57cf537fa9591cb8e7fd15cc49",NA,NA,NA,NA
"b6f0016ffd287336e8c1777740f67457016d7cbe","htslib_distclean_make_release","native",2,1024,64,64,1,2,76264,0.0179213397204876,749168,34136,64,4096,262144,64,7168,384,6144,3072,552960,114688,552960,184320,8192,8192,4096,4,256,10,NA,NA,NA,NA,"test/duckvep/conformance/results/haplotype_benchmark_185b685b3cf2dc","8a9e6701bd07813b3ff844976e55a0697f0292211095d4f864df94e76b4bae0b","03cc2c53b3c9dd1a3626f268e3a6749e85c33e41710d7d8e8e0d0597450f86e4","a7778bda9f9ef8d1c01c13cf72c917b57fe55fd16daa337e746db68c35aa23a3","b077686177ec40475f69c204de89cfe78bdd502f1608e6553990f473ffc587de","204ec8fa3b2c4e04c4cca5670daa6df254365a57cf537fa9591cb8e7fd15cc49",NA,NA,NA,NA
"b6f0016ffd287336e8c1777740f67457016d7cbe","htslib_distclean_make_release","native",3,1024,64,64,1,2,76268,0.0179682187736034,749168,34136,64,4096,262144,64,7168,384,6144,3072,552960,114688,552960,184320,8192,8192,4096,4,256,10,NA,NA,NA,NA,"test/duckvep/conformance/results/haplotype_benchmark_185b685b3cf2dc","8a9e6701bd07813b3ff844976e55a0697f0292211095d4f864df94e76b4bae0b","03cc2c53b3c9dd1a3626f268e3a6749e85c33e41710d7d8e8e0d0597450f86e4","a7778bda9f9ef8d1c01c13cf72c917b57fe55fd16daa337e746db68c35aa23a3","b077686177ec40475f69c204de89cfe78bdd502f1608e6553990f473ffc587de","204ec8fa3b2c4e04c4cca5670daa6df254365a57cf537fa9591cb8e7fd15cc49",NA,NA,NA,NA
"b6f0016ffd287336e8c1777740f67457016d7cbe","htslib_distclean_make_release","sql",1,1024,64,64,1,2,402332,0.853,NA,NA,NA,NA,NA,NA,NA,NA,NA,3072,NA,114688,552960,184320,8192,8192,4096,NA,NA,NA,"1.5.3",11621374,"8928818225063272201","28212881952829124281661","test/duckvep/conformance/results/haplotype_benchmark_185b685b3cf2dc","8a9e6701bd07813b3ff844976e55a0697f0292211095d4f864df94e76b4bae0b","03cc2c53b3c9dd1a3626f268e3a6749e85c33e41710d7d8e8e0d0597450f86e4","a7778bda9f9ef8d1c01c13cf72c917b57fe55fd16daa337e746db68c35aa23a3","b077686177ec40475f69c204de89cfe78bdd502f1608e6553990f473ffc587de","204ec8fa3b2c4e04c4cca5670daa6df254365a57cf537fa9591cb8e7fd15cc49",NA,NA,NA,NA
"b6f0016ffd287336e8c1777740f67457016d7cbe","htslib_distclean_make_release","sql",2,1024,64,64,1,2,402496,0.85,NA,NA,NA,NA,NA,NA,NA,NA,NA,3072,NA,114688,552960,184320,8192,8192,4096,NA,NA,NA,"1.5.3",11621374,"8928818225063272201","28212881952829124281661","test/duckvep/conformance/results/haplotype_benchmark_185b685b3cf2dc","8a9e6701bd07813b3ff844976e55a0697f0292211095d4f864df94e76b4bae0b","03cc2c53b3c9dd1a3626f268e3a6749e85c33e41710d7d8e8e0d0597450f86e4","a7778bda9f9ef8d1c01c13cf72c917b57fe55fd16daa337e746db68c35aa23a3","b077686177ec40475f69c204de89cfe78bdd502f1608e6553990f473ffc587de","204ec8fa3b2c4e04c4cca5670daa6df254365a57cf537fa9591cb8e7fd15cc49",NA,NA,NA,NA
"b6f0016ffd287336e8c1777740f67457016d7cbe","htslib_distclean_make_release","sql",3,1024,64,64,1,2,401808,0.857,NA,NA,NA,NA,NA,NA,NA,NA,NA,3072,NA,114688,552960,184320,8192,8192,4096,NA,NA,NA,"1.5.3",11621374,"8928818225063272201","28212881952829124281661","test/duckvep/conformance/results/haplotype_benchmark_185b685b3cf2dc","8a9e6701bd07813b3ff844976e55a0697f0292211095d4f864df94e76b4bae0b","03cc2c53b3c9dd1a3626f268e3a6749e85c33e41710d7d8e8e0d0597450f86e4","a7778bda9f9ef8d1c01c13cf72c917b57fe55fd16daa337e746db68c35aa23a3","b077686177ec40475f69c204de89cfe78bdd502f1608e6553990f473ffc587de","204ec8fa3b2c4e04c4cca5670daa6df254365a57cf537fa9591cb8e7fd15cc49",NA,NA,NA,NA
"b6f0016ffd287336e8c1777740f67457016d7cbe","htslib_distclean_make_release","native",1,10240,64,16,1,2,76264,0.167207006365061,189104,338264,2560,40960,2621440,16,1792,96,61440,30720,5529600,1146880,5529600,1843200,81920,81920,40960,4,64,10,NA,NA,NA,NA,"test/duckvep/conformance/results/haplotype_benchmark_184c3940e4db14","bc2ea5efc8cad6800a6028d8c10889e3f4b78edd807e07dfb1e37532e80216f6","03cc2c53b3c9dd1a3626f268e3a6749e85c33e41710d7d8e8e0d0597450f86e4","a7778bda9f9ef8d1c01c13cf72c917b57fe55fd16daa337e746db68c35aa23a3","b077686177ec40475f69c204de89cfe78bdd502f1608e6553990f473ffc587de","204ec8fa3b2c4e04c4cca5670daa6df254365a57cf537fa9591cb8e7fd15cc49",NA,NA,NA,NA
"b6f0016ffd287336e8c1777740f67457016d7cbe","htslib_distclean_make_release","native",2,10240,64,16,1,2,76264,0.166773732751608,189104,338264,2560,40960,2621440,16,1792,96,61440,30720,5529600,1146880,5529600,1843200,81920,81920,40960,4,64,10,NA,NA,NA,NA,"test/duckvep/conformance/results/haplotype_benchmark_184c3940e4db14","bc2ea5efc8cad6800a6028d8c10889e3f4b78edd807e07dfb1e37532e80216f6","03cc2c53b3c9dd1a3626f268e3a6749e85c33e41710d7d8e8e0d0597450f86e4","a7778bda9f9ef8d1c01c13cf72c917b57fe55fd16daa337e746db68c35aa23a3","b077686177ec40475f69c204de89cfe78bdd502f1608e6553990f473ffc587de","204ec8fa3b2c4e04c4cca5670daa6df254365a57cf537fa9591cb8e7fd15cc49",NA,NA,NA,NA
"b6f0016ffd287336e8c1777740f67457016d7cbe","htslib_distclean_make_release","native",3,10240,64,16,1,2,76268,0.167986504733562,189104,338264,2560,40960,2621440,16,1792,96,61440,30720,5529600,1146880,5529600,1843200,81920,81920,40960,4,64,10,NA,NA,NA,NA,"test/duckvep/conformance/results/haplotype_benchmark_184c3940e4db14","bc2ea5efc8cad6800a6028d8c10889e3f4b78edd807e07dfb1e37532e80216f6","03cc2c53b3c9dd1a3626f268e3a6749e85c33e41710d7d8e8e0d0597450f86e4","a7778bda9f9ef8d1c01c13cf72c917b57fe55fd16daa337e746db68c35aa23a3","b077686177ec40475f69c204de89cfe78bdd502f1608e6553990f473ffc587de","204ec8fa3b2c4e04c4cca5670daa6df254365a57cf537fa9591cb8e7fd15cc49",NA,NA,NA,NA
"b6f0016ffd287336e8c1777740f67457016d7cbe","htslib_distclean_make_release","sql",1,10240,64,16,1,2,2266556,9.3,NA,NA,NA,NA,NA,NA,NA,NA,NA,30720,NA,1146880,5529600,1843200,81920,81920,40960,NA,NA,NA,"1.5.3",116648334,"13092112772909497255","282423626199823826764931","test/duckvep/conformance/results/haplotype_benchmark_184c3940e4db14","bc2ea5efc8cad6800a6028d8c10889e3f4b78edd807e07dfb1e37532e80216f6","03cc2c53b3c9dd1a3626f268e3a6749e85c33e41710d7d8e8e0d0597450f86e4","a7778bda9f9ef8d1c01c13cf72c917b57fe55fd16daa337e746db68c35aa23a3","b077686177ec40475f69c204de89cfe78bdd502f1608e6553990f473ffc587de","204ec8fa3b2c4e04c4cca5670daa6df254365a57cf537fa9591cb8e7fd15cc49",NA,NA,NA,NA
"b6f0016ffd287336e8c1777740f67457016d7cbe","htslib_distclean_make_release","sql",2,10240,64,16,1,2,2267012,9.105,NA,NA,NA,NA,NA,NA,NA,NA,NA,30720,NA,1146880,5529600,1843200,81920,81920,40960,NA,NA,NA,"1.5.3",116648334,"13092112772909497255","282423626199823826764931","test/duckvep/conformance/results/haplotype_benchmark_184c3940e4db14","bc2ea5efc8cad6800a6028d8c10889e3f4b78edd807e07dfb1e37532e80216f6","03cc2c53b3c9dd1a3626f268e3a6749e85c33e41710d7d8e8e0d0597450f86e4","a7778bda9f9ef8d1c01c13cf72c917b57fe55fd16daa337e746db68c35aa23a3","b077686177ec40475f69c204de89cfe78bdd502f1608e6553990f473ffc587de","204ec8fa3b2c4e04c4cca5670daa6df254365a57cf537fa9591cb8e7fd15cc49",NA,NA,NA,NA
"b6f0016ffd287336e8c1777740f67457016d7cbe","htslib_distclean_make_release","sql",3,10240,64,16,1,2,2266548,9.162,NA,NA,NA,NA,NA,NA,NA,NA,NA,30720,NA,1146880,5529600,1843200,81920,81920,40960,NA,NA,NA,"1.5.3",116648334,"13092112772909497255","282423626199823826764931","test/duckvep/conformance/results/haplotype_benchmark_184c3940e4db14","bc2ea5efc8cad6800a6028d8c10889e3f4b78edd807e07dfb1e37532e80216f6","03cc2c53b3c9dd1a3626f268e3a6749e85c33e41710d7d8e8e0d0597450f86e4","a7778bda9f9ef8d1c01c13cf72c917b57fe55fd16daa337e746db68c35aa23a3","b077686177ec40475f69c204de89cfe78bdd502f1608e6553990f473ffc587de","204ec8fa3b2c4e04c4cca5670daa6df254365a57cf537fa9591cb8e7fd15cc49",NA,NA,NA,NA
"d1c591b76f8a9a07036736ac0666a004eb58e0eb","htslib_distclean_make_release","native",1,1024,4,1,1,2,76424,0.00305621698498726,4484,34136,4096,4096,16384,1,7,6,6144,3072,552960,7168,552960,184320,8192,8192,4096,4,4,10,NA,NA,NA,NA,"test/duckvep/conformance/results/haplotype_benchmark_196bdb50657591","a48dcce62e7bffca0097650f8c178a8814dea19c9d62b60aebb137033557c9ea","2ac61f1ba5d2708200a80bc459eebf88b599ac92f0f5ffef0cbe38350c603299","a7778bda9f9ef8d1c01c13cf72c917b57fe55fd16daa337e746db68c35aa23a3","b077686177ec40475f69c204de89cfe78bdd502f1608e6553990f473ffc587de","204ec8fa3b2c4e04c4cca5670daa6df254365a57cf537fa9591cb8e7fd15cc49",NA,NA,NA,NA
"d1c591b76f8a9a07036736ac0666a004eb58e0eb","htslib_distclean_make_release","native",2,1024,4,1,1,2,76264,0.00287790223956108,4484,34136,4096,4096,16384,1,7,6,6144,3072,552960,7168,552960,184320,8192,8192,4096,4,4,10,NA,NA,NA,NA,"test/duckvep/conformance/results/haplotype_benchmark_196bdb50657591","a48dcce62e7bffca0097650f8c178a8814dea19c9d62b60aebb137033557c9ea","2ac61f1ba5d2708200a80bc459eebf88b599ac92f0f5ffef0cbe38350c603299","a7778bda9f9ef8d1c01c13cf72c917b57fe55fd16daa337e746db68c35aa23a3","b077686177ec40475f69c204de89cfe78bdd502f1608e6553990f473ffc587de","204ec8fa3b2c4e04c4cca5670daa6df254365a57cf537fa9591cb8e7fd15cc49",NA,NA,NA,NA
"d1c591b76f8a9a07036736ac0666a004eb58e0eb","htslib_distclean_make_release","native",3,1024,4,1,1,2,76268,0.00301256775856018,4484,34136,4096,4096,16384,1,7,6,6144,3072,552960,7168,552960,184320,8192,8192,4096,4,4,10,NA,NA,NA,NA,"test/duckvep/conformance/results/haplotype_benchmark_196bdb50657591","a48dcce62e7bffca0097650f8c178a8814dea19c9d62b60aebb137033557c9ea","2ac61f1ba5d2708200a80bc459eebf88b599ac92f0f5ffef0cbe38350c603299","a7778bda9f9ef8d1c01c13cf72c917b57fe55fd16daa337e746db68c35aa23a3","b077686177ec40475f69c204de89cfe78bdd502f1608e6553990f473ffc587de","204ec8fa3b2c4e04c4cca5670daa6df254365a57cf537fa9591cb8e7fd15cc49",NA,NA,NA,NA
"d1c591b76f8a9a07036736ac0666a004eb58e0eb","htslib_distclean_make_release","sql",1,1024,4,1,1,2,214684,0.05,NA,NA,NA,NA,NA,NA,NA,NA,NA,3072,NA,7168,552960,184320,8192,8192,4096,NA,NA,NA,"1.5.3",4622074,"7073993355575920695","28367269509809111348009","test/duckvep/conformance/results/haplotype_benchmark_196bdb50657591","a48dcce62e7bffca0097650f8c178a8814dea19c9d62b60aebb137033557c9ea","2ac61f1ba5d2708200a80bc459eebf88b599ac92f0f5ffef0cbe38350c603299","a7778bda9f9ef8d1c01c13cf72c917b57fe55fd16daa337e746db68c35aa23a3","b077686177ec40475f69c204de89cfe78bdd502f1608e6553990f473ffc587de","204ec8fa3b2c4e04c4cca5670daa6df254365a57cf537fa9591cb8e7fd15cc49",NA,NA,NA,NA
"d1c591b76f8a9a07036736ac0666a004eb58e0eb","htslib_distclean_make_release","sql",2,1024,4,1,1,2,216104,0.05,NA,NA,NA,NA,NA,NA,NA,NA,NA,3072,NA,7168,552960,184320,8192,8192,4096,NA,NA,NA,"1.5.3",4622074,"7073993355575920695","28367269509809111348009","test/duckvep/conformance/results/haplotype_benchmark_196bdb50657591","a48dcce62e7bffca0097650f8c178a8814dea19c9d62b60aebb137033557c9ea","2ac61f1ba5d2708200a80bc459eebf88b599ac92f0f5ffef0cbe38350c603299","a7778bda9f9ef8d1c01c13cf72c917b57fe55fd16daa337e746db68c35aa23a3","b077686177ec40475f69c204de89cfe78bdd502f1608e6553990f473ffc587de","204ec8fa3b2c4e04c4cca5670daa6df254365a57cf537fa9591cb8e7fd15cc49",NA,NA,NA,NA
"d1c591b76f8a9a07036736ac0666a004eb58e0eb","htslib_distclean_make_release","sql",3,1024,4,1,1,2,218920,0.049,NA,NA,NA,NA,NA,NA,NA,NA,NA,3072,NA,7168,552960,184320,8192,8192,4096,NA,NA,NA,"1.5.3",4622074,"7073993355575920695","28367269509809111348009","test/duckvep/conformance/results/haplotype_benchmark_196bdb50657591","a48dcce62e7bffca0097650f8c178a8814dea19c9d62b60aebb137033557c9ea","2ac61f1ba5d2708200a80bc459eebf88b599ac92f0f5ffef0cbe38350c603299","a7778bda9f9ef8d1c01c13cf72c917b57fe55fd16daa337e746db68c35aa23a3","b077686177ec40475f69c204de89cfe78bdd502f1608e6553990f473ffc587de","204ec8fa3b2c4e04c4cca5670daa6df254365a57cf537fa9591cb8e7fd15cc49",NA,NA,NA,NA
"d1c591b76f8a9a07036736ac0666a004eb58e0eb","htslib_distclean_make_release","native",1,1024,64,1,1,2,76264,0.0134680084884167,14084,34136,4096,4096,262144,1,112,6,6144,3072,552960,114688,552960,184320,8192,8192,4096,4,4,10,NA,NA,NA,NA,"test/duckvep/conformance/results/haplotype_benchmark_196f641489825a","f3322999e1c7cec762bc280567a1e18c3fbdb8ca2b0216884c5b253725640cd0","2ac61f1ba5d2708200a80bc459eebf88b599ac92f0f5ffef0cbe38350c603299","a7778bda9f9ef8d1c01c13cf72c917b57fe55fd16daa337e746db68c35aa23a3","b077686177ec40475f69c204de89cfe78bdd502f1608e6553990f473ffc587de","204ec8fa3b2c4e04c4cca5670daa6df254365a57cf537fa9591cb8e7fd15cc49",NA,NA,NA,NA
"d1c591b76f8a9a07036736ac0666a004eb58e0eb","htslib_distclean_make_release","native",2,1024,64,1,1,2,76036,0.0131456591188908,14084,34136,4096,4096,262144,1,112,6,6144,3072,552960,114688,552960,184320,8192,8192,4096,4,4,10,NA,NA,NA,NA,"test/duckvep/conformance/results/haplotype_benchmark_196f641489825a","f3322999e1c7cec762bc280567a1e18c3fbdb8ca2b0216884c5b253725640cd0","2ac61f1ba5d2708200a80bc459eebf88b599ac92f0f5ffef0cbe38350c603299","a7778bda9f9ef8d1c01c13cf72c917b57fe55fd16daa337e746db68c35aa23a3","b077686177ec40475f69c204de89cfe78bdd502f1608e6553990f473ffc587de","204ec8fa3b2c4e04c4cca5670daa6df254365a57cf537fa9591cb8e7fd15cc49",NA,NA,NA,NA
"d1c591b76f8a9a07036736ac0666a004eb58e0eb","htslib_distclean_make_release","native",3,1024,64,1,1,2,76424,0.0130581185221672,14084,34136,4096,4096,262144,1,112,6,6144,3072,552960,114688,552960,184320,8192,8192,4096,4,4,10,NA,NA,NA,NA,"test/duckvep/conformance/results/haplotype_benchmark_196f641489825a","f3322999e1c7cec762bc280567a1e18c3fbdb8ca2b0216884c5b253725640cd0","2ac61f1ba5d2708200a80bc459eebf88b599ac92f0f5ffef0cbe38350c603299","a7778bda9f9ef8d1c01c13cf72c917b57fe55fd16daa337e746db68c35aa23a3","b077686177ec40475f69c204de89cfe78bdd502f1608e6553990f473ffc587de","204ec8fa3b2c4e04c4cca5670daa6df254365a57cf537fa9591cb8e7fd15cc49",NA,NA,NA,NA
"d1c591b76f8a9a07036736ac0666a004eb58e0eb","htslib_distclean_make_release","sql",1,1024,64,1,1,2,382708,0.329,NA,NA,NA,NA,NA,NA,NA,NA,NA,3072,NA,114688,552960,184320,8192,8192,4096,NA,NA,NA,"1.5.3",11665146,"6659026955915781041","28419023938171811290625","test/duckvep/conformance/results/haplotype_benchmark_196f641489825a","f3322999e1c7cec762bc280567a1e18c3fbdb8ca2b0216884c5b253725640cd0","2ac61f1ba5d2708200a80bc459eebf88b599ac92f0f5ffef0cbe38350c603299","a7778bda9f9ef8d1c01c13cf72c917b57fe55fd16daa337e746db68c35aa23a3","b077686177ec40475f69c204de89cfe78bdd502f1608e6553990f473ffc587de","204ec8fa3b2c4e04c4cca5670daa6df254365a57cf537fa9591cb8e7fd15cc49",NA,NA,NA,NA
"d1c591b76f8a9a07036736ac0666a004eb58e0eb","htslib_distclean_make_release","sql",2,1024,64,1,1,2,384468,0.336,NA,NA,NA,NA,NA,NA,NA,NA,NA,3072,NA,114688,552960,184320,8192,8192,4096,NA,NA,NA,"1.5.3",11665146,"6659026955915781041","28419023938171811290625","test/duckvep/conformance/results/haplotype_benchmark_196f641489825a","f3322999e1c7cec762bc280567a1e18c3fbdb8ca2b0216884c5b253725640cd0","2ac61f1ba5d2708200a80bc459eebf88b599ac92f0f5ffef0cbe38350c603299","a7778bda9f9ef8d1c01c13cf72c917b57fe55fd16daa337e746db68c35aa23a3","b077686177ec40475f69c204de89cfe78bdd502f1608e6553990f473ffc587de","204ec8fa3b2c4e04c4cca5670daa6df254365a57cf537fa9591cb8e7fd15cc49",NA,NA,NA,NA
"d1c591b76f8a9a07036736ac0666a004eb58e0eb","htslib_distclean_make_release","sql",3,1024,64,1,1,2,384200,0.335,NA,NA,NA,NA,NA,NA,NA,NA,NA,3072,NA,114688,552960,184320,8192,8192,4096,NA,NA,NA,"1.5.3",11665146,"6659026955915781041","28419023938171811290625","test/duckvep/conformance/results/haplotype_benchmark_196f641489825a","f3322999e1c7cec762bc280567a1e18c3fbdb8ca2b0216884c5b253725640cd0","2ac61f1ba5d2708200a80bc459eebf88b599ac92f0f5ffef0cbe38350c603299","a7778bda9f9ef8d1c01c13cf72c917b57fe55fd16daa337e746db68c35aa23a3","b077686177ec40475f69c204de89cfe78bdd502f1608e6553990f473ffc587de","204ec8fa3b2c4e04c4cca5670daa6df254365a57cf537fa9591cb8e7fd15cc49",NA,NA,NA,NA
"d1c591b76f8a9a07036736ac0666a004eb58e0eb","htslib_distclean_make_release","native",1,1024,256,1,1,2,76264,0.0475982390344143,44804,34136,4096,4096,1048576,1,448,6,6144,3072,552960,458752,552960,184320,8192,8192,4096,4,4,10,NA,NA,NA,NA,"test/duckvep/conformance/results/haplotype_benchmark_1973621e0f721f","bace9dbc6bdcb26d31e57b63e57f2f2876c97e6ac686adf6a3721e014b88dbd4","2ac61f1ba5d2708200a80bc459eebf88b599ac92f0f5ffef0cbe38350c603299","a7778bda9f9ef8d1c01c13cf72c917b57fe55fd16daa337e746db68c35aa23a3","b077686177ec40475f69c204de89cfe78bdd502f1608e6553990f473ffc587de","204ec8fa3b2c4e04c4cca5670daa6df254365a57cf537fa9591cb8e7fd15cc49",NA,NA,NA,NA
"d1c591b76f8a9a07036736ac0666a004eb58e0eb","htslib_distclean_make_release","native",2,1024,256,1,1,2,76268,0.0464662238955498,44804,34136,4096,4096,1048576,1,448,6,6144,3072,552960,458752,552960,184320,8192,8192,4096,4,4,10,NA,NA,NA,NA,"test/duckvep/conformance/results/haplotype_benchmark_1973621e0f721f","bace9dbc6bdcb26d31e57b63e57f2f2876c97e6ac686adf6a3721e014b88dbd4","2ac61f1ba5d2708200a80bc459eebf88b599ac92f0f5ffef0cbe38350c603299","a7778bda9f9ef8d1c01c13cf72c917b57fe55fd16daa337e746db68c35aa23a3","b077686177ec40475f69c204de89cfe78bdd502f1608e6553990f473ffc587de","204ec8fa3b2c4e04c4cca5670daa6df254365a57cf537fa9591cb8e7fd15cc49",NA,NA,NA,NA
"d1c591b76f8a9a07036736ac0666a004eb58e0eb","htslib_distclean_make_release","native",3,1024,256,1,1,2,76264,0.0472269132733345,44804,34136,4096,4096,1048576,1,448,6,6144,3072,552960,458752,552960,184320,8192,8192,4096,4,4,10,NA,NA,NA,NA,"test/duckvep/conformance/results/haplotype_benchmark_1973621e0f721f","bace9dbc6bdcb26d31e57b63e57f2f2876c97e6ac686adf6a3721e014b88dbd4","2ac61f1ba5d2708200a80bc459eebf88b599ac92f0f5ffef0cbe38350c603299","a7778bda9f9ef8d1c01c13cf72c917b57fe55fd16daa337e746db68c35aa23a3","b077686177ec40475f69c204de89cfe78bdd502f1608e6553990f473ffc587de","204ec8fa3b2c4e04c4cca5670daa6df254365a57cf537fa9591cb8e7fd15cc49",NA,NA,NA,NA
"d1c591b76f8a9a07036736ac0666a004eb58e0eb","htslib_distclean_make_release","sql",1,1024,256,1,1,2,980152,1.302,NA,NA,NA,NA,NA,NA,NA,NA,NA,3072,NA,458752,552960,184320,8192,8192,4096,NA,NA,NA,"1.5.3",34508538,"12820793420504737645","27845641093698617117555","test/duckvep/conformance/results/haplotype_benchmark_1973621e0f721f","bace9dbc6bdcb26d31e57b63e57f2f2876c97e6ac686adf6a3721e014b88dbd4","2ac61f1ba5d2708200a80bc459eebf88b599ac92f0f5ffef0cbe38350c603299","a7778bda9f9ef8d1c01c13cf72c917b57fe55fd16daa337e746db68c35aa23a3","b077686177ec40475f69c204de89cfe78bdd502f1608e6553990f473ffc587de","204ec8fa3b2c4e04c4cca5670daa6df254365a57cf537fa9591cb8e7fd15cc49",NA,NA,NA,NA
"d1c591b76f8a9a07036736ac0666a004eb58e0eb","htslib_distclean_make_release","sql",2,1024,256,1,1,2,980332,1.316,NA,NA,NA,NA,NA,NA,NA,NA,NA,3072,NA,458752,552960,184320,8192,8192,4096,NA,NA,NA,"1.5.3",34508538,"12820793420504737645","27845641093698617117555","test/duckvep/conformance/results/haplotype_benchmark_1973621e0f721f","bace9dbc6bdcb26d31e57b63e57f2f2876c97e6ac686adf6a3721e014b88dbd4","2ac61f1ba5d2708200a80bc459eebf88b599ac92f0f5ffef0cbe38350c603299","a7778bda9f9ef8d1c01c13cf72c917b57fe55fd16daa337e746db68c35aa23a3","b077686177ec40475f69c204de89cfe78bdd502f1608e6553990f473ffc587de","204ec8fa3b2c4e04c4cca5670daa6df254365a57cf537fa9591cb8e7fd15cc49",NA,NA,NA,NA
"d1c591b76f8a9a07036736ac0666a004eb58e0eb","htslib_distclean_make_release","sql",3,1024,256,1,1,2,980284,1.361,NA,NA,NA,NA,NA,NA,NA,NA,NA,3072,NA,458752,552960,184320,8192,8192,4096,NA,NA,NA,"1.5.3",34508538,"12820793420504737645","27845641093698617117555","test/duckvep/conformance/results/haplotype_benchmark_1973621e0f721f","bace9dbc6bdcb26d31e57b63e57f2f2876c97e6ac686adf6a3721e014b88dbd4","2ac61f1ba5d2708200a80bc459eebf88b599ac92f0f5ffef0cbe38350c603299","a7778bda9f9ef8d1c01c13cf72c917b57fe55fd16daa337e746db68c35aa23a3","b077686177ec40475f69c204de89cfe78bdd502f1608e6553990f473ffc587de","204ec8fa3b2c4e04c4cca5670daa6df254365a57cf537fa9591cb8e7fd15cc49",NA,NA,NA,NA
"d1c591b76f8a9a07036736ac0666a004eb58e0eb","htslib_distclean_make_release","native",1,1024,64,16,1,2,76268,0.016983438283205,189104,34136,256,4096,262144,16,1792,96,6144,3072,552960,114688,552960,184320,8192,8192,4096,4,64,10,NA,NA,NA,NA,"test/duckvep/conformance/results/haplotype_benchmark_1978bc3f51e871","e228055c9d6421af45501ca44fd8a4efaf468eed5a05cc07b64e1f11ea5d3506","2ac61f1ba5d2708200a80bc459eebf88b599ac92f0f5ffef0cbe38350c603299","a7778bda9f9ef8d1c01c13cf72c917b57fe55fd16daa337e746db68c35aa23a3","b077686177ec40475f69c204de89cfe78bdd502f1608e6553990f473ffc587de","204ec8fa3b2c4e04c4cca5670daa6df254365a57cf537fa9591cb8e7fd15cc49",NA,NA,NA,NA
"d1c591b76f8a9a07036736ac0666a004eb58e0eb","htslib_distclean_make_release","native",2,1024,64,16,1,2,76264,0.0168910212814808,189104,34136,256,4096,262144,16,1792,96,6144,3072,552960,114688,552960,184320,8192,8192,4096,4,64,10,NA,NA,NA,NA,"test/duckvep/conformance/results/haplotype_benchmark_1978bc3f51e871","e228055c9d6421af45501ca44fd8a4efaf468eed5a05cc07b64e1f11ea5d3506","2ac61f1ba5d2708200a80bc459eebf88b599ac92f0f5ffef0cbe38350c603299","a7778bda9f9ef8d1c01c13cf72c917b57fe55fd16daa337e746db68c35aa23a3","b077686177ec40475f69c204de89cfe78bdd502f1608e6553990f473ffc587de","204ec8fa3b2c4e04c4cca5670daa6df254365a57cf537fa9591cb8e7fd15cc49",NA,NA,NA,NA
"d1c591b76f8a9a07036736ac0666a004eb58e0eb","htslib_distclean_make_release","native",3,1024,64,16,1,2,76264,0.0167926475405693,189104,34136,256,4096,262144,16,1792,96,6144,3072,552960,114688,552960,184320,8192,8192,4096,4,64,10,NA,NA,NA,NA,"test/duckvep/conformance/results/haplotype_benchmark_1978bc3f51e871","e228055c9d6421af45501ca44fd8a4efaf468eed5a05cc07b64e1f11ea5d3506","2ac61f1ba5d2708200a80bc459eebf88b599ac92f0f5ffef0cbe38350c603299","a7778bda9f9ef8d1c01c13cf72c917b57fe55fd16daa337e746db68c35aa23a3","b077686177ec40475f69c204de89cfe78bdd502f1608e6553990f473ffc587de","204ec8fa3b2c4e04c4cca5670daa6df254365a57cf537fa9591cb8e7fd15cc49",NA,NA,NA,NA
"d1c591b76f8a9a07036736ac0666a004eb58e0eb","htslib_distclean_make_release","sql",1,1024,64,16,1,2,385720,0.353,NA,NA,NA,NA,NA,NA,NA,NA,NA,3072,NA,114688,552960,184320,8192,8192,4096,NA,NA,NA,"1.5.3",11637374,"4832535337411960646","28307095053310083420130","test/duckvep/conformance/results/haplotype_benchmark_1978bc3f51e871","e228055c9d6421af45501ca44fd8a4efaf468eed5a05cc07b64e1f11ea5d3506","2ac61f1ba5d2708200a80bc459eebf88b599ac92f0f5ffef0cbe38350c603299","a7778bda9f9ef8d1c01c13cf72c917b57fe55fd16daa337e746db68c35aa23a3","b077686177ec40475f69c204de89cfe78bdd502f1608e6553990f473ffc587de","204ec8fa3b2c4e04c4cca5670daa6df254365a57cf537fa9591cb8e7fd15cc49",NA,NA,NA,NA
"d1c591b76f8a9a07036736ac0666a004eb58e0eb","htslib_distclean_make_release","sql",2,1024,64,16,1,2,385956,0.353,NA,NA,NA,NA,NA,NA,NA,NA,NA,3072,NA,114688,552960,184320,8192,8192,4096,NA,NA,NA,"1.5.3",11637374,"4832535337411960646","28307095053310083420130","test/duckvep/conformance/results/haplotype_benchmark_1978bc3f51e871","e228055c9d6421af45501ca44fd8a4efaf468eed5a05cc07b64e1f11ea5d3506","2ac61f1ba5d2708200a80bc459eebf88b599ac92f0f5ffef0cbe38350c603299","a7778bda9f9ef8d1c01c13cf72c917b57fe55fd16daa337e746db68c35aa23a3","b077686177ec40475f69c204de89cfe78bdd502f1608e6553990f473ffc587de","204ec8fa3b2c4e04c4cca5670daa6df254365a57cf537fa9591cb8e7fd15cc49",NA,NA,NA,NA
"d1c591b76f8a9a07036736ac0666a004eb58e0eb","htslib_distclean_make_release","sql",3,1024,64,16,1,2,385272,0.345,NA,NA,NA,NA,NA,NA,NA,NA,NA,3072,NA,114688,552960,184320,8192,8192,4096,NA,NA,NA,"1.5.3",11637374,"4832535337411960646","28307095053310083420130","test/duckvep/conformance/results/haplotype_benchmark_1978bc3f51e871","e228055c9d6421af45501ca44fd8a4efaf468eed5a05cc07b64e1f11ea5d3506","2ac61f1ba5d2708200a80bc459eebf88b599ac92f0f5ffef0cbe38350c603299","a7778bda9f9ef8d1c01c13cf72c917b57fe55fd16daa337e746db68c35aa23a3","b077686177ec40475f69c204de89cfe78bdd502f1608e6553990f473ffc587de","204ec8fa3b2c4e04c4cca5670daa6df254365a57cf537fa9591cb8e7fd15cc49",NA,NA,NA,NA
"d1c591b76f8a9a07036736ac0666a004eb58e0eb","htslib_distclean_make_release","native",1,10240,64,16,1,2,76036,0.171849388629198,189104,338264,2560,40960,2621440,16,1792,96,61440,30720,5529600,1146880,5529600,1843200,81920,81920,40960,4,64,10,NA,NA,NA,NA,"test/duckvep/conformance/results/haplotype_benchmark_197ca0745014d1","493b6946a2232546c9d34df4a9fcdb526e600eb4610b18bc58327acc4d057db1","2ac61f1ba5d2708200a80bc459eebf88b599ac92f0f5ffef0cbe38350c603299","a7778bda9f9ef8d1c01c13cf72c917b57fe55fd16daa337e746db68c35aa23a3","b077686177ec40475f69c204de89cfe78bdd502f1608e6553990f473ffc587de","204ec8fa3b2c4e04c4cca5670daa6df254365a57cf537fa9591cb8e7fd15cc49",NA,NA,NA,NA
"d1c591b76f8a9a07036736ac0666a004eb58e0eb","htslib_distclean_make_release","native",2,10240,64,16,1,2,76264,0.166663192212582,189104,338264,2560,40960,2621440,16,1792,96,61440,30720,5529600,1146880,5529600,1843200,81920,81920,40960,4,64,10,NA,NA,NA,NA,"test/duckvep/conformance/results/haplotype_benchmark_197ca0745014d1","493b6946a2232546c9d34df4a9fcdb526e600eb4610b18bc58327acc4d057db1","2ac61f1ba5d2708200a80bc459eebf88b599ac92f0f5ffef0cbe38350c603299","a7778bda9f9ef8d1c01c13cf72c917b57fe55fd16daa337e746db68c35aa23a3","b077686177ec40475f69c204de89cfe78bdd502f1608e6553990f473ffc587de","204ec8fa3b2c4e04c4cca5670daa6df254365a57cf537fa9591cb8e7fd15cc49",NA,NA,NA,NA
"d1c591b76f8a9a07036736ac0666a004eb58e0eb","htslib_distclean_make_release","native",3,10240,64,16,1,2,76428,0.163984443992376,189104,338264,2560,40960,2621440,16,1792,96,61440,30720,5529600,1146880,5529600,1843200,81920,81920,40960,4,64,10,NA,NA,NA,NA,"test/duckvep/conformance/results/haplotype_benchmark_197ca0745014d1","493b6946a2232546c9d34df4a9fcdb526e600eb4610b18bc58327acc4d057db1","2ac61f1ba5d2708200a80bc459eebf88b599ac92f0f5ffef0cbe38350c603299","a7778bda9f9ef8d1c01c13cf72c917b57fe55fd16daa337e746db68c35aa23a3","b077686177ec40475f69c204de89cfe78bdd502f1608e6553990f473ffc587de","204ec8fa3b2c4e04c4cca5670daa6df254365a57cf537fa9591cb8e7fd15cc49",NA,NA,NA,NA
"d1c591b76f8a9a07036736ac0666a004eb58e0eb","htslib_distclean_make_release","sql",1,10240,64,16,1,2,2175484,4.236,NA,NA,NA,NA,NA,NA,NA,NA,NA,30720,NA,1146880,5529600,1843200,81920,81920,40960,NA,NA,NA,"1.5.3",116648334,"13092112772909497255","282423626199823826764931","test/duckvep/conformance/results/haplotype_benchmark_197ca0745014d1","493b6946a2232546c9d34df4a9fcdb526e600eb4610b18bc58327acc4d057db1","2ac61f1ba5d2708200a80bc459eebf88b599ac92f0f5ffef0cbe38350c603299","a7778bda9f9ef8d1c01c13cf72c917b57fe55fd16daa337e746db68c35aa23a3","b077686177ec40475f69c204de89cfe78bdd502f1608e6553990f473ffc587de","204ec8fa3b2c4e04c4cca5670daa6df254365a57cf537fa9591cb8e7fd15cc49",NA,NA,NA,NA
"d1c591b76f8a9a07036736ac0666a004eb58e0eb","htslib_distclean_make_release","sql",2,10240,64,16,1,2,2181760,4.184,NA,NA,NA,NA,NA,NA,NA,NA,NA,30720,NA,1146880,5529600,1843200,81920,81920,40960,NA,NA,NA,"1.5.3",116648334,"13092112772909497255","282423626199823826764931","test/duckvep/conformance/results/haplotype_benchmark_197ca0745014d1","493b6946a2232546c9d34df4a9fcdb526e600eb4610b18bc58327acc4d057db1","2ac61f1ba5d2708200a80bc459eebf88b599ac92f0f5ffef0cbe38350c603299","a7778bda9f9ef8d1c01c13cf72c917b57fe55fd16daa337e746db68c35aa23a3","b077686177ec40475f69c204de89cfe78bdd502f1608e6553990f473ffc587de","204ec8fa3b2c4e04c4cca5670daa6df254365a57cf537fa9591cb8e7fd15cc49",NA,NA,NA,NA
"d1c591b76f8a9a07036736ac0666a004eb58e0eb","htslib_distclean_make_release","sql",3,10240,64,16,1,2,2181528,4.131,NA,NA,NA,NA,NA,NA,NA,NA,NA,30720,NA,1146880,5529600,1843200,81920,81920,40960,NA,NA,NA,"1.5.3",116648334,"13092112772909497255","282423626199823826764931","test/duckvep/conformance/results/haplotype_benchmark_197ca0745014d1","493b6946a2232546c9d34df4a9fcdb526e600eb4610b18bc58327acc4d057db1","2ac61f1ba5d2708200a80bc459eebf88b599ac92f0f5ffef0cbe38350c603299","a7778bda9f9ef8d1c01c13cf72c917b57fe55fd16daa337e746db68c35aa23a3","b077686177ec40475f69c204de89cfe78bdd502f1608e6553990f473ffc587de","204ec8fa3b2c4e04c4cca5670daa6df254365a57cf537fa9591cb8e7fd15cc49",NA,NA,NA,NA
"d1c591b76f8a9a07036736ac0666a004eb58e0eb","htslib_distclean_make_release","native",1,1024,64,64,1,2,76264,0.0179970003664494,749168,34136,64,4096,262144,64,7168,384,6144,3072,552960,114688,552960,184320,8192,8192,4096,4,256,10,NA,NA,NA,NA,"test/duckvep/conformance/results/haplotype_benchmark_198f0dcf83c4e","479d0f1de0df0ff0b88d8044cd9cad282636bdbe3e9cf1e8d8c6b15a6f74d392","2ac61f1ba5d2708200a80bc459eebf88b599ac92f0f5ffef0cbe38350c603299","a7778bda9f9ef8d1c01c13cf72c917b57fe55fd16daa337e746db68c35aa23a3","b077686177ec40475f69c204de89cfe78bdd502f1608e6553990f473ffc587de","204ec8fa3b2c4e04c4cca5670daa6df254365a57cf537fa9591cb8e7fd15cc49",NA,NA,NA,NA
"d1c591b76f8a9a07036736ac0666a004eb58e0eb","htslib_distclean_make_release","native",2,1024,64,64,1,2,76264,0.0176136679947376,749168,34136,64,4096,262144,64,7168,384,6144,3072,552960,114688,552960,184320,8192,8192,4096,4,256,10,NA,NA,NA,NA,"test/duckvep/conformance/results/haplotype_benchmark_198f0dcf83c4e","479d0f1de0df0ff0b88d8044cd9cad282636bdbe3e9cf1e8d8c6b15a6f74d392","2ac61f1ba5d2708200a80bc459eebf88b599ac92f0f5ffef0cbe38350c603299","a7778bda9f9ef8d1c01c13cf72c917b57fe55fd16daa337e746db68c35aa23a3","b077686177ec40475f69c204de89cfe78bdd502f1608e6553990f473ffc587de","204ec8fa3b2c4e04c4cca5670daa6df254365a57cf537fa9591cb8e7fd15cc49",NA,NA,NA,NA
"d1c591b76f8a9a07036736ac0666a004eb58e0eb","htslib_distclean_make_release","native",3,1024,64,64,1,2,76264,0.0185073912143707,749168,34136,64,4096,262144,64,7168,384,6144,3072,552960,114688,552960,184320,8192,8192,4096,4,256,10,NA,NA,NA,NA,"test/duckvep/conformance/results/haplotype_benchmark_198f0dcf83c4e","479d0f1de0df0ff0b88d8044cd9cad282636bdbe3e9cf1e8d8c6b15a6f74d392","2ac61f1ba5d2708200a80bc459eebf88b599ac92f0f5ffef0cbe38350c603299","a7778bda9f9ef8d1c01c13cf72c917b57fe55fd16daa337e746db68c35aa23a3","b077686177ec40475f69c204de89cfe78bdd502f1608e6553990f473ffc587de","204ec8fa3b2c4e04c4cca5670daa6df254365a57cf537fa9591cb8e7fd15cc49",NA,NA,NA,NA
"d1c591b76f8a9a07036736ac0666a004eb58e0eb","htslib_distclean_make_release","sql",1,1024,64,64,1,2,386148,0.337,NA,NA,NA,NA,NA,NA,NA,NA,NA,3072,NA,114688,552960,184320,8192,8192,4096,NA,NA,NA,"1.5.3",11621374,"8928818225063272201","28212881952829124281661","test/duckvep/conformance/results/haplotype_benchmark_198f0dcf83c4e","479d0f1de0df0ff0b88d8044cd9cad282636bdbe3e9cf1e8d8c6b15a6f74d392","2ac61f1ba5d2708200a80bc459eebf88b599ac92f0f5ffef0cbe38350c603299","a7778bda9f9ef8d1c01c13cf72c917b57fe55fd16daa337e746db68c35aa23a3","b077686177ec40475f69c204de89cfe78bdd502f1608e6553990f473ffc587de","204ec8fa3b2c4e04c4cca5670daa6df254365a57cf537fa9591cb8e7fd15cc49",NA,NA,NA,NA
"d1c591b76f8a9a07036736ac0666a004eb58e0eb","htslib_distclean_make_release","sql",2,1024,64,64,1,2,384512,0.343,NA,NA,NA,NA,NA,NA,NA,NA,NA,3072,NA,114688,552960,184320,8192,8192,4096,NA,NA,NA,"1.5.3",11621374,"8928818225063272201","28212881952829124281661","test/duckvep/conformance/results/haplotype_benchmark_198f0dcf83c4e","479d0f1de0df0ff0b88d8044cd9cad282636bdbe3e9cf1e8d8c6b15a6f74d392","2ac61f1ba5d2708200a80bc459eebf88b599ac92f0f5ffef0cbe38350c603299","a7778bda9f9ef8d1c01c13cf72c917b57fe55fd16daa337e746db68c35aa23a3","b077686177ec40475f69c204de89cfe78bdd502f1608e6553990f473ffc587de","204ec8fa3b2c4e04c4cca5670daa6df254365a57cf537fa9591cb8e7fd15cc49",NA,NA,NA,NA
"d1c591b76f8a9a07036736ac0666a004eb58e0eb","htslib_distclean_make_release","sql",3,1024,64,64,1,2,383268,0.348,NA,NA,NA,NA,NA,NA,NA,NA,NA,3072,NA,114688,552960,184320,8192,8192,4096,NA,NA,NA,"1.5.3",11621374,"8928818225063272201","28212881952829124281661","test/duckvep/conformance/results/haplotype_benchmark_198f0dcf83c4e","479d0f1de0df0ff0b88d8044cd9cad282636bdbe3e9cf1e8d8c6b15a6f74d392","2ac61f1ba5d2708200a80bc459eebf88b599ac92f0f5ffef0cbe38350c603299","a7778bda9f9ef8d1c01c13cf72c917b57fe55fd16daa337e746db68c35aa23a3","b077686177ec40475f69c204de89cfe78bdd502f1608e6553990f473ffc587de","204ec8fa3b2c4e04c4cca5670daa6df254365a57cf537fa9591cb8e7fd15cc49",NA,NA,NA,NA
"8f9987e3826018cfa73c155eebac7a956b6dc024","htslib_distclean_make_release","native",1,1024,4,1,1,2,76264,0.00298964977264404,4516,34136,4096,4096,16384,1,7,6,6144,3072,552960,7168,552960,184320,8192,8192,4096,4,4,10,NA,NA,NA,NA,NA,NA,NA,NA,NA,NA,NA,NA,NA,NA
"8f9987e3826018cfa73c155eebac7a956b6dc024","htslib_distclean_make_release","native",2,1024,4,1,1,2,76268,0.00302488729357719,4516,34136,4096,4096,16384,1,7,6,6144,3072,552960,7168,552960,184320,8192,8192,4096,4,4,10,NA,NA,NA,NA,NA,NA,NA,NA,NA,NA,NA,NA,NA,NA
"8f9987e3826018cfa73c155eebac7a956b6dc024","htslib_distclean_make_release","native",3,1024,4,1,1,2,76428,0.00289773195981979,4516,34136,4096,4096,16384,1,7,6,6144,3072,552960,7168,552960,184320,8192,8192,4096,4,4,10,NA,NA,NA,NA,NA,NA,NA,NA,NA,NA,NA,NA,NA,NA
"8f9987e3826018cfa73c155eebac7a956b6dc024","htslib_distclean_make_release","sql",1,1024,4,1,1,2,217208,0.0519999999999999,NA,NA,NA,NA,NA,NA,NA,NA,NA,3072,NA,7168,552960,184320,8192,8192,4096,NA,NA,NA,"1.5.3",4933370,"8655897832500014299","28643190039438464658617",NA,NA,NA,NA,NA,NA,"local_coding_block_so",4622074,"7073993355575920695","28367269509809111348009"
"8f9987e3826018cfa73c155eebac7a956b6dc024","htslib_distclean_make_release","sql",2,1024,4,1,1,2,221992,0.0509999999999999,NA,NA,NA,NA,NA,NA,NA,NA,NA,3072,NA,7168,552960,184320,8192,8192,4096,NA,NA,NA,"1.5.3",4933370,"8655897832500014299","28643190039438464658617",NA,NA,NA,NA,NA,NA,"local_coding_block_so",4622074,"7073993355575920695","28367269509809111348009"
"8f9987e3826018cfa73c155eebac7a956b6dc024","htslib_distclean_make_release","sql",3,1024,4,1,1,2,218884,0.053,NA,NA,NA,NA,NA,NA,NA,NA,NA,3072,NA,7168,552960,184320,8192,8192,4096,NA,NA,NA,"1.5.3",4933370,"8655897832500014299","28643190039438464658617",NA,NA,NA,NA,NA,NA,"local_coding_block_so",4622074,"7073993355575920695","28367269509809111348009"
"8f9987e3826018cfa73c155eebac7a956b6dc024","htslib_distclean_make_release","native",1,1024,64,1,1,2,76424,0.0134819261729717,14116,34136,4096,4096,262144,1,112,6,6144,3072,552960,114688,552960,184320,8192,8192,4096,4,4,10,NA,NA,NA,NA,NA,NA,NA,NA,NA,NA,NA,NA,NA,NA
"8f9987e3826018cfa73c155eebac7a956b6dc024","htslib_distclean_make_release","native",2,1024,64,1,1,2,76036,0.013477336615324,14116,34136,4096,4096,262144,1,112,6,6144,3072,552960,114688,552960,184320,8192,8192,4096,4,4,10,NA,NA,NA,NA,NA,NA,NA,NA,NA,NA,NA,NA,NA,NA
"8f9987e3826018cfa73c155eebac7a956b6dc024","htslib_distclean_make_release","native",3,1024,64,1,1,2,76264,0.0130001679062843,14116,34136,4096,4096,262144,1,112,6,6144,3072,552960,114688,552960,184320,8192,8192,4096,4,4,10,NA,NA,NA,NA,NA,NA,NA,NA,NA,NA,NA,NA,NA,NA
"8f9987e3826018cfa73c155eebac7a956b6dc024","htslib_distclean_make_release","sql",1,1024,64,1,1,2,384352,0.343,NA,NA,NA,NA,NA,NA,NA,NA,NA,3072,NA,114688,552960,184320,8192,8192,4096,NA,NA,NA,"1.5.3",11976442,"2431264624565122463","28023773595046311557535",NA,NA,NA,NA,NA,NA,"local_coding_block_so",11665146,"6659026955915781041","28419023938171811290625"
"8f9987e3826018cfa73c155eebac7a956b6dc024","htslib_distclean_make_release","sql",2,1024,64,1,1,2,384952,0.345,NA,NA,NA,NA,NA,NA,NA,NA,NA,3072,NA,114688,552960,184320,8192,8192,4096,NA,NA,NA,"1.5.3",11976442,"2431264624565122463","28023773595046311557535",NA,NA,NA,NA,NA,NA,"local_coding_block_so",11665146,"6659026955915781041","28419023938171811290625"
"8f9987e3826018cfa73c155eebac7a956b6dc024","htslib_distclean_make_release","sql",3,1024,64,1,1,2,383908,0.345,NA,NA,NA,NA,NA,NA,NA,NA,NA,3072,NA,114688,552960,184320,8192,8192,4096,NA,NA,NA,"1.5.3",11976442,"2431264624565122463","28023773595046311557535",NA,NA,NA,NA,NA,NA,"local_coding_block_so",11665146,"6659026955915781041","28419023938171811290625"
"8f9987e3826018cfa73c155eebac7a956b6dc024","htslib_distclean_make_release","native",1,1024,64,16,1,2,76268,0.0172019898891449,189136,34136,256,4096,262144,16,1792,96,6144,3072,552960,114688,552960,184320,8192,8192,4096,4,64,10,NA,NA,NA,NA,NA,NA,NA,NA,NA,NA,NA,NA,NA,NA
"8f9987e3826018cfa73c155eebac7a956b6dc024","htslib_distclean_make_release","native",2,1024,64,16,1,2,76264,0.0175838954746723,189136,34136,256,4096,262144,16,1792,96,6144,3072,552960,114688,552960,184320,8192,8192,4096,4,64,10,NA,NA,NA,NA,NA,NA,NA,NA,NA,NA,NA,NA,NA,NA
"8f9987e3826018cfa73c155eebac7a956b6dc024","htslib_distclean_make_release","native",3,1024,64,16,1,2,76424,0.0175336338579655,189136,34136,256,4096,262144,16,1792,96,6144,3072,552960,114688,552960,184320,8192,8192,4096,4,64,10,NA,NA,NA,NA,NA,NA,NA,NA,NA,NA,NA,NA,NA,NA
"8f9987e3826018cfa73c155eebac7a956b6dc024","htslib_distclean_make_release","sql",1,1024,64,16,1,2,385956,0.352,NA,NA,NA,NA,NA,NA,NA,NA,NA,3072,NA,114688,552960,184320,8192,8192,4096,NA,NA,NA,"1.5.3",11948670,"6746403450254642166","28025574214625492245910",NA,NA,NA,NA,NA,NA,"local_coding_block_so",11637374,"4832535337411960646","28307095053310083420130"
"8f9987e3826018cfa73c155eebac7a956b6dc024","htslib_distclean_make_release","sql",2,1024,64,16,1,2,384052,0.356,NA,NA,NA,NA,NA,NA,NA,NA,NA,3072,NA,114688,552960,184320,8192,8192,4096,NA,NA,NA,"1.5.3",11948670,"6746403450254642166","28025574214625492245910",NA,NA,NA,NA,NA,NA,"local_coding_block_so",11637374,"4832535337411960646","28307095053310083420130"
"8f9987e3826018cfa73c155eebac7a956b6dc024","htslib_distclean_make_release","sql",3,1024,64,16,1,2,384448,0.355,NA,NA,NA,NA,NA,NA,NA,NA,NA,3072,NA,114688,552960,184320,8192,8192,4096,NA,NA,NA,"1.5.3",11948670,"6746403450254642166","28025574214625492245910",NA,NA,NA,NA,NA,NA,"local_coding_block_so",11637374,"4832535337411960646","28307095053310083420130"
"8f9987e3826018cfa73c155eebac7a956b6dc024","htslib_distclean_make_release","native",1,1024,64,64,1,2,76104,0.0238316506147385,749200,34136,64,4096,262144,64,7168,384,6144,3072,552960,114688,552960,184320,8192,8192,4096,4,256,10,NA,NA,NA,NA,NA,NA,NA,NA,NA,NA,NA,NA,NA,NA
"8f9987e3826018cfa73c155eebac7a956b6dc024","htslib_distclean_make_release","native",2,1024,64,64,1,2,76268,0.0177343189716339,749200,34136,64,4096,262144,64,7168,384,6144,3072,552960,114688,552960,184320,8192,8192,4096,4,256,10,NA,NA,NA,NA,NA,NA,NA,NA,NA,NA,NA,NA,NA,NA
"8f9987e3826018cfa73c155eebac7a956b6dc024","htslib_distclean_make_release","native",3,1024,64,64,1,2,76264,0.0180334039032459,749200,34136,64,4096,262144,64,7168,384,6144,3072,552960,114688,552960,184320,8192,8192,4096,4,256,10,NA,NA,NA,NA,NA,NA,NA,NA,NA,NA,NA,NA,NA,NA
"8f9987e3826018cfa73c155eebac7a956b6dc024","htslib_distclean_make_release","sql",1,1024,64,64,1,2,386228,0.347,NA,NA,NA,NA,NA,NA,NA,NA,NA,3072,NA,114688,552960,184320,8192,8192,4096,NA,NA,NA,"1.5.3",11932670,"11938717870122307710","28322977454017767224640",NA,NA,NA,NA,NA,NA,"local_coding_block_so",11621374,"8928818225063272201","28212881952829124281661"
"8f9987e3826018cfa73c155eebac7a956b6dc024","htslib_distclean_make_release","sql",2,1024,64,64,1,2,386992,0.348,NA,NA,NA,NA,NA,NA,NA,NA,NA,3072,NA,114688,552960,184320,8192,8192,4096,NA,NA,NA,"1.5.3",11932670,"11938717870122307710","28322977454017767224640",NA,NA,NA,NA,NA,NA,"local_coding_block_so",11621374,"8928818225063272201","28212881952829124281661"
"8f9987e3826018cfa73c155eebac7a956b6dc024","htslib_distclean_make_release","sql",3,1024,64,64,1,2,385760,0.351,NA,NA,NA,NA,NA,NA,NA,NA,NA,3072,NA,114688,552960,184320,8192,8192,4096,NA,NA,NA,"1.5.3",11932670,"11938717870122307710","28322977454017767224640",NA,NA,NA,NA,NA,NA,"local_coding_block_so",11621374,"8928818225063272201","28212881952829124281661"
"8f9987e3826018cfa73c155eebac7a956b6dc024","htslib_distclean_make_release","native",1,1024,256,1,1,2,76264,0.0472239479422569,44836,34136,4096,4096,1048576,1,448,6,6144,3072,552960,458752,552960,184320,8192,8192,4096,4,4,10,NA,NA,NA,NA,NA,NA,NA,NA,NA,NA,NA,NA,NA,NA
"8f9987e3826018cfa73c155eebac7a956b6dc024","htslib_distclean_make_release","native",2,1024,256,1,1,2,76268,0.0472055785357952,44836,34136,4096,4096,1048576,1,448,6,6144,3072,552960,458752,552960,184320,8192,8192,4096,4,4,10,NA,NA,NA,NA,NA,NA,NA,NA,NA,NA,NA,NA,NA,NA
"8f9987e3826018cfa73c155eebac7a956b6dc024","htslib_distclean_make_release","native",3,1024,256,1,1,2,76268,0.0469543263316154,44836,34136,4096,4096,1048576,1,448,6,6144,3072,552960,458752,552960,184320,8192,8192,4096,4,4,10,NA,NA,NA,NA,NA,NA,NA,NA,NA,NA,NA,NA,NA,NA
"8f9987e3826018cfa73c155eebac7a956b6dc024","htslib_distclean_make_release","sql",1,1024,256,1,1,2,979560,1.319,NA,NA,NA,NA,NA,NA,NA,NA,NA,3072,NA,458752,552960,184320,8192,8192,4096,NA,NA,NA,"1.5.3",34819834,"966070636012126662","28124888497542389733650",NA,NA,NA,NA,NA,NA,"local_coding_block_so",34508538,"12820793420504737645","27845641093698617117555"
"8f9987e3826018cfa73c155eebac7a956b6dc024","htslib_distclean_make_release","sql",2,1024,256,1,1,2,980896,1.319,NA,NA,NA,NA,NA,NA,NA,NA,NA,3072,NA,458752,552960,184320,8192,8192,4096,NA,NA,NA,"1.5.3",34819834,"966070636012126662","28124888497542389733650",NA,NA,NA,NA,NA,NA,"local_coding_block_so",34508538,"12820793420504737645","27845641093698617117555"
"8f9987e3826018cfa73c155eebac7a956b6dc024","htslib_distclean_make_release","sql",3,1024,256,1,1,2,979960,1.329,NA,NA,NA,NA,NA,NA,NA,NA,NA,3072,NA,458752,552960,184320,8192,8192,4096,NA,NA,NA,"1.5.3",34819834,"966070636012126662","28124888497542389733650",NA,NA,NA,NA,NA,NA,"local_coding_block_so",34508538,"12820793420504737645","27845641093698617117555"
"8f9987e3826018cfa73c155eebac7a956b6dc024","htslib_distclean_make_release","native",1,10240,64,16,1,2,76264,0.16750729829073,189136,338264,2560,40960,2621440,16,1792,96,61440,30720,5529600,1146880,5529600,1843200,81920,81920,40960,4,64,10,NA,NA,NA,NA,NA,NA,NA,NA,NA,NA,NA,NA,NA,NA
"8f9987e3826018cfa73c155eebac7a956b6dc024","htslib_distclean_make_release","native",2,10240,64,16,1,2,76268,0.171214256435633,189136,338264,2560,40960,2621440,16,1792,96,61440,30720,5529600,1146880,5529600,1843200,81920,81920,40960,4,64,10,NA,NA,NA,NA,NA,NA,NA,NA,NA,NA,NA,NA,NA,NA
"8f9987e3826018cfa73c155eebac7a956b6dc024","htslib_distclean_make_release","native",3,10240,64,16,1,2,76424,0.167475219815969,189136,338264,2560,40960,2621440,16,1792,96,61440,30720,5529600,1146880,5529600,1843200,81920,81920,40960,4,64,10,NA,NA,NA,NA,NA,NA,NA,NA,NA,NA,NA,NA,NA,NA
"8f9987e3826018cfa73c155eebac7a956b6dc024","htslib_distclean_make_release","sql",1,10240,64,16,1,2,2182268,4.194,NA,NA,NA,NA,NA,NA,NA,NA,NA,30720,NA,1146880,5529600,1843200,81920,81920,40960,NA,NA,NA,"1.5.3",119761294,"521852413275003062","282442908269688295593248",NA,NA,NA,NA,NA,NA,"local_coding_block_so",116648334,"13092112772909497255","282423626199823826764931"
"8f9987e3826018cfa73c155eebac7a956b6dc024","htslib_distclean_make_release","sql",2,10240,64,16,1,2,2179460,4.34,NA,NA,NA,NA,NA,NA,NA,NA,NA,30720,NA,1146880,5529600,1843200,81920,81920,40960,NA,NA,NA,"1.5.3",119761294,"521852413275003062","282442908269688295593248",NA,NA,NA,NA,NA,NA,"local_coding_block_so",116648334,"13092112772909497255","282423626199823826764931"
"8f9987e3826018cfa73c155eebac7a956b6dc024","htslib_distclean_make_release","sql",3,10240,64,16,1,2,2186484,4.146,NA,NA,NA,NA,NA,NA,NA,NA,NA,30720,NA,1146880,5529600,1843200,81920,81920,40960,NA,NA,NA,"1.5.3",119761294,"521852413275003062","282442908269688295593248",NA,NA,NA,NA,NA,NA,"local_coding_block_so",116648334,"13092112772909497255","282423626199823826764931"
"7f4a4e28bff31a13f14ee1cab25049408740ef65","htslib_distclean_make_release","native",1,1024,4,1,1,2,76268,0.00300807133316994,4596,34136,4096,4096,16384,1,7,6,6144,3072,552960,7168,552960,184320,8192,8192,4096,4,4,10,NA,NA,NA,NA,"test/duckvep/conformance/results/haplotype_benchmark_21330829608bfd","5cec4be7110c4e7c8e3644ac695c1f7e551ddc1ef469576db640bec486cf80ad","94892cca8691c830a219e1c9f519470a1e88b16d1f022a9877bdbf9fdf0b6c68","03155337e4111e8a058657685dbdef178d90fb4f8bb618552b4dce93acffb8cd","b077686177ec40475f69c204de89cfe78bdd502f1608e6553990f473ffc587de","204ec8fa3b2c4e04c4cca5670daa6df254365a57cf537fa9591cb8e7fd15cc49",NA,NA,NA,NA
"7f4a4e28bff31a13f14ee1cab25049408740ef65","htslib_distclean_make_release","native",2,1024,4,1,1,2,76268,0.00301822647452354,4596,34136,4096,4096,16384,1,7,6,6144,3072,552960,7168,552960,184320,8192,8192,4096,4,4,10,NA,NA,NA,NA,"test/duckvep/conformance/results/haplotype_benchmark_21330829608bfd","5cec4be7110c4e7c8e3644ac695c1f7e551ddc1ef469576db640bec486cf80ad","94892cca8691c830a219e1c9f519470a1e88b16d1f022a9877bdbf9fdf0b6c68","03155337e4111e8a058657685dbdef178d90fb4f8bb618552b4dce93acffb8cd","b077686177ec40475f69c204de89cfe78bdd502f1608e6553990f473ffc587de","204ec8fa3b2c4e04c4cca5670daa6df254365a57cf537fa9591cb8e7fd15cc49",NA,NA,NA,NA
"7f4a4e28bff31a13f14ee1cab25049408740ef65","htslib_distclean_make_release","native",3,1024,4,1,1,2,76264,0.00303453207015991,4596,34136,4096,4096,16384,1,7,6,6144,3072,552960,7168,552960,184320,8192,8192,4096,4,4,10,NA,NA,NA,NA,"test/duckvep/conformance/results/haplotype_benchmark_21330829608bfd","5cec4be7110c4e7c8e3644ac695c1f7e551ddc1ef469576db640bec486cf80ad","94892cca8691c830a219e1c9f519470a1e88b16d1f022a9877bdbf9fdf0b6c68","03155337e4111e8a058657685dbdef178d90fb4f8bb618552b4dce93acffb8cd","b077686177ec40475f69c204de89cfe78bdd502f1608e6553990f473ffc587de","204ec8fa3b2c4e04c4cca5670daa6df254365a57cf537fa9591cb8e7fd15cc49",NA,NA,NA,NA
"7f4a4e28bff31a13f14ee1cab25049408740ef65","htslib_distclean_make_release","sql",1,1024,4,1,1,2,221688,0.0710000000000001,NA,NA,NA,NA,NA,NA,NA,NA,NA,3072,NA,7168,552960,184320,8192,8192,4096,NA,NA,NA,"1.5.3",4933370,"8655897832500014299","28643190039438464658617","test/duckvep/conformance/results/haplotype_benchmark_21330829608bfd","5cec4be7110c4e7c8e3644ac695c1f7e551ddc1ef469576db640bec486cf80ad","94892cca8691c830a219e1c9f519470a1e88b16d1f022a9877bdbf9fdf0b6c68","03155337e4111e8a058657685dbdef178d90fb4f8bb618552b4dce93acffb8cd","b077686177ec40475f69c204de89cfe78bdd502f1608e6553990f473ffc587de","204ec8fa3b2c4e04c4cca5670daa6df254365a57cf537fa9591cb8e7fd15cc49","local_coding_block_so",4622074,"7073993355575920695","28367269509809111348009"
"7f4a4e28bff31a13f14ee1cab25049408740ef65","htslib_distclean_make_release","sql",2,1024,4,1,1,2,216096,0.0569999999999999,NA,NA,NA,NA,NA,NA,NA,NA,NA,3072,NA,7168,552960,184320,8192,8192,4096,NA,NA,NA,"1.5.3",4933370,"8655897832500014299","28643190039438464658617","test/duckvep/conformance/results/haplotype_benchmark_21330829608bfd","5cec4be7110c4e7c8e3644ac695c1f7e551ddc1ef469576db640bec486cf80ad","94892cca8691c830a219e1c9f519470a1e88b16d1f022a9877bdbf9fdf0b6c68","03155337e4111e8a058657685dbdef178d90fb4f8bb618552b4dce93acffb8cd","b077686177ec40475f69c204de89cfe78bdd502f1608e6553990f473ffc587de","204ec8fa3b2c4e04c4cca5670daa6df254365a57cf537fa9591cb8e7fd15cc49","local_coding_block_so",4622074,"7073993355575920695","28367269509809111348009"
"7f4a4e28bff31a13f14ee1cab25049408740ef65","htslib_distclean_make_release","sql",3,1024,4,1,1,2,220244,0.0660000000000001,NA,NA,NA,NA,NA,NA,NA,NA,NA,3072,NA,7168,552960,184320,8192,8192,4096,NA,NA,NA,"1.5.3",4933370,"8655897832500014299","28643190039438464658617","test/duckvep/conformance/results/haplotype_benchmark_21330829608bfd","5cec4be7110c4e7c8e3644ac695c1f7e551ddc1ef469576db640bec486cf80ad","94892cca8691c830a219e1c9f519470a1e88b16d1f022a9877bdbf9fdf0b6c68","03155337e4111e8a058657685dbdef178d90fb4f8bb618552b4dce93acffb8cd","b077686177ec40475f69c204de89cfe78bdd502f1608e6553990f473ffc587de","204ec8fa3b2c4e04c4cca5670daa6df254365a57cf537fa9591cb8e7fd15cc49","local_coding_block_so",4622074,"7073993355575920695","28367269509809111348009"
"7f4a4e28bff31a13f14ee1cab25049408740ef65","htslib_distclean_make_release","native",1,1024,64,1,1,2,76264,0.0137297585606575,14196,34136,4096,4096,262144,1,112,6,6144,3072,552960,114688,552960,184320,8192,8192,4096,4,4,10,NA,NA,NA,NA,"test/duckvep/conformance/results/haplotype_benchmark_2138f87c7e9a43","c6bbef8d21a277572fac6468a4dcdb41b9e95eee2e3fc18e911b73b3143e9e37","94892cca8691c830a219e1c9f519470a1e88b16d1f022a9877bdbf9fdf0b6c68","03155337e4111e8a058657685dbdef178d90fb4f8bb618552b4dce93acffb8cd","b077686177ec40475f69c204de89cfe78bdd502f1608e6553990f473ffc587de","204ec8fa3b2c4e04c4cca5670daa6df254365a57cf537fa9591cb8e7fd15cc49",NA,NA,NA,NA
"7f4a4e28bff31a13f14ee1cab25049408740ef65","htslib_distclean_make_release","native",2,1024,64,1,1,2,76264,0.0135783031582832,14196,34136,4096,4096,262144,1,112,6,6144,3072,552960,114688,552960,184320,8192,8192,4096,4,4,10,NA,NA,NA,NA,"test/duckvep/conformance/results/haplotype_benchmark_2138f87c7e9a43","c6bbef8d21a277572fac6468a4dcdb41b9e95eee2e3fc18e911b73b3143e9e37","94892cca8691c830a219e1c9f519470a1e88b16d1f022a9877bdbf9fdf0b6c68","03155337e4111e8a058657685dbdef178d90fb4f8bb618552b4dce93acffb8cd","b077686177ec40475f69c204de89cfe78bdd502f1608e6553990f473ffc587de","204ec8fa3b2c4e04c4cca5670daa6df254365a57cf537fa9591cb8e7fd15cc49",NA,NA,NA,NA
"7f4a4e28bff31a13f14ee1cab25049408740ef65","htslib_distclean_make_release","native",3,1024,64,1,1,2,76268,0.0135694965720177,14196,34136,4096,4096,262144,1,112,6,6144,3072,552960,114688,552960,184320,8192,8192,4096,4,4,10,NA,NA,NA,NA,"test/duckvep/conformance/results/haplotype_benchmark_2138f87c7e9a43","c6bbef8d21a277572fac6468a4dcdb41b9e95eee2e3fc18e911b73b3143e9e37","94892cca8691c830a219e1c9f519470a1e88b16d1f022a9877bdbf9fdf0b6c68","03155337e4111e8a058657685dbdef178d90fb4f8bb618552b4dce93acffb8cd","b077686177ec40475f69c204de89cfe78bdd502f1608e6553990f473ffc587de","204ec8fa3b2c4e04c4cca5670daa6df254365a57cf537fa9591cb8e7fd15cc49",NA,NA,NA,NA
"7f4a4e28bff31a13f14ee1cab25049408740ef65","htslib_distclean_make_release","sql",1,1024,64,1,1,2,383140,0.421,NA,NA,NA,NA,NA,NA,NA,NA,NA,3072,NA,114688,552960,184320,8192,8192,4096,NA,NA,NA,"1.5.3",11976442,"2431264624565122463","28023773595046311557535","test/duckvep/conformance/results/haplotype_benchmark_2138f87c7e9a43","c6bbef8d21a277572fac6468a4dcdb41b9e95eee2e3fc18e911b73b3143e9e37","94892cca8691c830a219e1c9f519470a1e88b16d1f022a9877bdbf9fdf0b6c68","03155337e4111e8a058657685dbdef178d90fb4f8bb618552b4dce93acffb8cd","b077686177ec40475f69c204de89cfe78bdd502f1608e6553990f473ffc587de","204ec8fa3b2c4e04c4cca5670daa6df254365a57cf537fa9591cb8e7fd15cc49","local_coding_block_so",11665146,"6659026955915781041","28419023938171811290625"
"7f4a4e28bff31a13f14ee1cab25049408740ef65","htslib_distclean_make_release","sql",2,1024,64,1,1,2,383892,0.387,NA,NA,NA,NA,NA,NA,NA,NA,NA,3072,NA,114688,552960,184320,8192,8192,4096,NA,NA,NA,"1.5.3",11976442,"2431264624565122463","28023773595046311557535","test/duckvep/conformance/results/haplotype_benchmark_2138f87c7e9a43","c6bbef8d21a277572fac6468a4dcdb41b9e95eee2e3fc18e911b73b3143e9e37","94892cca8691c830a219e1c9f519470a1e88b16d1f022a9877bdbf9fdf0b6c68","03155337e4111e8a058657685dbdef178d90fb4f8bb618552b4dce93acffb8cd","b077686177ec40475f69c204de89cfe78bdd502f1608e6553990f473ffc587de","204ec8fa3b2c4e04c4cca5670daa6df254365a57cf537fa9591cb8e7fd15cc49","local_coding_block_so",11665146,"6659026955915781041","28419023938171811290625"
"7f4a4e28bff31a13f14ee1cab25049408740ef65","htslib_distclean_make_release","sql",3,1024,64,1,1,2,384984,0.384,NA,NA,NA,NA,NA,NA,NA,NA,NA,3072,NA,114688,552960,184320,8192,8192,4096,NA,NA,NA,"1.5.3",11976442,"2431264624565122463","28023773595046311557535","test/duckvep/conformance/results/haplotype_benchmark_2138f87c7e9a43","c6bbef8d21a277572fac6468a4dcdb41b9e95eee2e3fc18e911b73b3143e9e37","94892cca8691c830a219e1c9f519470a1e88b16d1f022a9877bdbf9fdf0b6c68","03155337e4111e8a058657685dbdef178d90fb4f8bb618552b4dce93acffb8cd","b077686177ec40475f69c204de89cfe78bdd502f1608e6553990f473ffc587de","204ec8fa3b2c4e04c4cca5670daa6df254365a57cf537fa9591cb8e7fd15cc49","local_coding_block_so",11665146,"6659026955915781041","28419023938171811290625"
"7f4a4e28bff31a13f14ee1cab25049408740ef65","htslib_distclean_make_release","native",1,1024,64,16,1,2,76428,0.017463743686676,189216,34136,256,4096,262144,16,1792,96,6144,3072,552960,114688,552960,184320,8192,8192,4096,4,64,10,NA,NA,NA,NA,"test/duckvep/conformance/results/haplotype_benchmark_21405b56e28e06","af1b61d19baef4cc6ba2c10bf2883bf8d7a0703a3e0c49d136403a841b9c3504","94892cca8691c830a219e1c9f519470a1e88b16d1f022a9877bdbf9fdf0b6c68","03155337e4111e8a058657685dbdef178d90fb4f8bb618552b4dce93acffb8cd","b077686177ec40475f69c204de89cfe78bdd502f1608e6553990f473ffc587de","204ec8fa3b2c4e04c4cca5670daa6df254365a57cf537fa9591cb8e7fd15cc49",NA,NA,NA,NA
"7f4a4e28bff31a13f14ee1cab25049408740ef65","htslib_distclean_make_release","native",2,1024,64,16,1,2,76264,0.0169170722365379,189216,34136,256,4096,262144,16,1792,96,6144,3072,552960,114688,552960,184320,8192,8192,4096,4,64,10,NA,NA,NA,NA,"test/duckvep/conformance/results/haplotype_benchmark_21405b56e28e06","af1b61d19baef4cc6ba2c10bf2883bf8d7a0703a3e0c49d136403a841b9c3504","94892cca8691c830a219e1c9f519470a1e88b16d1f022a9877bdbf9fdf0b6c68","03155337e4111e8a058657685dbdef178d90fb4f8bb618552b4dce93acffb8cd","b077686177ec40475f69c204de89cfe78bdd502f1608e6553990f473ffc587de","204ec8fa3b2c4e04c4cca5670daa6df254365a57cf537fa9591cb8e7fd15cc49",NA,NA,NA,NA
"7f4a4e28bff31a13f14ee1cab25049408740ef65","htslib_distclean_make_release","native",3,1024,64,16,1,2,76036,0.0166692174971104,189216,34136,256,4096,262144,16,1792,96,6144,3072,552960,114688,552960,184320,8192,8192,4096,4,64,10,NA,NA,NA,NA,"test/duckvep/conformance/results/haplotype_benchmark_21405b56e28e06","af1b61d19baef4cc6ba2c10bf2883bf8d7a0703a3e0c49d136403a841b9c3504","94892cca8691c830a219e1c9f519470a1e88b16d1f022a9877bdbf9fdf0b6c68","03155337e4111e8a058657685dbdef178d90fb4f8bb618552b4dce93acffb8cd","b077686177ec40475f69c204de89cfe78bdd502f1608e6553990f473ffc587de","204ec8fa3b2c4e04c4cca5670daa6df254365a57cf537fa9591cb8e7fd15cc49",NA,NA,NA,NA
"7f4a4e28bff31a13f14ee1cab25049408740ef65","htslib_distclean_make_release","sql",1,1024,64,16,1,2,385468,0.35,NA,NA,NA,NA,NA,NA,NA,NA,NA,3072,NA,114688,552960,184320,8192,8192,4096,NA,NA,NA,"1.5.3",11948670,"6746403450254642166","28025574214625492245910","test/duckvep/conformance/results/haplotype_benchmark_21405b56e28e06","af1b61d19baef4cc6ba2c10bf2883bf8d7a0703a3e0c49d136403a841b9c3504","94892cca8691c830a219e1c9f519470a1e88b16d1f022a9877bdbf9fdf0b6c68","03155337e4111e8a058657685dbdef178d90fb4f8bb618552b4dce93acffb8cd","b077686177ec40475f69c204de89cfe78bdd502f1608e6553990f473ffc587de","204ec8fa3b2c4e04c4cca5670daa6df254365a57cf537fa9591cb8e7fd15cc49","local_coding_block_so",11637374,"4832535337411960646","28307095053310083420130"
"7f4a4e28bff31a13f14ee1cab25049408740ef65","htslib_distclean_make_release","sql",2,1024,64,16,1,2,384468,0.354,NA,NA,NA,NA,NA,NA,NA,NA,NA,3072,NA,114688,552960,184320,8192,8192,4096,NA,NA,NA,"1.5.3",11948670,"6746403450254642166","28025574214625492245910","test/duckvep/conformance/results/haplotype_benchmark_21405b56e28e06","af1b61d19baef4cc6ba2c10bf2883bf8d7a0703a3e0c49d136403a841b9c3504","94892cca8691c830a219e1c9f519470a1e88b16d1f022a9877bdbf9fdf0b6c68","03155337e4111e8a058657685dbdef178d90fb4f8bb618552b4dce93acffb8cd","b077686177ec40475f69c204de89cfe78bdd502f1608e6553990f473ffc587de","204ec8fa3b2c4e04c4cca5670daa6df254365a57cf537fa9591cb8e7fd15cc49","local_coding_block_so",11637374,"4832535337411960646","28307095053310083420130"
"7f4a4e28bff31a13f14ee1cab25049408740ef65","htslib_distclean_make_release","sql",3,1024,64,16,1,2,386084,0.353,NA,NA,NA,NA,NA,NA,NA,NA,NA,3072,NA,114688,552960,184320,8192,8192,4096,NA,NA,NA,"1.5.3",11948670,"6746403450254642166","28025574214625492245910","test/duckvep/conformance/results/haplotype_benchmark_21405b56e28e06","af1b61d19baef4cc6ba2c10bf2883bf8d7a0703a3e0c49d136403a841b9c3504","94892cca8691c830a219e1c9f519470a1e88b16d1f022a9877bdbf9fdf0b6c68","03155337e4111e8a058657685dbdef178d90fb4f8bb618552b4dce93acffb8cd","b077686177ec40475f69c204de89cfe78bdd502f1608e6553990f473ffc587de","204ec8fa3b2c4e04c4cca5670daa6df254365a57cf537fa9591cb8e7fd15cc49","local_coding_block_so",11637374,"4832535337411960646","28307095053310083420130"
"7f4a4e28bff31a13f14ee1cab25049408740ef65","htslib_distclean_make_release","native",1,1024,64,64,1,2,76264,0.0180170610547066,749280,34136,64,4096,262144,64,7168,384,6144,3072,552960,114688,552960,184320,8192,8192,4096,4,256,10,NA,NA,NA,NA,"test/duckvep/conformance/results/haplotype_benchmark_214510910e12c","d375c3270607a987a57c5e75af3c23d799f68f837525e58782e2fde2aff9f7dc","94892cca8691c830a219e1c9f519470a1e88b16d1f022a9877bdbf9fdf0b6c68","03155337e4111e8a058657685dbdef178d90fb4f8bb618552b4dce93acffb8cd","b077686177ec40475f69c204de89cfe78bdd502f1608e6553990f473ffc587de","204ec8fa3b2c4e04c4cca5670daa6df254365a57cf537fa9591cb8e7fd15cc49",NA,NA,NA,NA
"7f4a4e28bff31a13f14ee1cab25049408740ef65","htslib_distclean_make_release","native",2,1024,64,64,1,2,76428,0.0185080356895924,749280,34136,64,4096,262144,64,7168,384,6144,3072,552960,114688,552960,184320,8192,8192,4096,4,256,10,NA,NA,NA,NA,"test/duckvep/conformance/results/haplotype_benchmark_214510910e12c","d375c3270607a987a57c5e75af3c23d799f68f837525e58782e2fde2aff9f7dc","94892cca8691c830a219e1c9f519470a1e88b16d1f022a9877bdbf9fdf0b6c68","03155337e4111e8a058657685dbdef178d90fb4f8bb618552b4dce93acffb8cd","b077686177ec40475f69c204de89cfe78bdd502f1608e6553990f473ffc587de","204ec8fa3b2c4e04c4cca5670daa6df254365a57cf537fa9591cb8e7fd15cc49",NA,NA,NA,NA
"7f4a4e28bff31a13f14ee1cab25049408740ef65","htslib_distclean_make_release","native",3,1024,64,64,1,2,76264,0.018482469022274,749280,34136,64,4096,262144,64,7168,384,6144,3072,552960,114688,552960,184320,8192,8192,4096,4,256,10,NA,NA,NA,NA,"test/duckvep/conformance/results/haplotype_benchmark_214510910e12c","d375c3270607a987a57c5e75af3c23d799f68f837525e58782e2fde2aff9f7dc","94892cca8691c830a219e1c9f519470a1e88b16d1f022a9877bdbf9fdf0b6c68","03155337e4111e8a058657685dbdef178d90fb4f8bb618552b4dce93acffb8cd","b077686177ec40475f69c204de89cfe78bdd502f1608e6553990f473ffc587de","204ec8fa3b2c4e04c4cca5670daa6df254365a57cf537fa9591cb8e7fd15cc49",NA,NA,NA,NA
"7f4a4e28bff31a13f14ee1cab25049408740ef65","htslib_distclean_make_release","sql",1,1024,64,64,1,2,385484,0.351,NA,NA,NA,NA,NA,NA,NA,NA,NA,3072,NA,114688,552960,184320,8192,8192,4096,NA,NA,NA,"1.5.3",11932670,"11938717870122307710","28322977454017767224640","test/duckvep/conformance/results/haplotype_benchmark_214510910e12c","d375c3270607a987a57c5e75af3c23d799f68f837525e58782e2fde2aff9f7dc","94892cca8691c830a219e1c9f519470a1e88b16d1f022a9877bdbf9fdf0b6c68","03155337e4111e8a058657685dbdef178d90fb4f8bb618552b4dce93acffb8cd","b077686177ec40475f69c204de89cfe78bdd502f1608e6553990f473ffc587de","204ec8fa3b2c4e04c4cca5670daa6df254365a57cf537fa9591cb8e7fd15cc49","local_coding_block_so",11621374,"8928818225063272201","28212881952829124281661"
"7f4a4e28bff31a13f14ee1cab25049408740ef65","htslib_distclean_make_release","sql",2,1024,64,64,1,2,385088,0.354,NA,NA,NA,NA,NA,NA,NA,NA,NA,3072,NA,114688,552960,184320,8192,8192,4096,NA,NA,NA,"1.5.3",11932670,"11938717870122307710","28322977454017767224640","test/duckvep/conformance/results/haplotype_benchmark_214510910e12c","d375c3270607a987a57c5e75af3c23d799f68f837525e58782e2fde2aff9f7dc","94892cca8691c830a219e1c9f519470a1e88b16d1f022a9877bdbf9fdf0b6c68","03155337e4111e8a058657685dbdef178d90fb4f8bb618552b4dce93acffb8cd","b077686177ec40475f69c204de89cfe78bdd502f1608e6553990f473ffc587de","204ec8fa3b2c4e04c4cca5670daa6df254365a57cf537fa9591cb8e7fd15cc49","local_coding_block_so",11621374,"8928818225063272201","28212881952829124281661"
"7f4a4e28bff31a13f14ee1cab25049408740ef65","htslib_distclean_make_release","sql",3,1024,64,64,1,2,384460,0.353,NA,NA,NA,NA,NA,NA,NA,NA,NA,3072,NA,114688,552960,184320,8192,8192,4096,NA,NA,NA,"1.5.3",11932670,"11938717870122307710","28322977454017767224640","test/duckvep/conformance/results/haplotype_benchmark_214510910e12c","d375c3270607a987a57c5e75af3c23d799f68f837525e58782e2fde2aff9f7dc","94892cca8691c830a219e1c9f519470a1e88b16d1f022a9877bdbf9fdf0b6c68","03155337e4111e8a058657685dbdef178d90fb4f8bb618552b4dce93acffb8cd","b077686177ec40475f69c204de89cfe78bdd502f1608e6553990f473ffc587de","204ec8fa3b2c4e04c4cca5670daa6df254365a57cf537fa9591cb8e7fd15cc49","local_coding_block_so",11621374,"8928818225063272201","28212881952829124281661"
"7f4a4e28bff31a13f14ee1cab25049408740ef65","htslib_distclean_make_release","native",1,1024,256,1,1,2,76424,0.0468769185245037,44916,34136,4096,4096,1048576,1,448,6,6144,3072,552960,458752,552960,184320,8192,8192,4096,4,4,10,NA,NA,NA,NA,"test/duckvep/conformance/results/haplotype_benchmark_2149135dcaf29f","f097e0e0349b7f314fb50e002543de26bcdf77d291328f30b6adb8d4c44da519","94892cca8691c830a219e1c9f519470a1e88b16d1f022a9877bdbf9fdf0b6c68","03155337e4111e8a058657685dbdef178d90fb4f8bb618552b4dce93acffb8cd","b077686177ec40475f69c204de89cfe78bdd502f1608e6553990f473ffc587de","204ec8fa3b2c4e04c4cca5670daa6df254365a57cf537fa9591cb8e7fd15cc49",NA,NA,NA,NA
"7f4a4e28bff31a13f14ee1cab25049408740ef65","htslib_distclean_make_release","native",2,1024,256,1,1,2,76264,0.0472194701433182,44916,34136,4096,4096,1048576,1,448,6,6144,3072,552960,458752,552960,184320,8192,8192,4096,4,4,10,NA,NA,NA,NA,"test/duckvep/conformance/results/haplotype_benchmark_2149135dcaf29f","f097e0e0349b7f314fb50e002543de26bcdf77d291328f30b6adb8d4c44da519","94892cca8691c830a219e1c9f519470a1e88b16d1f022a9877bdbf9fdf0b6c68","03155337e4111e8a058657685dbdef178d90fb4f8bb618552b4dce93acffb8cd","b077686177ec40475f69c204de89cfe78bdd502f1608e6553990f473ffc587de","204ec8fa3b2c4e04c4cca5670daa6df254365a57cf537fa9591cb8e7fd15cc49",NA,NA,NA,NA
"7f4a4e28bff31a13f14ee1cab25049408740ef65","htslib_distclean_make_release","native",3,1024,256,1,1,2,76264,0.0464479178190231,44916,34136,4096,4096,1048576,1,448,6,6144,3072,552960,458752,552960,184320,8192,8192,4096,4,4,10,NA,NA,NA,NA,"test/duckvep/conformance/results/haplotype_benchmark_2149135dcaf29f","f097e0e0349b7f314fb50e002543de26bcdf77d291328f30b6adb8d4c44da519","94892cca8691c830a219e1c9f519470a1e88b16d1f022a9877bdbf9fdf0b6c68","03155337e4111e8a058657685dbdef178d90fb4f8bb618552b4dce93acffb8cd","b077686177ec40475f69c204de89cfe78bdd502f1608e6553990f473ffc587de","204ec8fa3b2c4e04c4cca5670daa6df254365a57cf537fa9591cb8e7fd15cc49",NA,NA,NA,NA
"7f4a4e28bff31a13f14ee1cab25049408740ef65","htslib_distclean_make_release","sql",1,1024,256,1,1,2,978708,1.368,NA,NA,NA,NA,NA,NA,NA,NA,NA,3072,NA,458752,552960,184320,8192,8192,4096,NA,NA,NA,"1.5.3",34819834,"966070636012126662","28124888497542389733650","test/duckvep/conformance/results/haplotype_benchmark_2149135dcaf29f","f097e0e0349b7f314fb50e002543de26bcdf77d291328f30b6adb8d4c44da519","94892cca8691c830a219e1c9f519470a1e88b16d1f022a9877bdbf9fdf0b6c68","03155337e4111e8a058657685dbdef178d90fb4f8bb618552b4dce93acffb8cd","b077686177ec40475f69c204de89cfe78bdd502f1608e6553990f473ffc587de","204ec8fa3b2c4e04c4cca5670daa6df254365a57cf537fa9591cb8e7fd15cc49","local_coding_block_so",34508538,"12820793420504737645","27845641093698617117555"
"7f4a4e28bff31a13f14ee1cab25049408740ef65","htslib_distclean_make_release","sql",2,1024,256,1,1,2,979952,1.349,NA,NA,NA,NA,NA,NA,NA,NA,NA,3072,NA,458752,552960,184320,8192,8192,4096,NA,NA,NA,"1.5.3",34819834,"966070636012126662","28124888497542389733650","test/duckvep/conformance/results/haplotype_benchmark_2149135dcaf29f","f097e0e0349b7f314fb50e002543de26bcdf77d291328f30b6adb8d4c44da519","94892cca8691c830a219e1c9f519470a1e88b16d1f022a9877bdbf9fdf0b6c68","03155337e4111e8a058657685dbdef178d90fb4f8bb618552b4dce93acffb8cd","b077686177ec40475f69c204de89cfe78bdd502f1608e6553990f473ffc587de","204ec8fa3b2c4e04c4cca5670daa6df254365a57cf537fa9591cb8e7fd15cc49","local_coding_block_so",34508538,"12820793420504737645","27845641093698617117555"
"7f4a4e28bff31a13f14ee1cab25049408740ef65","htslib_distclean_make_release","sql",3,1024,256,1,1,2,979264,1.48,NA,NA,NA,NA,NA,NA,NA,NA,NA,3072,NA,458752,552960,184320,8192,8192,4096,NA,NA,NA,"1.5.3",34819834,"966070636012126662","28124888497542389733650","test/duckvep/conformance/results/haplotype_benchmark_2149135dcaf29f","f097e0e0349b7f314fb50e002543de26bcdf77d291328f30b6adb8d4c44da519","94892cca8691c830a219e1c9f519470a1e88b16d1f022a9877bdbf9fdf0b6c68","03155337e4111e8a058657685dbdef178d90fb4f8bb618552b4dce93acffb8cd","b077686177ec40475f69c204de89cfe78bdd502f1608e6553990f473ffc587de","204ec8fa3b2c4e04c4cca5670daa6df254365a57cf537fa9591cb8e7fd15cc49","local_coding_block_so",34508538,"12820793420504737645","27845641093698617117555"
"7f4a4e28bff31a13f14ee1cab25049408740ef65","htslib_distclean_make_release","native",1,10240,64,16,1,2,76268,0.170185036957264,189216,338264,2560,40960,2621440,16,1792,96,61440,30720,5529600,1146880,5529600,1843200,81920,81920,40960,4,64,10,NA,NA,NA,NA,"test/duckvep/conformance/results/haplotype_benchmark_21513046d5238e","08f0171df68da350fa77f24363a4ac68d59332c801d24569716b4dacf01e0ee4","94892cca8691c830a219e1c9f519470a1e88b16d1f022a9877bdbf9fdf0b6c68","03155337e4111e8a058657685dbdef178d90fb4f8bb618552b4dce93acffb8cd","b077686177ec40475f69c204de89cfe78bdd502f1608e6553990f473ffc587de","204ec8fa3b2c4e04c4cca5670daa6df254365a57cf537fa9591cb8e7fd15cc49",NA,NA,NA,NA
"7f4a4e28bff31a13f14ee1cab25049408740ef65","htslib_distclean_make_release","native",2,10240,64,16,1,2,76036,0.178882170468569,189216,338264,2560,40960,2621440,16,1792,96,61440,30720,5529600,1146880,5529600,1843200,81920,81920,40960,4,64,10,NA,NA,NA,NA,"test/duckvep/conformance/results/haplotype_benchmark_21513046d5238e","08f0171df68da350fa77f24363a4ac68d59332c801d24569716b4dacf01e0ee4","94892cca8691c830a219e1c9f519470a1e88b16d1f022a9877bdbf9fdf0b6c68","03155337e4111e8a058657685dbdef178d90fb4f8bb618552b4dce93acffb8cd","b077686177ec40475f69c204de89cfe78bdd502f1608e6553990f473ffc587de","204ec8fa3b2c4e04c4cca5670daa6df254365a57cf537fa9591cb8e7fd15cc49",NA,NA,NA,NA
"7f4a4e28bff31a13f14ee1cab25049408740ef65","htslib_distclean_make_release","native",3,10240,64,16,1,2,76264,0.179745193570852,189216,338264,2560,40960,2621440,16,1792,96,61440,30720,5529600,1146880,5529600,1843200,81920,81920,40960,4,64,10,NA,NA,NA,NA,"test/duckvep/conformance/results/haplotype_benchmark_21513046d5238e","08f0171df68da350fa77f24363a4ac68d59332c801d24569716b4dacf01e0ee4","94892cca8691c830a219e1c9f519470a1e88b16d1f022a9877bdbf9fdf0b6c68","03155337e4111e8a058657685dbdef178d90fb4f8bb618552b4dce93acffb8cd","b077686177ec40475f69c204de89cfe78bdd502f1608e6553990f473ffc587de","204ec8fa3b2c4e04c4cca5670daa6df254365a57cf537fa9591cb8e7fd15cc49",NA,NA,NA,NA
"7f4a4e28bff31a13f14ee1cab25049408740ef65","htslib_distclean_make_release","sql",1,10240,64,16,1,2,2190300,4.24,NA,NA,NA,NA,NA,NA,NA,NA,NA,30720,NA,1146880,5529600,1843200,81920,81920,40960,NA,NA,NA,"1.5.3",119761294,"521852413275003062","282442908269688295593248","test/duckvep/conformance/results/haplotype_benchmark_21513046d5238e","08f0171df68da350fa77f24363a4ac68d59332c801d24569716b4dacf01e0ee4","94892cca8691c830a219e1c9f519470a1e88b16d1f022a9877bdbf9fdf0b6c68","03155337e4111e8a058657685dbdef178d90fb4f8bb618552b4dce93acffb8cd","b077686177ec40475f69c204de89cfe78bdd502f1608e6553990f473ffc587de","204ec8fa3b2c4e04c4cca5670daa6df254365a57cf537fa9591cb8e7fd15cc49","local_coding_block_so",116648334,"13092112772909497255","282423626199823826764931"
"7f4a4e28bff31a13f14ee1cab25049408740ef65","htslib_distclean_make_release","sql",2,10240,64,16,1,2,2177368,4.196,NA,NA,NA,NA,NA,NA,NA,NA,NA,30720,NA,1146880,5529600,1843200,81920,81920,40960,NA,NA,NA,"1.5.3",119761294,"521852413275003062","282442908269688295593248","test/duckvep/conformance/results/haplotype_benchmark_21513046d5238e","08f0171df68da350fa77f24363a4ac68d59332c801d24569716b4dacf01e0ee4","94892cca8691c830a219e1c9f519470a1e88b16d1f022a9877bdbf9fdf0b6c68","03155337e4111e8a058657685dbdef178d90fb4f8bb618552b4dce93acffb8cd","b077686177ec40475f69c204de89cfe78bdd502f1608e6553990f473ffc587de","204ec8fa3b2c4e04c4cca5670daa6df254365a57cf537fa9591cb8e7fd15cc49","local_coding_block_so",116648334,"13092112772909497255","282423626199823826764931"
"7f4a4e28bff31a13f14ee1cab25049408740ef65","htslib_distclean_make_release","sql",3,10240,64,16,1,2,2182212,4.204,NA,NA,NA,NA,NA,NA,NA,NA,NA,30720,NA,1146880,5529600,1843200,81920,81920,40960,NA,NA,NA,"1.5.3",119761294,"521852413275003062","282442908269688295593248","test/duckvep/conformance/results/haplotype_benchmark_21513046d5238e","08f0171df68da350fa77f24363a4ac68d59332c801d24569716b4dacf01e0ee4","94892cca8691c830a219e1c9f519470a1e88b16d1f022a9877bdbf9fdf0b6c68","03155337e4111e8a058657685dbdef178d90fb4f8bb618552b4dce93acffb8cd","b077686177ec40475f69c204de89cfe78bdd502f1608e6553990f473ffc587de","204ec8fa3b2c4e04c4cca5670daa6df254365a57cf537fa9591cb8e7fd15cc49","local_coding_block_so",116648334,"13092112772909497255","282423626199823826764931"
"9b1b8a0d4e12c99f8f08d9c013d840abf5eb7ec1","htslib_distclean_make_release","native",1,1024,4,1,1,2,76264,0.00301484391093254,4596,34136,4096,4096,16384,1,7,6,6144,3072,552960,7168,552960,184320,8192,8192,4096,4,4,10,NA,NA,NA,NA,"test/duckvep/conformance/results/haplotype_benchmark_2332f56d0562ac","998a155297ec467b6ca8cb99562a8d97a5214977953980b08fb96e0ce38c9e0d","664f721e6b197ea6268f4d871d47469b145baffb5aeda15911ff2fee872dcb37","03155337e4111e8a058657685dbdef178d90fb4f8bb618552b4dce93acffb8cd","b077686177ec40475f69c204de89cfe78bdd502f1608e6553990f473ffc587de","204ec8fa3b2c4e04c4cca5670daa6df254365a57cf537fa9591cb8e7fd15cc49",NA,NA,NA,NA
"9b1b8a0d4e12c99f8f08d9c013d840abf5eb7ec1","htslib_distclean_make_release","native",2,1024,4,1,1,2,76264,0.00300682336091995,4596,34136,4096,4096,16384,1,7,6,6144,3072,552960,7168,552960,184320,8192,8192,4096,4,4,10,NA,NA,NA,NA,"test/duckvep/conformance/results/haplotype_benchmark_2332f56d0562ac","998a155297ec467b6ca8cb99562a8d97a5214977953980b08fb96e0ce38c9e0d","664f721e6b197ea6268f4d871d47469b145baffb5aeda15911ff2fee872dcb37","03155337e4111e8a058657685dbdef178d90fb4f8bb618552b4dce93acffb8cd","b077686177ec40475f69c204de89cfe78bdd502f1608e6553990f473ffc587de","204ec8fa3b2c4e04c4cca5670daa6df254365a57cf537fa9591cb8e7fd15cc49",NA,NA,NA,NA
"9b1b8a0d4e12c99f8f08d9c013d840abf5eb7ec1","htslib_distclean_make_release","native",3,1024,4,1,1,2,76424,0.00301114469766617,4596,34136,4096,4096,16384,1,7,6,6144,3072,552960,7168,552960,184320,8192,8192,4096,4,4,10,NA,NA,NA,NA,"test/duckvep/conformance/results/haplotype_benchmark_2332f56d0562ac","998a155297ec467b6ca8cb99562a8d97a5214977953980b08fb96e0ce38c9e0d","664f721e6b197ea6268f4d871d47469b145baffb5aeda15911ff2fee872dcb37","03155337e4111e8a058657685dbdef178d90fb4f8bb618552b4dce93acffb8cd","b077686177ec40475f69c204de89cfe78bdd502f1608e6553990f473ffc587de","204ec8fa3b2c4e04c4cca5670daa6df254365a57cf537fa9591cb8e7fd15cc49",NA,NA,NA,NA
"9b1b8a0d4e12c99f8f08d9c013d840abf5eb7ec1","htslib_distclean_make_release","sql",1,1024,4,1,1,2,222404,0.052,NA,NA,NA,NA,NA,NA,NA,NA,NA,3072,NA,7168,552960,184320,8192,8192,4096,NA,NA,NA,"1.5.3",4933370,"8655897832500014299","28643190039438464658617","test/duckvep/conformance/results/haplotype_benchmark_2332f56d0562ac","998a155297ec467b6ca8cb99562a8d97a5214977953980b08fb96e0ce38c9e0d","664f721e6b197ea6268f4d871d47469b145baffb5aeda15911ff2fee872dcb37","03155337e4111e8a058657685dbdef178d90fb4f8bb618552b4dce93acffb8cd","b077686177ec40475f69c204de89cfe78bdd502f1608e6553990f473ffc587de","204ec8fa3b2c4e04c4cca5670daa6df254365a57cf537fa9591cb8e7fd15cc49","local_coding_block_so",4622074,"7073993355575920695","28367269509809111348009"
"9b1b8a0d4e12c99f8f08d9c013d840abf5eb7ec1","htslib_distclean_make_release","sql",2,1024,4,1,1,2,220140,0.052,NA,NA,NA,NA,NA,NA,NA,NA,NA,3072,NA,7168,552960,184320,8192,8192,4096,NA,NA,NA,"1.5.3",4933370,"8655897832500014299","28643190039438464658617","test/duckvep/conformance/results/haplotype_benchmark_2332f56d0562ac","998a155297ec467b6ca8cb99562a8d97a5214977953980b08fb96e0ce38c9e0d","664f721e6b197ea6268f4d871d47469b145baffb5aeda15911ff2fee872dcb37","03155337e4111e8a058657685dbdef178d90fb4f8bb618552b4dce93acffb8cd","b077686177ec40475f69c204de89cfe78bdd502f1608e6553990f473ffc587de","204ec8fa3b2c4e04c4cca5670daa6df254365a57cf537fa9591cb8e7fd15cc49","local_coding_block_so",4622074,"7073993355575920695","28367269509809111348009"
"9b1b8a0d4e12c99f8f08d9c013d840abf5eb7ec1","htslib_distclean_make_release","sql",3,1024,4,1,1,2,221312,0.053,NA,NA,NA,NA,NA,NA,NA,NA,NA,3072,NA,7168,552960,184320,8192,8192,4096,NA,NA,NA,"1.5.3",4933370,"8655897832500014299","28643190039438464658617","test/duckvep/conformance/results/haplotype_benchmark_2332f56d0562ac","998a155297ec467b6ca8cb99562a8d97a5214977953980b08fb96e0ce38c9e0d","664f721e6b197ea6268f4d871d47469b145baffb5aeda15911ff2fee872dcb37","03155337e4111e8a058657685dbdef178d90fb4f8bb618552b4dce93acffb8cd","b077686177ec40475f69c204de89cfe78bdd502f1608e6553990f473ffc587de","204ec8fa3b2c4e04c4cca5670daa6df254365a57cf537fa9591cb8e7fd15cc49","local_coding_block_so",4622074,"7073993355575920695","28367269509809111348009"
"9b1b8a0d4e12c99f8f08d9c013d840abf5eb7ec1","htslib_distclean_make_release","native",1,1024,64,1,1,2,76264,0.0128982663154602,14196,34136,4096,4096,262144,1,112,6,6144,3072,552960,114688,552960,184320,8192,8192,4096,4,4,10,NA,NA,NA,NA,"test/duckvep/conformance/results/haplotype_benchmark_2336b63092d448","1ba096bf543868c8e6a032650baca41c8f8ac3419a7e2319ec54bc31923c0bb7","664f721e6b197ea6268f4d871d47469b145baffb5aeda15911ff2fee872dcb37","03155337e4111e8a058657685dbdef178d90fb4f8bb618552b4dce93acffb8cd","b077686177ec40475f69c204de89cfe78bdd502f1608e6553990f473ffc587de","204ec8fa3b2c4e04c4cca5670daa6df254365a57cf537fa9591cb8e7fd15cc49",NA,NA,NA,NA
"9b1b8a0d4e12c99f8f08d9c013d840abf5eb7ec1","htslib_distclean_make_release","native",2,1024,64,1,1,2,76268,0.013453584164381,14196,34136,4096,4096,262144,1,112,6,6144,3072,552960,114688,552960,184320,8192,8192,4096,4,4,10,NA,NA,NA,NA,"test/duckvep/conformance/results/haplotype_benchmark_2336b63092d448","1ba096bf543868c8e6a032650baca41c8f8ac3419a7e2319ec54bc31923c0bb7","664f721e6b197ea6268f4d871d47469b145baffb5aeda15911ff2fee872dcb37","03155337e4111e8a058657685dbdef178d90fb4f8bb618552b4dce93acffb8cd","b077686177ec40475f69c204de89cfe78bdd502f1608e6553990f473ffc587de","204ec8fa3b2c4e04c4cca5670daa6df254365a57cf537fa9591cb8e7fd15cc49",NA,NA,NA,NA
"9b1b8a0d4e12c99f8f08d9c013d840abf5eb7ec1","htslib_distclean_make_release","native",3,1024,64,1,1,2,76424,0.0134855061769485,14196,34136,4096,4096,262144,1,112,6,6144,3072,552960,114688,552960,184320,8192,8192,4096,4,4,10,NA,NA,NA,NA,"test/duckvep/conformance/results/haplotype_benchmark_2336b63092d448","1ba096bf543868c8e6a032650baca41c8f8ac3419a7e2319ec54bc31923c0bb7","664f721e6b197ea6268f4d871d47469b145baffb5aeda15911ff2fee872dcb37","03155337e4111e8a058657685dbdef178d90fb4f8bb618552b4dce93acffb8cd","b077686177ec40475f69c204de89cfe78bdd502f1608e6553990f473ffc587de","204ec8fa3b2c4e04c4cca5670daa6df254365a57cf537fa9591cb8e7fd15cc49",NA,NA,NA,NA
"9b1b8a0d4e12c99f8f08d9c013d840abf5eb7ec1","htslib_distclean_make_release","sql",1,1024,64,1,1,2,384904,0.345,NA,NA,NA,NA,NA,NA,NA,NA,NA,3072,NA,114688,552960,184320,8192,8192,4096,NA,NA,NA,"1.5.3",11976442,"2431264624565122463","28023773595046311557535","test/duckvep/conformance/results/haplotype_benchmark_2336b63092d448","1ba096bf543868c8e6a032650baca41c8f8ac3419a7e2319ec54bc31923c0bb7","664f721e6b197ea6268f4d871d47469b145baffb5aeda15911ff2fee872dcb37","03155337e4111e8a058657685dbdef178d90fb4f8bb618552b4dce93acffb8cd","b077686177ec40475f69c204de89cfe78bdd502f1608e6553990f473ffc587de","204ec8fa3b2c4e04c4cca5670daa6df254365a57cf537fa9591cb8e7fd15cc49","local_coding_block_so",11665146,"6659026955915781041","28419023938171811290625"
"9b1b8a0d4e12c99f8f08d9c013d840abf5eb7ec1","htslib_distclean_make_release","sql",2,1024,64,1,1,2,385020,0.346,NA,NA,NA,NA,NA,NA,NA,NA,NA,3072,NA,114688,552960,184320,8192,8192,4096,NA,NA,NA,"1.5.3",11976442,"2431264624565122463","28023773595046311557535","test/duckvep/conformance/results/haplotype_benchmark_2336b63092d448","1ba096bf543868c8e6a032650baca41c8f8ac3419a7e2319ec54bc31923c0bb7","664f721e6b197ea6268f4d871d47469b145baffb5aeda15911ff2fee872dcb37","03155337e4111e8a058657685dbdef178d90fb4f8bb618552b4dce93acffb8cd","b077686177ec40475f69c204de89cfe78bdd502f1608e6553990f473ffc587de","204ec8fa3b2c4e04c4cca5670daa6df254365a57cf537fa9591cb8e7fd15cc49","local_coding_block_so",11665146,"6659026955915781041","28419023938171811290625"
"9b1b8a0d4e12c99f8f08d9c013d840abf5eb7ec1","htslib_distclean_make_release","sql",3,1024,64,1,1,2,384944,0.35,NA,NA,NA,NA,NA,NA,NA,NA,NA,3072,NA,114688,552960,184320,8192,8192,4096,NA,NA,NA,"1.5.3",11976442,"2431264624565122463","28023773595046311557535","test/duckvep/conformance/results/haplotype_benchmark_2336b63092d448","1ba096bf543868c8e6a032650baca41c8f8ac3419a7e2319ec54bc31923c0bb7","664f721e6b197ea6268f4d871d47469b145baffb5aeda15911ff2fee872dcb37","03155337e4111e8a058657685dbdef178d90fb4f8bb618552b4dce93acffb8cd","b077686177ec40475f69c204de89cfe78bdd502f1608e6553990f473ffc587de","204ec8fa3b2c4e04c4cca5670daa6df254365a57cf537fa9591cb8e7fd15cc49","local_coding_block_so",11665146,"6659026955915781041","28419023938171811290625"
"9b1b8a0d4e12c99f8f08d9c013d840abf5eb7ec1","htslib_distclean_make_release","native",1,1024,64,16,1,2,76268,0.0166515223681927,189216,34136,256,4096,262144,16,1792,96,6144,3072,552960,114688,552960,184320,8192,8192,4096,4,64,10,NA,NA,NA,NA,"test/duckvep/conformance/results/haplotype_benchmark_233c0a37a357b4","b630c244bd952720cd1a093a4711a3438b13ef8d6408648bebb11f0ff4f796fe","664f721e6b197ea6268f4d871d47469b145baffb5aeda15911ff2fee872dcb37","03155337e4111e8a058657685dbdef178d90fb4f8bb618552b4dce93acffb8cd","b077686177ec40475f69c204de89cfe78bdd502f1608e6553990f473ffc587de","204ec8fa3b2c4e04c4cca5670daa6df254365a57cf537fa9591cb8e7fd15cc49",NA,NA,NA,NA
"9b1b8a0d4e12c99f8f08d9c013d840abf5eb7ec1","htslib_distclean_make_release","native",2,1024,64,16,1,2,76264,0.0166253745555878,189216,34136,256,4096,262144,16,1792,96,6144,3072,552960,114688,552960,184320,8192,8192,4096,4,64,10,NA,NA,NA,NA,"test/duckvep/conformance/results/haplotype_benchmark_233c0a37a357b4","b630c244bd952720cd1a093a4711a3438b13ef8d6408648bebb11f0ff4f796fe","664f721e6b197ea6268f4d871d47469b145baffb5aeda15911ff2fee872dcb37","03155337e4111e8a058657685dbdef178d90fb4f8bb618552b4dce93acffb8cd","b077686177ec40475f69c204de89cfe78bdd502f1608e6553990f473ffc587de","204ec8fa3b2c4e04c4cca5670daa6df254365a57cf537fa9591cb8e7fd15cc49",NA,NA,NA,NA
"9b1b8a0d4e12c99f8f08d9c013d840abf5eb7ec1","htslib_distclean_make_release","native",3,1024,64,16,1,2,76268,0.0172463990747929,189216,34136,256,4096,262144,16,1792,96,6144,3072,552960,114688,552960,184320,8192,8192,4096,4,64,10,NA,NA,NA,NA,"test/duckvep/conformance/results/haplotype_benchmark_233c0a37a357b4","b630c244bd952720cd1a093a4711a3438b13ef8d6408648bebb11f0ff4f796fe","664f721e6b197ea6268f4d871d47469b145baffb5aeda15911ff2fee872dcb37","03155337e4111e8a058657685dbdef178d90fb4f8bb618552b4dce93acffb8cd","b077686177ec40475f69c204de89cfe78bdd502f1608e6553990f473ffc587de","204ec8fa3b2c4e04c4cca5670daa6df254365a57cf537fa9591cb8e7fd15cc49",NA,NA,NA,NA
"9b1b8a0d4e12c99f8f08d9c013d840abf5eb7ec1","htslib_distclean_make_release","sql",1,1024,64,16,1,2,385376,0.352,NA,NA,NA,NA,NA,NA,NA,NA,NA,3072,NA,114688,552960,184320,8192,8192,4096,NA,NA,NA,"1.5.3",11948670,"6746403450254642166","28025574214625492245910","test/duckvep/conformance/results/haplotype_benchmark_233c0a37a357b4","b630c244bd952720cd1a093a4711a3438b13ef8d6408648bebb11f0ff4f796fe","664f721e6b197ea6268f4d871d47469b145baffb5aeda15911ff2fee872dcb37","03155337e4111e8a058657685dbdef178d90fb4f8bb618552b4dce93acffb8cd","b077686177ec40475f69c204de89cfe78bdd502f1608e6553990f473ffc587de","204ec8fa3b2c4e04c4cca5670daa6df254365a57cf537fa9591cb8e7fd15cc49","local_coding_block_so",11637374,"4832535337411960646","28307095053310083420130"
"9b1b8a0d4e12c99f8f08d9c013d840abf5eb7ec1","htslib_distclean_make_release","sql",2,1024,64,16,1,2,384760,0.353,NA,NA,NA,NA,NA,NA,NA,NA,NA,3072,NA,114688,552960,184320,8192,8192,4096,NA,NA,NA,"1.5.3",11948670,"6746403450254642166","28025574214625492245910","test/duckvep/conformance/results/haplotype_benchmark_233c0a37a357b4","b630c244bd952720cd1a093a4711a3438b13ef8d6408648bebb11f0ff4f796fe","664f721e6b197ea6268f4d871d47469b145baffb5aeda15911ff2fee872dcb37","03155337e4111e8a058657685dbdef178d90fb4f8bb618552b4dce93acffb8cd","b077686177ec40475f69c204de89cfe78bdd502f1608e6553990f473ffc587de","204ec8fa3b2c4e04c4cca5670daa6df254365a57cf537fa9591cb8e7fd15cc49","local_coding_block_so",11637374,"4832535337411960646","28307095053310083420130"
"9b1b8a0d4e12c99f8f08d9c013d840abf5eb7ec1","htslib_distclean_make_release","sql",3,1024,64,16,1,2,385772,0.351,NA,NA,NA,NA,NA,NA,NA,NA,NA,3072,NA,114688,552960,184320,8192,8192,4096,NA,NA,NA,"1.5.3",11948670,"6746403450254642166","28025574214625492245910","test/duckvep/conformance/results/haplotype_benchmark_233c0a37a357b4","b630c244bd952720cd1a093a4711a3438b13ef8d6408648bebb11f0ff4f796fe","664f721e6b197ea6268f4d871d47469b145baffb5aeda15911ff2fee872dcb37","03155337e4111e8a058657685dbdef178d90fb4f8bb618552b4dce93acffb8cd","b077686177ec40475f69c204de89cfe78bdd502f1608e6553990f473ffc587de","204ec8fa3b2c4e04c4cca5670daa6df254365a57cf537fa9591cb8e7fd15cc49","local_coding_block_so",11637374,"4832535337411960646","28307095053310083420130"
"9b1b8a0d4e12c99f8f08d9c013d840abf5eb7ec1","htslib_distclean_make_release","native",1,1024,64,64,1,2,76268,0.0185247845947742,749280,34136,64,4096,262144,64,7168,384,6144,3072,552960,114688,552960,184320,8192,8192,4096,4,256,10,NA,NA,NA,NA,"test/duckvep/conformance/results/haplotype_benchmark_2340d5337587e3","a228b9ef14f3f32b20939602b4b26fdd870ac241300f203bfc6d584a1d426d08","664f721e6b197ea6268f4d871d47469b145baffb5aeda15911ff2fee872dcb37","03155337e4111e8a058657685dbdef178d90fb4f8bb618552b4dce93acffb8cd","b077686177ec40475f69c204de89cfe78bdd502f1608e6553990f473ffc587de","204ec8fa3b2c4e04c4cca5670daa6df254365a57cf537fa9591cb8e7fd15cc49",NA,NA,NA,NA
"9b1b8a0d4e12c99f8f08d9c013d840abf5eb7ec1","htslib_distclean_make_release","native",2,1024,64,64,1,2,76264,0.0185028128325939,749280,34136,64,4096,262144,64,7168,384,6144,3072,552960,114688,552960,184320,8192,8192,4096,4,256,10,NA,NA,NA,NA,"test/duckvep/conformance/results/haplotype_benchmark_2340d5337587e3","a228b9ef14f3f32b20939602b4b26fdd870ac241300f203bfc6d584a1d426d08","664f721e6b197ea6268f4d871d47469b145baffb5aeda15911ff2fee872dcb37","03155337e4111e8a058657685dbdef178d90fb4f8bb618552b4dce93acffb8cd","b077686177ec40475f69c204de89cfe78bdd502f1608e6553990f473ffc587de","204ec8fa3b2c4e04c4cca5670daa6df254365a57cf537fa9591cb8e7fd15cc49",NA,NA,NA,NA
"9b1b8a0d4e12c99f8f08d9c013d840abf5eb7ec1","htslib_distclean_make_release","native",3,1024,64,64,1,2,76264,0.0176638960838318,749280,34136,64,4096,262144,64,7168,384,6144,3072,552960,114688,552960,184320,8192,8192,4096,4,256,10,NA,NA,NA,NA,"test/duckvep/conformance/results/haplotype_benchmark_2340d5337587e3","a228b9ef14f3f32b20939602b4b26fdd870ac241300f203bfc6d584a1d426d08","664f721e6b197ea6268f4d871d47469b145baffb5aeda15911ff2fee872dcb37","03155337e4111e8a058657685dbdef178d90fb4f8bb618552b4dce93acffb8cd","b077686177ec40475f69c204de89cfe78bdd502f1608e6553990f473ffc587de","204ec8fa3b2c4e04c4cca5670daa6df254365a57cf537fa9591cb8e7fd15cc49",NA,NA,NA,NA
"9b1b8a0d4e12c99f8f08d9c013d840abf5eb7ec1","htslib_distclean_make_release","sql",1,1024,64,64,1,2,384680,0.357,NA,NA,NA,NA,NA,NA,NA,NA,NA,3072,NA,114688,552960,184320,8192,8192,4096,NA,NA,NA,"1.5.3",11932670,"11938717870122307710","28322977454017767224640","test/duckvep/conformance/results/haplotype_benchmark_2340d5337587e3","a228b9ef14f3f32b20939602b4b26fdd870ac241300f203bfc6d584a1d426d08","664f721e6b197ea6268f4d871d47469b145baffb5aeda15911ff2fee872dcb37","03155337e4111e8a058657685dbdef178d90fb4f8bb618552b4dce93acffb8cd","b077686177ec40475f69c204de89cfe78bdd502f1608e6553990f473ffc587de","204ec8fa3b2c4e04c4cca5670daa6df254365a57cf537fa9591cb8e7fd15cc49","local_coding_block_so",11621374,"8928818225063272201","28212881952829124281661"
"9b1b8a0d4e12c99f8f08d9c013d840abf5eb7ec1","htslib_distclean_make_release","sql",2,1024,64,64,1,2,384140,0.355,NA,NA,NA,NA,NA,NA,NA,NA,NA,3072,NA,114688,552960,184320,8192,8192,4096,NA,NA,NA,"1.5.3",11932670,"11938717870122307710","28322977454017767224640","test/duckvep/conformance/results/haplotype_benchmark_2340d5337587e3","a228b9ef14f3f32b20939602b4b26fdd870ac241300f203bfc6d584a1d426d08","664f721e6b197ea6268f4d871d47469b145baffb5aeda15911ff2fee872dcb37","03155337e4111e8a058657685dbdef178d90fb4f8bb618552b4dce93acffb8cd","b077686177ec40475f69c204de89cfe78bdd502f1608e6553990f473ffc587de","204ec8fa3b2c4e04c4cca5670daa6df254365a57cf537fa9591cb8e7fd15cc49","local_coding_block_so",11621374,"8928818225063272201","28212881952829124281661"
"9b1b8a0d4e12c99f8f08d9c013d840abf5eb7ec1","htslib_distclean_make_release","sql",3,1024,64,64,1,2,383380,0.351,NA,NA,NA,NA,NA,NA,NA,NA,NA,3072,NA,114688,552960,184320,8192,8192,4096,NA,NA,NA,"1.5.3",11932670,"11938717870122307710","28322977454017767224640","test/duckvep/conformance/results/haplotype_benchmark_2340d5337587e3","a228b9ef14f3f32b20939602b4b26fdd870ac241300f203bfc6d584a1d426d08","664f721e6b197ea6268f4d871d47469b145baffb5aeda15911ff2fee872dcb37","03155337e4111e8a058657685dbdef178d90fb4f8bb618552b4dce93acffb8cd","b077686177ec40475f69c204de89cfe78bdd502f1608e6553990f473ffc587de","204ec8fa3b2c4e04c4cca5670daa6df254365a57cf537fa9591cb8e7fd15cc49","local_coding_block_so",11621374,"8928818225063272201","28212881952829124281661"
"9b1b8a0d4e12c99f8f08d9c013d840abf5eb7ec1","htslib_distclean_make_release","native",1,1024,256,1,1,2,76264,0.0481279604136944,44916,34136,4096,4096,1048576,1,448,6,6144,3072,552960,458752,552960,184320,8192,8192,4096,4,4,10,NA,NA,NA,NA,"test/duckvep/conformance/results/haplotype_benchmark_23452c53e06b0a","491e70f5ce354a5cd493a8957ecd86d85c80d5f3b164c86f663455e97e87f96b","664f721e6b197ea6268f4d871d47469b145baffb5aeda15911ff2fee872dcb37","03155337e4111e8a058657685dbdef178d90fb4f8bb618552b4dce93acffb8cd","b077686177ec40475f69c204de89cfe78bdd502f1608e6553990f473ffc587de","204ec8fa3b2c4e04c4cca5670daa6df254365a57cf537fa9591cb8e7fd15cc49",NA,NA,NA,NA
"9b1b8a0d4e12c99f8f08d9c013d840abf5eb7ec1","htslib_distclean_make_release","native",2,1024,256,1,1,2,76036,0.0455300770699978,44916,34136,4096,4096,1048576,1,448,6,6144,3072,552960,458752,552960,184320,8192,8192,4096,4,4,10,NA,NA,NA,NA,"test/duckvep/conformance/results/haplotype_benchmark_23452c53e06b0a","491e70f5ce354a5cd493a8957ecd86d85c80d5f3b164c86f663455e97e87f96b","664f721e6b197ea6268f4d871d47469b145baffb5aeda15911ff2fee872dcb37","03155337e4111e8a058657685dbdef178d90fb4f8bb618552b4dce93acffb8cd","b077686177ec40475f69c204de89cfe78bdd502f1608e6553990f473ffc587de","204ec8fa3b2c4e04c4cca5670daa6df254365a57cf537fa9591cb8e7fd15cc49",NA,NA,NA,NA
"9b1b8a0d4e12c99f8f08d9c013d840abf5eb7ec1","htslib_distclean_make_release","native",3,1024,256,1,1,2,76424,0.0458774790167809,44916,34136,4096,4096,1048576,1,448,6,6144,3072,552960,458752,552960,184320,8192,8192,4096,4,4,10,NA,NA,NA,NA,"test/duckvep/conformance/results/haplotype_benchmark_23452c53e06b0a","491e70f5ce354a5cd493a8957ecd86d85c80d5f3b164c86f663455e97e87f96b","664f721e6b197ea6268f4d871d47469b145baffb5aeda15911ff2fee872dcb37","03155337e4111e8a058657685dbdef178d90fb4f8bb618552b4dce93acffb8cd","b077686177ec40475f69c204de89cfe78bdd502f1608e6553990f473ffc587de","204ec8fa3b2c4e04c4cca5670daa6df254365a57cf537fa9591cb8e7fd15cc49",NA,NA,NA,NA
"9b1b8a0d4e12c99f8f08d9c013d840abf5eb7ec1","htslib_distclean_make_release","sql",1,1024,256,1,1,2,979932,1.332,NA,NA,NA,NA,NA,NA,NA,NA,NA,3072,NA,458752,552960,184320,8192,8192,4096,NA,NA,NA,"1.5.3",34819834,"966070636012126662","28124888497542389733650","test/duckvep/conformance/results/haplotype_benchmark_23452c53e06b0a","491e70f5ce354a5cd493a8957ecd86d85c80d5f3b164c86f663455e97e87f96b","664f721e6b197ea6268f4d871d47469b145baffb5aeda15911ff2fee872dcb37","03155337e4111e8a058657685dbdef178d90fb4f8bb618552b4dce93acffb8cd","b077686177ec40475f69c204de89cfe78bdd502f1608e6553990f473ffc587de","204ec8fa3b2c4e04c4cca5670daa6df254365a57cf537fa9591cb8e7fd15cc49","local_coding_block_so",34508538,"12820793420504737645","27845641093698617117555"
"9b1b8a0d4e12c99f8f08d9c013d840abf5eb7ec1","htslib_distclean_make_release","sql",2,1024,256,1,1,2,979684,1.345,NA,NA,NA,NA,NA,NA,NA,NA,NA,3072,NA,458752,552960,184320,8192,8192,4096,NA,NA,NA,"1.5.3",34819834,"966070636012126662","28124888497542389733650","test/duckvep/conformance/results/haplotype_benchmark_23452c53e06b0a","491e70f5ce354a5cd493a8957ecd86d85c80d5f3b164c86f663455e97e87f96b","664f721e6b197ea6268f4d871d47469b145baffb5aeda15911ff2fee872dcb37","03155337e4111e8a058657685dbdef178d90fb4f8bb618552b4dce93acffb8cd","b077686177ec40475f69c204de89cfe78bdd502f1608e6553990f473ffc587de","204ec8fa3b2c4e04c4cca5670daa6df254365a57cf537fa9591cb8e7fd15cc49","local_coding_block_so",34508538,"12820793420504737645","27845641093698617117555"
"9b1b8a0d4e12c99f8f08d9c013d840abf5eb7ec1","htslib_distclean_make_release","sql",3,1024,256,1,1,2,980168,1.334,NA,NA,NA,NA,NA,NA,NA,NA,NA,3072,NA,458752,552960,184320,8192,8192,4096,NA,NA,NA,"1.5.3",34819834,"966070636012126662","28124888497542389733650","test/duckvep/conformance/results/haplotype_benchmark_23452c53e06b0a","491e70f5ce354a5cd493a8957ecd86d85c80d5f3b164c86f663455e97e87f96b","664f721e6b197ea6268f4d871d47469b145baffb5aeda15911ff2fee872dcb37","03155337e4111e8a058657685dbdef178d90fb4f8bb618552b4dce93acffb8cd","b077686177ec40475f69c204de89cfe78bdd502f1608e6553990f473ffc587de","204ec8fa3b2c4e04c4cca5670daa6df254365a57cf537fa9591cb8e7fd15cc49","local_coding_block_so",34508538,"12820793420504737645","27845641093698617117555"
"9b1b8a0d4e12c99f8f08d9c013d840abf5eb7ec1","htslib_distclean_make_release","native",1,10240,64,16,1,2,76268,0.167447902262211,189216,338264,2560,40960,2621440,16,1792,96,61440,30720,5529600,1146880,5529600,1843200,81920,81920,40960,4,64,10,NA,NA,NA,NA,"test/duckvep/conformance/results/haplotype_benchmark_234c16106a1240","914a7cd38012382e86061dbc61cd274c80e216a2f608129c630dd19bc51ef48c","664f721e6b197ea6268f4d871d47469b145baffb5aeda15911ff2fee872dcb37","03155337e4111e8a058657685dbdef178d90fb4f8bb618552b4dce93acffb8cd","b077686177ec40475f69c204de89cfe78bdd502f1608e6553990f473ffc587de","204ec8fa3b2c4e04c4cca5670daa6df254365a57cf537fa9591cb8e7fd15cc49",NA,NA,NA,NA
"9b1b8a0d4e12c99f8f08d9c013d840abf5eb7ec1","htslib_distclean_make_release","native",2,10240,64,16,1,2,76264,0.16842895373702,189216,338264,2560,40960,2621440,16,1792,96,61440,30720,5529600,1146880,5529600,1843200,81920,81920,40960,4,64,10,NA,NA,NA,NA,"test/duckvep/conformance/results/haplotype_benchmark_234c16106a1240","914a7cd38012382e86061dbc61cd274c80e216a2f608129c630dd19bc51ef48c","664f721e6b197ea6268f4d871d47469b145baffb5aeda15911ff2fee872dcb37","03155337e4111e8a058657685dbdef178d90fb4f8bb618552b4dce93acffb8cd","b077686177ec40475f69c204de89cfe78bdd502f1608e6553990f473ffc587de","204ec8fa3b2c4e04c4cca5670daa6df254365a57cf537fa9591cb8e7fd15cc49",NA,NA,NA,NA
"9b1b8a0d4e12c99f8f08d9c013d840abf5eb7ec1","htslib_distclean_make_release","native",3,10240,64,16,1,2,76268,0.16864712163806,189216,338264,2560,40960,2621440,16,1792,96,61440,30720,5529600,1146880,5529600,1843200,81920,81920,40960,4,64,10,NA,NA,NA,NA,"test/duckvep/conformance/results/haplotype_benchmark_234c16106a1240","914a7cd38012382e86061dbc61cd274c80e216a2f608129c630dd19bc51ef48c","664f721e6b197ea6268f4d871d47469b145baffb5aeda15911ff2fee872dcb37","03155337e4111e8a058657685dbdef178d90fb4f8bb618552b4dce93acffb8cd","b077686177ec40475f69c204de89cfe78bdd502f1608e6553990f473ffc587de","204ec8fa3b2c4e04c4cca5670daa6df254365a57cf537fa9591cb8e7fd15cc49",NA,NA,NA,NA
"9b1b8a0d4e12c99f8f08d9c013d840abf5eb7ec1","htslib_distclean_make_release","sql",1,10240,64,16,1,2,2185096,4.196,NA,NA,NA,NA,NA,NA,NA,NA,NA,30720,NA,1146880,5529600,1843200,81920,81920,40960,NA,NA,NA,"1.5.3",119761294,"521852413275003062","282442908269688295593248","test/duckvep/conformance/results/haplotype_benchmark_234c16106a1240","914a7cd38012382e86061dbc61cd274c80e216a2f608129c630dd19bc51ef48c","664f721e6b197ea6268f4d871d47469b145baffb5aeda15911ff2fee872dcb37","03155337e4111e8a058657685dbdef178d90fb4f8bb618552b4dce93acffb8cd","b077686177ec40475f69c204de89cfe78bdd502f1608e6553990f473ffc587de","204ec8fa3b2c4e04c4cca5670daa6df254365a57cf537fa9591cb8e7fd15cc49","local_coding_block_so",116648334,"13092112772909497255","282423626199823826764931"
"9b1b8a0d4e12c99f8f08d9c013d840abf5eb7ec1","htslib_distclean_make_release","sql",2,10240,64,16,1,2,2182212,4.216,NA,NA,NA,NA,NA,NA,NA,NA,NA,30720,NA,1146880,5529600,1843200,81920,81920,40960,NA,NA,NA,"1.5.3",119761294,"521852413275003062","282442908269688295593248","test/duckvep/conformance/results/haplotype_benchmark_234c16106a1240","914a7cd38012382e86061dbc61cd274c80e216a2f608129c630dd19bc51ef48c","664f721e6b197ea6268f4d871d47469b145baffb5aeda15911ff2fee872dcb37","03155337e4111e8a058657685dbdef178d90fb4f8bb618552b4dce93acffb8cd","b077686177ec40475f69c204de89cfe78bdd502f1608e6553990f473ffc587de","204ec8fa3b2c4e04c4cca5670daa6df254365a57cf537fa9591cb8e7fd15cc49","local_coding_block_so",116648334,"13092112772909497255","282423626199823826764931"
"9b1b8a0d4e12c99f8f08d9c013d840abf5eb7ec1","htslib_distclean_make_release","sql",3,10240,64,16,1,2,2181508,4.239,NA,NA,NA,NA,NA,NA,NA,NA,NA,30720,NA,1146880,5529600,1843200,81920,81920,40960,NA,NA,NA,"1.5.3",119761294,"521852413275003062","282442908269688295593248","test/duckvep/conformance/results/haplotype_benchmark_234c16106a1240","914a7cd38012382e86061dbc61cd274c80e216a2f608129c630dd19bc51ef48c","664f721e6b197ea6268f4d871d47469b145baffb5aeda15911ff2fee872dcb37","03155337e4111e8a058657685dbdef178d90fb4f8bb618552b4dce93acffb8cd","b077686177ec40475f69c204de89cfe78bdd502f1608e6553990f473ffc587de","204ec8fa3b2c4e04c4cca5670daa6df254365a57cf537fa9591cb8e7fd15cc49","local_coding_block_so",116648334,"13092112772909497255","282423626199823826764931"
"47eaa7b1460a6b29049cdb50928956a055d6abb9","htslib_distclean_make_release","native",1,1024,256,1,1,2,76264,0.0455548837780952,44948,34136,4096,4096,1048576,1,448,6,6144,3072,552960,458752,552960,184320,8192,8192,4096,4,4,10,NA,NA,NA,NA,"test/duckvep/conformance/results/haplotype_benchmark_28824eed2c627","8bd9165414e1bf9b4cc0ba7572bd6a3f7222e47e7ee747201f3748720df7e06f","8439e036c6f8e2ab5e7ae363d3f63d3c6c62b426e5c0b915a0f4df5d069e1146","c22b694eca413b2073a3af37dd56f9f9a767ebfc54090fc06a80a3c86a8b0427","b077686177ec40475f69c204de89cfe78bdd502f1608e6553990f473ffc587de","204ec8fa3b2c4e04c4cca5670daa6df254365a57cf537fa9591cb8e7fd15cc49",NA,NA,NA,NA
"47eaa7b1460a6b29049cdb50928956a055d6abb9","htslib_distclean_make_release","native",2,1024,256,1,1,2,76264,0.0454012677073479,44948,34136,4096,4096,1048576,1,448,6,6144,3072,552960,458752,552960,184320,8192,8192,4096,4,4,10,NA,NA,NA,NA,"test/duckvep/conformance/results/haplotype_benchmark_28824eed2c627","8bd9165414e1bf9b4cc0ba7572bd6a3f7222e47e7ee747201f3748720df7e06f","8439e036c6f8e2ab5e7ae363d3f63d3c6c62b426e5c0b915a0f4df5d069e1146","c22b694eca413b2073a3af37dd56f9f9a767ebfc54090fc06a80a3c86a8b0427","b077686177ec40475f69c204de89cfe78bdd502f1608e6553990f473ffc587de","204ec8fa3b2c4e04c4cca5670daa6df254365a57cf537fa9591cb8e7fd15cc49",NA,NA,NA,NA
"47eaa7b1460a6b29049cdb50928956a055d6abb9","htslib_distclean_make_release","native",3,1024,256,1,1,2,76424,0.0471584871411324,44948,34136,4096,4096,1048576,1,448,6,6144,3072,552960,458752,552960,184320,8192,8192,4096,4,4,10,NA,NA,NA,NA,"test/duckvep/conformance/results/haplotype_benchmark_28824eed2c627","8bd9165414e1bf9b4cc0ba7572bd6a3f7222e47e7ee747201f3748720df7e06f","8439e036c6f8e2ab5e7ae363d3f63d3c6c62b426e5c0b915a0f4df5d069e1146","c22b694eca413b2073a3af37dd56f9f9a767ebfc54090fc06a80a3c86a8b0427","b077686177ec40475f69c204de89cfe78bdd502f1608e6553990f473ffc587de","204ec8fa3b2c4e04c4cca5670daa6df254365a57cf537fa9591cb8e7fd15cc49",NA,NA,NA,NA
"47eaa7b1460a6b29049cdb50928956a055d6abb9","htslib_distclean_make_release","sql",1,1024,256,1,1,2,980408,1.294,NA,NA,NA,NA,NA,NA,NA,NA,NA,3072,NA,458752,552960,184320,8192,8192,4096,NA,NA,NA,"1.5.3",34819834,"966070636012126662","28124888497542389733650","test/duckvep/conformance/results/haplotype_benchmark_28824eed2c627","8bd9165414e1bf9b4cc0ba7572bd6a3f7222e47e7ee747201f3748720df7e06f","8439e036c6f8e2ab5e7ae363d3f63d3c6c62b426e5c0b915a0f4df5d069e1146","c22b694eca413b2073a3af37dd56f9f9a767ebfc54090fc06a80a3c86a8b0427","b077686177ec40475f69c204de89cfe78bdd502f1608e6553990f473ffc587de","204ec8fa3b2c4e04c4cca5670daa6df254365a57cf537fa9591cb8e7fd15cc49","local_coding_block_so",34508538,"12820793420504737645","27845641093698617117555"
"47eaa7b1460a6b29049cdb50928956a055d6abb9","htslib_distclean_make_release","sql",2,1024,256,1,1,2,980588,1.301,NA,NA,NA,NA,NA,NA,NA,NA,NA,3072,NA,458752,552960,184320,8192,8192,4096,NA,NA,NA,"1.5.3",34819834,"966070636012126662","28124888497542389733650","test/duckvep/conformance/results/haplotype_benchmark_28824eed2c627","8bd9165414e1bf9b4cc0ba7572bd6a3f7222e47e7ee747201f3748720df7e06f","8439e036c6f8e2ab5e7ae363d3f63d3c6c62b426e5c0b915a0f4df5d069e1146","c22b694eca413b2073a3af37dd56f9f9a767ebfc54090fc06a80a3c86a8b0427","b077686177ec40475f69c204de89cfe78bdd502f1608e6553990f473ffc587de","204ec8fa3b2c4e04c4cca5670daa6df254365a57cf537fa9591cb8e7fd15cc49","local_coding_block_so",34508538,"12820793420504737645","27845641093698617117555"
"47eaa7b1460a6b29049cdb50928956a055d6abb9","htslib_distclean_make_release","sql",3,1024,256,1,1,2,979068,1.313,NA,NA,NA,NA,NA,NA,NA,NA,NA,3072,NA,458752,552960,184320,8192,8192,4096,NA,NA,NA,"1.5.3",34819834,"966070636012126662","28124888497542389733650","test/duckvep/conformance/results/haplotype_benchmark_28824eed2c627","8bd9165414e1bf9b4cc0ba7572bd6a3f7222e47e7ee747201f3748720df7e06f","8439e036c6f8e2ab5e7ae363d3f63d3c6c62b426e5c0b915a0f4df5d069e1146","c22b694eca413b2073a3af37dd56f9f9a767ebfc54090fc06a80a3c86a8b0427","b077686177ec40475f69c204de89cfe78bdd502f1608e6553990f473ffc587de","204ec8fa3b2c4e04c4cca5670daa6df254365a57cf537fa9591cb8e7fd15cc49","local_coding_block_so",34508538,"12820793420504737645","27845641093698617117555"
"47eaa7b1460a6b29049cdb50928956a055d6abb9","htslib_distclean_make_release","native",1,1024,4,1,1,2,76264,0.00291833281517029,4628,34136,4096,4096,16384,1,7,6,6144,3072,552960,7168,552960,184320,8192,8192,4096,4,4,10,NA,NA,NA,NA,"test/duckvep/conformance/results/haplotype_benchmark_2871be317d8d15","94953882d5841fdf71355d1a6068070047c9effa47c64e6f24f7d286728da6e5","8439e036c6f8e2ab5e7ae363d3f63d3c6c62b426e5c0b915a0f4df5d069e1146","c22b694eca413b2073a3af37dd56f9f9a767ebfc54090fc06a80a3c86a8b0427","b077686177ec40475f69c204de89cfe78bdd502f1608e6553990f473ffc587de","204ec8fa3b2c4e04c4cca5670daa6df254365a57cf537fa9591cb8e7fd15cc49",NA,NA,NA,NA
"47eaa7b1460a6b29049cdb50928956a055d6abb9","htslib_distclean_make_release","native",2,1024,4,1,1,2,76424,0.00290483608841896,4628,34136,4096,4096,16384,1,7,6,6144,3072,552960,7168,552960,184320,8192,8192,4096,4,4,10,NA,NA,NA,NA,"test/duckvep/conformance/results/haplotype_benchmark_2871be317d8d15","94953882d5841fdf71355d1a6068070047c9effa47c64e6f24f7d286728da6e5","8439e036c6f8e2ab5e7ae363d3f63d3c6c62b426e5c0b915a0f4df5d069e1146","c22b694eca413b2073a3af37dd56f9f9a767ebfc54090fc06a80a3c86a8b0427","b077686177ec40475f69c204de89cfe78bdd502f1608e6553990f473ffc587de","204ec8fa3b2c4e04c4cca5670daa6df254365a57cf537fa9591cb8e7fd15cc49",NA,NA,NA,NA
"47eaa7b1460a6b29049cdb50928956a055d6abb9","htslib_distclean_make_release","native",3,1024,4,1,1,2,76264,0.00305379182100296,4628,34136,4096,4096,16384,1,7,6,6144,3072,552960,7168,552960,184320,8192,8192,4096,4,4,10,NA,NA,NA,NA,"test/duckvep/conformance/results/haplotype_benchmark_2871be317d8d15","94953882d5841fdf71355d1a6068070047c9effa47c64e6f24f7d286728da6e5","8439e036c6f8e2ab5e7ae363d3f63d3c6c62b426e5c0b915a0f4df5d069e1146","c22b694eca413b2073a3af37dd56f9f9a767ebfc54090fc06a80a3c86a8b0427","b077686177ec40475f69c204de89cfe78bdd502f1608e6553990f473ffc587de","204ec8fa3b2c4e04c4cca5670daa6df254365a57cf537fa9591cb8e7fd15cc49",NA,NA,NA,NA
"47eaa7b1460a6b29049cdb50928956a055d6abb9","htslib_distclean_make_release","sql",1,1024,4,1,1,2,219320,0.05,NA,NA,NA,NA,NA,NA,NA,NA,NA,3072,NA,7168,552960,184320,8192,8192,4096,NA,NA,NA,"1.5.3",4933370,"8655897832500014299","28643190039438464658617","test/duckvep/conformance/results/haplotype_benchmark_2871be317d8d15","94953882d5841fdf71355d1a6068070047c9effa47c64e6f24f7d286728da6e5","8439e036c6f8e2ab5e7ae363d3f63d3c6c62b426e5c0b915a0f4df5d069e1146","c22b694eca413b2073a3af37dd56f9f9a767ebfc54090fc06a80a3c86a8b0427","b077686177ec40475f69c204de89cfe78bdd502f1608e6553990f473ffc587de","204ec8fa3b2c4e04c4cca5670daa6df254365a57cf537fa9591cb8e7fd15cc49","local_coding_block_so",4622074,"7073993355575920695","28367269509809111348009"
"47eaa7b1460a6b29049cdb50928956a055d6abb9","htslib_distclean_make_release","sql",2,1024,4,1,1,2,217420,0.052,NA,NA,NA,NA,NA,NA,NA,NA,NA,3072,NA,7168,552960,184320,8192,8192,4096,NA,NA,NA,"1.5.3",4933370,"8655897832500014299","28643190039438464658617","test/duckvep/conformance/results/haplotype_benchmark_2871be317d8d15","94953882d5841fdf71355d1a6068070047c9effa47c64e6f24f7d286728da6e5","8439e036c6f8e2ab5e7ae363d3f63d3c6c62b426e5c0b915a0f4df5d069e1146","c22b694eca413b2073a3af37dd56f9f9a767ebfc54090fc06a80a3c86a8b0427","b077686177ec40475f69c204de89cfe78bdd502f1608e6553990f473ffc587de","204ec8fa3b2c4e04c4cca5670daa6df254365a57cf537fa9591cb8e7fd15cc49","local_coding_block_so",4622074,"7073993355575920695","28367269509809111348009"
"47eaa7b1460a6b29049cdb50928956a055d6abb9","htslib_distclean_make_release","sql",3,1024,4,1,1,2,220460,0.051,NA,NA,NA,NA,NA,NA,NA,NA,NA,3072,NA,7168,552960,184320,8192,8192,4096,NA,NA,NA,"1.5.3",4933370,"8655897832500014299","28643190039438464658617","test/duckvep/conformance/results/haplotype_benchmark_2871be317d8d15","94953882d5841fdf71355d1a6068070047c9effa47c64e6f24f7d286728da6e5","8439e036c6f8e2ab5e7ae363d3f63d3c6c62b426e5c0b915a0f4df5d069e1146","c22b694eca413b2073a3af37dd56f9f9a767ebfc54090fc06a80a3c86a8b0427","b077686177ec40475f69c204de89cfe78bdd502f1608e6553990f473ffc587de","204ec8fa3b2c4e04c4cca5670daa6df254365a57cf537fa9591cb8e7fd15cc49","local_coding_block_so",4622074,"7073993355575920695","28367269509809111348009"
"47eaa7b1460a6b29049cdb50928956a055d6abb9","htslib_distclean_make_release","native",1,1024,64,1,1,2,76264,0.0137775354087353,14228,34136,4096,4096,262144,1,112,6,6144,3072,552960,114688,552960,184320,8192,8192,4096,4,4,10,NA,NA,NA,NA,"test/duckvep/conformance/results/haplotype_benchmark_2875bb3df98129","b32f29b0d1c97a34c7ec0347c59263c6caceb5003d79b68c73d24b053e179856","8439e036c6f8e2ab5e7ae363d3f63d3c6c62b426e5c0b915a0f4df5d069e1146","c22b694eca413b2073a3af37dd56f9f9a767ebfc54090fc06a80a3c86a8b0427","b077686177ec40475f69c204de89cfe78bdd502f1608e6553990f473ffc587de","204ec8fa3b2c4e04c4cca5670daa6df254365a57cf537fa9591cb8e7fd15cc49",NA,NA,NA,NA
"47eaa7b1460a6b29049cdb50928956a055d6abb9","htslib_distclean_make_release","native",2,1024,64,1,1,2,76040,0.0129530876874924,14228,34136,4096,4096,262144,1,112,6,6144,3072,552960,114688,552960,184320,8192,8192,4096,4,4,10,NA,NA,NA,NA,"test/duckvep/conformance/results/haplotype_benchmark_2875bb3df98129","b32f29b0d1c97a34c7ec0347c59263c6caceb5003d79b68c73d24b053e179856","8439e036c6f8e2ab5e7ae363d3f63d3c6c62b426e5c0b915a0f4df5d069e1146","c22b694eca413b2073a3af37dd56f9f9a767ebfc54090fc06a80a3c86a8b0427","b077686177ec40475f69c204de89cfe78bdd502f1608e6553990f473ffc587de","204ec8fa3b2c4e04c4cca5670daa6df254365a57cf537fa9591cb8e7fd15cc49",NA,NA,NA,NA
"47eaa7b1460a6b29049cdb50928956a055d6abb9","htslib_distclean_make_release","native",3,1024,64,1,1,2,76264,0.0136017836630344,14228,34136,4096,4096,262144,1,112,6,6144,3072,552960,114688,552960,184320,8192,8192,4096,4,4,10,NA,NA,NA,NA,"test/duckvep/conformance/results/haplotype_benchmark_2875bb3df98129","b32f29b0d1c97a34c7ec0347c59263c6caceb5003d79b68c73d24b053e179856","8439e036c6f8e2ab5e7ae363d3f63d3c6c62b426e5c0b915a0f4df5d069e1146","c22b694eca413b2073a3af37dd56f9f9a767ebfc54090fc06a80a3c86a8b0427","b077686177ec40475f69c204de89cfe78bdd502f1608e6553990f473ffc587de","204ec8fa3b2c4e04c4cca5670daa6df254365a57cf537fa9591cb8e7fd15cc49",NA,NA,NA,NA
"47eaa7b1460a6b29049cdb50928956a055d6abb9","htslib_distclean_make_release","sql",1,1024,64,1,1,2,385956,0.335,NA,NA,NA,NA,NA,NA,NA,NA,NA,3072,NA,114688,552960,184320,8192,8192,4096,NA,NA,NA,"1.5.3",11976442,"2431264624565122463","28023773595046311557535","test/duckvep/conformance/results/haplotype_benchmark_2875bb3df98129","b32f29b0d1c97a34c7ec0347c59263c6caceb5003d79b68c73d24b053e179856","8439e036c6f8e2ab5e7ae363d3f63d3c6c62b426e5c0b915a0f4df5d069e1146","c22b694eca413b2073a3af37dd56f9f9a767ebfc54090fc06a80a3c86a8b0427","b077686177ec40475f69c204de89cfe78bdd502f1608e6553990f473ffc587de","204ec8fa3b2c4e04c4cca5670daa6df254365a57cf537fa9591cb8e7fd15cc49","local_coding_block_so",11665146,"6659026955915781041","28419023938171811290625"
"47eaa7b1460a6b29049cdb50928956a055d6abb9","htslib_distclean_make_release","sql",2,1024,64,1,1,2,384448,0.35,NA,NA,NA,NA,NA,NA,NA,NA,NA,3072,NA,114688,552960,184320,8192,8192,4096,NA,NA,NA,"1.5.3",11976442,"2431264624565122463","28023773595046311557535","test/duckvep/conformance/results/haplotype_benchmark_2875bb3df98129","b32f29b0d1c97a34c7ec0347c59263c6caceb5003d79b68c73d24b053e179856","8439e036c6f8e2ab5e7ae363d3f63d3c6c62b426e5c0b915a0f4df5d069e1146","c22b694eca413b2073a3af37dd56f9f9a767ebfc54090fc06a80a3c86a8b0427","b077686177ec40475f69c204de89cfe78bdd502f1608e6553990f473ffc587de","204ec8fa3b2c4e04c4cca5670daa6df254365a57cf537fa9591cb8e7fd15cc49","local_coding_block_so",11665146,"6659026955915781041","28419023938171811290625"
"47eaa7b1460a6b29049cdb50928956a055d6abb9","htslib_distclean_make_release","sql",3,1024,64,1,1,2,385672,0.336,NA,NA,NA,NA,NA,NA,NA,NA,NA,3072,NA,114688,552960,184320,8192,8192,4096,NA,NA,NA,"1.5.3",11976442,"2431264624565122463","28023773595046311557535","test/duckvep/conformance/results/haplotype_benchmark_2875bb3df98129","b32f29b0d1c97a34c7ec0347c59263c6caceb5003d79b68c73d24b053e179856","8439e036c6f8e2ab5e7ae363d3f63d3c6c62b426e5c0b915a0f4df5d069e1146","c22b694eca413b2073a3af37dd56f9f9a767ebfc54090fc06a80a3c86a8b0427","b077686177ec40475f69c204de89cfe78bdd502f1608e6553990f473ffc587de","204ec8fa3b2c4e04c4cca5670daa6df254365a57cf537fa9591cb8e7fd15cc49","local_coding_block_so",11665146,"6659026955915781041","28419023938171811290625"
"47eaa7b1460a6b29049cdb50928956a055d6abb9","htslib_distclean_make_release","native",1,1024,64,16,1,2,76428,0.0167342610657215,189248,34136,256,4096,262144,16,1792,96,6144,3072,552960,114688,552960,184320,8192,8192,4096,4,64,10,NA,NA,NA,NA,"test/duckvep/conformance/results/haplotype_benchmark_2879d710f4c016","1c6f99977a26bc78866b8609fbbddbac32bfec603887e2312a8c84c45926619a","8439e036c6f8e2ab5e7ae363d3f63d3c6c62b426e5c0b915a0f4df5d069e1146","c22b694eca413b2073a3af37dd56f9f9a767ebfc54090fc06a80a3c86a8b0427","b077686177ec40475f69c204de89cfe78bdd502f1608e6553990f473ffc587de","204ec8fa3b2c4e04c4cca5670daa6df254365a57cf537fa9591cb8e7fd15cc49",NA,NA,NA,NA
"47eaa7b1460a6b29049cdb50928956a055d6abb9","htslib_distclean_make_release","native",2,1024,64,16,1,2,76264,0.0168222598731518,189248,34136,256,4096,262144,16,1792,96,6144,3072,552960,114688,552960,184320,8192,8192,4096,4,64,10,NA,NA,NA,NA,"test/duckvep/conformance/results/haplotype_benchmark_2879d710f4c016","1c6f99977a26bc78866b8609fbbddbac32bfec603887e2312a8c84c45926619a","8439e036c6f8e2ab5e7ae363d3f63d3c6c62b426e5c0b915a0f4df5d069e1146","c22b694eca413b2073a3af37dd56f9f9a767ebfc54090fc06a80a3c86a8b0427","b077686177ec40475f69c204de89cfe78bdd502f1608e6553990f473ffc587de","204ec8fa3b2c4e04c4cca5670daa6df254365a57cf537fa9591cb8e7fd15cc49",NA,NA,NA,NA
"47eaa7b1460a6b29049cdb50928956a055d6abb9","htslib_distclean_make_release","native",3,1024,64,16,1,2,76264,0.0165879279375076,189248,34136,256,4096,262144,16,1792,96,6144,3072,552960,114688,552960,184320,8192,8192,4096,4,64,10,NA,NA,NA,NA,"test/duckvep/conformance/results/haplotype_benchmark_2879d710f4c016","1c6f99977a26bc78866b8609fbbddbac32bfec603887e2312a8c84c45926619a","8439e036c6f8e2ab5e7ae363d3f63d3c6c62b426e5c0b915a0f4df5d069e1146","c22b694eca413b2073a3af37dd56f9f9a767ebfc54090fc06a80a3c86a8b0427","b077686177ec40475f69c204de89cfe78bdd502f1608e6553990f473ffc587de","204ec8fa3b2c4e04c4cca5670daa6df254365a57cf537fa9591cb8e7fd15cc49",NA,NA,NA,NA
"47eaa7b1460a6b29049cdb50928956a055d6abb9","htslib_distclean_make_release","sql",1,1024,64,16,1,2,385496,0.341,NA,NA,NA,NA,NA,NA,NA,NA,NA,3072,NA,114688,552960,184320,8192,8192,4096,NA,NA,NA,"1.5.3",11948670,"6746403450254642166","28025574214625492245910","test/duckvep/conformance/results/haplotype_benchmark_2879d710f4c016","1c6f99977a26bc78866b8609fbbddbac32bfec603887e2312a8c84c45926619a","8439e036c6f8e2ab5e7ae363d3f63d3c6c62b426e5c0b915a0f4df5d069e1146","c22b694eca413b2073a3af37dd56f9f9a767ebfc54090fc06a80a3c86a8b0427","b077686177ec40475f69c204de89cfe78bdd502f1608e6553990f473ffc587de","204ec8fa3b2c4e04c4cca5670daa6df254365a57cf537fa9591cb8e7fd15cc49","local_coding_block_so",11637374,"4832535337411960646","28307095053310083420130"
"47eaa7b1460a6b29049cdb50928956a055d6abb9","htslib_distclean_make_release","sql",2,1024,64,16,1,2,383056,0.353,NA,NA,NA,NA,NA,NA,NA,NA,NA,3072,NA,114688,552960,184320,8192,8192,4096,NA,NA,NA,"1.5.3",11948670,"6746403450254642166","28025574214625492245910","test/duckvep/conformance/results/haplotype_benchmark_2879d710f4c016","1c6f99977a26bc78866b8609fbbddbac32bfec603887e2312a8c84c45926619a","8439e036c6f8e2ab5e7ae363d3f63d3c6c62b426e5c0b915a0f4df5d069e1146","c22b694eca413b2073a3af37dd56f9f9a767ebfc54090fc06a80a3c86a8b0427","b077686177ec40475f69c204de89cfe78bdd502f1608e6553990f473ffc587de","204ec8fa3b2c4e04c4cca5670daa6df254365a57cf537fa9591cb8e7fd15cc49","local_coding_block_so",11637374,"4832535337411960646","28307095053310083420130"
"47eaa7b1460a6b29049cdb50928956a055d6abb9","htslib_distclean_make_release","sql",3,1024,64,16,1,2,384832,0.345,NA,NA,NA,NA,NA,NA,NA,NA,NA,3072,NA,114688,552960,184320,8192,8192,4096,NA,NA,NA,"1.5.3",11948670,"6746403450254642166","28025574214625492245910","test/duckvep/conformance/results/haplotype_benchmark_2879d710f4c016","1c6f99977a26bc78866b8609fbbddbac32bfec603887e2312a8c84c45926619a","8439e036c6f8e2ab5e7ae363d3f63d3c6c62b426e5c0b915a0f4df5d069e1146","c22b694eca413b2073a3af37dd56f9f9a767ebfc54090fc06a80a3c86a8b0427","b077686177ec40475f69c204de89cfe78bdd502f1608e6553990f473ffc587de","204ec8fa3b2c4e04c4cca5670daa6df254365a57cf537fa9591cb8e7fd15cc49","local_coding_block_so",11637374,"4832535337411960646","28307095053310083420130"
"47eaa7b1460a6b29049cdb50928956a055d6abb9","htslib_distclean_make_release","native",1,1024,64,64,1,2,76264,0.0184745639562607,749312,34136,64,4096,262144,64,7168,384,6144,3072,552960,114688,552960,184320,8192,8192,4096,4,256,10,NA,NA,NA,NA,"test/duckvep/conformance/results/haplotype_benchmark_287e332b154c9f","0bbfbbec79988ac96f4f8c6b59c0d7f2d8fe368ba92f4aa79935173a18041108","8439e036c6f8e2ab5e7ae363d3f63d3c6c62b426e5c0b915a0f4df5d069e1146","c22b694eca413b2073a3af37dd56f9f9a767ebfc54090fc06a80a3c86a8b0427","b077686177ec40475f69c204de89cfe78bdd502f1608e6553990f473ffc587de","204ec8fa3b2c4e04c4cca5670daa6df254365a57cf537fa9591cb8e7fd15cc49",NA,NA,NA,NA
"47eaa7b1460a6b29049cdb50928956a055d6abb9","htslib_distclean_make_release","native",2,1024,64,64,1,2,76264,0.0173594281077385,749312,34136,64,4096,262144,64,7168,384,6144,3072,552960,114688,552960,184320,8192,8192,4096,4,256,10,NA,NA,NA,NA,"test/duckvep/conformance/results/haplotype_benchmark_287e332b154c9f","0bbfbbec79988ac96f4f8c6b59c0d7f2d8fe368ba92f4aa79935173a18041108","8439e036c6f8e2ab5e7ae363d3f63d3c6c62b426e5c0b915a0f4df5d069e1146","c22b694eca413b2073a3af37dd56f9f9a767ebfc54090fc06a80a3c86a8b0427","b077686177ec40475f69c204de89cfe78bdd502f1608e6553990f473ffc587de","204ec8fa3b2c4e04c4cca5670daa6df254365a57cf537fa9591cb8e7fd15cc49",NA,NA,NA,NA
"47eaa7b1460a6b29049cdb50928956a055d6abb9","htslib_distclean_make_release","native",3,1024,64,64,1,2,76268,0.0178267136216164,749312,34136,64,4096,262144,64,7168,384,6144,3072,552960,114688,552960,184320,8192,8192,4096,4,256,10,NA,NA,NA,NA,"test/duckvep/conformance/results/haplotype_benchmark_287e332b154c9f","0bbfbbec79988ac96f4f8c6b59c0d7f2d8fe368ba92f4aa79935173a18041108","8439e036c6f8e2ab5e7ae363d3f63d3c6c62b426e5c0b915a0f4df5d069e1146","c22b694eca413b2073a3af37dd56f9f9a767ebfc54090fc06a80a3c86a8b0427","b077686177ec40475f69c204de89cfe78bdd502f1608e6553990f473ffc587de","204ec8fa3b2c4e04c4cca5670daa6df254365a57cf537fa9591cb8e7fd15cc49",NA,NA,NA,NA
"47eaa7b1460a6b29049cdb50928956a055d6abb9","htslib_distclean_make_release","sql",1,1024,64,64,1,2,384828,0.342,NA,NA,NA,NA,NA,NA,NA,NA,NA,3072,NA,114688,552960,184320,8192,8192,4096,NA,NA,NA,"1.5.3",11932670,"11938717870122307710","28322977454017767224640","test/duckvep/conformance/results/haplotype_benchmark_287e332b154c9f","0bbfbbec79988ac96f4f8c6b59c0d7f2d8fe368ba92f4aa79935173a18041108","8439e036c6f8e2ab5e7ae363d3f63d3c6c62b426e5c0b915a0f4df5d069e1146","c22b694eca413b2073a3af37dd56f9f9a767ebfc54090fc06a80a3c86a8b0427","b077686177ec40475f69c204de89cfe78bdd502f1608e6553990f473ffc587de","204ec8fa3b2c4e04c4cca5670daa6df254365a57cf537fa9591cb8e7fd15cc49","local_coding_block_so",11621374,"8928818225063272201","28212881952829124281661"
"47eaa7b1460a6b29049cdb50928956a055d6abb9","htslib_distclean_make_release","sql",2,1024,64,64,1,2,385752,0.35,NA,NA,NA,NA,NA,NA,NA,NA,NA,3072,NA,114688,552960,184320,8192,8192,4096,NA,NA,NA,"1.5.3",11932670,"11938717870122307710","28322977454017767224640","test/duckvep/conformance/results/haplotype_benchmark_287e332b154c9f","0bbfbbec79988ac96f4f8c6b59c0d7f2d8fe368ba92f4aa79935173a18041108","8439e036c6f8e2ab5e7ae363d3f63d3c6c62b426e5c0b915a0f4df5d069e1146","c22b694eca413b2073a3af37dd56f9f9a767ebfc54090fc06a80a3c86a8b0427","b077686177ec40475f69c204de89cfe78bdd502f1608e6553990f473ffc587de","204ec8fa3b2c4e04c4cca5670daa6df254365a57cf537fa9591cb8e7fd15cc49","local_coding_block_so",11621374,"8928818225063272201","28212881952829124281661"
"47eaa7b1460a6b29049cdb50928956a055d6abb9","htslib_distclean_make_release","sql",3,1024,64,64,1,2,385260,0.344,NA,NA,NA,NA,NA,NA,NA,NA,NA,3072,NA,114688,552960,184320,8192,8192,4096,NA,NA,NA,"1.5.3",11932670,"11938717870122307710","28322977454017767224640","test/duckvep/conformance/results/haplotype_benchmark_287e332b154c9f","0bbfbbec79988ac96f4f8c6b59c0d7f2d8fe368ba92f4aa79935173a18041108","8439e036c6f8e2ab5e7ae363d3f63d3c6c62b426e5c0b915a0f4df5d069e1146","c22b694eca413b2073a3af37dd56f9f9a767ebfc54090fc06a80a3c86a8b0427","b077686177ec40475f69c204de89cfe78bdd502f1608e6553990f473ffc587de","204ec8fa3b2c4e04c4cca5670daa6df254365a57cf537fa9591cb8e7fd15cc49","local_coding_block_so",11621374,"8928818225063272201","28212881952829124281661"
"47eaa7b1460a6b29049cdb50928956a055d6abb9","htslib_distclean_make_release","native",1,10240,64,16,1,2,76424,0.166570242494345,189248,338264,2560,40960,2621440,16,1792,96,61440,30720,5529600,1146880,5529600,1843200,81920,81920,40960,4,64,10,NA,NA,NA,NA,"test/duckvep/conformance/results/haplotype_benchmark_28888b4b4a3214","77c25015685fd930484abb636d186d870d383d112ec1fbd0cf07c672ad4e5307","8439e036c6f8e2ab5e7ae363d3f63d3c6c62b426e5c0b915a0f4df5d069e1146","c22b694eca413b2073a3af37dd56f9f9a767ebfc54090fc06a80a3c86a8b0427","b077686177ec40475f69c204de89cfe78bdd502f1608e6553990f473ffc587de","204ec8fa3b2c4e04c4cca5670daa6df254365a57cf537fa9591cb8e7fd15cc49",NA,NA,NA,NA
"47eaa7b1460a6b29049cdb50928956a055d6abb9","htslib_distclean_make_release","native",2,10240,64,16,1,2,76104,0.164109438657761,189248,338264,2560,40960,2621440,16,1792,96,61440,30720,5529600,1146880,5529600,1843200,81920,81920,40960,4,64,10,NA,NA,NA,NA,"test/duckvep/conformance/results/haplotype_benchmark_28888b4b4a3214","77c25015685fd930484abb636d186d870d383d112ec1fbd0cf07c672ad4e5307","8439e036c6f8e2ab5e7ae363d3f63d3c6c62b426e5c0b915a0f4df5d069e1146","c22b694eca413b2073a3af37dd56f9f9a767ebfc54090fc06a80a3c86a8b0427","b077686177ec40475f69c204de89cfe78bdd502f1608e6553990f473ffc587de","204ec8fa3b2c4e04c4cca5670daa6df254365a57cf537fa9591cb8e7fd15cc49",NA,NA,NA,NA
"47eaa7b1460a6b29049cdb50928956a055d6abb9","htslib_distclean_make_release","native",3,10240,64,16,1,2,76268,0.166924752295017,189248,338264,2560,40960,2621440,16,1792,96,61440,30720,5529600,1146880,5529600,1843200,81920,81920,40960,4,64,10,NA,NA,NA,NA,"test/duckvep/conformance/results/haplotype_benchmark_28888b4b4a3214","77c25015685fd930484abb636d186d870d383d112ec1fbd0cf07c672ad4e5307","8439e036c6f8e2ab5e7ae363d3f63d3c6c62b426e5c0b915a0f4df5d069e1146","c22b694eca413b2073a3af37dd56f9f9a767ebfc54090fc06a80a3c86a8b0427","b077686177ec40475f69c204de89cfe78bdd502f1608e6553990f473ffc587de","204ec8fa3b2c4e04c4cca5670daa6df254365a57cf537fa9591cb8e7fd15cc49",NA,NA,NA,NA
"47eaa7b1460a6b29049cdb50928956a055d6abb9","htslib_distclean_make_release","sql",1,10240,64,16,1,2,2184796,4.096,NA,NA,NA,NA,NA,NA,NA,NA,NA,30720,NA,1146880,5529600,1843200,81920,81920,40960,NA,NA,NA,"1.5.3",119761294,"521852413275003062","282442908269688295593248","test/duckvep/conformance/results/haplotype_benchmark_28888b4b4a3214","77c25015685fd930484abb636d186d870d383d112ec1fbd0cf07c672ad4e5307","8439e036c6f8e2ab5e7ae363d3f63d3c6c62b426e5c0b915a0f4df5d069e1146","c22b694eca413b2073a3af37dd56f9f9a767ebfc54090fc06a80a3c86a8b0427","b077686177ec40475f69c204de89cfe78bdd502f1608e6553990f473ffc587de","204ec8fa3b2c4e04c4cca5670daa6df254365a57cf537fa9591cb8e7fd15cc49","local_coding_block_so",116648334,"13092112772909497255","282423626199823826764931"
"47eaa7b1460a6b29049cdb50928956a055d6abb9","htslib_distclean_make_release","sql",2,10240,64,16,1,2,2180464,4.148,NA,NA,NA,NA,NA,NA,NA,NA,NA,30720,NA,1146880,5529600,1843200,81920,81920,40960,NA,NA,NA,"1.5.3",119761294,"521852413275003062","282442908269688295593248","test/duckvep/conformance/results/haplotype_benchmark_28888b4b4a3214","77c25015685fd930484abb636d186d870d383d112ec1fbd0cf07c672ad4e5307","8439e036c6f8e2ab5e7ae363d3f63d3c6c62b426e5c0b915a0f4df5d069e1146","c22b694eca413b2073a3af37dd56f9f9a767ebfc54090fc06a80a3c86a8b0427","b077686177ec40475f69c204de89cfe78bdd502f1608e6553990f473ffc587de","204ec8fa3b2c4e04c4cca5670daa6df254365a57cf537fa9591cb8e7fd15cc49","local_coding_block_so",116648334,"13092112772909497255","282423626199823826764931"
"47eaa7b1460a6b29049cdb50928956a055d6abb9","htslib_distclean_make_release","sql",3,10240,64,16,1,2,2180020,4.111,NA,NA,NA,NA,NA,NA,NA,NA,NA,30720,NA,1146880,5529600,1843200,81920,81920,40960,NA,NA,NA,"1.5.3",119761294,"521852413275003062","282442908269688295593248","test/duckvep/conformance/results/haplotype_benchmark_28888b4b4a3214","77c25015685fd930484abb636d186d870d383d112ec1fbd0cf07c672ad4e5307","8439e036c6f8e2ab5e7ae363d3f63d3c6c62b426e5c0b915a0f4df5d069e1146","c22b694eca413b2073a3af37dd56f9f9a767ebfc54090fc06a80a3c86a8b0427","b077686177ec40475f69c204de89cfe78bdd502f1608e6553990f473ffc587de","204ec8fa3b2c4e04c4cca5670daa6df254365a57cf537fa9591cb8e7fd15cc49","local_coding_block_so",116648334,"13092112772909497255","282423626199823826764931"
"ae131a9d08f8cc3e8b38c034337740db0da8dbd4","htslib_distclean_make_release","native",1,1024,256,1,1,2,76420,0.0458075255155563,45020,34136,4096,4096,1048576,1,448,6,6144,3072,552960,458752,552960,184320,8192,8192,4096,4,4,10,NA,NA,NA,NA,"test/duckvep/conformance/results/haplotype_benchmark_2f56433a991a76","135aabc195d41e0263e49e92758b12119b784e6dba212610fa7fa21e8fddce70","6d664920cb568c9a76a7c405e39e29be150ab6b9a60d3653ee2b76e430324103","2c16059bbec856812bd38958e6c15d819f9bc622229a3e7cdd36454db7b26ce5","b077686177ec40475f69c204de89cfe78bdd502f1608e6553990f473ffc587de","204ec8fa3b2c4e04c4cca5670daa6df254365a57cf537fa9591cb8e7fd15cc49",NA,NA,NA,NA
"ae131a9d08f8cc3e8b38c034337740db0da8dbd4","htslib_distclean_make_release","native",2,1024,256,1,1,2,76264,0.0477275848388672,45020,34136,4096,4096,1048576,1,448,6,6144,3072,552960,458752,552960,184320,8192,8192,4096,4,4,10,NA,NA,NA,NA,"test/duckvep/conformance/results/haplotype_benchmark_2f56433a991a76","135aabc195d41e0263e49e92758b12119b784e6dba212610fa7fa21e8fddce70","6d664920cb568c9a76a7c405e39e29be150ab6b9a60d3653ee2b76e430324103","2c16059bbec856812bd38958e6c15d819f9bc622229a3e7cdd36454db7b26ce5","b077686177ec40475f69c204de89cfe78bdd502f1608e6553990f473ffc587de","204ec8fa3b2c4e04c4cca5670daa6df254365a57cf537fa9591cb8e7fd15cc49",NA,NA,NA,NA
"ae131a9d08f8cc3e8b38c034337740db0da8dbd4","htslib_distclean_make_release","native",3,1024,256,1,1,2,76036,0.0466893427073956,45020,34136,4096,4096,1048576,1,448,6,6144,3072,552960,458752,552960,184320,8192,8192,4096,4,4,10,NA,NA,NA,NA,"test/duckvep/conformance/results/haplotype_benchmark_2f56433a991a76","135aabc195d41e0263e49e92758b12119b784e6dba212610fa7fa21e8fddce70","6d664920cb568c9a76a7c405e39e29be150ab6b9a60d3653ee2b76e430324103","2c16059bbec856812bd38958e6c15d819f9bc622229a3e7cdd36454db7b26ce5","b077686177ec40475f69c204de89cfe78bdd502f1608e6553990f473ffc587de","204ec8fa3b2c4e04c4cca5670daa6df254365a57cf537fa9591cb8e7fd15cc49",NA,NA,NA,NA
"ae131a9d08f8cc3e8b38c034337740db0da8dbd4","htslib_distclean_make_release","sql",1,1024,256,1,1,2,979852,1.309,NA,NA,NA,NA,NA,NA,NA,NA,NA,3072,NA,458752,552960,184320,8192,8192,4096,NA,NA,NA,"1.5.3",34819834,"966070636012126662","28124888497542389733650","test/duckvep/conformance/results/haplotype_benchmark_2f56433a991a76","135aabc195d41e0263e49e92758b12119b784e6dba212610fa7fa21e8fddce70","6d664920cb568c9a76a7c405e39e29be150ab6b9a60d3653ee2b76e430324103","2c16059bbec856812bd38958e6c15d819f9bc622229a3e7cdd36454db7b26ce5","b077686177ec40475f69c204de89cfe78bdd502f1608e6553990f473ffc587de","204ec8fa3b2c4e04c4cca5670daa6df254365a57cf537fa9591cb8e7fd15cc49","local_coding_block_so",34508538,"12820793420504737645","27845641093698617117555"
"ae131a9d08f8cc3e8b38c034337740db0da8dbd4","htslib_distclean_make_release","sql",2,1024,256,1,1,2,980068,1.301,NA,NA,NA,NA,NA,NA,NA,NA,NA,3072,NA,458752,552960,184320,8192,8192,4096,NA,NA,NA,"1.5.3",34819834,"966070636012126662","28124888497542389733650","test/duckvep/conformance/results/haplotype_benchmark_2f56433a991a76","135aabc195d41e0263e49e92758b12119b784e6dba212610fa7fa21e8fddce70","6d664920cb568c9a76a7c405e39e29be150ab6b9a60d3653ee2b76e430324103","2c16059bbec856812bd38958e6c15d819f9bc622229a3e7cdd36454db7b26ce5","b077686177ec40475f69c204de89cfe78bdd502f1608e6553990f473ffc587de","204ec8fa3b2c4e04c4cca5670daa6df254365a57cf537fa9591cb8e7fd15cc49","local_coding_block_so",34508538,"12820793420504737645","27845641093698617117555"
"ae131a9d08f8cc3e8b38c034337740db0da8dbd4","htslib_distclean_make_release","sql",3,1024,256,1,1,2,980932,1.312,NA,NA,NA,NA,NA,NA,NA,NA,NA,3072,NA,458752,552960,184320,8192,8192,4096,NA,NA,NA,"1.5.3",34819834,"966070636012126662","28124888497542389733650","test/duckvep/conformance/results/haplotype_benchmark_2f56433a991a76","135aabc195d41e0263e49e92758b12119b784e6dba212610fa7fa21e8fddce70","6d664920cb568c9a76a7c405e39e29be150ab6b9a60d3653ee2b76e430324103","2c16059bbec856812bd38958e6c15d819f9bc622229a3e7cdd36454db7b26ce5","b077686177ec40475f69c204de89cfe78bdd502f1608e6553990f473ffc587de","204ec8fa3b2c4e04c4cca5670daa6df254365a57cf537fa9591cb8e7fd15cc49","local_coding_block_so",34508538,"12820793420504737645","27845641093698617117555"
"ae131a9d08f8cc3e8b38c034337740db0da8dbd4","htslib_distclean_make_release","native",1,1024,4,1,1,2,76264,0.00288303941488266,4700,34136,4096,4096,16384,1,7,6,6144,3072,552960,7168,552960,184320,8192,8192,4096,4,4,10,NA,NA,NA,NA,"test/duckvep/conformance/results/haplotype_benchmark_2f5c677869885","1c536353ae8d133fb18b24933524ca750412e72f1985bc7d572e31a0ee4a9b60","6d664920cb568c9a76a7c405e39e29be150ab6b9a60d3653ee2b76e430324103","2c16059bbec856812bd38958e6c15d819f9bc622229a3e7cdd36454db7b26ce5","b077686177ec40475f69c204de89cfe78bdd502f1608e6553990f473ffc587de","204ec8fa3b2c4e04c4cca5670daa6df254365a57cf537fa9591cb8e7fd15cc49",NA,NA,NA,NA
"ae131a9d08f8cc3e8b38c034337740db0da8dbd4","htslib_distclean_make_release","native",2,1024,4,1,1,2,76424,0.00288532301783562,4700,34136,4096,4096,16384,1,7,6,6144,3072,552960,7168,552960,184320,8192,8192,4096,4,4,10,NA,NA,NA,NA,"test/duckvep/conformance/results/haplotype_benchmark_2f5c677869885","1c536353ae8d133fb18b24933524ca750412e72f1985bc7d572e31a0ee4a9b60","6d664920cb568c9a76a7c405e39e29be150ab6b9a60d3653ee2b76e430324103","2c16059bbec856812bd38958e6c15d819f9bc622229a3e7cdd36454db7b26ce5","b077686177ec40475f69c204de89cfe78bdd502f1608e6553990f473ffc587de","204ec8fa3b2c4e04c4cca5670daa6df254365a57cf537fa9591cb8e7fd15cc49",NA,NA,NA,NA
"ae131a9d08f8cc3e8b38c034337740db0da8dbd4","htslib_distclean_make_release","native",3,1024,4,1,1,2,76104,0.00291915237903595,4700,34136,4096,4096,16384,1,7,6,6144,3072,552960,7168,552960,184320,8192,8192,4096,4,4,10,NA,NA,NA,NA,"test/duckvep/conformance/results/haplotype_benchmark_2f5c677869885","1c536353ae8d133fb18b24933524ca750412e72f1985bc7d572e31a0ee4a9b60","6d664920cb568c9a76a7c405e39e29be150ab6b9a60d3653ee2b76e430324103","2c16059bbec856812bd38958e6c15d819f9bc622229a3e7cdd36454db7b26ce5","b077686177ec40475f69c204de89cfe78bdd502f1608e6553990f473ffc587de","204ec8fa3b2c4e04c4cca5670daa6df254365a57cf537fa9591cb8e7fd15cc49",NA,NA,NA,NA
"ae131a9d08f8cc3e8b38c034337740db0da8dbd4","htslib_distclean_make_release","sql",1,1024,4,1,1,2,216416,0.05,NA,NA,NA,NA,NA,NA,NA,NA,NA,3072,NA,7168,552960,184320,8192,8192,4096,NA,NA,NA,"1.5.3",4933370,"8655897832500014299","28643190039438464658617","test/duckvep/conformance/results/haplotype_benchmark_2f5c677869885","1c536353ae8d133fb18b24933524ca750412e72f1985bc7d572e31a0ee4a9b60","6d664920cb568c9a76a7c405e39e29be150ab6b9a60d3653ee2b76e430324103","2c16059bbec856812bd38958e6c15d819f9bc622229a3e7cdd36454db7b26ce5","b077686177ec40475f69c204de89cfe78bdd502f1608e6553990f473ffc587de","204ec8fa3b2c4e04c4cca5670daa6df254365a57cf537fa9591cb8e7fd15cc49","local_coding_block_so",4622074,"7073993355575920695","28367269509809111348009"
"ae131a9d08f8cc3e8b38c034337740db0da8dbd4","htslib_distclean_make_release","sql",2,1024,4,1,1,2,220424,0.051,NA,NA,NA,NA,NA,NA,NA,NA,NA,3072,NA,7168,552960,184320,8192,8192,4096,NA,NA,NA,"1.5.3",4933370,"8655897832500014299","28643190039438464658617","test/duckvep/conformance/results/haplotype_benchmark_2f5c677869885","1c536353ae8d133fb18b24933524ca750412e72f1985bc7d572e31a0ee4a9b60","6d664920cb568c9a76a7c405e39e29be150ab6b9a60d3653ee2b76e430324103","2c16059bbec856812bd38958e6c15d819f9bc622229a3e7cdd36454db7b26ce5","b077686177ec40475f69c204de89cfe78bdd502f1608e6553990f473ffc587de","204ec8fa3b2c4e04c4cca5670daa6df254365a57cf537fa9591cb8e7fd15cc49","local_coding_block_so",4622074,"7073993355575920695","28367269509809111348009"
"ae131a9d08f8cc3e8b38c034337740db0da8dbd4","htslib_distclean_make_release","sql",3,1024,4,1,1,2,217264,0.0519999999999999,NA,NA,NA,NA,NA,NA,NA,NA,NA,3072,NA,7168,552960,184320,8192,8192,4096,NA,NA,NA,"1.5.3",4933370,"8655897832500014299","28643190039438464658617","test/duckvep/conformance/results/haplotype_benchmark_2f5c677869885","1c536353ae8d133fb18b24933524ca750412e72f1985bc7d572e31a0ee4a9b60","6d664920cb568c9a76a7c405e39e29be150ab6b9a60d3653ee2b76e430324103","2c16059bbec856812bd38958e6c15d819f9bc622229a3e7cdd36454db7b26ce5","b077686177ec40475f69c204de89cfe78bdd502f1608e6553990f473ffc587de","204ec8fa3b2c4e04c4cca5670daa6df254365a57cf537fa9591cb8e7fd15cc49","local_coding_block_so",4622074,"7073993355575920695","28367269509809111348009"
"ae131a9d08f8cc3e8b38c034337740db0da8dbd4","htslib_distclean_make_release","native",1,1024,64,1,1,2,76268,0.0127936229109764,14300,34136,4096,4096,262144,1,112,6,6144,3072,552960,114688,552960,184320,8192,8192,4096,4,4,10,NA,NA,NA,NA,"test/duckvep/conformance/results/haplotype_benchmark_2f601d99d467e","2d40f1f157a6c69e918ddf4890e0f50de54d40c0531603271cf51aae5de6bb5d","6d664920cb568c9a76a7c405e39e29be150ab6b9a60d3653ee2b76e430324103","2c16059bbec856812bd38958e6c15d819f9bc622229a3e7cdd36454db7b26ce5","b077686177ec40475f69c204de89cfe78bdd502f1608e6553990f473ffc587de","204ec8fa3b2c4e04c4cca5670daa6df254365a57cf537fa9591cb8e7fd15cc49",NA,NA,NA,NA
"ae131a9d08f8cc3e8b38c034337740db0da8dbd4","htslib_distclean_make_release","native",2,1024,64,1,1,2,76268,0.0127768330276012,14300,34136,4096,4096,262144,1,112,6,6144,3072,552960,114688,552960,184320,8192,8192,4096,4,4,10,NA,NA,NA,NA,"test/duckvep/conformance/results/haplotype_benchmark_2f601d99d467e","2d40f1f157a6c69e918ddf4890e0f50de54d40c0531603271cf51aae5de6bb5d","6d664920cb568c9a76a7c405e39e29be150ab6b9a60d3653ee2b76e430324103","2c16059bbec856812bd38958e6c15d819f9bc622229a3e7cdd36454db7b26ce5","b077686177ec40475f69c204de89cfe78bdd502f1608e6553990f473ffc587de","204ec8fa3b2c4e04c4cca5670daa6df254365a57cf537fa9591cb8e7fd15cc49",NA,NA,NA,NA
"ae131a9d08f8cc3e8b38c034337740db0da8dbd4","htslib_distclean_make_release","native",3,1024,64,1,1,2,76264,0.0135053768754005,14300,34136,4096,4096,262144,1,112,6,6144,3072,552960,114688,552960,184320,8192,8192,4096,4,4,10,NA,NA,NA,NA,"test/duckvep/conformance/results/haplotype_benchmark_2f601d99d467e","2d40f1f157a6c69e918ddf4890e0f50de54d40c0531603271cf51aae5de6bb5d","6d664920cb568c9a76a7c405e39e29be150ab6b9a60d3653ee2b76e430324103","2c16059bbec856812bd38958e6c15d819f9bc622229a3e7cdd36454db7b26ce5","b077686177ec40475f69c204de89cfe78bdd502f1608e6553990f473ffc587de","204ec8fa3b2c4e04c4cca5670daa6df254365a57cf537fa9591cb8e7fd15cc49",NA,NA,NA,NA
"ae131a9d08f8cc3e8b38c034337740db0da8dbd4","htslib_distclean_make_release","sql",1,1024,64,1,1,2,385804,0.339,NA,NA,NA,NA,NA,NA,NA,NA,NA,3072,NA,114688,552960,184320,8192,8192,4096,NA,NA,NA,"1.5.3",11976442,"2431264624565122463","28023773595046311557535","test/duckvep/conformance/results/haplotype_benchmark_2f601d99d467e","2d40f1f157a6c69e918ddf4890e0f50de54d40c0531603271cf51aae5de6bb5d","6d664920cb568c9a76a7c405e39e29be150ab6b9a60d3653ee2b76e430324103","2c16059bbec856812bd38958e6c15d819f9bc622229a3e7cdd36454db7b26ce5","b077686177ec40475f69c204de89cfe78bdd502f1608e6553990f473ffc587de","204ec8fa3b2c4e04c4cca5670daa6df254365a57cf537fa9591cb8e7fd15cc49","local_coding_block_so",11665146,"6659026955915781041","28419023938171811290625"
"ae131a9d08f8cc3e8b38c034337740db0da8dbd4","htslib_distclean_make_release","sql",2,1024,64,1,1,2,384908,0.337,NA,NA,NA,NA,NA,NA,NA,NA,NA,3072,NA,114688,552960,184320,8192,8192,4096,NA,NA,NA,"1.5.3",11976442,"2431264624565122463","28023773595046311557535","test/duckvep/conformance/results/haplotype_benchmark_2f601d99d467e","2d40f1f157a6c69e918ddf4890e0f50de54d40c0531603271cf51aae5de6bb5d","6d664920cb568c9a76a7c405e39e29be150ab6b9a60d3653ee2b76e430324103","2c16059bbec856812bd38958e6c15d819f9bc622229a3e7cdd36454db7b26ce5","b077686177ec40475f69c204de89cfe78bdd502f1608e6553990f473ffc587de","204ec8fa3b2c4e04c4cca5670daa6df254365a57cf537fa9591cb8e7fd15cc49","local_coding_block_so",11665146,"6659026955915781041","28419023938171811290625"
"ae131a9d08f8cc3e8b38c034337740db0da8dbd4","htslib_distclean_make_release","sql",3,1024,64,1,1,2,385020,0.341,NA,NA,NA,NA,NA,NA,NA,NA,NA,3072,NA,114688,552960,184320,8192,8192,4096,NA,NA,NA,"1.5.3",11976442,"2431264624565122463","28023773595046311557535","test/duckvep/conformance/results/haplotype_benchmark_2f601d99d467e","2d40f1f157a6c69e918ddf4890e0f50de54d40c0531603271cf51aae5de6bb5d","6d664920cb568c9a76a7c405e39e29be150ab6b9a60d3653ee2b76e430324103","2c16059bbec856812bd38958e6c15d819f9bc622229a3e7cdd36454db7b26ce5","b077686177ec40475f69c204de89cfe78bdd502f1608e6553990f473ffc587de","204ec8fa3b2c4e04c4cca5670daa6df254365a57cf537fa9591cb8e7fd15cc49","local_coding_block_so",11665146,"6659026955915781041","28419023938171811290625"
"ae131a9d08f8cc3e8b38c034337740db0da8dbd4","htslib_distclean_make_release","native",1,1024,64,16,1,2,76264,0.0165442004799843,189320,34136,256,4096,262144,16,1792,96,6144,3072,552960,114688,552960,184320,8192,8192,4096,4,64,10,NA,NA,NA,NA,"test/duckvep/conformance/results/haplotype_benchmark_2f643771cd0172","7a716e2a3cd8874532c77f0b862570ff36e8d1a6a21b9104a38ed14f1efc4b3d","6d664920cb568c9a76a7c405e39e29be150ab6b9a60d3653ee2b76e430324103","2c16059bbec856812bd38958e6c15d819f9bc622229a3e7cdd36454db7b26ce5","b077686177ec40475f69c204de89cfe78bdd502f1608e6553990f473ffc587de","204ec8fa3b2c4e04c4cca5670daa6df254365a57cf537fa9591cb8e7fd15cc49",NA,NA,NA,NA
"ae131a9d08f8cc3e8b38c034337740db0da8dbd4","htslib_distclean_make_release","native",2,1024,64,16,1,2,76268,0.0170220881700516,189320,34136,256,4096,262144,16,1792,96,6144,3072,552960,114688,552960,184320,8192,8192,4096,4,64,10,NA,NA,NA,NA,"test/duckvep/conformance/results/haplotype_benchmark_2f643771cd0172","7a716e2a3cd8874532c77f0b862570ff36e8d1a6a21b9104a38ed14f1efc4b3d","6d664920cb568c9a76a7c405e39e29be150ab6b9a60d3653ee2b76e430324103","2c16059bbec856812bd38958e6c15d819f9bc622229a3e7cdd36454db7b26ce5","b077686177ec40475f69c204de89cfe78bdd502f1608e6553990f473ffc587de","204ec8fa3b2c4e04c4cca5670daa6df254365a57cf537fa9591cb8e7fd15cc49",NA,NA,NA,NA
"ae131a9d08f8cc3e8b38c034337740db0da8dbd4","htslib_distclean_make_release","native",3,1024,64,16,1,2,76264,0.0163553990423679,189320,34136,256,4096,262144,16,1792,96,6144,3072,552960,114688,552960,184320,8192,8192,4096,4,64,10,NA,NA,NA,NA,"test/duckvep/conformance/results/haplotype_benchmark_2f643771cd0172","7a716e2a3cd8874532c77f0b862570ff36e8d1a6a21b9104a38ed14f1efc4b3d","6d664920cb568c9a76a7c405e39e29be150ab6b9a60d3653ee2b76e430324103","2c16059bbec856812bd38958e6c15d819f9bc622229a3e7cdd36454db7b26ce5","b077686177ec40475f69c204de89cfe78bdd502f1608e6553990f473ffc587de","204ec8fa3b2c4e04c4cca5670daa6df254365a57cf537fa9591cb8e7fd15cc49",NA,NA,NA,NA
"ae131a9d08f8cc3e8b38c034337740db0da8dbd4","htslib_distclean_make_release","sql",1,1024,64,16,1,2,383680,0.339,NA,NA,NA,NA,NA,NA,NA,NA,NA,3072,NA,114688,552960,184320,8192,8192,4096,NA,NA,NA,"1.5.3",11948670,"6746403450254642166","28025574214625492245910","test/duckvep/conformance/results/haplotype_benchmark_2f643771cd0172","7a716e2a3cd8874532c77f0b862570ff36e8d1a6a21b9104a38ed14f1efc4b3d","6d664920cb568c9a76a7c405e39e29be150ab6b9a60d3653ee2b76e430324103","2c16059bbec856812bd38958e6c15d819f9bc622229a3e7cdd36454db7b26ce5","b077686177ec40475f69c204de89cfe78bdd502f1608e6553990f473ffc587de","204ec8fa3b2c4e04c4cca5670daa6df254365a57cf537fa9591cb8e7fd15cc49","local_coding_block_so",11637374,"4832535337411960646","28307095053310083420130"
"ae131a9d08f8cc3e8b38c034337740db0da8dbd4","htslib_distclean_make_release","sql",2,1024,64,16,1,2,385508,0.345,NA,NA,NA,NA,NA,NA,NA,NA,NA,3072,NA,114688,552960,184320,8192,8192,4096,NA,NA,NA,"1.5.3",11948670,"6746403450254642166","28025574214625492245910","test/duckvep/conformance/results/haplotype_benchmark_2f643771cd0172","7a716e2a3cd8874532c77f0b862570ff36e8d1a6a21b9104a38ed14f1efc4b3d","6d664920cb568c9a76a7c405e39e29be150ab6b9a60d3653ee2b76e430324103","2c16059bbec856812bd38958e6c15d819f9bc622229a3e7cdd36454db7b26ce5","b077686177ec40475f69c204de89cfe78bdd502f1608e6553990f473ffc587de","204ec8fa3b2c4e04c4cca5670daa6df254365a57cf537fa9591cb8e7fd15cc49","local_coding_block_so",11637374,"4832535337411960646","28307095053310083420130"
"ae131a9d08f8cc3e8b38c034337740db0da8dbd4","htslib_distclean_make_release","sql",3,1024,64,16,1,2,385756,0.351,NA,NA,NA,NA,NA,NA,NA,NA,NA,3072,NA,114688,552960,184320,8192,8192,4096,NA,NA,NA,"1.5.3",11948670,"6746403450254642166","28025574214625492245910","test/duckvep/conformance/results/haplotype_benchmark_2f643771cd0172","7a716e2a3cd8874532c77f0b862570ff36e8d1a6a21b9104a38ed14f1efc4b3d","6d664920cb568c9a76a7c405e39e29be150ab6b9a60d3653ee2b76e430324103","2c16059bbec856812bd38958e6c15d819f9bc622229a3e7cdd36454db7b26ce5","b077686177ec40475f69c204de89cfe78bdd502f1608e6553990f473ffc587de","204ec8fa3b2c4e04c4cca5670daa6df254365a57cf537fa9591cb8e7fd15cc49","local_coding_block_so",11637374,"4832535337411960646","28307095053310083420130"
"ae131a9d08f8cc3e8b38c034337740db0da8dbd4","htslib_distclean_make_release","native",1,1024,64,64,1,2,76268,0.0180304422974586,749384,34136,64,4096,262144,64,7168,384,6144,3072,552960,114688,552960,184320,8192,8192,4096,4,256,10,NA,NA,NA,NA,"test/duckvep/conformance/results/haplotype_benchmark_2f685466af7fa5","f2a2c89f5ab89163b8c2e413dd0f6f8c9e5eee55a0a064b663d46c1558202a1f","6d664920cb568c9a76a7c405e39e29be150ab6b9a60d3653ee2b76e430324103","2c16059bbec856812bd38958e6c15d819f9bc622229a3e7cdd36454db7b26ce5","b077686177ec40475f69c204de89cfe78bdd502f1608e6553990f473ffc587de","204ec8fa3b2c4e04c4cca5670daa6df254365a57cf537fa9591cb8e7fd15cc49",NA,NA,NA,NA
"ae131a9d08f8cc3e8b38c034337740db0da8dbd4","htslib_distclean_make_release","native",2,1024,64,64,1,2,76264,0.0184208564460278,749384,34136,64,4096,262144,64,7168,384,6144,3072,552960,114688,552960,184320,8192,8192,4096,4,256,10,NA,NA,NA,NA,"test/duckvep/conformance/results/haplotype_benchmark_2f685466af7fa5","f2a2c89f5ab89163b8c2e413dd0f6f8c9e5eee55a0a064b663d46c1558202a1f","6d664920cb568c9a76a7c405e39e29be150ab6b9a60d3653ee2b76e430324103","2c16059bbec856812bd38958e6c15d819f9bc622229a3e7cdd36454db7b26ce5","b077686177ec40475f69c204de89cfe78bdd502f1608e6553990f473ffc587de","204ec8fa3b2c4e04c4cca5670daa6df254365a57cf537fa9591cb8e7fd15cc49",NA,NA,NA,NA
"ae131a9d08f8cc3e8b38c034337740db0da8dbd4","htslib_distclean_make_release","native",3,1024,64,64,1,2,76264,0.0178077481687069,749384,34136,64,4096,262144,64,7168,384,6144,3072,552960,114688,552960,184320,8192,8192,4096,4,256,10,NA,NA,NA,NA,"test/duckvep/conformance/results/haplotype_benchmark_2f685466af7fa5","f2a2c89f5ab89163b8c2e413dd0f6f8c9e5eee55a0a064b663d46c1558202a1f","6d664920cb568c9a76a7c405e39e29be150ab6b9a60d3653ee2b76e430324103","2c16059bbec856812bd38958e6c15d819f9bc622229a3e7cdd36454db7b26ce5","b077686177ec40475f69c204de89cfe78bdd502f1608e6553990f473ffc587de","204ec8fa3b2c4e04c4cca5670daa6df254365a57cf537fa9591cb8e7fd15cc49",NA,NA,NA,NA
"ae131a9d08f8cc3e8b38c034337740db0da8dbd4","htslib_distclean_make_release","sql",1,1024,64,64,1,2,385436,0.341,NA,NA,NA,NA,NA,NA,NA,NA,NA,3072,NA,114688,552960,184320,8192,8192,4096,NA,NA,NA,"1.5.3",11932670,"11938717870122307710","28322977454017767224640","test/duckvep/conformance/results/haplotype_benchmark_2f685466af7fa5","f2a2c89f5ab89163b8c2e413dd0f6f8c9e5eee55a0a064b663d46c1558202a1f","6d664920cb568c9a76a7c405e39e29be150ab6b9a60d3653ee2b76e430324103","2c16059bbec856812bd38958e6c15d819f9bc622229a3e7cdd36454db7b26ce5","b077686177ec40475f69c204de89cfe78bdd502f1608e6553990f473ffc587de","204ec8fa3b2c4e04c4cca5670daa6df254365a57cf537fa9591cb8e7fd15cc49","local_coding_block_so",11621374,"8928818225063272201","28212881952829124281661"
"ae131a9d08f8cc3e8b38c034337740db0da8dbd4","htslib_distclean_make_release","sql",2,1024,64,64,1,2,384916,0.346,NA,NA,NA,NA,NA,NA,NA,NA,NA,3072,NA,114688,552960,184320,8192,8192,4096,NA,NA,NA,"1.5.3",11932670,"11938717870122307710","28322977454017767224640","test/duckvep/conformance/results/haplotype_benchmark_2f685466af7fa5","f2a2c89f5ab89163b8c2e413dd0f6f8c9e5eee55a0a064b663d46c1558202a1f","6d664920cb568c9a76a7c405e39e29be150ab6b9a60d3653ee2b76e430324103","2c16059bbec856812bd38958e6c15d819f9bc622229a3e7cdd36454db7b26ce5","b077686177ec40475f69c204de89cfe78bdd502f1608e6553990f473ffc587de","204ec8fa3b2c4e04c4cca5670daa6df254365a57cf537fa9591cb8e7fd15cc49","local_coding_block_so",11621374,"8928818225063272201","28212881952829124281661"
"ae131a9d08f8cc3e8b38c034337740db0da8dbd4","htslib_distclean_make_release","sql",3,1024,64,64,1,2,385084,0.341,NA,NA,NA,NA,NA,NA,NA,NA,NA,3072,NA,114688,552960,184320,8192,8192,4096,NA,NA,NA,"1.5.3",11932670,"11938717870122307710","28322977454017767224640","test/duckvep/conformance/results/haplotype_benchmark_2f685466af7fa5","f2a2c89f5ab89163b8c2e413dd0f6f8c9e5eee55a0a064b663d46c1558202a1f","6d664920cb568c9a76a7c405e39e29be150ab6b9a60d3653ee2b76e430324103","2c16059bbec856812bd38958e6c15d819f9bc622229a3e7cdd36454db7b26ce5","b077686177ec40475f69c204de89cfe78bdd502f1608e6553990f473ffc587de","204ec8fa3b2c4e04c4cca5670daa6df254365a57cf537fa9591cb8e7fd15cc49","local_coding_block_so",11621374,"8928818225063272201","28212881952829124281661"
"ae131a9d08f8cc3e8b38c034337740db0da8dbd4","htslib_distclean_make_release","native",1,10240,64,16,1,2,76424,0.163509853184223,189320,338264,2560,40960,2621440,16,1792,96,61440,30720,5529600,1146880,5529600,1843200,81920,81920,40960,4,64,10,NA,NA,NA,NA,"test/duckvep/conformance/results/haplotype_benchmark_2f6c9f71a34a10","a7c4469fa12f467bdf0659b36230c79628ad9b7fb93b6e6fa77b960413c2e414","6d664920cb568c9a76a7c405e39e29be150ab6b9a60d3653ee2b76e430324103","2c16059bbec856812bd38958e6c15d819f9bc622229a3e7cdd36454db7b26ce5","b077686177ec40475f69c204de89cfe78bdd502f1608e6553990f473ffc587de","204ec8fa3b2c4e04c4cca5670daa6df254365a57cf537fa9591cb8e7fd15cc49",NA,NA,NA,NA
"ae131a9d08f8cc3e8b38c034337740db0da8dbd4","htslib_distclean_make_release","native",2,10240,64,16,1,2,76268,0.166114006191492,189320,338264,2560,40960,2621440,16,1792,96,61440,30720,5529600,1146880,5529600,1843200,81920,81920,40960,4,64,10,NA,NA,NA,NA,"test/duckvep/conformance/results/haplotype_benchmark_2f6c9f71a34a10","a7c4469fa12f467bdf0659b36230c79628ad9b7fb93b6e6fa77b960413c2e414","6d664920cb568c9a76a7c405e39e29be150ab6b9a60d3653ee2b76e430324103","2c16059bbec856812bd38958e6c15d819f9bc622229a3e7cdd36454db7b26ce5","b077686177ec40475f69c204de89cfe78bdd502f1608e6553990f473ffc587de","204ec8fa3b2c4e04c4cca5670daa6df254365a57cf537fa9591cb8e7fd15cc49",NA,NA,NA,NA
"ae131a9d08f8cc3e8b38c034337740db0da8dbd4","htslib_distclean_make_release","native",3,10240,64,16,1,2,76420,0.164182513952255,189320,338264,2560,40960,2621440,16,1792,96,61440,30720,5529600,1146880,5529600,1843200,81920,81920,40960,4,64,10,NA,NA,NA,NA,"test/duckvep/conformance/results/haplotype_benchmark_2f6c9f71a34a10","a7c4469fa12f467bdf0659b36230c79628ad9b7fb93b6e6fa77b960413c2e414","6d664920cb568c9a76a7c405e39e29be150ab6b9a60d3653ee2b76e430324103","2c16059bbec856812bd38958e6c15d819f9bc622229a3e7cdd36454db7b26ce5","b077686177ec40475f69c204de89cfe78bdd502f1608e6553990f473ffc587de","204ec8fa3b2c4e04c4cca5670daa6df254365a57cf537fa9591cb8e7fd15cc49",NA,NA,NA,NA
"ae131a9d08f8cc3e8b38c034337740db0da8dbd4","htslib_distclean_make_release","sql",1,10240,64,16,1,2,2181080,4.105,NA,NA,NA,NA,NA,NA,NA,NA,NA,30720,NA,1146880,5529600,1843200,81920,81920,40960,NA,NA,NA,"1.5.3",119761294,"521852413275003062","282442908269688295593248","test/duckvep/conformance/results/haplotype_benchmark_2f6c9f71a34a10","a7c4469fa12f467bdf0659b36230c79628ad9b7fb93b6e6fa77b960413c2e414","6d664920cb568c9a76a7c405e39e29be150ab6b9a60d3653ee2b76e430324103","2c16059bbec856812bd38958e6c15d819f9bc622229a3e7cdd36454db7b26ce5","b077686177ec40475f69c204de89cfe78bdd502f1608e6553990f473ffc587de","204ec8fa3b2c4e04c4cca5670daa6df254365a57cf537fa9591cb8e7fd15cc49","local_coding_block_so",116648334,"13092112772909497255","282423626199823826764931"
"ae131a9d08f8cc3e8b38c034337740db0da8dbd4","htslib_distclean_make_release","sql",2,10240,64,16,1,2,2180264,4.097,NA,NA,NA,NA,NA,NA,NA,NA,NA,30720,NA,1146880,5529600,1843200,81920,81920,40960,NA,NA,NA,"1.5.3",119761294,"521852413275003062","282442908269688295593248","test/duckvep/conformance/results/haplotype_benchmark_2f6c9f71a34a10","a7c4469fa12f467bdf0659b36230c79628ad9b7fb93b6e6fa77b960413c2e414","6d664920cb568c9a76a7c405e39e29be150ab6b9a60d3653ee2b76e430324103","2c16059bbec856812bd38958e6c15d819f9bc622229a3e7cdd36454db7b26ce5","b077686177ec40475f69c204de89cfe78bdd502f1608e6553990f473ffc587de","204ec8fa3b2c4e04c4cca5670daa6df254365a57cf537fa9591cb8e7fd15cc49","local_coding_block_so",116648334,"13092112772909497255","282423626199823826764931"
"ae131a9d08f8cc3e8b38c034337740db0da8dbd4","htslib_distclean_make_release","sql",3,10240,64,16,1,2,2179688,4.114,NA,NA,NA,NA,NA,NA,NA,NA,NA,30720,NA,1146880,5529600,1843200,81920,81920,40960,NA,NA,NA,"1.5.3",119761294,"521852413275003062","282442908269688295593248","test/duckvep/conformance/results/haplotype_benchmark_2f6c9f71a34a10","a7c4469fa12f467bdf0659b36230c79628ad9b7fb93b6e6fa77b960413c2e414","6d664920cb568c9a76a7c405e39e29be150ab6b9a60d3653ee2b76e430324103","2c16059bbec856812bd38958e6c15d819f9bc622229a3e7cdd36454db7b26ce5","b077686177ec40475f69c204de89cfe78bdd502f1608e6553990f473ffc587de","204ec8fa3b2c4e04c4cca5670daa6df254365a57cf537fa9591cb8e7fd15cc49","local_coding_block_so",116648334,"13092112772909497255","282423626199823826764931"
"4119d55c43fe0649ffe8325135bbdf26c1f37e94","htslib_distclean_make_release","native",1,1024,256,1,1,2,76264,0.0479503311216831,45020,34136,4096,4096,1048576,1,448,6,6144,3072,552960,458752,552960,184320,8192,8192,4096,4,4,10,NA,NA,NA,NA,"test/duckvep/conformance/results/haplotype_benchmark_348a3f1b43b309","7235d2f654ab44777e572881634347d81c03e31a793c974587939e4fe05888fc","1064badd89c3bbe1a8d51ea57074d553f0404ef9c0224213bec9f81007546cb8","b5681b7d59f2a15db00d9eeb337f7470a59fd593efe7feef45305e2f796e5a40","b077686177ec40475f69c204de89cfe78bdd502f1608e6553990f473ffc587de","204ec8fa3b2c4e04c4cca5670daa6df254365a57cf537fa9591cb8e7fd15cc49",NA,NA,NA,NA
"4119d55c43fe0649ffe8325135bbdf26c1f37e94","htslib_distclean_make_release","native",2,1024,256,1,1,2,76264,0.0455132089555264,45020,34136,4096,4096,1048576,1,448,6,6144,3072,552960,458752,552960,184320,8192,8192,4096,4,4,10,NA,NA,NA,NA,"test/duckvep/conformance/results/haplotype_benchmark_348a3f1b43b309","7235d2f654ab44777e572881634347d81c03e31a793c974587939e4fe05888fc","1064badd89c3bbe1a8d51ea57074d553f0404ef9c0224213bec9f81007546cb8","b5681b7d59f2a15db00d9eeb337f7470a59fd593efe7feef45305e2f796e5a40","b077686177ec40475f69c204de89cfe78bdd502f1608e6553990f473ffc587de","204ec8fa3b2c4e04c4cca5670daa6df254365a57cf537fa9591cb8e7fd15cc49",NA,NA,NA,NA
"4119d55c43fe0649ffe8325135bbdf26c1f37e94","htslib_distclean_make_release","native",3,1024,256,1,1,2,76040,0.0468599870800972,45020,34136,4096,4096,1048576,1,448,6,6144,3072,552960,458752,552960,184320,8192,8192,4096,4,4,10,NA,NA,NA,NA,"test/duckvep/conformance/results/haplotype_benchmark_348a3f1b43b309","7235d2f654ab44777e572881634347d81c03e31a793c974587939e4fe05888fc","1064badd89c3bbe1a8d51ea57074d553f0404ef9c0224213bec9f81007546cb8","b5681b7d59f2a15db00d9eeb337f7470a59fd593efe7feef45305e2f796e5a40","b077686177ec40475f69c204de89cfe78bdd502f1608e6553990f473ffc587de","204ec8fa3b2c4e04c4cca5670daa6df254365a57cf537fa9591cb8e7fd15cc49",NA,NA,NA,NA
"4119d55c43fe0649ffe8325135bbdf26c1f37e94","htslib_distclean_make_release","sql",1,1024,256,1,1,2,978496,1.294,NA,NA,NA,NA,NA,NA,NA,NA,NA,3072,NA,458752,552960,184320,8192,8192,4096,NA,NA,NA,"1.5.3",34819834,"966070636012126662","28124888497542389733650","test/duckvep/conformance/results/haplotype_benchmark_348a3f1b43b309","7235d2f654ab44777e572881634347d81c03e31a793c974587939e4fe05888fc","1064badd89c3bbe1a8d51ea57074d553f0404ef9c0224213bec9f81007546cb8","b5681b7d59f2a15db00d9eeb337f7470a59fd593efe7feef45305e2f796e5a40","b077686177ec40475f69c204de89cfe78bdd502f1608e6553990f473ffc587de","204ec8fa3b2c4e04c4cca5670daa6df254365a57cf537fa9591cb8e7fd15cc49","local_coding_block_so",34508538,"12820793420504737645","27845641093698617117555"
"4119d55c43fe0649ffe8325135bbdf26c1f37e94","htslib_distclean_make_release","sql",2,1024,256,1,1,2,978192,1.307,NA,NA,NA,NA,NA,NA,NA,NA,NA,3072,NA,458752,552960,184320,8192,8192,4096,NA,NA,NA,"1.5.3",34819834,"966070636012126662","28124888497542389733650","test/duckvep/conformance/results/haplotype_benchmark_348a3f1b43b309","7235d2f654ab44777e572881634347d81c03e31a793c974587939e4fe05888fc","1064badd89c3bbe1a8d51ea57074d553f0404ef9c0224213bec9f81007546cb8","b5681b7d59f2a15db00d9eeb337f7470a59fd593efe7feef45305e2f796e5a40","b077686177ec40475f69c204de89cfe78bdd502f1608e6553990f473ffc587de","204ec8fa3b2c4e04c4cca5670daa6df254365a57cf537fa9591cb8e7fd15cc49","local_coding_block_so",34508538,"12820793420504737645","27845641093698617117555"
"4119d55c43fe0649ffe8325135bbdf26c1f37e94","htslib_distclean_make_release","sql",3,1024,256,1,1,2,980432,1.296,NA,NA,NA,NA,NA,NA,NA,NA,NA,3072,NA,458752,552960,184320,8192,8192,4096,NA,NA,NA,"1.5.3",34819834,"966070636012126662","28124888497542389733650","test/duckvep/conformance/results/haplotype_benchmark_348a3f1b43b309","7235d2f654ab44777e572881634347d81c03e31a793c974587939e4fe05888fc","1064badd89c3bbe1a8d51ea57074d553f0404ef9c0224213bec9f81007546cb8","b5681b7d59f2a15db00d9eeb337f7470a59fd593efe7feef45305e2f796e5a40","b077686177ec40475f69c204de89cfe78bdd502f1608e6553990f473ffc587de","204ec8fa3b2c4e04c4cca5670daa6df254365a57cf537fa9591cb8e7fd15cc49","local_coding_block_so",34508538,"12820793420504737645","27845641093698617117555"
"4119d55c43fe0649ffe8325135bbdf26c1f37e94","htslib_distclean_make_release","native",1,1024,4,1,1,2,76036,0.00307386368513107,4700,34136,4096,4096,16384,1,7,6,6144,3072,552960,7168,552960,184320,8192,8192,4096,4,4,10,NA,NA,NA,NA,"test/duckvep/conformance/results/haplotype_benchmark_3490402fc525d1","55a9a18993650a916b7403df477858dd3f7eaf4aacbc964bace8af1e9614b64a","1064badd89c3bbe1a8d51ea57074d553f0404ef9c0224213bec9f81007546cb8","b5681b7d59f2a15db00d9eeb337f7470a59fd593efe7feef45305e2f796e5a40","b077686177ec40475f69c204de89cfe78bdd502f1608e6553990f473ffc587de","204ec8fa3b2c4e04c4cca5670daa6df254365a57cf537fa9591cb8e7fd15cc49",NA,NA,NA,NA
"4119d55c43fe0649ffe8325135bbdf26c1f37e94","htslib_distclean_make_release","native",2,1024,4,1,1,2,76108,0.00287896022200584,4700,34136,4096,4096,16384,1,7,6,6144,3072,552960,7168,552960,184320,8192,8192,4096,4,4,10,NA,NA,NA,NA,"test/duckvep/conformance/results/haplotype_benchmark_3490402fc525d1","55a9a18993650a916b7403df477858dd3f7eaf4aacbc964bace8af1e9614b64a","1064badd89c3bbe1a8d51ea57074d553f0404ef9c0224213bec9f81007546cb8","b5681b7d59f2a15db00d9eeb337f7470a59fd593efe7feef45305e2f796e5a40","b077686177ec40475f69c204de89cfe78bdd502f1608e6553990f473ffc587de","204ec8fa3b2c4e04c4cca5670daa6df254365a57cf537fa9591cb8e7fd15cc49",NA,NA,NA,NA
"4119d55c43fe0649ffe8325135bbdf26c1f37e94","htslib_distclean_make_release","native",3,1024,4,1,1,2,76264,0.00307881087064743,4700,34136,4096,4096,16384,1,7,6,6144,3072,552960,7168,552960,184320,8192,8192,4096,4,4,10,NA,NA,NA,NA,"test/duckvep/conformance/results/haplotype_benchmark_3490402fc525d1","55a9a18993650a916b7403df477858dd3f7eaf4aacbc964bace8af1e9614b64a","1064badd89c3bbe1a8d51ea57074d553f0404ef9c0224213bec9f81007546cb8","b5681b7d59f2a15db00d9eeb337f7470a59fd593efe7feef45305e2f796e5a40","b077686177ec40475f69c204de89cfe78bdd502f1608e6553990f473ffc587de","204ec8fa3b2c4e04c4cca5670daa6df254365a57cf537fa9591cb8e7fd15cc49",NA,NA,NA,NA
"4119d55c43fe0649ffe8325135bbdf26c1f37e94","htslib_distclean_make_release","sql",1,1024,4,1,1,2,219604,0.0509999999999999,NA,NA,NA,NA,NA,NA,NA,NA,NA,3072,NA,7168,552960,184320,8192,8192,4096,NA,NA,NA,"1.5.3",4933370,"8655897832500014299","28643190039438464658617","test/duckvep/conformance/results/haplotype_benchmark_3490402fc525d1","55a9a18993650a916b7403df477858dd3f7eaf4aacbc964bace8af1e9614b64a","1064badd89c3bbe1a8d51ea57074d553f0404ef9c0224213bec9f81007546cb8","b5681b7d59f2a15db00d9eeb337f7470a59fd593efe7feef45305e2f796e5a40","b077686177ec40475f69c204de89cfe78bdd502f1608e6553990f473ffc587de","204ec8fa3b2c4e04c4cca5670daa6df254365a57cf537fa9591cb8e7fd15cc49","local_coding_block_so",4622074,"7073993355575920695","28367269509809111348009"
"4119d55c43fe0649ffe8325135bbdf26c1f37e94","htslib_distclean_make_release","sql",2,1024,4,1,1,2,221772,0.05,NA,NA,NA,NA,NA,NA,NA,NA,NA,3072,NA,7168,552960,184320,8192,8192,4096,NA,NA,NA,"1.5.3",4933370,"8655897832500014299","28643190039438464658617","test/duckvep/conformance/results/haplotype_benchmark_3490402fc525d1","55a9a18993650a916b7403df477858dd3f7eaf4aacbc964bace8af1e9614b64a","1064badd89c3bbe1a8d51ea57074d553f0404ef9c0224213bec9f81007546cb8","b5681b7d59f2a15db00d9eeb337f7470a59fd593efe7feef45305e2f796e5a40","b077686177ec40475f69c204de89cfe78bdd502f1608e6553990f473ffc587de","204ec8fa3b2c4e04c4cca5670daa6df254365a57cf537fa9591cb8e7fd15cc49","local_coding_block_so",4622074,"7073993355575920695","28367269509809111348009"
"4119d55c43fe0649ffe8325135bbdf26c1f37e94","htslib_distclean_make_release","sql",3,1024,4,1,1,2,220240,0.051,NA,NA,NA,NA,NA,NA,NA,NA,NA,3072,NA,7168,552960,184320,8192,8192,4096,NA,NA,NA,"1.5.3",4933370,"8655897832500014299","28643190039438464658617","test/duckvep/conformance/results/haplotype_benchmark_3490402fc525d1","55a9a18993650a916b7403df477858dd3f7eaf4aacbc964bace8af1e9614b64a","1064badd89c3bbe1a8d51ea57074d553f0404ef9c0224213bec9f81007546cb8","b5681b7d59f2a15db00d9eeb337f7470a59fd593efe7feef45305e2f796e5a40","b077686177ec40475f69c204de89cfe78bdd502f1608e6553990f473ffc587de","204ec8fa3b2c4e04c4cca5670daa6df254365a57cf537fa9591cb8e7fd15cc49","local_coding_block_so",4622074,"7073993355575920695","28367269509809111348009"
"4119d55c43fe0649ffe8325135bbdf26c1f37e94","htslib_distclean_make_release","native",1,1024,64,1,1,2,76040,0.0128246396780014,14300,34136,4096,4096,262144,1,112,6,6144,3072,552960,114688,552960,184320,8192,8192,4096,4,4,10,NA,NA,NA,NA,"test/duckvep/conformance/results/haplotype_benchmark_34939f25e52b67","7f6e4d299dc3cdc953f2ef65281175c55cccec41cdd57d25efcde14249e5fd36","1064badd89c3bbe1a8d51ea57074d553f0404ef9c0224213bec9f81007546cb8","b5681b7d59f2a15db00d9eeb337f7470a59fd593efe7feef45305e2f796e5a40","b077686177ec40475f69c204de89cfe78bdd502f1608e6553990f473ffc587de","204ec8fa3b2c4e04c4cca5670daa6df254365a57cf537fa9591cb8e7fd15cc49",NA,NA,NA,NA
"4119d55c43fe0649ffe8325135bbdf26c1f37e94","htslib_distclean_make_release","native",2,1024,64,1,1,2,76264,0.0131158754229546,14300,34136,4096,4096,262144,1,112,6,6144,3072,552960,114688,552960,184320,8192,8192,4096,4,4,10,NA,NA,NA,NA,"test/duckvep/conformance/results/haplotype_benchmark_34939f25e52b67","7f6e4d299dc3cdc953f2ef65281175c55cccec41cdd57d25efcde14249e5fd36","1064badd89c3bbe1a8d51ea57074d553f0404ef9c0224213bec9f81007546cb8","b5681b7d59f2a15db00d9eeb337f7470a59fd593efe7feef45305e2f796e5a40","b077686177ec40475f69c204de89cfe78bdd502f1608e6553990f473ffc587de","204ec8fa3b2c4e04c4cca5670daa6df254365a57cf537fa9591cb8e7fd15cc49",NA,NA,NA,NA
"4119d55c43fe0649ffe8325135bbdf26c1f37e94","htslib_distclean_make_release","native",3,1024,64,1,1,2,76264,0.0131403915584087,14300,34136,4096,4096,262144,1,112,6,6144,3072,552960,114688,552960,184320,8192,8192,4096,4,4,10,NA,NA,NA,NA,"test/duckvep/conformance/results/haplotype_benchmark_34939f25e52b67","7f6e4d299dc3cdc953f2ef65281175c55cccec41cdd57d25efcde14249e5fd36","1064badd89c3bbe1a8d51ea57074d553f0404ef9c0224213bec9f81007546cb8","b5681b7d59f2a15db00d9eeb337f7470a59fd593efe7feef45305e2f796e5a40","b077686177ec40475f69c204de89cfe78bdd502f1608e6553990f473ffc587de","204ec8fa3b2c4e04c4cca5670daa6df254365a57cf537fa9591cb8e7fd15cc49",NA,NA,NA,NA
"4119d55c43fe0649ffe8325135bbdf26c1f37e94","htslib_distclean_make_release","sql",1,1024,64,1,1,2,385880,0.33,NA,NA,NA,NA,NA,NA,NA,NA,NA,3072,NA,114688,552960,184320,8192,8192,4096,NA,NA,NA,"1.5.3",11976442,"2431264624565122463","28023773595046311557535","test/duckvep/conformance/results/haplotype_benchmark_34939f25e52b67","7f6e4d299dc3cdc953f2ef65281175c55cccec41cdd57d25efcde14249e5fd36","1064badd89c3bbe1a8d51ea57074d553f0404ef9c0224213bec9f81007546cb8","b5681b7d59f2a15db00d9eeb337f7470a59fd593efe7feef45305e2f796e5a40","b077686177ec40475f69c204de89cfe78bdd502f1608e6553990f473ffc587de","204ec8fa3b2c4e04c4cca5670daa6df254365a57cf537fa9591cb8e7fd15cc49","local_coding_block_so",11665146,"6659026955915781041","28419023938171811290625"
"4119d55c43fe0649ffe8325135bbdf26c1f37e94","htslib_distclean_make_release","sql",2,1024,64,1,1,2,383884,0.327,NA,NA,NA,NA,NA,NA,NA,NA,NA,3072,NA,114688,552960,184320,8192,8192,4096,NA,NA,NA,"1.5.3",11976442,"2431264624565122463","28023773595046311557535","test/duckvep/conformance/results/haplotype_benchmark_34939f25e52b67","7f6e4d299dc3cdc953f2ef65281175c55cccec41cdd57d25efcde14249e5fd36","1064badd89c3bbe1a8d51ea57074d553f0404ef9c0224213bec9f81007546cb8","b5681b7d59f2a15db00d9eeb337f7470a59fd593efe7feef45305e2f796e5a40","b077686177ec40475f69c204de89cfe78bdd502f1608e6553990f473ffc587de","204ec8fa3b2c4e04c4cca5670daa6df254365a57cf537fa9591cb8e7fd15cc49","local_coding_block_so",11665146,"6659026955915781041","28419023938171811290625"
"4119d55c43fe0649ffe8325135bbdf26c1f37e94","htslib_distclean_make_release","sql",3,1024,64,1,1,2,385248,0.334,NA,NA,NA,NA,NA,NA,NA,NA,NA,3072,NA,114688,552960,184320,8192,8192,4096,NA,NA,NA,"1.5.3",11976442,"2431264624565122463","28023773595046311557535","test/duckvep/conformance/results/haplotype_benchmark_34939f25e52b67","7f6e4d299dc3cdc953f2ef65281175c55cccec41cdd57d25efcde14249e5fd36","1064badd89c3bbe1a8d51ea57074d553f0404ef9c0224213bec9f81007546cb8","b5681b7d59f2a15db00d9eeb337f7470a59fd593efe7feef45305e2f796e5a40","b077686177ec40475f69c204de89cfe78bdd502f1608e6553990f473ffc587de","204ec8fa3b2c4e04c4cca5670daa6df254365a57cf537fa9591cb8e7fd15cc49","local_coding_block_so",11665146,"6659026955915781041","28419023938171811290625"
"4119d55c43fe0649ffe8325135bbdf26c1f37e94","htslib_distclean_make_release","native",1,1024,64,16,1,2,76424,0.0171605721116066,189320,34136,256,4096,262144,16,1792,96,6144,3072,552960,114688,552960,184320,8192,8192,4096,4,64,10,NA,NA,NA,NA,"test/duckvep/conformance/results/haplotype_benchmark_3497622641e3f7","36183e80ef75a5a4b567a7f30add5528ab23625126e3a25f4e0ce1191ac38856","1064badd89c3bbe1a8d51ea57074d553f0404ef9c0224213bec9f81007546cb8","b5681b7d59f2a15db00d9eeb337f7470a59fd593efe7feef45305e2f796e5a40","b077686177ec40475f69c204de89cfe78bdd502f1608e6553990f473ffc587de","204ec8fa3b2c4e04c4cca5670daa6df254365a57cf537fa9591cb8e7fd15cc49",NA,NA,NA,NA
"4119d55c43fe0649ffe8325135bbdf26c1f37e94","htslib_distclean_make_release","native",2,1024,64,16,1,2,76264,0.0161820501089096,189320,34136,256,4096,262144,16,1792,96,6144,3072,552960,114688,552960,184320,8192,8192,4096,4,64,10,NA,NA,NA,NA,"test/duckvep/conformance/results/haplotype_benchmark_3497622641e3f7","36183e80ef75a5a4b567a7f30add5528ab23625126e3a25f4e0ce1191ac38856","1064badd89c3bbe1a8d51ea57074d553f0404ef9c0224213bec9f81007546cb8","b5681b7d59f2a15db00d9eeb337f7470a59fd593efe7feef45305e2f796e5a40","b077686177ec40475f69c204de89cfe78bdd502f1608e6553990f473ffc587de","204ec8fa3b2c4e04c4cca5670daa6df254365a57cf537fa9591cb8e7fd15cc49",NA,NA,NA,NA
"4119d55c43fe0649ffe8325135bbdf26c1f37e94","htslib_distclean_make_release","native",3,1024,64,16,1,2,76040,0.0165943652391434,189320,34136,256,4096,262144,16,1792,96,6144,3072,552960,114688,552960,184320,8192,8192,4096,4,64,10,NA,NA,NA,NA,"test/duckvep/conformance/results/haplotype_benchmark_3497622641e3f7","36183e80ef75a5a4b567a7f30add5528ab23625126e3a25f4e0ce1191ac38856","1064badd89c3bbe1a8d51ea57074d553f0404ef9c0224213bec9f81007546cb8","b5681b7d59f2a15db00d9eeb337f7470a59fd593efe7feef45305e2f796e5a40","b077686177ec40475f69c204de89cfe78bdd502f1608e6553990f473ffc587de","204ec8fa3b2c4e04c4cca5670daa6df254365a57cf537fa9591cb8e7fd15cc49",NA,NA,NA,NA
"4119d55c43fe0649ffe8325135bbdf26c1f37e94","htslib_distclean_make_release","sql",1,1024,64,16,1,2,384060,0.339,NA,NA,NA,NA,NA,NA,NA,NA,NA,3072,NA,114688,552960,184320,8192,8192,4096,NA,NA,NA,"1.5.3",11948670,"6746403450254642166","28025574214625492245910","test/duckvep/conformance/results/haplotype_benchmark_3497622641e3f7","36183e80ef75a5a4b567a7f30add5528ab23625126e3a25f4e0ce1191ac38856","1064badd89c3bbe1a8d51ea57074d553f0404ef9c0224213bec9f81007546cb8","b5681b7d59f2a15db00d9eeb337f7470a59fd593efe7feef45305e2f796e5a40","b077686177ec40475f69c204de89cfe78bdd502f1608e6553990f473ffc587de","204ec8fa3b2c4e04c4cca5670daa6df254365a57cf537fa9591cb8e7fd15cc49","local_coding_block_so",11637374,"4832535337411960646","28307095053310083420130"
"4119d55c43fe0649ffe8325135bbdf26c1f37e94","htslib_distclean_make_release","sql",2,1024,64,16,1,2,386132,0.34,NA,NA,NA,NA,NA,NA,NA,NA,NA,3072,NA,114688,552960,184320,8192,8192,4096,NA,NA,NA,"1.5.3",11948670,"6746403450254642166","28025574214625492245910","test/duckvep/conformance/results/haplotype_benchmark_3497622641e3f7","36183e80ef75a5a4b567a7f30add5528ab23625126e3a25f4e0ce1191ac38856","1064badd89c3bbe1a8d51ea57074d553f0404ef9c0224213bec9f81007546cb8","b5681b7d59f2a15db00d9eeb337f7470a59fd593efe7feef45305e2f796e5a40","b077686177ec40475f69c204de89cfe78bdd502f1608e6553990f473ffc587de","204ec8fa3b2c4e04c4cca5670daa6df254365a57cf537fa9591cb8e7fd15cc49","local_coding_block_so",11637374,"4832535337411960646","28307095053310083420130"
"4119d55c43fe0649ffe8325135bbdf26c1f37e94","htslib_distclean_make_release","sql",3,1024,64,16,1,2,385920,0.348,NA,NA,NA,NA,NA,NA,NA,NA,NA,3072,NA,114688,552960,184320,8192,8192,4096,NA,NA,NA,"1.5.3",11948670,"6746403450254642166","28025574214625492245910","test/duckvep/conformance/results/haplotype_benchmark_3497622641e3f7","36183e80ef75a5a4b567a7f30add5528ab23625126e3a25f4e0ce1191ac38856","1064badd89c3bbe1a8d51ea57074d553f0404ef9c0224213bec9f81007546cb8","b5681b7d59f2a15db00d9eeb337f7470a59fd593efe7feef45305e2f796e5a40","b077686177ec40475f69c204de89cfe78bdd502f1608e6553990f473ffc587de","204ec8fa3b2c4e04c4cca5670daa6df254365a57cf537fa9591cb8e7fd15cc49","local_coding_block_so",11637374,"4832535337411960646","28307095053310083420130"
"4119d55c43fe0649ffe8325135bbdf26c1f37e94","htslib_distclean_make_release","native",1,1024,64,64,1,2,76268,0.0183762982487679,749384,34136,64,4096,262144,64,7168,384,6144,3072,552960,114688,552960,184320,8192,8192,4096,4,256,10,NA,NA,NA,NA,"test/duckvep/conformance/results/haplotype_benchmark_349b17166f6afd","90f9949e218cd47af95f4e587fcc8d1d0ce14ba8a72c2cba4ee50b5c5d0bd48b","1064badd89c3bbe1a8d51ea57074d553f0404ef9c0224213bec9f81007546cb8","b5681b7d59f2a15db00d9eeb337f7470a59fd593efe7feef45305e2f796e5a40","b077686177ec40475f69c204de89cfe78bdd502f1608e6553990f473ffc587de","204ec8fa3b2c4e04c4cca5670daa6df254365a57cf537fa9591cb8e7fd15cc49",NA,NA,NA,NA
"4119d55c43fe0649ffe8325135bbdf26c1f37e94","htslib_distclean_make_release","native",2,1024,64,64,1,2,76268,0.0175694040954113,749384,34136,64,4096,262144,64,7168,384,6144,3072,552960,114688,552960,184320,8192,8192,4096,4,256,10,NA,NA,NA,NA,"test/duckvep/conformance/results/haplotype_benchmark_349b17166f6afd","90f9949e218cd47af95f4e587fcc8d1d0ce14ba8a72c2cba4ee50b5c5d0bd48b","1064badd89c3bbe1a8d51ea57074d553f0404ef9c0224213bec9f81007546cb8","b5681b7d59f2a15db00d9eeb337f7470a59fd593efe7feef45305e2f796e5a40","b077686177ec40475f69c204de89cfe78bdd502f1608e6553990f473ffc587de","204ec8fa3b2c4e04c4cca5670daa6df254365a57cf537fa9591cb8e7fd15cc49",NA,NA,NA,NA
"4119d55c43fe0649ffe8325135bbdf26c1f37e94","htslib_distclean_make_release","native",3,1024,64,64,1,2,76036,0.0172909423708916,749384,34136,64,4096,262144,64,7168,384,6144,3072,552960,114688,552960,184320,8192,8192,4096,4,256,10,NA,NA,NA,NA,"test/duckvep/conformance/results/haplotype_benchmark_349b17166f6afd","90f9949e218cd47af95f4e587fcc8d1d0ce14ba8a72c2cba4ee50b5c5d0bd48b","1064badd89c3bbe1a8d51ea57074d553f0404ef9c0224213bec9f81007546cb8","b5681b7d59f2a15db00d9eeb337f7470a59fd593efe7feef45305e2f796e5a40","b077686177ec40475f69c204de89cfe78bdd502f1608e6553990f473ffc587de","204ec8fa3b2c4e04c4cca5670daa6df254365a57cf537fa9591cb8e7fd15cc49",NA,NA,NA,NA
"4119d55c43fe0649ffe8325135bbdf26c1f37e94","htslib_distclean_make_release","sql",1,1024,64,64,1,2,385264,0.344,NA,NA,NA,NA,NA,NA,NA,NA,NA,3072,NA,114688,552960,184320,8192,8192,4096,NA,NA,NA,"1.5.3",11932670,"11938717870122307710","28322977454017767224640","test/duckvep/conformance/results/haplotype_benchmark_349b17166f6afd","90f9949e218cd47af95f4e587fcc8d1d0ce14ba8a72c2cba4ee50b5c5d0bd48b","1064badd89c3bbe1a8d51ea57074d553f0404ef9c0224213bec9f81007546cb8","b5681b7d59f2a15db00d9eeb337f7470a59fd593efe7feef45305e2f796e5a40","b077686177ec40475f69c204de89cfe78bdd502f1608e6553990f473ffc587de","204ec8fa3b2c4e04c4cca5670daa6df254365a57cf537fa9591cb8e7fd15cc49","local_coding_block_so",11621374,"8928818225063272201","28212881952829124281661"
"4119d55c43fe0649ffe8325135bbdf26c1f37e94","htslib_distclean_make_release","sql",2,1024,64,64,1,2,385188,0.343,NA,NA,NA,NA,NA,NA,NA,NA,NA,3072,NA,114688,552960,184320,8192,8192,4096,NA,NA,NA,"1.5.3",11932670,"11938717870122307710","28322977454017767224640","test/duckvep/conformance/results/haplotype_benchmark_349b17166f6afd","90f9949e218cd47af95f4e587fcc8d1d0ce14ba8a72c2cba4ee50b5c5d0bd48b","1064badd89c3bbe1a8d51ea57074d553f0404ef9c0224213bec9f81007546cb8","b5681b7d59f2a15db00d9eeb337f7470a59fd593efe7feef45305e2f796e5a40","b077686177ec40475f69c204de89cfe78bdd502f1608e6553990f473ffc587de","204ec8fa3b2c4e04c4cca5670daa6df254365a57cf537fa9591cb8e7fd15cc49","local_coding_block_so",11621374,"8928818225063272201","28212881952829124281661"
"4119d55c43fe0649ffe8325135bbdf26c1f37e94","htslib_distclean_make_release","sql",3,1024,64,64,1,2,385440,0.336,NA,NA,NA,NA,NA,NA,NA,NA,NA,3072,NA,114688,552960,184320,8192,8192,4096,NA,NA,NA,"1.5.3",11932670,"11938717870122307710","28322977454017767224640","test/duckvep/conformance/results/haplotype_benchmark_349b17166f6afd","90f9949e218cd47af95f4e587fcc8d1d0ce14ba8a72c2cba4ee50b5c5d0bd48b","1064badd89c3bbe1a8d51ea57074d553f0404ef9c0224213bec9f81007546cb8","b5681b7d59f2a15db00d9eeb337f7470a59fd593efe7feef45305e2f796e5a40","b077686177ec40475f69c204de89cfe78bdd502f1608e6553990f473ffc587de","204ec8fa3b2c4e04c4cca5670daa6df254365a57cf537fa9591cb8e7fd15cc49","local_coding_block_so",11621374,"8928818225063272201","28212881952829124281661"
"4119d55c43fe0649ffe8325135bbdf26c1f37e94","htslib_distclean_make_release","native",1,10240,64,16,1,2,76264,0.163058564066887,189320,338264,2560,40960,2621440,16,1792,96,61440,30720,5529600,1146880,5529600,1843200,81920,81920,40960,4,64,10,NA,NA,NA,NA,"test/duckvep/conformance/results/haplotype_benchmark_349ec3deacbcc","7c7ab112bee267cb43f8465d3300aab178bad9e32b4b86f62f582506fc517c8e","1064badd89c3bbe1a8d51ea57074d553f0404ef9c0224213bec9f81007546cb8","b5681b7d59f2a15db00d9eeb337f7470a59fd593efe7feef45305e2f796e5a40","b077686177ec40475f69c204de89cfe78bdd502f1608e6553990f473ffc587de","204ec8fa3b2c4e04c4cca5670daa6df254365a57cf537fa9591cb8e7fd15cc49",NA,NA,NA,NA
"4119d55c43fe0649ffe8325135bbdf26c1f37e94","htslib_distclean_make_release","native",2,10240,64,16,1,2,76424,0.165422901511192,189320,338264,2560,40960,2621440,16,1792,96,61440,30720,5529600,1146880,5529600,1843200,81920,81920,40960,4,64,10,NA,NA,NA,NA,"test/duckvep/conformance/results/haplotype_benchmark_349ec3deacbcc","7c7ab112bee267cb43f8465d3300aab178bad9e32b4b86f62f582506fc517c8e","1064badd89c3bbe1a8d51ea57074d553f0404ef9c0224213bec9f81007546cb8","b5681b7d59f2a15db00d9eeb337f7470a59fd593efe7feef45305e2f796e5a40","b077686177ec40475f69c204de89cfe78bdd502f1608e6553990f473ffc587de","204ec8fa3b2c4e04c4cca5670daa6df254365a57cf537fa9591cb8e7fd15cc49",NA,NA,NA,NA
"4119d55c43fe0649ffe8325135bbdf26c1f37e94","htslib_distclean_make_release","native",3,10240,64,16,1,2,76268,0.164113737642765,189320,338264,2560,40960,2621440,16,1792,96,61440,30720,5529600,1146880,5529600,1843200,81920,81920,40960,4,64,10,NA,NA,NA,NA,"test/duckvep/conformance/results/haplotype_benchmark_349ec3deacbcc","7c7ab112bee267cb43f8465d3300aab178bad9e32b4b86f62f582506fc517c8e","1064badd89c3bbe1a8d51ea57074d553f0404ef9c0224213bec9f81007546cb8","b5681b7d59f2a15db00d9eeb337f7470a59fd593efe7feef45305e2f796e5a40","b077686177ec40475f69c204de89cfe78bdd502f1608e6553990f473ffc587de","204ec8fa3b2c4e04c4cca5670daa6df254365a57cf537fa9591cb8e7fd15cc49",NA,NA,NA,NA
"4119d55c43fe0649ffe8325135bbdf26c1f37e94","htslib_distclean_make_release","sql",1,10240,64,16,1,2,2184980,4.069,NA,NA,NA,NA,NA,NA,NA,NA,NA,30720,NA,1146880,5529600,1843200,81920,81920,40960,NA,NA,NA,"1.5.3",119761294,"521852413275003062","282442908269688295593248","test/duckvep/conformance/results/haplotype_benchmark_349ec3deacbcc","7c7ab112bee267cb43f8465d3300aab178bad9e32b4b86f62f582506fc517c8e","1064badd89c3bbe1a8d51ea57074d553f0404ef9c0224213bec9f81007546cb8","b5681b7d59f2a15db00d9eeb337f7470a59fd593efe7feef45305e2f796e5a40","b077686177ec40475f69c204de89cfe78bdd502f1608e6553990f473ffc587de","204ec8fa3b2c4e04c4cca5670daa6df254365a57cf537fa9591cb8e7fd15cc49","local_coding_block_so",116648334,"13092112772909497255","282423626199823826764931"
"4119d55c43fe0649ffe8325135bbdf26c1f37e94","htslib_distclean_make_release","sql",2,10240,64,16,1,2,2181456,4.068,NA,NA,NA,NA,NA,NA,NA,NA,NA,30720,NA,1146880,5529600,1843200,81920,81920,40960,NA,NA,NA,"1.5.3",119761294,"521852413275003062","282442908269688295593248","test/duckvep/conformance/results/haplotype_benchmark_349ec3deacbcc","7c7ab112bee267cb43f8465d3300aab178bad9e32b4b86f62f582506fc517c8e","1064badd89c3bbe1a8d51ea57074d553f0404ef9c0224213bec9f81007546cb8","b5681b7d59f2a15db00d9eeb337f7470a59fd593efe7feef45305e2f796e5a40","b077686177ec40475f69c204de89cfe78bdd502f1608e6553990f473ffc587de","204ec8fa3b2c4e04c4cca5670daa6df254365a57cf537fa9591cb8e7fd15cc49","local_coding_block_so",116648334,"13092112772909497255","282423626199823826764931"
"4119d55c43fe0649ffe8325135bbdf26c1f37e94","htslib_distclean_make_release","sql",3,10240,64,16,1,2,2182616,4.081,NA,NA,NA,NA,NA,NA,NA,NA,NA,30720,NA,1146880,5529600,1843200,81920,81920,40960,NA,NA,NA,"1.5.3",119761294,"521852413275003062","282442908269688295593248","test/duckvep/conformance/results/haplotype_benchmark_349ec3deacbcc","7c7ab112bee267cb43f8465d3300aab178bad9e32b4b86f62f582506fc517c8e","1064badd89c3bbe1a8d51ea57074d553f0404ef9c0224213bec9f81007546cb8","b5681b7d59f2a15db00d9eeb337f7470a59fd593efe7feef45305e2f796e5a40","b077686177ec40475f69c204de89cfe78bdd502f1608e6553990f473ffc587de","204ec8fa3b2c4e04c4cca5670daa6df254365a57cf537fa9591cb8e7fd15cc49","local_coding_block_so",116648334,"13092112772909497255","282423626199823826764931"
