"chromosome","sample_id","start_window","end_window","windows","run_bp","start","end"
1,"HG00405",1252,1430,179,17900000,125200001,143100000
1,"HG00408",1252,1430,179,17900000,125200001,143100000
1,"HG00420",1252,1430,179,17900000,125200001,143100000
1,"HG00423",1252,1430,179,17900000,125200001,143100000
1,"HG00429",1252,1430,179,17900000,125200001,143100000
1,"HG00438",1252,1430,179,17900000,125200001,143100000
1,"HG00444",1252,1430,179,17900000,125200001,143100000
1,"HG00447",1252,1430,179,17900000,125200001,143100000
1,"HG00450",1252,1430,179,17900000,125200001,143100000
1,"HG00453",1252,1430,179,17900000,125200001,143100000
1,"HG00459",1252,1431,180,1.8e+07,125200001,143200000
1,"HG00465",1252,1430,179,17900000,125200001,143100000
1,"HG00474",1252,1430,179,17900000,125200001,143100000
1,"HG00477",1252,1430,179,17900000,125200001,143100000
1,"HG00480",1252,1430,179,17900000,125200001,143100000
1,"HG00502",1252,1430,179,17900000,125200001,143100000
1,"HG00514",1252,1430,179,17900000,125200001,143100000
1,"HG00526",1252,1430,179,17900000,125200001,143100000
1,"HG00532",1252,1430,179,17900000,125200001,143100000
1,"HG00535",1252,1430,179,17900000,125200001,143100000
1,"HG00538",1252,1430,179,17900000,125200001,143100000
1,"HG00544",1252,1430,179,17900000,125200001,143100000
1,"HG00552",1252,1430,179,17900000,125200001,143100000
1,"HG00555",1252,1430,179,17900000,125200001,143100000
1,"HG00555",2095,2126,32,3200000,209500001,212700000
1,"HG00558",452,461,10,1e+06,45200001,46200000
1,"HG00558",1252,1430,179,17900000,125200001,143100000
1,"HG00561",1252,1430,179,17900000,125200001,143100000
1,"HG00567",1252,1430,179,17900000,125200001,143100000
1,"HG00579",1252,1430,179,17900000,125200001,143100000
1,"HG00582",1252,1430,179,17900000,125200001,143100000
1,"HG00585",1252,1430,179,17900000,125200001,143100000
1,"HG00591",1252,1430,179,17900000,125200001,143100000
1,"HG00594",1252,1430,179,17900000,125200001,143100000
1,"HG00597",1252,1430,179,17900000,125200001,143100000
1,"HG00609",1252,1430,179,17900000,125200001,143100000
1,"HG00612",1252,1430,179,17900000,125200001,143100000
1,"HG00615",1252,1430,179,17900000,125200001,143100000
1,"HG00621",1252,1430,179,17900000,125200001,143100000
1,"HG00627",1252,1430,179,17900000,125200001,143100000
1,"HG00630",1252,1430,179,17900000,125200001,143100000
1,"HG00636",1252,1430,179,17900000,125200001,143100000
1,"HG00639",1252,1431,180,1.8e+07,125200001,143200000
1,"HG00642",1252,1430,179,17900000,125200001,143100000
1,"HG00652",1252,1430,179,17900000,125200001,143100000
1,"HG00655",1252,1430,179,17900000,125200001,143100000
1,"HG00658",1252,1430,179,17900000,125200001,143100000
1,"HG00664",1252,1430,179,17900000,125200001,143100000
1,"HG00673",1252,1430,179,17900000,125200001,143100000
1,"HG00685",1252,1431,180,1.8e+07,125200001,143200000
1,"HG00691",1252,1430,179,17900000,125200001,143100000
1,"HG00694",1252,1430,179,17900000,125200001,143100000
1,"HG00700",1252,1430,179,17900000,125200001,143100000
1,"HG00702",1252,1430,179,17900000,125200001,143100000
1,"HG00703",1252,1430,179,17900000,125200001,143100000
1,"HG00706",134,148,15,1500000,13400001,14900000
1,"HG00706",1252,1430,179,17900000,125200001,143100000
1,"HG00709",1252,1430,179,17900000,125200001,143100000
1,"HG00733",1252,1430,179,17900000,125200001,143100000
1,"HG00735",1252,1430,179,17900000,125200001,143100000
1,"HG00735",2090,2180,91,9100000,209000001,218100000
1,"HG00738",1252,1430,179,17900000,125200001,143100000
1,"HG00741",1252,1430,179,17900000,125200001,143100000
1,"HG01050",1252,1430,179,17900000,125200001,143100000
1,"HG01053",1252,1430,179,17900000,125200001,143100000
1,"HG01056",619,632,14,1400000,61900001,63300000
1,"HG01056",1252,1430,179,17900000,125200001,143100000
1,"HG01062",1252,1430,179,17900000,125200001,143100000
1,"HG01068",751,787,37,3700000,75100001,78800000
1,"HG01068",789,807,19,1900000,78900001,80800000
1,"HG01068",810,857,48,4800000,81000001,85800000
1,"HG01068",859,1020,162,16200000,85900001,102100000
1,"HG01068",1022,1034,13,1300000,102200001,103500000
1,"HG01068",1037,1048,12,1200000,103700001,104900000
1,"HG01068",1050,1063,14,1400000,105000001,106400000
1,"HG01068",1065,1098,34,3400000,106500001,109900000
1,"HG01068",1252,1430,179,17900000,125200001,143100000
1,"HG01071",29,53,25,2500000,2900001,5400000
1,"HG01071",74,88,15,1500000,7400001,8900000
1,"HG01071",90,116,27,2700000,9000001,11700000
1,"HG01071",1252,1430,179,17900000,125200001,143100000
1,"HG01074",1252,1430,179,17900000,125200001,143100000
1,"HG01081",1252,1430,179,17900000,125200001,143100000
1,"HG01084",189,212,24,2400000,18900001,21300000
1,"HG01084",221,250,30,3e+06,22100001,25100000
1,"HG01084",325,365,41,4100000,32500001,36600000
1,"HG01084",367,383,17,1700000,36700001,38400000
1,"HG01084",1252,1430,179,17900000,125200001,143100000
1,"HG01087",1252,1430,179,17900000,125200001,143100000
1,"HG01096",1252,1430,179,17900000,125200001,143100000
1,"HG01099",1252,1430,179,17900000,125200001,143100000
1,"HG01100",1252,1430,179,17900000,125200001,143100000
1,"HG01103",1252,1430,179,17900000,125200001,143100000
1,"HG01106",1252,1430,179,17900000,125200001,143100000
1,"HG01109",1252,1430,179,17900000,125200001,143100000
1,"HG01114",1252,1430,179,17900000,125200001,143100000
1,"HG01126",1252,1430,179,17900000,125200001,143100000
1,"HG01135",1252,1430,179,17900000,125200001,143100000
1,"HG01138",1252,1430,179,17900000,125200001,143100000
1,"HG01141",1252,1431,180,1.8e+07,125200001,143200000
1,"HG01150",1252,1430,179,17900000,125200001,143100000
1,"HG01169",1252,1430,179,17900000,125200001,143100000
1,"HG01169",2145,2168,24,2400000,214500001,216900000
1,"HG01172",764,773,10,1e+06,76400001,77400000
1,"HG01172",1252,1431,180,1.8e+07,125200001,143200000
1,"HG01175",1252,1431,180,1.8e+07,125200001,143200000
1,"HG01178",1252,1430,179,17900000,125200001,143100000
1,"HG01184",1252,1430,179,17900000,125200001,143100000
1,"HG01189",1252,1430,179,17900000,125200001,143100000
1,"HG01192",1252,1430,179,17900000,125200001,143100000
1,"HG01192",2168,2178,11,1100000,216800001,217900000
1,"HG01199",1252,1431,180,1.8e+07,125200001,143200000
1,"HG01206",1252,1430,179,17900000,125200001,143100000
1,"HG01243",1252,1430,179,17900000,125200001,143100000
1,"HG01249",1252,1430,179,17900000,125200001,143100000
1,"HG01252",1252,1430,179,17900000,125200001,143100000
1,"HG01252",2022,2035,14,1400000,202200001,203600000
1,"HG01252",2300,2317,18,1800000,230000001,231800000
1,"HG01252",2322,2346,25,2500000,232200001,234700000
1,"HG01255",1252,1430,179,17900000,125200001,143100000
1,"HG01258",1252,1430,179,17900000,125200001,143100000
1,"HG01261",1252,1430,179,17900000,125200001,143100000
1,"HG01273",1252,1430,179,17900000,125200001,143100000
1,"HG01276",1252,1430,179,17900000,125200001,143100000
1,"HG01279",1252,1430,179,17900000,125200001,143100000
1,"HG01279",2022,2059,38,3800000,202200001,206000000
1,"HG01279",2061,2093,33,3300000,206100001,209400000
1,"HG01279",2098,2174,77,7700000,209800001,217500000
1,"HG01279",2176,2194,19,1900000,217600001,219500000
1,"HG01279",2199,2223,25,2500000,219900001,222400000
1,"HG01279",2360,2428,69,6900000,236000001,242900000
1,"HG01279",2432,2479,48,4800000,243200001,248000000
1,"HG01343",1252,1431,180,1.8e+07,125200001,143200000
1,"HG01346",1252,1430,179,17900000,125200001,143100000
1,"HG01349",1252,1430,179,17900000,125200001,143100000
1,"HG01352",1252,1430,179,17900000,125200001,143100000
1,"HG01355",1252,1430,179,17900000,125200001,143100000
1,"HG01358",1252,1430,179,17900000,125200001,143100000
1,"HG01361",1252,1430,179,17900000,125200001,143100000
1,"HG01367",1252,1430,179,17900000,125200001,143100000
1,"HG01376",1252,1430,179,17900000,125200001,143100000
1,"HG01379",1252,1430,179,17900000,125200001,143100000
1,"HG01385",1252,1430,179,17900000,125200001,143100000
1,"HG01391",1252,1430,179,17900000,125200001,143100000
1,"HG01433",1252,1430,179,17900000,125200001,143100000
1,"HG01439",398,414,17,1700000,39800001,41500000
1,"HG01439",416,470,55,5500000,41600001,47100000
1,"HG01439",472,543,72,7200000,47200001,54400000
1,"HG01439",1252,1430,179,17900000,125200001,143100000
1,"HG01457",1252,1430,179,17900000,125200001,143100000
1,"HG01463",1252,1431,180,1.8e+07,125200001,143200000
1,"HG01466",1252,1430,179,17900000,125200001,143100000
1,"HG01490",1252,1430,179,17900000,125200001,143100000
1,"HG01493",1252,1430,179,17900000,125200001,143100000
1,"HG01493",2050,2059,10,1e+06,205000001,206000000
1,"HG01496",1252,1430,179,17900000,125200001,143100000
1,"HG01499",1252,1431,180,1.8e+07,125200001,143200000
1,"HG01552",1252,1430,179,17900000,125200001,143100000
1,"HG01567",1252,1430,179,17900000,125200001,143100000
1,"HG01573",1252,1430,179,17900000,125200001,143100000
1,"HG01579",1252,1430,179,17900000,125200001,143100000
1,"HG01881",1252,1430,179,17900000,125200001,143100000
1,"HG01884",1252,1430,179,17900000,125200001,143100000
1,"HG01887",1252,1430,179,17900000,125200001,143100000
1,"HG01888",1252,1430,179,17900000,125200001,143100000
1,"HG01891",1252,1430,179,17900000,125200001,143100000
1,"HG01895",1252,1430,179,17900000,125200001,143100000
1,"HG01897",1252,1430,179,17900000,125200001,143100000
1,"HG01898",1252,1430,179,17900000,125200001,143100000
1,"HG01916",1252,1430,179,17900000,125200001,143100000
1,"HG01919",1252,1430,179,17900000,125200001,143100000
1,"HG01922",1252,1430,179,17900000,125200001,143100000
1,"HG01925",1252,1430,179,17900000,125200001,143100000
1,"HG01928",1252,1430,179,17900000,125200001,143100000
1,"HG01934",1252,1431,180,1.8e+07,125200001,143200000
1,"HG01937",239,249,11,1100000,23900001,25000000
1,"HG01937",1252,1430,179,17900000,125200001,143100000
1,"HG01940",1252,1430,179,17900000,125200001,143100000
1,"HG01943",1252,1430,179,17900000,125200001,143100000
1,"HG01946",1252,1430,179,17900000,125200001,143100000
1,"HG01949",1252,1430,179,17900000,125200001,143100000
1,"HG01952",1252,1430,179,17900000,125200001,143100000
1,"HG01955",1252,1430,179,17900000,125200001,143100000
1,"HG01959",1252,1430,179,17900000,125200001,143100000
1,"HG01960",1252,1430,179,17900000,125200001,143100000
1,"HG01969",1252,1430,179,17900000,125200001,143100000
1,"HG01972",1252,1430,179,17900000,125200001,143100000
1,"HG01975",1252,1430,179,17900000,125200001,143100000
1,"HG01978",1252,1430,179,17900000,125200001,143100000
1,"HG01981",1252,1430,179,17900000,125200001,143100000
1,"HG01984",1252,1430,179,17900000,125200001,143100000
1,"HG01987",1252,1430,179,17900000,125200001,143100000
1,"HG01993",1252,1430,179,17900000,125200001,143100000
1,"HG01998",1252,1430,179,17900000,125200001,143100000
1,"HG02004",1252,1430,179,17900000,125200001,143100000
1,"HG02011",655,664,10,1e+06,65500001,66500000
1,"HG02011",1252,1430,179,17900000,125200001,143100000
1,"HG02055",1252,1430,179,17900000,125200001,143100000
1,"HG02091",1252,1430,179,17900000,125200001,143100000
1,"HG02106",1252,1430,179,17900000,125200001,143100000
1,"HG02145",1252,1430,179,17900000,125200001,143100000
1,"HG02148",1252,1430,179,17900000,125200001,143100000
1,"HG02257",1252,1431,180,1.8e+07,125200001,143200000
1,"HG02258",1252,1430,179,17900000,125200001,143100000
1,"HG02261",1252,1430,179,17900000,125200001,143100000
1,"HG02273",1252,1430,179,17900000,125200001,143100000
1,"HG02279",1252,1430,179,17900000,125200001,143100000
1,"HG02280",1252,1430,179,17900000,125200001,143100000
1,"HG02287",1252,1430,179,17900000,125200001,143100000
1,"HG02293",1252,1430,179,17900000,125200001,143100000
1,"HG02300",1252,1430,179,17900000,125200001,143100000
1,"HG02303",1252,1430,179,17900000,125200001,143100000
1,"HG02316",1252,1430,179,17900000,125200001,143100000
1,"HG02321",1252,1430,179,17900000,125200001,143100000
1,"HG02451",1252,1430,179,17900000,125200001,143100000
1,"HG02924",1252,1431,180,1.8e+07,125200001,143200000
1,"HG02945",1252,1431,180,1.8e+07,125200001,143200000
1,"HG02945",2210,2219,10,1e+06,221000001,222000000
1,"HG02948",1252,1430,179,17900000,125200001,143100000
1,"HG02954",1252,1430,179,17900000,125200001,143100000
1,"HG02966",1252,1430,179,17900000,125200001,143100000
1,"HG02972",1252,1430,179,17900000,125200001,143100000
1,"HG02975",1252,1430,179,17900000,125200001,143100000
1,"HG02978",1252,1430,179,17900000,125200001,143100000
1,"HG02980",410,421,12,1200000,41000001,42200000
1,"HG02980",1252,1430,179,17900000,125200001,143100000
1,"HG03101",1252,1430,179,17900000,125200001,143100000
1,"HG03110",1252,1430,179,17900000,125200001,143100000
1,"HG03113",1252,1430,179,17900000,125200001,143100000
1,"HG03116",1252,1430,179,17900000,125200001,143100000
1,"HG03119",1252,1430,179,17900000,125200001,143100000
1,"HG03122",1252,1430,179,17900000,125200001,143100000
1,"HG03125",1252,1430,179,17900000,125200001,143100000
1,"HG03128",325,334,10,1e+06,32500001,33500000
1,"HG03128",1252,1431,180,1.8e+07,125200001,143200000
1,"HG03131",1252,1430,179,17900000,125200001,143100000
1,"HG03134",1252,1430,179,17900000,125200001,143100000
1,"HG03137",1252,1430,179,17900000,125200001,143100000
1,"HG03161",1252,1430,179,17900000,125200001,143100000
1,"HG03164",1252,1430,179,17900000,125200001,143100000
1,"HG03170",1252,1430,179,17900000,125200001,143100000
1,"HG03191",1252,1430,179,17900000,125200001,143100000
1,"HG03197",574,592,19,1900000,57400001,59300000
1,"HG03197",1252,1430,179,17900000,125200001,143100000
1,"HG03200",1252,1431,180,1.8e+07,125200001,143200000
1,"HG03269",1252,1430,179,17900000,125200001,143100000
1,"HG03272",1252,1430,179,17900000,125200001,143100000
1,"HG03296",1252,1430,179,17900000,125200001,143100000
1,"HG03299",1252,1430,179,17900000,125200001,143100000
1,"HG03302",1252,1430,179,17900000,125200001,143100000
1,"HG03305",1252,1430,179,17900000,125200001,143100000
1,"HG03308",1252,1430,179,17900000,125200001,143100000
1,"HG03310",1252,1430,179,17900000,125200001,143100000
1,"HG03314",1020,1035,16,1600000,102000001,103600000
1,"HG03314",1252,1431,180,1.8e+07,125200001,143200000
1,"HG03344",1252,1430,179,17900000,125200001,143100000
1,"HG03350",1252,1430,179,17900000,125200001,143100000
1,"HG03368",1252,1430,179,17900000,125200001,143100000
1,"HG03371",1252,1430,179,17900000,125200001,143100000
1,"HG03374",1252,1430,179,17900000,125200001,143100000
1,"HG03516",1252,1431,180,1.8e+07,125200001,143200000
1,"HG03519",1252,1430,179,17900000,125200001,143100000
1,"HG03522",1252,1430,179,17900000,125200001,143100000
1,"NA06991",1252,1430,179,17900000,125200001,143100000
1,"NA06995",1252,1430,179,17900000,125200001,143100000
1,"NA06997",1252,1430,179,17900000,125200001,143100000
1,"NA07014",1252,1430,179,17900000,125200001,143100000
1,"NA07019",1252,1430,179,17900000,125200001,143100000
1,"NA07029",1252,1431,180,1.8e+07,125200001,143200000
1,"NA07048",712,724,13,1300000,71200001,72500000
1,"NA07048",1252,1430,179,17900000,125200001,143100000
1,"NA07348",1252,1430,179,17900000,125200001,143100000
1,"NA07349",1252,1430,179,17900000,125200001,143100000
1,"NA10830",1252,1431,180,1.8e+07,125200001,143200000
1,"NA10831",1252,1430,179,17900000,125200001,143100000
1,"NA10835",1252,1430,179,17900000,125200001,143100000
1,"NA10836",1252,1430,179,17900000,125200001,143100000
1,"NA10837",1252,1430,179,17900000,125200001,143100000
1,"NA10838",1252,1430,179,17900000,125200001,143100000
1,"NA10839",1252,1430,179,17900000,125200001,143100000
1,"NA10840",1252,1430,179,17900000,125200001,143100000
1,"NA10842",1252,1430,179,17900000,125200001,143100000
1,"NA10843",1252,1430,179,17900000,125200001,143100000
1,"NA10845",1252,1430,179,17900000,125200001,143100000
1,"NA10846",1252,1430,179,17900000,125200001,143100000
1,"NA10847",1252,1430,179,17900000,125200001,143100000
1,"NA10851",1252,1430,179,17900000,125200001,143100000
1,"NA10852",1252,1430,179,17900000,125200001,143100000
1,"NA10854",1252,1430,179,17900000,125200001,143100000
1,"NA10855",1252,1430,179,17900000,125200001,143100000
1,"NA10856",1252,1430,179,17900000,125200001,143100000
1,"NA10857",1252,1430,179,17900000,125200001,143100000
1,"NA10859",1252,1430,179,17900000,125200001,143100000
1,"NA10860",1252,1430,179,17900000,125200001,143100000
1,"NA10861",1252,1430,179,17900000,125200001,143100000
1,"NA10861",1925,1935,11,1100000,192500001,193600000
1,"NA10863",1252,1431,180,1.8e+07,125200001,143200000
1,"NA10864",1252,1430,179,17900000,125200001,143100000
1,"NA10865",1252,1430,179,17900000,125200001,143100000
1,"NA12329",1252,1430,179,17900000,125200001,143100000
1,"NA12335",1252,1430,179,17900000,125200001,143100000
1,"NA12336",1252,1430,179,17900000,125200001,143100000
1,"NA12344",1252,1430,179,17900000,125200001,143100000
1,"NA12376",1252,1430,179,17900000,125200001,143100000
1,"NA12386",1252,1430,179,17900000,125200001,143100000
1,"NA12485",1252,1430,179,17900000,125200001,143100000
1,"NA12707",1252,1430,179,17900000,125200001,143100000
1,"NA12739",1252,1430,179,17900000,125200001,143100000
1,"NA12740",1252,1430,179,17900000,125200001,143100000
1,"NA12752",1252,1430,179,17900000,125200001,143100000
1,"NA12753",1252,1430,179,17900000,125200001,143100000
1,"NA12766",1252,1430,179,17900000,125200001,143100000
1,"NA12767",1252,1430,179,17900000,125200001,143100000
1,"NA12801",1252,1430,179,17900000,125200001,143100000
1,"NA12802",1252,1430,179,17900000,125200001,143100000
1,"NA12817",1252,1430,179,17900000,125200001,143100000
1,"NA12817",1850,1860,11,1100000,185000001,186100000
1,"NA12818",1252,1430,179,17900000,125200001,143100000
1,"NA12832",1252,1430,179,17900000,125200001,143100000
1,"NA12864",1252,1430,179,17900000,125200001,143100000
1,"NA12865",1252,1431,180,1.8e+07,125200001,143200000
1,"NA12877",1252,1430,179,17900000,125200001,143100000
1,"NA12878",455,467,13,1300000,45500001,46800000
1,"NA12878",1252,1430,179,17900000,125200001,143100000
1,"NA18484",1252,1430,179,17900000,125200001,143100000
1,"NA18485",1252,1430,179,17900000,125200001,143100000
1,"NA18497",1252,1430,179,17900000,125200001,143100000
1,"NA18500",1252,1430,179,17900000,125200001,143100000
1,"NA18503",1252,1430,179,17900000,125200001,143100000
1,"NA18503",1471,1480,10,1e+06,147100001,148100000
1,"NA18503",1498,1514,17,1700000,149800001,151500000
1,"NA18506",1252,1430,179,17900000,125200001,143100000
1,"NA18515",1252,1430,179,17900000,125200001,143100000
1,"NA18518",1252,1430,179,17900000,125200001,143100000
1,"NA18521",1252,1430,179,17900000,125200001,143100000
1,"NA18854",1252,1430,179,17900000,125200001,143100000
1,"NA18857",1252,1430,179,17900000,125200001,143100000
1,"NA18860",1252,1430,179,17900000,125200001,143100000
1,"NA18863",1252,1430,179,17900000,125200001,143100000
1,"NA18869",1252,1430,179,17900000,125200001,143100000
1,"NA18872",1252,1430,179,17900000,125200001,143100000
1,"NA18875",1252,1430,179,17900000,125200001,143100000
1,"NA18906",1252,1430,179,17900000,125200001,143100000
1,"NA18911",1252,1431,180,1.8e+07,125200001,143200000
1,"NA18914",1252,1430,179,17900000,125200001,143100000
1,"NA18925",1252,1430,179,17900000,125200001,143100000
1,"NA18930",1252,1430,179,17900000,125200001,143100000
1,"NA18935",1252,1430,179,17900000,125200001,143100000
1,"NA19094",1252,1430,179,17900000,125200001,143100000
1,"NA19097",1252,1430,179,17900000,125200001,143100000
1,"NA19100",1252,1431,180,1.8e+07,125200001,143200000
1,"NA19100",1842,1851,10,1e+06,184200001,185200000
1,"NA19103",1252,1430,179,17900000,125200001,143100000
1,"NA19109",1252,1431,180,1.8e+07,125200001,143200000
1,"NA19115",1252,1430,179,17900000,125200001,143100000
1,"NA19120",1252,1431,180,1.8e+07,125200001,143200000
1,"NA19123",1252,1430,179,17900000,125200001,143100000
1,"NA19129",1252,1430,179,17900000,125200001,143100000
1,"NA19132",1252,1430,179,17900000,125200001,143100000
1,"NA19139",1252,1430,179,17900000,125200001,143100000
1,"NA19142",1252,1430,179,17900000,125200001,143100000
1,"NA19142",1963,1973,11,1100000,196300001,197400000
1,"NA19142",1975,1986,12,1200000,197500001,198700000
1,"NA19145",1252,1430,179,17900000,125200001,143100000
1,"NA19145",1860,1875,16,1600000,186000001,187600000
1,"NA19148",1252,1430,179,17900000,125200001,143100000
1,"NA19151",1252,1430,179,17900000,125200001,143100000
1,"NA19154",1252,1430,179,17900000,125200001,143100000
1,"NA19161",1252,1430,179,17900000,125200001,143100000
1,"NA19173",1252,1430,179,17900000,125200001,143100000
1,"NA19174",1252,1430,179,17900000,125200001,143100000
1,"NA19177",1252,1430,179,17900000,125200001,143100000
1,"NA19186",1252,1430,179,17900000,125200001,143100000
1,"NA19191",1252,1430,179,17900000,125200001,143100000
1,"NA19199",1252,1430,179,17900000,125200001,143100000
1,"NA19202",1252,1430,179,17900000,125200001,143100000
1,"NA19205",1252,1430,179,17900000,125200001,143100000
1,"NA19208",1252,1430,179,17900000,125200001,143100000
1,"NA19211",1252,1430,179,17900000,125200001,143100000
1,"NA19215",1252,1430,179,17900000,125200001,143100000
1,"NA19221",1252,1430,179,17900000,125200001,143100000
1,"NA19224",1252,1430,179,17900000,125200001,143100000
1,"NA19237",1252,1431,180,1.8e+07,125200001,143200000
1,"NA19240",1252,1430,179,17900000,125200001,143100000
1,"NA19249",1252,1431,180,1.8e+07,125200001,143200000
1,"NA19258",1252,1430,179,17900000,125200001,143100000
1,"NA19650",715,754,40,4e+06,71500001,75500000
1,"NA19650",1252,1430,179,17900000,125200001,143100000
1,"NA19653",1252,1430,179,17900000,125200001,143100000
1,"NA19656",1252,1430,179,17900000,125200001,143100000
1,"NA19659",1252,1430,179,17900000,125200001,143100000
1,"NA19662",1252,1430,179,17900000,125200001,143100000
1,"NA19665",1252,1430,179,17900000,125200001,143100000
1,"NA19671",1252,1430,179,17900000,125200001,143100000
1,"NA19675",1252,1431,180,1.8e+07,125200001,143200000
1,"NA19677",1252,1430,179,17900000,125200001,143100000
1,"NA19680",1252,1430,179,17900000,125200001,143100000
1,"NA19683",1252,1430,179,17900000,125200001,143100000
1,"NA19685",1252,1430,179,17900000,125200001,143100000
1,"NA19686",370,383,14,1400000,37000001,38400000
1,"NA19686",1252,1430,179,17900000,125200001,143100000
1,"NA19702",1252,1430,179,17900000,125200001,143100000
1,"NA19705",1252,1430,179,17900000,125200001,143100000
1,"NA19718",1252,1430,179,17900000,125200001,143100000
1,"NA19721",472,481,10,1e+06,47200001,48200000
1,"NA19721",1252,1430,179,17900000,125200001,143100000
1,"NA19724",1252,1430,179,17900000,125200001,143100000
1,"NA19727",1252,1430,179,17900000,125200001,143100000
1,"NA19730",1252,1430,179,17900000,125200001,143100000
1,"NA19733",1252,1430,179,17900000,125200001,143100000
1,"NA19748",1252,1430,179,17900000,125200001,143100000
1,"NA19751",1252,1430,179,17900000,125200001,143100000
1,"NA19757",1252,1430,179,17900000,125200001,143100000
1,"NA19760",1252,1430,179,17900000,125200001,143100000
1,"NA19763",137,164,28,2800000,13700001,16500000
1,"NA19763",170,188,19,1900000,17000001,18900000
1,"NA19763",190,203,14,1400000,19000001,20400000
1,"NA19763",1252,1430,179,17900000,125200001,143100000
1,"NA19772",1252,1430,179,17900000,125200001,143100000
1,"NA19775",1252,1430,179,17900000,125200001,143100000
1,"NA19778",1252,1430,179,17900000,125200001,143100000
1,"NA19781",1252,1431,180,1.8e+07,125200001,143200000
1,"NA19784",1252,1430,179,17900000,125200001,143100000
1,"NA19787",1252,1430,179,17900000,125200001,143100000
1,"NA19790",1252,1430,179,17900000,125200001,143100000
1,"NA19796",1252,1430,179,17900000,125200001,143100000
1,"NA19828",1252,1430,179,17900000,125200001,143100000
1,"NA19836",1252,1431,180,1.8e+07,125200001,143200000
1,"NA19902",1252,1431,180,1.8e+07,125200001,143200000
1,"NA19918",1252,1430,179,17900000,125200001,143100000
1,"NA19919",1252,1431,180,1.8e+07,125200001,143200000
1,"NA19924",1252,1430,179,17900000,125200001,143100000
1,"NA19983",1252,1430,179,17900000,125200001,143100000
1,"NA20128",1252,1430,179,17900000,125200001,143100000
1,"NA20129",1252,1430,179,17900000,125200001,143100000
1,"NA20279",1252,1430,179,17900000,125200001,143100000
1,"NA20358",1252,1430,179,17900000,125200001,143100000
2,"HG00405",904,913,10,1e+06,90400001,91400000
2,"HG00408",904,913,10,1e+06,90400001,91400000
2,"HG00420",904,913,10,1e+06,90400001,91400000
2,"HG00423",904,913,10,1e+06,90400001,91400000
2,"HG00429",904,913,10,1e+06,90400001,91400000
2,"HG00438",904,913,10,1e+06,90400001,91400000
2,"HG00444",904,913,10,1e+06,90400001,91400000
2,"HG00447",904,913,10,1e+06,90400001,91400000
2,"HG00453",904,913,10,1e+06,90400001,91400000
2,"HG00459",904,913,10,1e+06,90400001,91400000
2,"HG00465",904,913,10,1e+06,90400001,91400000
2,"HG00465",2098,2109,12,1200000,209800001,211000000
2,"HG00474",904,913,10,1e+06,90400001,91400000
2,"HG00477",904,913,10,1e+06,90400001,91400000
2,"HG00480",904,913,10,1e+06,90400001,91400000
2,"HG00502",904,913,10,1e+06,90400001,91400000
2,"HG00514",904,913,10,1e+06,90400001,91400000
2,"HG00526",904,913,10,1e+06,90400001,91400000
2,"HG00532",904,913,10,1e+06,90400001,91400000
2,"HG00535",904,913,10,1e+06,90400001,91400000
2,"HG00538",904,913,10,1e+06,90400001,91400000
2,"HG00544",904,913,10,1e+06,90400001,91400000
2,"HG00552",904,913,10,1e+06,90400001,91400000
2,"HG00555",904,913,10,1e+06,90400001,91400000
2,"HG00561",904,913,10,1e+06,90400001,91400000
2,"HG00567",904,913,10,1e+06,90400001,91400000
2,"HG00579",904,913,10,1e+06,90400001,91400000
2,"HG00579",2102,2114,13,1300000,210200001,211500000
2,"HG00582",904,913,10,1e+06,90400001,91400000
2,"HG00585",904,913,10,1e+06,90400001,91400000
2,"HG00591",904,913,10,1e+06,90400001,91400000
2,"HG00594",904,913,10,1e+06,90400001,91400000
2,"HG00597",904,913,10,1e+06,90400001,91400000
2,"HG00609",904,913,10,1e+06,90400001,91400000
2,"HG00612",904,913,10,1e+06,90400001,91400000
2,"HG00621",904,913,10,1e+06,90400001,91400000
2,"HG00627",904,913,10,1e+06,90400001,91400000
2,"HG00630",904,913,10,1e+06,90400001,91400000
2,"HG00636",904,913,10,1e+06,90400001,91400000
2,"HG00639",904,913,10,1e+06,90400001,91400000
2,"HG00642",904,913,10,1e+06,90400001,91400000
2,"HG00652",904,913,10,1e+06,90400001,91400000
2,"HG00655",904,913,10,1e+06,90400001,91400000
2,"HG00658",904,913,10,1e+06,90400001,91400000
2,"HG00664",904,913,10,1e+06,90400001,91400000
2,"HG00673",904,913,10,1e+06,90400001,91400000
2,"HG00685",904,913,10,1e+06,90400001,91400000
2,"HG00691",904,913,10,1e+06,90400001,91400000
2,"HG00694",904,913,10,1e+06,90400001,91400000
2,"HG00700",904,913,10,1e+06,90400001,91400000
2,"HG00702",904,913,10,1e+06,90400001,91400000
2,"HG00703",904,913,10,1e+06,90400001,91400000
2,"HG00706",904,913,10,1e+06,90400001,91400000
2,"HG00709",904,913,10,1e+06,90400001,91400000
2,"HG00733",294,353,60,6e+06,29400001,35400000
2,"HG00733",355,422,68,6800000,35500001,42300000
2,"HG00735",904,913,10,1e+06,90400001,91400000
2,"HG00738",904,913,10,1e+06,90400001,91400000
2,"HG00741",904,913,10,1e+06,90400001,91400000
2,"HG01050",904,913,10,1e+06,90400001,91400000
2,"HG01053",904,913,10,1e+06,90400001,91400000
2,"HG01056",904,913,10,1e+06,90400001,91400000
2,"HG01056",1589,1614,26,2600000,158900001,161500000
2,"HG01056",1616,1672,57,5700000,161600001,167300000
2,"HG01056",1674,1687,14,1400000,167400001,168800000
2,"HG01062",904,913,10,1e+06,90400001,91400000
2,"HG01068",904,913,10,1e+06,90400001,91400000
2,"HG01071",904,913,10,1e+06,90400001,91400000
2,"HG01071",1743,1755,13,1300000,174300001,175600000
2,"HG01074",185,234,50,5e+06,18500001,23500000
2,"HG01074",904,913,10,1e+06,90400001,91400000
2,"HG01081",904,913,10,1e+06,90400001,91400000
2,"HG01087",721,735,15,1500000,72100001,73600000
2,"HG01087",737,765,29,2900000,73700001,76600000
2,"HG01087",778,788,11,1100000,77800001,78900000
2,"HG01087",790,810,21,2100000,79000001,81100000
2,"HG01087",904,913,10,1e+06,90400001,91400000
2,"HG01096",904,913,10,1e+06,90400001,91400000
2,"HG01099",904,913,10,1e+06,90400001,91400000
2,"HG01100",362,378,17,1700000,36200001,37900000
2,"HG01100",904,913,10,1e+06,90400001,91400000
2,"HG01103",904,913,10,1e+06,90400001,91400000
2,"HG01103",2407,2419,13,1300000,240700001,242000000
2,"HG01106",904,913,10,1e+06,90400001,91400000
2,"HG01109",904,913,10,1e+06,90400001,91400000
2,"HG01114",904,913,10,1e+06,90400001,91400000
2,"HG01126",1666,1676,11,1100000,166600001,167700000
2,"HG01135",904,913,10,1e+06,90400001,91400000
2,"HG01138",534,617,84,8400000,53400001,61800000
2,"HG01138",904,913,10,1e+06,90400001,91400000
2,"HG01150",904,913,10,1e+06,90400001,91400000
2,"HG01169",904,913,10,1e+06,90400001,91400000
2,"HG01175",904,913,10,1e+06,90400001,91400000
2,"HG01178",904,913,10,1e+06,90400001,91400000
2,"HG01189",904,913,10,1e+06,90400001,91400000
2,"HG01192",1791,1823,33,3300000,179100001,182400000
2,"HG01199",904,913,10,1e+06,90400001,91400000
2,"HG01206",904,913,10,1e+06,90400001,91400000
2,"HG01243",904,913,10,1e+06,90400001,91400000
2,"HG01249",904,913,10,1e+06,90400001,91400000
2,"HG01252",904,913,10,1e+06,90400001,91400000
2,"HG01255",904,913,10,1e+06,90400001,91400000
2,"HG01255",1546,1558,13,1300000,154600001,155900000
2,"HG01258",904,913,10,1e+06,90400001,91400000
2,"HG01258",1346,1358,13,1300000,134600001,135900000
2,"HG01279",2,14,13,1300000,200001,1500000
2,"HG01279",16,26,11,1100000,1600001,2700000
2,"HG01279",904,913,10,1e+06,90400001,91400000
2,"HG01279",1087,1096,10,1e+06,108700001,109700000
2,"HG01343",904,913,10,1e+06,90400001,91400000
2,"HG01349",904,913,10,1e+06,90400001,91400000
2,"HG01352",904,913,10,1e+06,90400001,91400000
2,"HG01355",904,913,10,1e+06,90400001,91400000
2,"HG01358",904,913,10,1e+06,90400001,91400000
2,"HG01358",1706,1739,34,3400000,170600001,174000000
2,"HG01361",904,913,10,1e+06,90400001,91400000
2,"HG01361",2358,2386,29,2900000,235800001,238700000
2,"HG01361",2388,2405,18,1800000,238800001,240600000
2,"HG01367",904,913,10,1e+06,90400001,91400000
2,"HG01376",904,913,10,1e+06,90400001,91400000
2,"HG01379",904,913,10,1e+06,90400001,91400000
2,"HG01385",904,913,10,1e+06,90400001,91400000
2,"HG01391",904,913,10,1e+06,90400001,91400000
2,"HG01433",904,913,10,1e+06,90400001,91400000
2,"HG01439",904,913,10,1e+06,90400001,91400000
2,"HG01457",904,913,10,1e+06,90400001,91400000
2,"HG01463",904,913,10,1e+06,90400001,91400000
2,"HG01490",387,400,14,1400000,38700001,40100000
2,"HG01490",904,913,10,1e+06,90400001,91400000
2,"HG01493",904,913,10,1e+06,90400001,91400000
2,"HG01496",904,913,10,1e+06,90400001,91400000
2,"HG01499",904,913,10,1e+06,90400001,91400000
2,"HG01552",904,913,10,1e+06,90400001,91400000
2,"HG01552",1623,1635,13,1300000,162300001,163600000
2,"HG01567",904,913,10,1e+06,90400001,91400000
2,"HG01573",904,913,10,1e+06,90400001,91400000
2,"HG01579",904,913,10,1e+06,90400001,91400000
2,"HG01895",611,622,12,1200000,61100001,62300000
2,"HG01898",904,913,10,1e+06,90400001,91400000
2,"HG01916",904,913,10,1e+06,90400001,91400000
2,"HG01919",904,913,10,1e+06,90400001,91400000
2,"HG01922",904,913,10,1e+06,90400001,91400000
2,"HG01925",904,913,10,1e+06,90400001,91400000
2,"HG01928",904,913,10,1e+06,90400001,91400000
2,"HG01934",904,913,10,1e+06,90400001,91400000
2,"HG01937",904,913,10,1e+06,90400001,91400000
2,"HG01940",904,913,10,1e+06,90400001,91400000
2,"HG01943",904,913,10,1e+06,90400001,91400000
2,"HG01946",904,913,10,1e+06,90400001,91400000
2,"HG01949",904,913,10,1e+06,90400001,91400000
2,"HG01952",904,913,10,1e+06,90400001,91400000
2,"HG01955",904,913,10,1e+06,90400001,91400000
2,"HG01960",904,913,10,1e+06,90400001,91400000
2,"HG01960",1474,1486,13,1300000,147400001,148700000
2,"HG01969",904,913,10,1e+06,90400001,91400000
2,"HG01972",385,396,12,1200000,38500001,39700000
2,"HG01975",904,913,10,1e+06,90400001,91400000
2,"HG01975",1155,1164,10,1e+06,115500001,116500000
2,"HG01978",904,913,10,1e+06,90400001,91400000
2,"HG01981",904,913,10,1e+06,90400001,91400000
2,"HG01984",904,913,10,1e+06,90400001,91400000
2,"HG01993",904,913,10,1e+06,90400001,91400000
2,"HG01998",904,913,10,1e+06,90400001,91400000
2,"HG02004",904,913,10,1e+06,90400001,91400000
2,"HG02055",904,913,10,1e+06,90400001,91400000
2,"HG02091",904,913,10,1e+06,90400001,91400000
2,"HG02106",904,913,10,1e+06,90400001,91400000
2,"HG02145",904,913,10,1e+06,90400001,91400000
2,"HG02148",904,913,10,1e+06,90400001,91400000
2,"HG02257",904,913,10,1e+06,90400001,91400000
2,"HG02257",1972,1981,10,1e+06,197200001,198200000
2,"HG02258",904,913,10,1e+06,90400001,91400000
2,"HG02261",904,913,10,1e+06,90400001,91400000
2,"HG02273",904,913,10,1e+06,90400001,91400000
2,"HG02273",2296,2317,22,2200000,229600001,231800000
2,"HG02273",2319,2375,57,5700000,231900001,237600000
2,"HG02273",2377,2388,12,1200000,237700001,238900000
2,"HG02279",904,913,10,1e+06,90400001,91400000
2,"HG02287",904,913,10,1e+06,90400001,91400000
2,"HG02293",904,913,10,1e+06,90400001,91400000
2,"HG02300",904,913,10,1e+06,90400001,91400000
2,"HG02303",904,913,10,1e+06,90400001,91400000
2,"HG02924",8,56,49,4900000,800001,5700000
2,"HG02924",58,70,13,1300000,5800001,7100000
2,"HG02948",904,913,10,1e+06,90400001,91400000
2,"HG02954",904,913,10,1e+06,90400001,91400000
2,"HG02972",904,913,10,1e+06,90400001,91400000
2,"HG02975",754,764,11,1100000,75400001,76500000
2,"HG02975",904,913,10,1e+06,90400001,91400000
2,"HG02978",904,913,10,1e+06,90400001,91400000
2,"HG02978",1402,1413,12,1200000,140200001,141400000
2,"HG02978",1889,1900,12,1200000,188900001,190100000
2,"HG03110",904,913,10,1e+06,90400001,91400000
2,"HG03116",1869,1880,12,1200000,186900001,188100000
2,"HG03116",1891,1907,17,1700000,189100001,190800000
2,"HG03119",904,913,10,1e+06,90400001,91400000
2,"HG03122",538,547,10,1e+06,53800001,54800000
2,"HG03122",904,913,10,1e+06,90400001,91400000
2,"HG03128",1665,1674,10,1e+06,166500001,167500000
2,"HG03137",1740,1749,10,1e+06,174000001,175000000
2,"HG03161",2021,2033,13,1300000,202100001,203400000
2,"HG03170",904,913,10,1e+06,90400001,91400000
2,"HG03200",327,336,10,1e+06,32700001,33700000
2,"HG03200",904,913,10,1e+06,90400001,91400000
2,"HG03299",904,913,10,1e+06,90400001,91400000
2,"HG03308",711,735,25,2500000,71100001,73600000
2,"HG03308",737,749,13,1300000,73700001,75000000
2,"HG03308",904,913,10,1e+06,90400001,91400000
2,"HG03308",984,993,10,1e+06,98400001,99400000
2,"HG03310",904,913,10,1e+06,90400001,91400000
2,"HG03344",904,913,10,1e+06,90400001,91400000
2,"HG03368",1557,1567,11,1100000,155700001,156800000
2,"HG03516",591,614,24,2400000,59100001,61500000
2,"NA06991",904,913,10,1e+06,90400001,91400000
2,"NA06995",904,913,10,1e+06,90400001,91400000
2,"NA06997",904,913,10,1e+06,90400001,91400000
2,"NA07019",904,913,10,1e+06,90400001,91400000
2,"NA07029",904,913,10,1e+06,90400001,91400000
2,"NA07348",904,913,10,1e+06,90400001,91400000
2,"NA10830",806,820,15,1500000,80600001,82100000
2,"NA10830",904,913,10,1e+06,90400001,91400000
2,"NA10831",1350,1364,15,1500000,135000001,136500000
2,"NA10835",904,913,10,1e+06,90400001,91400000
2,"NA10835",1349,1358,10,1e+06,134900001,135900000
2,"NA10836",904,913,10,1e+06,90400001,91400000
2,"NA10837",904,913,10,1e+06,90400001,91400000
2,"NA10839",904,913,10,1e+06,90400001,91400000
2,"NA10840",904,913,10,1e+06,90400001,91400000
2,"NA10843",904,913,10,1e+06,90400001,91400000
2,"NA10843",1350,1363,14,1400000,135000001,136400000
2,"NA10845",904,913,10,1e+06,90400001,91400000
2,"NA10846",904,913,10,1e+06,90400001,91400000
2,"NA10847",904,913,10,1e+06,90400001,91400000
2,"NA10851",904,913,10,1e+06,90400001,91400000
2,"NA10852",311,395,85,8500000,31100001,39600000
2,"NA10852",397,423,27,2700000,39700001,42400000
2,"NA10852",431,449,19,1900000,43100001,45000000
2,"NA10852",451,508,58,5800000,45100001,50900000
2,"NA10852",510,537,28,2800000,51000001,53800000
2,"NA10852",904,913,10,1e+06,90400001,91400000
2,"NA10854",904,913,10,1e+06,90400001,91400000
2,"NA10855",904,913,10,1e+06,90400001,91400000
2,"NA10856",904,913,10,1e+06,90400001,91400000
2,"NA10857",904,913,10,1e+06,90400001,91400000
2,"NA10857",1346,1355,10,1e+06,134600001,135600000
2,"NA10859",904,913,10,1e+06,90400001,91400000
2,"NA10859",1349,1359,11,1100000,134900001,136000000
2,"NA10861",904,913,10,1e+06,90400001,91400000
2,"NA10863",904,913,10,1e+06,90400001,91400000
2,"NA10864",904,913,10,1e+06,90400001,91400000
2,"NA10865",904,913,10,1e+06,90400001,91400000
2,"NA12329",904,913,10,1e+06,90400001,91400000
2,"NA12335",904,913,10,1e+06,90400001,91400000
2,"NA12336",904,913,10,1e+06,90400001,91400000
2,"NA12344",904,913,10,1e+06,90400001,91400000
2,"NA12376",904,913,10,1e+06,90400001,91400000
2,"NA12386",904,913,10,1e+06,90400001,91400000
2,"NA12386",1351,1360,10,1e+06,135100001,136100000
2,"NA12707",904,913,10,1e+06,90400001,91400000
2,"NA12707",1350,1361,12,1200000,135000001,136200000
2,"NA12739",904,913,10,1e+06,90400001,91400000
2,"NA12740",904,913,10,1e+06,90400001,91400000
2,"NA12752",904,913,10,1e+06,90400001,91400000
2,"NA12753",904,913,10,1e+06,90400001,91400000
2,"NA12767",904,913,10,1e+06,90400001,91400000
2,"NA12801",904,913,10,1e+06,90400001,91400000
2,"NA12802",904,913,10,1e+06,90400001,91400000
2,"NA12817",904,913,10,1e+06,90400001,91400000
2,"NA12818",904,913,10,1e+06,90400001,91400000
2,"NA12832",793,811,19,1900000,79300001,81200000
2,"NA12832",904,913,10,1e+06,90400001,91400000
2,"NA12864",904,913,10,1e+06,90400001,91400000
2,"NA12865",904,913,10,1e+06,90400001,91400000
2,"NA12865",1350,1362,13,1300000,135000001,136300000
2,"NA12877",904,913,10,1e+06,90400001,91400000
2,"NA12878",904,913,10,1e+06,90400001,91400000
2,"NA18485",904,913,10,1e+06,90400001,91400000
2,"NA18497",476,488,13,1300000,47600001,48900000
2,"NA18497",490,504,15,1500000,49000001,50500000
2,"NA18497",904,913,10,1e+06,90400001,91400000
2,"NA18500",904,913,10,1e+06,90400001,91400000
2,"NA18500",1926,1941,16,1600000,192600001,194200000
2,"NA18515",904,913,10,1e+06,90400001,91400000
2,"NA18857",904,913,10,1e+06,90400001,91400000
2,"NA18872",904,913,10,1e+06,90400001,91400000
2,"NA18875",1857,1867,11,1100000,185700001,186800000
2,"NA18906",904,913,10,1e+06,90400001,91400000
2,"NA18925",904,913,10,1e+06,90400001,91400000
2,"NA18930",904,913,10,1e+06,90400001,91400000
2,"NA19097",626,641,16,1600000,62600001,64200000
2,"NA19097",904,913,10,1e+06,90400001,91400000
2,"NA19120",904,913,10,1e+06,90400001,91400000
2,"NA19123",904,913,10,1e+06,90400001,91400000
2,"NA19132",266,282,17,1700000,26600001,28300000
2,"NA19139",904,913,10,1e+06,90400001,91400000
2,"NA19154",904,913,10,1e+06,90400001,91400000
2,"NA19154",1468,1482,15,1500000,146800001,148300000
2,"NA19177",904,913,10,1e+06,90400001,91400000
2,"NA19186",904,913,10,1e+06,90400001,91400000
2,"NA19208",904,913,10,1e+06,90400001,91400000
2,"NA19224",904,913,10,1e+06,90400001,91400000
2,"NA19650",904,913,10,1e+06,90400001,91400000
2,"NA19653",904,913,10,1e+06,90400001,91400000
2,"NA19656",904,913,10,1e+06,90400001,91400000
2,"NA19659",904,913,10,1e+06,90400001,91400000
2,"NA19662",904,913,10,1e+06,90400001,91400000
2,"NA19665",904,913,10,1e+06,90400001,91400000
2,"NA19675",904,913,10,1e+06,90400001,91400000
2,"NA19677",904,913,10,1e+06,90400001,91400000
2,"NA19680",904,913,10,1e+06,90400001,91400000
2,"NA19683",904,913,10,1e+06,90400001,91400000
2,"NA19685",904,913,10,1e+06,90400001,91400000
2,"NA19686",904,913,10,1e+06,90400001,91400000
2,"NA19718",904,913,10,1e+06,90400001,91400000
2,"NA19721",904,913,10,1e+06,90400001,91400000
2,"NA19724",904,913,10,1e+06,90400001,91400000
2,"NA19727",904,913,10,1e+06,90400001,91400000
2,"NA19730",904,913,10,1e+06,90400001,91400000
2,"NA19733",904,913,10,1e+06,90400001,91400000
2,"NA19748",904,913,10,1e+06,90400001,91400000
2,"NA19757",904,913,10,1e+06,90400001,91400000
2,"NA19760",904,913,10,1e+06,90400001,91400000
2,"NA19763",904,913,10,1e+06,90400001,91400000
2,"NA19772",904,913,10,1e+06,90400001,91400000
2,"NA19775",904,913,10,1e+06,90400001,91400000
2,"NA19778",904,913,10,1e+06,90400001,91400000
2,"NA19781",904,913,10,1e+06,90400001,91400000
2,"NA19784",904,913,10,1e+06,90400001,91400000
2,"NA19787",213,223,11,1100000,21300001,22400000
2,"NA19787",225,254,30,3e+06,22500001,25500000
2,"NA19787",256,270,15,1500000,25600001,27100000
2,"NA19787",904,913,10,1e+06,90400001,91400000
2,"NA19796",904,913,10,1e+06,90400001,91400000
2,"NA19902",904,913,10,1e+06,90400001,91400000
2,"NA20128",904,913,10,1e+06,90400001,91400000
3,"HG00423",1779,1792,14,1400000,177900001,179300000
3,"HG00585",744,753,10,1e+06,74400001,75400000
3,"HG00597",1625,1639,15,1500000,162500001,164000000
3,"HG00597",1641,1680,40,4e+06,164100001,168100000
3,"HG01053",485,495,11,1100000,48500001,49600000
3,"HG01053",500,509,10,1e+06,50000001,51000000
3,"HG01189",916,926,11,1100000,91600001,92700000
3,"HG01355",524,534,11,1100000,52400001,53500000
3,"HG01361",44,58,15,1500000,4400001,5900000
3,"HG01361",60,82,23,2300000,6000001,8300000
3,"HG01361",84,93,10,1e+06,8400001,9400000
3,"HG01361",95,109,15,1500000,9500001,11000000
3,"HG01379",396,482,87,8700000,39600001,48300000
3,"HG01379",484,558,75,7500000,48400001,55900000
3,"HG01379",566,633,68,6800000,56600001,63400000
3,"HG01379",1765,1825,61,6100000,176500001,182600000
3,"HG02273",663,681,19,1900000,66300001,68200000
3,"HG02978",361,371,11,1100000,36100001,37200000
3,"HG03113",172,182,11,1100000,17200001,18300000
3,"HG03119",967,979,13,1300000,96700001,98000000
3,"HG03305",874,883,10,1e+06,87400001,88400000
3,"HG03310",1211,1220,10,1e+06,121100001,122100000
3,"HG03314",491,501,11,1100000,49100001,50200000
3,"HG03374",1156,1169,14,1400000,115600001,117000000
3,"NA06997",996,1005,10,1e+06,99600001,100600000
3,"NA07014",1662,1675,14,1400000,166200001,167600000
3,"NA07349",919,928,10,1e+06,91900001,92900000
3,"NA10851",1624,1634,11,1100000,162400001,163500000
3,"NA10851",1642,1651,10,1e+06,164200001,165200000
3,"NA12329",468,478,11,1100000,46800001,47900000
3,"NA12801",1630,1639,10,1e+06,163000001,164000000
3,"NA12865",287,297,11,1100000,28700001,29800000
3,"NA18860",819,833,15,1500000,81900001,83400000
3,"NA18925",858,871,14,1400000,85800001,87200000
3,"NA19154",949,960,12,1200000,94900001,96100000
3,"NA19211",947,960,14,1400000,94700001,96100000
3,"NA19240",341,379,39,3900000,34100001,38000000
3,"NA19680",169,178,10,1e+06,16900001,17900000
3,"NA19730",1074,1083,10,1e+06,107400001,108400000
3,"NA19763",405,414,10,1e+06,40500001,41500000
3,"NA19772",486,500,15,1500000,48600001,50100000
3,"NA19772",1731,1744,14,1400000,173100001,174500000
3,"NA19919",442,460,19,1900000,44200001,46100000
3,"NA20358",1667,1681,15,1500000,166700001,168200000
4,"HG00405",500,513,14,1400000,50000001,51400000
4,"HG00408",497,512,16,1600000,49700001,51300000
4,"HG00444",500,513,14,1400000,50000001,51400000
4,"HG00447",499,512,14,1400000,49900001,51300000
4,"HG00450",500,509,10,1e+06,50000001,51000000
4,"HG00465",499,513,15,1500000,49900001,51400000
4,"HG00474",497,509,13,1300000,49700001,51000000
4,"HG00514",498,513,16,1600000,49800001,51400000
4,"HG00567",500,509,10,1e+06,50000001,51000000
4,"HG00594",500,513,14,1400000,50000001,51400000
4,"HG00597",499,508,10,1e+06,49900001,50900000
4,"HG00612",500,509,10,1e+06,50000001,51000000
4,"HG00615",500,510,11,1100000,50000001,51100000
4,"HG00621",500,513,14,1400000,50000001,51400000
4,"HG00630",498,508,11,1100000,49800001,50900000
4,"HG00639",500,509,10,1e+06,50000001,51000000
4,"HG00652",500,509,10,1e+06,50000001,51000000
4,"HG00655",500,513,14,1400000,50000001,51400000
4,"HG00655",1723,1732,10,1e+06,172300001,173300000
4,"HG00673",1471,1482,12,1200000,147100001,148300000
4,"HG00673",1484,1556,73,7300000,148400001,155700000
4,"HG00673",1558,1575,18,1800000,155800001,157600000
4,"HG00673",1577,1589,13,1300000,157700001,159000000
4,"HG00685",1281,1315,35,3500000,128100001,131600000
4,"HG00700",500,511,12,1200000,50000001,51200000
4,"HG00733",497,508,12,1200000,49700001,50900000
4,"HG00738",498,507,10,1e+06,49800001,50800000
4,"HG00738",1361,1384,24,2400000,136100001,138500000
4,"HG00741",497,510,14,1400000,49700001,51100000
4,"HG01056",248,260,13,1300000,24800001,26100000
4,"HG01062",500,510,11,1100000,50000001,51100000
4,"HG01071",501,513,13,1300000,50100001,51400000
4,"HG01074",97,106,10,1e+06,9700001,10700000
4,"HG01074",501,513,13,1300000,50100001,51400000
4,"HG01074",671,692,22,2200000,67100001,69300000
4,"HG01074",694,839,146,14600000,69400001,84000000
4,"HG01087",500,509,10,1e+06,50000001,51000000
4,"HG01106",497,507,11,1100000,49700001,50800000
4,"HG01109",498,507,10,1e+06,49800001,50800000
4,"HG01114",99,109,11,1100000,9900001,11000000
4,"HG01126",302,375,74,7400000,30200001,37600000
4,"HG01126",497,510,14,1400000,49700001,51100000
4,"HG01150",500,509,10,1e+06,50000001,51000000
4,"HG01172",500,509,10,1e+06,50000001,51000000
4,"HG01175",1837,1853,17,1700000,183700001,185400000
4,"HG01184",1485,1530,46,4600000,148500001,153100000
4,"HG01184",1532,1543,12,1200000,153200001,154400000
4,"HG01189",1256,1316,61,6100000,125600001,131700000
4,"HG01189",1318,1333,16,1600000,131800001,133400000
4,"HG01199",500,509,10,1e+06,50000001,51000000
4,"HG01206",500,509,10,1e+06,50000001,51000000
4,"HG01249",1139,1183,45,4500000,113900001,118400000
4,"HG01249",1195,1205,11,1100000,119500001,120600000
4,"HG01276",497,507,11,1100000,49700001,50800000
4,"HG01276",1228,1242,15,1500000,122800001,124300000
4,"HG01279",169,214,46,4600000,16900001,21500000
4,"HG01279",1550,1565,16,1600000,155000001,156600000
4,"HG01279",1567,1594,28,2800000,156700001,159500000
4,"HG01355",647,656,10,1e+06,64700001,65700000
4,"HG01358",801,892,92,9200000,80100001,89300000
4,"HG01361",500,509,10,1e+06,50000001,51000000
4,"HG01376",500,509,10,1e+06,50000001,51000000
4,"HG01385",497,509,13,1300000,49700001,51000000
4,"HG01439",497,509,13,1300000,49700001,51000000
4,"HG01463",500,509,10,1e+06,50000001,51000000
4,"HG01466",500,509,10,1e+06,50000001,51000000
4,"HG01490",500,509,10,1e+06,50000001,51000000
4,"HG01499",388,449,62,6200000,38800001,45000000
4,"HG01499",451,490,40,4e+06,45100001,49100000
4,"HG01499",517,531,15,1500000,51700001,53200000
4,"HG01499",533,546,14,1400000,53300001,54700000
4,"HG01499",551,561,11,1100000,55100001,56200000
4,"HG01567",497,509,13,1300000,49700001,51000000
4,"HG01573",499,509,11,1100000,49900001,51000000
4,"HG01887",500,509,10,1e+06,50000001,51000000
4,"HG01897",500,509,10,1e+06,50000001,51000000
4,"HG01916",445,457,13,1300000,44500001,45800000
4,"HG01919",500,513,14,1400000,50000001,51400000
4,"HG01928",500,509,10,1e+06,50000001,51000000
4,"HG01934",499,509,11,1100000,49900001,51000000
4,"HG01937",497,509,13,1300000,49700001,51000000
4,"HG01952",500,509,10,1e+06,50000001,51000000
4,"HG01959",498,508,11,1100000,49800001,50900000
4,"HG01978",500,509,10,1e+06,50000001,51000000
4,"HG01984",498,510,13,1300000,49800001,51100000
4,"HG02004",498,513,16,1600000,49800001,51400000
4,"HG02011",500,513,14,1400000,50000001,51400000
4,"HG02148",499,509,11,1100000,49900001,51000000
4,"HG02273",1043,1130,88,8800000,104300001,113100000
4,"HG02273",1557,1596,40,4e+06,155700001,159700000
4,"HG02293",497,510,14,1400000,49700001,51100000
4,"HG02300",500,513,14,1400000,50000001,51400000
4,"HG02924",497,513,17,1700000,49700001,51400000
4,"HG02924",1010,1019,10,1e+06,101000001,102000000
4,"HG02945",1398,1437,40,4e+06,139800001,143800000
4,"HG02945",1442,1453,12,1200000,144200001,145400000
4,"HG02945",1455,1477,23,2300000,145500001,147800000
4,"HG02954",517,527,11,1100000,51700001,52800000
4,"HG02972",499,509,11,1100000,49900001,51000000
4,"HG03101",424,489,66,6600000,42400001,49000000
4,"HG03101",519,570,52,5200000,51900001,57100000
4,"HG03113",499,508,10,1e+06,49900001,50900000
4,"HG03119",1288,1306,19,1900000,128800001,130700000
4,"HG03137",500,509,10,1e+06,50000001,51000000
4,"HG03200",500,509,10,1e+06,50000001,51000000
4,"HG03305",499,509,11,1100000,49900001,51000000
4,"HG03350",423,449,27,2700000,42300001,45000000
4,"HG03350",451,490,40,4e+06,45100001,49100000
4,"HG03350",504,513,10,1e+06,50400001,51400000
4,"HG03368",500,509,10,1e+06,50000001,51000000
4,"HG03519",499,508,10,1e+06,49900001,50900000
4,"NA06991",500,513,14,1400000,50000001,51400000
4,"NA07349",497,509,13,1300000,49700001,51000000
4,"NA07349",1566,1577,12,1200000,156600001,157800000
4,"NA10835",960,979,20,2e+06,96000001,98000000
4,"NA10852",961,1003,43,4300000,96100001,100400000
4,"NA10854",501,510,10,1e+06,50100001,51100000
4,"NA10855",500,509,10,1e+06,50000001,51000000
4,"NA10856",497,510,14,1400000,49700001,51100000
4,"NA10859",499,508,10,1e+06,49900001,50900000
4,"NA10860",497,507,11,1100000,49700001,50800000
4,"NA12386",497,510,14,1400000,49700001,51100000
4,"NA12739",497,507,11,1100000,49700001,50800000
4,"NA12753",497,510,14,1400000,49700001,51100000
4,"NA12801",497,509,13,1300000,49700001,51000000
4,"NA12802",500,509,10,1e+06,50000001,51000000
4,"NA12865",500,509,10,1e+06,50000001,51000000
4,"NA18484",501,513,13,1300000,50100001,51400000
4,"NA18497",500,510,11,1100000,50000001,51100000
4,"NA18503",726,753,28,2800000,72600001,75400000
4,"NA18503",755,772,18,1800000,75500001,77300000
4,"NA18503",774,808,35,3500000,77400001,80900000
4,"NA18854",1275,1284,10,1e+06,127500001,128500000
4,"NA18857",1218,1227,10,1e+06,121800001,122800000
4,"NA18860",500,509,10,1e+06,50000001,51000000
4,"NA18863",500,509,10,1e+06,50000001,51000000
4,"NA18930",1013,1023,11,1100000,101300001,102400000
4,"NA18930",1712,1723,12,1200000,171200001,172400000
4,"NA19109",499,509,11,1100000,49900001,51000000
4,"NA19120",500,509,10,1e+06,50000001,51000000
4,"NA19123",500,513,14,1400000,50000001,51400000
4,"NA19132",499,513,15,1500000,49900001,51400000
4,"NA19139",500,513,14,1400000,50000001,51400000
4,"NA19161",500,509,10,1e+06,50000001,51000000
4,"NA19177",499,513,15,1500000,49900001,51400000
4,"NA19208",182,191,10,1e+06,18200001,19200000
4,"NA19221",334,348,15,1500000,33400001,34900000
4,"NA19224",501,513,13,1300000,50100001,51400000
4,"NA19240",500,514,15,1500000,50000001,51500000
4,"NA19249",504,513,10,1e+06,50400001,51400000
4,"NA19653",568,591,24,2400000,56800001,59200000
4,"NA19653",593,610,18,1800000,59300001,61100000
4,"NA19653",612,633,22,2200000,61200001,63400000
4,"NA19659",497,507,11,1100000,49700001,50800000
4,"NA19675",501,510,10,1e+06,50100001,51100000
4,"NA19680",501,510,10,1e+06,50100001,51100000
4,"NA19685",1221,1234,14,1400000,122100001,123500000
4,"NA19686",501,514,14,1400000,50100001,51500000
4,"NA19730",1411,1437,27,2700000,141100001,143800000
4,"NA19730",1440,1455,16,1600000,144000001,145600000
4,"NA19730",1457,1509,53,5300000,145700001,151000000
4,"NA19748",499,510,12,1200000,49900001,51100000
4,"NA19778",497,509,13,1300000,49700001,51000000
4,"NA19781",922,952,31,3100000,92200001,95300000
4,"NA19919",500,513,14,1400000,50000001,51400000
5,"HG00405",473,495,23,2300000,47300001,49600000
5,"HG00408",474,494,21,2100000,47400001,49500000
5,"HG00420",473,494,22,2200000,47300001,49500000
5,"HG00423",474,494,21,2100000,47400001,49500000
5,"HG00429",473,494,22,2200000,47300001,49500000
5,"HG00438",472,494,23,2300000,47200001,49500000
5,"HG00444",473,495,23,2300000,47300001,49600000
5,"HG00447",473,494,22,2200000,47300001,49500000
5,"HG00450",474,494,21,2100000,47400001,49500000
5,"HG00453",473,495,23,2300000,47300001,49600000
5,"HG00459",473,494,22,2200000,47300001,49500000
5,"HG00465",472,495,24,2400000,47200001,49600000
5,"HG00474",474,495,22,2200000,47400001,49600000
5,"HG00477",473,494,22,2200000,47300001,49500000
5,"HG00480",473,494,22,2200000,47300001,49500000
5,"HG00502",473,494,22,2200000,47300001,49500000
5,"HG00514",473,494,22,2200000,47300001,49500000
5,"HG00526",472,495,24,2400000,47200001,49600000
5,"HG00532",473,495,23,2300000,47300001,49600000
5,"HG00535",473,494,22,2200000,47300001,49500000
5,"HG00538",473,494,22,2200000,47300001,49500000
5,"HG00544",473,494,22,2200000,47300001,49500000
5,"HG00552",473,494,22,2200000,47300001,49500000
5,"HG00555",474,494,21,2100000,47400001,49500000
5,"HG00558",473,495,23,2300000,47300001,49600000
5,"HG00561",473,495,23,2300000,47300001,49600000
5,"HG00567",473,494,22,2200000,47300001,49500000
5,"HG00579",473,494,22,2200000,47300001,49500000
5,"HG00579",1547,1565,19,1900000,154700001,156600000
5,"HG00582",473,494,22,2200000,47300001,49500000
5,"HG00585",473,494,22,2200000,47300001,49500000
5,"HG00585",1547,1558,12,1200000,154700001,155900000
5,"HG00591",473,495,23,2300000,47300001,49600000
5,"HG00594",473,494,22,2200000,47300001,49500000
5,"HG00597",473,494,22,2200000,47300001,49500000
5,"HG00609",473,494,22,2200000,47300001,49500000
5,"HG00612",472,495,24,2400000,47200001,49600000
5,"HG00615",473,494,22,2200000,47300001,49500000
5,"HG00621",473,494,22,2200000,47300001,49500000
5,"HG00627",473,494,22,2200000,47300001,49500000
5,"HG00627",841,858,18,1800000,84100001,85900000
5,"HG00630",473,495,23,2300000,47300001,49600000
5,"HG00636",473,495,23,2300000,47300001,49600000
5,"HG00639",473,494,22,2200000,47300001,49500000
5,"HG00642",474,494,21,2100000,47400001,49500000
5,"HG00652",233,245,13,1300000,23300001,24600000
5,"HG00652",473,494,22,2200000,47300001,49500000
5,"HG00655",473,495,23,2300000,47300001,49600000
5,"HG00658",473,495,23,2300000,47300001,49600000
5,"HG00664",473,495,23,2300000,47300001,49600000
5,"HG00673",473,495,23,2300000,47300001,49600000
5,"HG00685",473,495,23,2300000,47300001,49600000
5,"HG00691",473,495,23,2300000,47300001,49600000
5,"HG00694",473,494,22,2200000,47300001,49500000
5,"HG00700",473,495,23,2300000,47300001,49600000
5,"HG00702",473,494,22,2200000,47300001,49500000
5,"HG00703",473,494,22,2200000,47300001,49500000
5,"HG00706",473,495,23,2300000,47300001,49600000
5,"HG00709",473,494,22,2200000,47300001,49500000
5,"HG00709",549,561,13,1300000,54900001,56200000
5,"HG00733",474,495,22,2200000,47400001,49600000
5,"HG00733",1497,1525,29,2900000,149700001,152600000
5,"HG00733",1529,1543,15,1500000,152900001,154400000
5,"HG00733",1545,1598,54,5400000,154500001,159900000
5,"HG00733",1600,1609,10,1e+06,160000001,161000000
5,"HG00733",1611,1654,44,4400000,161100001,165500000
5,"HG00735",474,494,21,2100000,47400001,49500000
5,"HG00735",845,885,41,4100000,84500001,88600000
5,"HG00735",887,904,18,1800000,88700001,90500000
5,"HG00738",473,495,23,2300000,47300001,49600000
5,"HG00741",473,494,22,2200000,47300001,49500000
5,"HG01050",473,495,23,2300000,47300001,49600000
5,"HG01053",473,494,22,2200000,47300001,49500000
5,"HG01056",473,495,23,2300000,47300001,49600000
5,"HG01062",473,495,23,2300000,47300001,49600000
5,"HG01068",473,495,23,2300000,47300001,49600000
5,"HG01071",473,494,22,2200000,47300001,49500000
5,"HG01071",812,833,22,2200000,81200001,83400000
5,"HG01071",835,881,47,4700000,83500001,88200000
5,"HG01071",883,940,58,5800000,88300001,94100000
5,"HG01074",474,495,22,2200000,47400001,49600000
5,"HG01081",473,495,23,2300000,47300001,49600000
5,"HG01084",473,494,22,2200000,47300001,49500000
5,"HG01087",474,495,22,2200000,47400001,49600000
5,"HG01096",473,495,23,2300000,47300001,49600000
5,"HG01099",473,495,23,2300000,47300001,49600000
5,"HG01100",474,495,22,2200000,47400001,49600000
5,"HG01103",473,494,22,2200000,47300001,49500000
5,"HG01106",150,169,20,2e+06,15000001,17000000
5,"HG01106",473,495,23,2300000,47300001,49600000
5,"HG01109",473,494,22,2200000,47300001,49500000
5,"HG01114",473,495,23,2300000,47300001,49600000
5,"HG01126",473,495,23,2300000,47300001,49600000
5,"HG01135",473,495,23,2300000,47300001,49600000
5,"HG01138",473,495,23,2300000,47300001,49600000
5,"HG01141",473,495,23,2300000,47300001,49600000
5,"HG01150",473,495,23,2300000,47300001,49600000
5,"HG01169",473,494,22,2200000,47300001,49500000
5,"HG01172",473,494,22,2200000,47300001,49500000
5,"HG01175",473,495,23,2300000,47300001,49600000
5,"HG01178",473,495,23,2300000,47300001,49600000
5,"HG01184",473,494,22,2200000,47300001,49500000
5,"HG01184",740,760,21,2100000,74000001,76100000
5,"HG01189",473,494,22,2200000,47300001,49500000
5,"HG01192",473,494,22,2200000,47300001,49500000
5,"HG01199",473,495,23,2300000,47300001,49600000
5,"HG01206",473,495,23,2300000,47300001,49600000
5,"HG01243",473,494,22,2200000,47300001,49500000
5,"HG01249",473,494,22,2200000,47300001,49500000
5,"HG01252",473,495,23,2300000,47300001,49600000
5,"HG01255",473,495,23,2300000,47300001,49600000
5,"HG01255",1114,1153,40,4e+06,111400001,115400000
5,"HG01258",473,495,23,2300000,47300001,49600000
5,"HG01261",473,494,22,2200000,47300001,49500000
5,"HG01273",473,494,22,2200000,47300001,49500000
5,"HG01276",473,495,23,2300000,47300001,49600000
5,"HG01279",473,494,22,2200000,47300001,49500000
5,"HG01343",474,494,21,2100000,47400001,49500000
5,"HG01346",473,495,23,2300000,47300001,49600000
5,"HG01349",473,495,23,2300000,47300001,49600000
5,"HG01352",473,495,23,2300000,47300001,49600000
5,"HG01355",473,495,23,2300000,47300001,49600000
5,"HG01358",473,494,22,2200000,47300001,49500000
5,"HG01361",473,495,23,2300000,47300001,49600000
5,"HG01367",474,494,21,2100000,47400001,49500000
5,"HG01376",472,494,23,2300000,47200001,49500000
5,"HG01379",473,495,23,2300000,47300001,49600000
5,"HG01385",473,495,23,2300000,47300001,49600000
5,"HG01385",913,931,19,1900000,91300001,93200000
5,"HG01385",933,948,16,1600000,93300001,94900000
5,"HG01391",473,494,22,2200000,47300001,49500000
5,"HG01433",473,495,23,2300000,47300001,49600000
5,"HG01439",473,494,22,2200000,47300001,49500000
5,"HG01457",474,494,21,2100000,47400001,49500000
5,"HG01463",474,494,21,2100000,47400001,49500000
5,"HG01466",473,495,23,2300000,47300001,49600000
5,"HG01490",474,494,21,2100000,47400001,49500000
5,"HG01493",473,495,23,2300000,47300001,49600000
5,"HG01496",305,315,11,1100000,30500001,31600000
5,"HG01496",473,494,22,2200000,47300001,49500000
5,"HG01499",473,495,23,2300000,47300001,49600000
5,"HG01552",473,495,23,2300000,47300001,49600000
5,"HG01567",70,84,15,1500000,7000001,8500000
5,"HG01567",473,494,22,2200000,47300001,49500000
5,"HG01567",1291,1324,34,3400000,129100001,132500000
5,"HG01573",473,494,22,2200000,47300001,49500000
5,"HG01579",473,495,23,2300000,47300001,49600000
5,"HG01881",474,494,21,2100000,47400001,49500000
5,"HG01884",473,494,22,2200000,47300001,49500000
5,"HG01887",473,495,23,2300000,47300001,49600000
5,"HG01888",473,494,22,2200000,47300001,49500000
5,"HG01891",474,494,21,2100000,47400001,49500000
5,"HG01895",473,495,23,2300000,47300001,49600000
5,"HG01897",473,494,22,2200000,47300001,49500000
5,"HG01898",473,494,22,2200000,47300001,49500000
5,"HG01916",473,494,22,2200000,47300001,49500000
5,"HG01916",1308,1317,10,1e+06,130800001,131800000
5,"HG01919",473,494,22,2200000,47300001,49500000
5,"HG01922",473,495,23,2300000,47300001,49600000
5,"HG01925",473,495,23,2300000,47300001,49600000
5,"HG01928",473,494,22,2200000,47300001,49500000
5,"HG01934",473,495,23,2300000,47300001,49600000
5,"HG01937",473,495,23,2300000,47300001,49600000
5,"HG01940",473,495,23,2300000,47300001,49600000
5,"HG01943",473,495,23,2300000,47300001,49600000
5,"HG01946",473,494,22,2200000,47300001,49500000
5,"HG01949",473,494,22,2200000,47300001,49500000
5,"HG01952",474,494,21,2100000,47400001,49500000
5,"HG01952",955,994,40,4e+06,95500001,99500000
5,"HG01952",1005,1046,42,4200000,100500001,104700000
5,"HG01955",473,495,23,2300000,47300001,49600000
5,"HG01959",474,494,21,2100000,47400001,49500000
5,"HG01960",473,495,23,2300000,47300001,49600000
5,"HG01969",474,495,22,2200000,47400001,49600000
5,"HG01972",473,494,22,2200000,47300001,49500000
5,"HG01975",473,495,23,2300000,47300001,49600000
5,"HG01978",473,495,23,2300000,47300001,49600000
5,"HG01978",509,518,10,1e+06,50900001,51900000
5,"HG01981",473,495,23,2300000,47300001,49600000
5,"HG01984",473,495,23,2300000,47300001,49600000
5,"HG01987",473,495,23,2300000,47300001,49600000
5,"HG01993",473,495,23,2300000,47300001,49600000
5,"HG01998",473,495,23,2300000,47300001,49600000
5,"HG02004",473,495,23,2300000,47300001,49600000
5,"HG02011",473,494,22,2200000,47300001,49500000
5,"HG02055",473,494,22,2200000,47300001,49500000
5,"HG02091",473,494,22,2200000,47300001,49500000
5,"HG02106",411,425,15,1500000,41100001,42600000
5,"HG02106",473,495,23,2300000,47300001,49600000
5,"HG02145",473,495,23,2300000,47300001,49600000
5,"HG02148",473,495,23,2300000,47300001,49600000
5,"HG02257",474,494,21,2100000,47400001,49500000
5,"HG02258",473,494,22,2200000,47300001,49500000
5,"HG02261",473,495,23,2300000,47300001,49600000
5,"HG02273",473,495,23,2300000,47300001,49600000
5,"HG02279",473,495,23,2300000,47300001,49600000
5,"HG02280",474,494,21,2100000,47400001,49500000
5,"HG02287",473,495,23,2300000,47300001,49600000
5,"HG02293",473,494,22,2200000,47300001,49500000
5,"HG02300",473,494,22,2200000,47300001,49500000
5,"HG02303",473,495,23,2300000,47300001,49600000
5,"HG02316",473,495,23,2300000,47300001,49600000
5,"HG02321",473,494,22,2200000,47300001,49500000
5,"HG02451",473,495,23,2300000,47300001,49600000
5,"HG02924",473,494,22,2200000,47300001,49500000
5,"HG02945",474,494,21,2100000,47400001,49500000
5,"HG02948",473,495,23,2300000,47300001,49600000
5,"HG02954",473,495,23,2300000,47300001,49600000
5,"HG02954",1277,1288,12,1200000,127700001,128900000
5,"HG02966",473,494,22,2200000,47300001,49500000
5,"HG02972",473,495,23,2300000,47300001,49600000
5,"HG02975",473,494,22,2200000,47300001,49500000
5,"HG02978",473,494,22,2200000,47300001,49500000
5,"HG02980",473,495,23,2300000,47300001,49600000
5,"HG03101",473,494,22,2200000,47300001,49500000
5,"HG03110",473,494,22,2200000,47300001,49500000
5,"HG03113",474,494,21,2100000,47400001,49500000
5,"HG03113",503,513,11,1100000,50300001,51400000
5,"HG03116",474,494,21,2100000,47400001,49500000
5,"HG03119",474,495,22,2200000,47400001,49600000
5,"HG03122",473,494,22,2200000,47300001,49500000
5,"HG03125",473,494,22,2200000,47300001,49500000
5,"HG03128",474,494,21,2100000,47400001,49500000
5,"HG03131",473,495,23,2300000,47300001,49600000
5,"HG03134",473,494,22,2200000,47300001,49500000
5,"HG03137",473,495,23,2300000,47300001,49600000
5,"HG03161",474,495,22,2200000,47400001,49600000
5,"HG03164",474,494,21,2100000,47400001,49500000
5,"HG03170",474,494,21,2100000,47400001,49500000
5,"HG03170",1373,1385,13,1300000,137300001,138600000
5,"HG03191",473,495,23,2300000,47300001,49600000
5,"HG03197",474,495,22,2200000,47400001,49600000
5,"HG03200",474,494,21,2100000,47400001,49500000
5,"HG03269",473,494,22,2200000,47300001,49500000
5,"HG03272",473,494,22,2200000,47300001,49500000
5,"HG03296",474,495,22,2200000,47400001,49600000
5,"HG03299",474,494,21,2100000,47400001,49500000
5,"HG03302",473,494,22,2200000,47300001,49500000
5,"HG03302",1134,1150,17,1700000,113400001,115100000
5,"HG03305",474,494,21,2100000,47400001,49500000
5,"HG03308",473,494,22,2200000,47300001,49500000
5,"HG03308",1480,1501,22,2200000,148000001,150200000
5,"HG03310",473,494,22,2200000,47300001,49500000
5,"HG03314",473,495,23,2300000,47300001,49600000
5,"HG03344",473,494,22,2200000,47300001,49500000
5,"HG03350",473,494,22,2200000,47300001,49500000
5,"HG03368",474,494,21,2100000,47400001,49500000
5,"HG03371",474,494,21,2100000,47400001,49500000
5,"HG03374",473,495,23,2300000,47300001,49600000
5,"HG03516",473,494,22,2200000,47300001,49500000
5,"HG03519",473,494,22,2200000,47300001,49500000
5,"HG03522",473,494,22,2200000,47300001,49500000
5,"NA06991",473,494,22,2200000,47300001,49500000
5,"NA06995",473,495,23,2300000,47300001,49600000
5,"NA06997",474,494,21,2100000,47400001,49500000
5,"NA07014",474,494,21,2100000,47400001,49500000
5,"NA07019",474,494,21,2100000,47400001,49500000
5,"NA07029",473,494,22,2200000,47300001,49500000
5,"NA07029",915,926,12,1200000,91500001,92700000
5,"NA07048",473,495,23,2300000,47300001,49600000
5,"NA07348",474,494,21,2100000,47400001,49500000
5,"NA07349",473,495,23,2300000,47300001,49600000
5,"NA10830",474,494,21,2100000,47400001,49500000
5,"NA10831",473,494,22,2200000,47300001,49500000
5,"NA10835",473,495,23,2300000,47300001,49600000
5,"NA10835",1611,1621,11,1100000,161100001,162200000
5,"NA10836",473,495,23,2300000,47300001,49600000
5,"NA10837",474,494,21,2100000,47400001,49500000
5,"NA10838",473,494,22,2200000,47300001,49500000
5,"NA10839",474,495,22,2200000,47400001,49600000
5,"NA10840",473,494,22,2200000,47300001,49500000
5,"NA10842",473,494,22,2200000,47300001,49500000
5,"NA10843",473,494,22,2200000,47300001,49500000
5,"NA10845",473,494,22,2200000,47300001,49500000
5,"NA10846",368,377,10,1e+06,36800001,37800000
5,"NA10846",473,495,23,2300000,47300001,49600000
5,"NA10847",472,495,24,2400000,47200001,49600000
5,"NA10847",839,848,10,1e+06,83900001,84900000
5,"NA10851",474,495,22,2200000,47400001,49600000
5,"NA10852",473,494,22,2200000,47300001,49500000
5,"NA10854",473,495,23,2300000,47300001,49600000
5,"NA10855",473,494,22,2200000,47300001,49500000
5,"NA10856",473,495,23,2300000,47300001,49600000
5,"NA10857",473,494,22,2200000,47300001,49500000
5,"NA10859",473,494,22,2200000,47300001,49500000
5,"NA10860",473,494,22,2200000,47300001,49500000
5,"NA10861",473,494,22,2200000,47300001,49500000
5,"NA10863",473,495,23,2300000,47300001,49600000
5,"NA10864",473,494,22,2200000,47300001,49500000
5,"NA10865",472,494,23,2300000,47200001,49500000
5,"NA12329",473,495,23,2300000,47300001,49600000
5,"NA12335",474,495,22,2200000,47400001,49600000
5,"NA12336",473,494,22,2200000,47300001,49500000
5,"NA12344",474,494,21,2100000,47400001,49500000
5,"NA12376",473,494,22,2200000,47300001,49500000
5,"NA12386",473,494,22,2200000,47300001,49500000
5,"NA12485",473,494,22,2200000,47300001,49500000
5,"NA12707",472,495,24,2400000,47200001,49600000
5,"NA12739",473,495,23,2300000,47300001,49600000
5,"NA12740",473,494,22,2200000,47300001,49500000
5,"NA12752",473,494,22,2200000,47300001,49500000
5,"NA12753",473,494,22,2200000,47300001,49500000
5,"NA12766",473,495,23,2300000,47300001,49600000
5,"NA12767",473,494,22,2200000,47300001,49500000
5,"NA12801",473,494,22,2200000,47300001,49500000
5,"NA12802",473,495,23,2300000,47300001,49600000
5,"NA12817",473,495,23,2300000,47300001,49600000
5,"NA12818",473,494,22,2200000,47300001,49500000
5,"NA12832",473,495,23,2300000,47300001,49600000
5,"NA12864",474,494,21,2100000,47400001,49500000
5,"NA12865",473,494,22,2200000,47300001,49500000
5,"NA12877",473,495,23,2300000,47300001,49600000
5,"NA12878",473,495,23,2300000,47300001,49600000
5,"NA18484",473,495,23,2300000,47300001,49600000
5,"NA18485",473,494,22,2200000,47300001,49500000
5,"NA18485",1205,1219,15,1500000,120500001,122000000
5,"NA18497",473,494,22,2200000,47300001,49500000
5,"NA18500",474,494,21,2100000,47400001,49500000
5,"NA18503",473,494,22,2200000,47300001,49500000
5,"NA18506",473,495,23,2300000,47300001,49600000
5,"NA18515",473,494,22,2200000,47300001,49500000
5,"NA18518",474,494,21,2100000,47400001,49500000
5,"NA18521",473,494,22,2200000,47300001,49500000
5,"NA18854",473,494,22,2200000,47300001,49500000
5,"NA18854",720,732,13,1300000,72000001,73300000
5,"NA18857",474,494,21,2100000,47400001,49500000
5,"NA18860",474,494,21,2100000,47400001,49500000
5,"NA18863",368,378,11,1100000,36800001,37900000
5,"NA18863",473,495,23,2300000,47300001,49600000
5,"NA18869",474,494,21,2100000,47400001,49500000
5,"NA18872",473,494,22,2200000,47300001,49500000
5,"NA18875",474,494,21,2100000,47400001,49500000
5,"NA18906",473,495,23,2300000,47300001,49600000
5,"NA18911",473,494,22,2200000,47300001,49500000
5,"NA18914",474,494,21,2100000,47400001,49500000
5,"NA18925",473,494,22,2200000,47300001,49500000
5,"NA18930",473,495,23,2300000,47300001,49600000
5,"NA18935",474,494,21,2100000,47400001,49500000
5,"NA19094",474,494,21,2100000,47400001,49500000
5,"NA19097",474,494,21,2100000,47400001,49500000
5,"NA19100",473,495,23,2300000,47300001,49600000
5,"NA19103",474,495,22,2200000,47400001,49600000
5,"NA19109",474,494,21,2100000,47400001,49500000
5,"NA19115",473,495,23,2300000,47300001,49600000
5,"NA19115",934,953,20,2e+06,93400001,95400000
5,"NA19120",474,495,22,2200000,47400001,49600000
5,"NA19123",473,494,22,2200000,47300001,49500000
5,"NA19129",474,494,21,2100000,47400001,49500000
5,"NA19129",1306,1319,14,1400000,130600001,132000000
5,"NA19129",1321,1330,10,1e+06,132100001,133100000
5,"NA19132",473,495,23,2300000,47300001,49600000
5,"NA19139",473,494,22,2200000,47300001,49500000
5,"NA19139",869,879,11,1100000,86900001,88000000
5,"NA19142",473,494,22,2200000,47300001,49500000
5,"NA19145",474,494,21,2100000,47400001,49500000
5,"NA19148",473,494,22,2200000,47300001,49500000
5,"NA19151",473,495,23,2300000,47300001,49600000
5,"NA19154",474,494,21,2100000,47400001,49500000
5,"NA19161",474,494,21,2100000,47400001,49500000
5,"NA19173",474,495,22,2200000,47400001,49600000
5,"NA19174",473,494,22,2200000,47300001,49500000
5,"NA19177",473,495,23,2300000,47300001,49600000
5,"NA19186",474,494,21,2100000,47400001,49500000
5,"NA19191",474,494,21,2100000,47400001,49500000
5,"NA19199",473,494,22,2200000,47300001,49500000
5,"NA19202",473,494,22,2200000,47300001,49500000
5,"NA19205",473,495,23,2300000,47300001,49600000
5,"NA19208",473,494,22,2200000,47300001,49500000
5,"NA19211",473,494,22,2200000,47300001,49500000
5,"NA19215",473,494,22,2200000,47300001,49500000
5,"NA19221",281,294,14,1400000,28100001,29500000
5,"NA19221",473,494,22,2200000,47300001,49500000
5,"NA19224",473,494,22,2200000,47300001,49500000
5,"NA19237",473,494,22,2200000,47300001,49500000
5,"NA19240",474,494,21,2100000,47400001,49500000
5,"NA19240",1226,1237,12,1200000,122600001,123800000
5,"NA19249",473,494,22,2200000,47300001,49500000
5,"NA19258",473,494,22,2200000,47300001,49500000
5,"NA19650",473,494,22,2200000,47300001,49500000
5,"NA19653",473,495,23,2300000,47300001,49600000
5,"NA19656",473,495,23,2300000,47300001,49600000
5,"NA19659",473,495,23,2300000,47300001,49600000
5,"NA19662",474,495,22,2200000,47400001,49600000
5,"NA19665",473,495,23,2300000,47300001,49600000
5,"NA19671",472,495,24,2400000,47200001,49600000
5,"NA19675",473,494,22,2200000,47300001,49500000
5,"NA19677",473,494,22,2200000,47300001,49500000
5,"NA19680",474,495,22,2200000,47400001,49600000
5,"NA19683",473,494,22,2200000,47300001,49500000
5,"NA19685",474,495,22,2200000,47400001,49600000
5,"NA19685",1503,1514,12,1200000,150300001,151500000
5,"NA19686",474,495,22,2200000,47400001,49600000
5,"NA19702",473,494,22,2200000,47300001,49500000
5,"NA19705",473,494,22,2200000,47300001,49500000
5,"NA19718",473,495,23,2300000,47300001,49600000
5,"NA19721",473,494,22,2200000,47300001,49500000
5,"NA19724",473,495,23,2300000,47300001,49600000
5,"NA19727",473,495,23,2300000,47300001,49600000
5,"NA19730",473,494,22,2200000,47300001,49500000
5,"NA19733",473,495,23,2300000,47300001,49600000
5,"NA19748",473,494,22,2200000,47300001,49500000
5,"NA19751",473,495,23,2300000,47300001,49600000
5,"NA19757",473,495,23,2300000,47300001,49600000
5,"NA19760",473,494,22,2200000,47300001,49500000
5,"NA19763",473,494,22,2200000,47300001,49500000
5,"NA19772",473,495,23,2300000,47300001,49600000
5,"NA19775",473,494,22,2200000,47300001,49500000
5,"NA19778",473,495,23,2300000,47300001,49600000
5,"NA19781",473,495,23,2300000,47300001,49600000
5,"NA19784",473,495,23,2300000,47300001,49600000
5,"NA19787",473,495,23,2300000,47300001,49600000
5,"NA19790",473,494,22,2200000,47300001,49500000
5,"NA19796",473,494,22,2200000,47300001,49500000
5,"NA19828",473,494,22,2200000,47300001,49500000
5,"NA19836",473,494,22,2200000,47300001,49500000
5,"NA19902",473,494,22,2200000,47300001,49500000
5,"NA19918",473,494,22,2200000,47300001,49500000
5,"NA19919",474,494,21,2100000,47400001,49500000
5,"NA19924",473,495,23,2300000,47300001,49600000
5,"NA19983",473,494,22,2200000,47300001,49500000
5,"NA20128",473,495,23,2300000,47300001,49600000
5,"NA20129",473,494,22,2200000,47300001,49500000
5,"NA20279",474,494,21,2100000,47400001,49500000
5,"NA20358",474,495,22,2200000,47400001,49600000
6,"HG00423",591,601,11,1100000,59100001,60200000
6,"HG00429",587,601,15,1500000,58700001,60200000
6,"HG00438",588,601,14,1400000,58800001,60200000
6,"HG00444",588,601,14,1400000,58800001,60200000
6,"HG00450",587,601,15,1500000,58700001,60200000
6,"HG00453",591,601,11,1100000,59100001,60200000
6,"HG00474",592,601,10,1e+06,59200001,60200000
6,"HG00480",586,601,16,1600000,58600001,60200000
6,"HG00544",591,601,11,1100000,59100001,60200000
6,"HG00558",585,601,17,1700000,58500001,60200000
6,"HG00561",462,501,40,4e+06,46200001,50200000
6,"HG00561",862,871,10,1e+06,86200001,87200000
6,"HG00579",591,601,11,1100000,59100001,60200000
6,"HG00582",592,601,10,1e+06,59200001,60200000
6,"HG00585",591,601,11,1100000,59100001,60200000
6,"HG00612",591,601,11,1100000,59100001,60200000
6,"HG00621",585,601,17,1700000,58500001,60200000
6,"HG00639",591,601,11,1100000,59100001,60200000
6,"HG00642",592,601,10,1e+06,59200001,60200000
6,"HG00652",585,601,17,1700000,58500001,60200000
6,"HG00652",1360,1384,25,2500000,136000001,138500000
6,"HG00655",592,601,10,1e+06,59200001,60200000
6,"HG00685",592,601,10,1e+06,59200001,60200000
6,"HG00691",587,601,15,1500000,58700001,60200000
6,"HG00694",590,601,12,1200000,59000001,60200000
6,"HG00702",585,601,17,1700000,58500001,60200000
6,"HG00735",587,596,10,1e+06,58700001,59700000
6,"HG01056",585,601,17,1700000,58500001,60200000
6,"HG01068",1260,1275,16,1600000,126000001,127600000
6,"HG01074",591,601,11,1100000,59100001,60200000
6,"HG01100",585,601,17,1700000,58500001,60200000
6,"HG01103",346,362,17,1700000,34600001,36300000
6,"HG01106",588,601,14,1400000,58800001,60200000
6,"HG01109",587,601,15,1500000,58700001,60200000
6,"HG01126",586,601,16,1600000,58600001,60200000
6,"HG01138",1599,1618,20,2e+06,159900001,161900000
6,"HG01172",590,601,12,1200000,59000001,60200000
6,"HG01175",592,601,10,1e+06,59200001,60200000
6,"HG01189",585,601,17,1700000,58500001,60200000
6,"HG01189",1522,1533,12,1200000,152200001,153400000
6,"HG01189",1535,1630,96,9600000,153500001,163100000
6,"HG01189",1632,1644,13,1300000,163200001,164500000
6,"HG01206",775,790,16,1600000,77500001,79100000
6,"HG01249",586,601,16,1600000,58600001,60200000
6,"HG01252",592,601,10,1e+06,59200001,60200000
6,"HG01258",592,601,10,1e+06,59200001,60200000
6,"HG01279",16,60,45,4500000,1600001,6100000
6,"HG01279",62,115,54,5400000,6200001,11600000
6,"HG01279",585,601,17,1700000,58500001,60200000
6,"HG01349",592,601,10,1e+06,59200001,60200000
6,"HG01352",1004,1089,86,8600000,100400001,109000000
6,"HG01361",710,776,67,6700000,71000001,77700000
6,"HG01361",778,813,36,3600000,77800001,81400000
6,"HG01361",817,882,66,6600000,81700001,88300000
6,"HG01361",885,936,52,5200000,88500001,93700000
6,"HG01376",592,601,10,1e+06,59200001,60200000
6,"HG01391",588,601,14,1400000,58800001,60200000
6,"HG01493",592,601,10,1e+06,59200001,60200000
6,"HG01496",591,601,11,1100000,59100001,60200000
6,"HG01499",77,204,128,12800000,7700001,20500000
6,"HG01552",592,601,10,1e+06,59200001,60200000
6,"HG01567",592,601,10,1e+06,59200001,60200000
6,"HG01579",585,596,12,1200000,58500001,59700000
6,"HG01887",585,601,17,1700000,58500001,60200000
6,"HG01897",592,601,10,1e+06,59200001,60200000
6,"HG01897",847,862,16,1600000,84700001,86300000
6,"HG01898",585,601,17,1700000,58500001,60200000
6,"HG01916",587,601,15,1500000,58700001,60200000
6,"HG01925",593,603,11,1100000,59300001,60400000
6,"HG01955",588,597,10,1e+06,58800001,59800000
6,"HG01975",587,601,15,1500000,58700001,60200000
6,"HG01978",585,596,12,1200000,58500001,59700000
6,"HG02106",585,601,17,1700000,58500001,60200000
6,"HG02148",584,601,18,1800000,58400001,60200000
6,"HG02293",587,601,15,1500000,58700001,60200000
6,"HG02321",585,597,13,1300000,58500001,59800000
6,"HG02451",585,601,17,1700000,58500001,60200000
6,"HG02945",592,601,10,1e+06,59200001,60200000
6,"HG02948",592,601,10,1e+06,59200001,60200000
6,"HG02954",588,601,14,1400000,58800001,60200000
6,"HG02966",588,601,14,1400000,58800001,60200000
6,"HG02978",592,601,10,1e+06,59200001,60200000
6,"HG03101",588,601,14,1400000,58800001,60200000
6,"HG03101",633,644,12,1200000,63300001,64500000
6,"HG03110",585,601,17,1700000,58500001,60200000
6,"HG03110",1391,1410,20,2e+06,139100001,141100000
6,"HG03125",585,601,17,1700000,58500001,60200000
6,"HG03131",592,601,10,1e+06,59200001,60200000
6,"HG03134",588,601,14,1400000,58800001,60200000
6,"HG03134",982,996,15,1500000,98200001,99700000
6,"HG03269",584,601,18,1800000,58400001,60200000
6,"HG03310",585,601,17,1700000,58500001,60200000
6,"HG03314",592,601,10,1e+06,59200001,60200000
6,"HG03350",1659,1668,10,1e+06,165900001,166900000
6,"HG03368",585,601,17,1700000,58500001,60200000
6,"HG03368",1553,1566,14,1400000,155300001,156700000
6,"HG03516",588,601,14,1400000,58800001,60200000
6,"HG03519",846,857,12,1200000,84600001,85800000
6,"NA06995",1602,1613,12,1200000,160200001,161400000
6,"NA06997",592,601,10,1e+06,59200001,60200000
6,"NA07029",592,601,10,1e+06,59200001,60200000
6,"NA10830",591,601,11,1100000,59100001,60200000
6,"NA10831",588,601,14,1400000,58800001,60200000
6,"NA10838",587,601,15,1500000,58700001,60200000
6,"NA10855",587,601,15,1500000,58700001,60200000
6,"NA12336",592,601,10,1e+06,59200001,60200000
6,"NA12376",592,601,10,1e+06,59200001,60200000
6,"NA12707",1262,1277,16,1600000,126200001,127800000
6,"NA12740",591,601,11,1100000,59100001,60200000
6,"NA12767",592,601,10,1e+06,59200001,60200000
6,"NA12802",592,601,10,1e+06,59200001,60200000
6,"NA12817",587,601,15,1500000,58700001,60200000
6,"NA12878",592,601,10,1e+06,59200001,60200000
6,"NA18515",585,594,10,1e+06,58500001,59500000
6,"NA18521",592,601,10,1e+06,59200001,60200000
6,"NA18854",588,601,14,1400000,58800001,60200000
6,"NA18860",588,601,14,1400000,58800001,60200000
6,"NA18906",621,645,25,2500000,62100001,64600000
6,"NA18935",775,791,17,1700000,77500001,79200000
6,"NA19109",592,601,10,1e+06,59200001,60200000
6,"NA19148",585,597,13,1300000,58500001,59800000
6,"NA19161",588,597,10,1e+06,58800001,59800000
6,"NA19202",585,601,17,1700000,58500001,60200000
6,"NA19202",786,797,12,1200000,78600001,79800000
6,"NA19205",591,601,11,1100000,59100001,60200000
6,"NA19221",592,601,10,1e+06,59200001,60200000
6,"NA19653",592,601,10,1e+06,59200001,60200000
6,"NA19653",1305,1326,22,2200000,130500001,132700000
6,"NA19671",591,601,11,1100000,59100001,60200000
6,"NA19686",588,601,14,1400000,58800001,60200000
6,"NA19730",585,601,17,1700000,58500001,60200000
6,"NA19775",340,356,17,1700000,34000001,35700000
6,"NA19775",367,389,23,2300000,36700001,39000000
6,"NA19787",591,601,11,1100000,59100001,60200000
6,"NA19787",1135,1146,12,1200000,113500001,114700000
6,"NA19796",585,601,17,1700000,58500001,60200000
6,"NA20358",635,647,13,1300000,63500001,64800000
7,"HG00429",582,597,16,1600000,58200001,59800000
7,"HG00450",585,600,16,1600000,58500001,60100000
7,"HG00459",588,600,13,1300000,58800001,60100000
7,"HG00502",596,607,12,1200000,59600001,60800000
7,"HG00526",582,593,12,1200000,58200001,59400000
7,"HG00544",582,593,12,1200000,58200001,59400000
7,"HG00552",594,603,10,1e+06,59400001,60400000
7,"HG00555",582,593,12,1200000,58200001,59400000
7,"HG00582",593,603,11,1100000,59300001,60400000
7,"HG00591",582,600,19,1900000,58200001,60100000
7,"HG00594",582,592,11,1100000,58200001,59300000
7,"HG00609",583,600,18,1800000,58300001,60100000
7,"HG00612",585,608,24,2400000,58500001,60900000
7,"HG00621",582,600,19,1900000,58200001,60100000
7,"HG00630",592,608,17,1700000,59200001,60900000
7,"HG00636",584,594,11,1100000,58400001,59500000
7,"HG00652",585,597,13,1300000,58500001,59800000
7,"HG00658",585,600,16,1600000,58500001,60100000
7,"HG00685",583,595,13,1300000,58300001,59600000
7,"HG00691",582,600,19,1900000,58200001,60100000
7,"HG00702",585,604,20,2e+06,58500001,60500000
7,"HG00733",585,600,16,1600000,58500001,60100000
7,"HG00735",582,600,19,1900000,58200001,60100000
7,"HG00741",214,251,38,3800000,21400001,25200000
7,"HG00741",583,600,18,1800000,58300001,60100000
7,"HG00741",1334,1344,11,1100000,133400001,134500000
7,"HG01050",585,607,23,2300000,58500001,60800000
7,"HG01071",582,600,19,1900000,58200001,60100000
7,"HG01071",893,951,59,5900000,89300001,95200000
7,"HG01071",953,964,12,1200000,95300001,96500000
7,"HG01071",966,978,13,1300000,96600001,97900000
7,"HG01071",980,996,17,1700000,98000001,99700000
7,"HG01071",998,1008,11,1100000,99800001,100900000
7,"HG01071",1010,1022,13,1300000,101000001,102300000
7,"HG01074",253,270,18,1800000,25300001,27100000
7,"HG01074",272,285,14,1400000,27200001,28600000
7,"HG01096",145,166,22,2200000,14500001,16700000
7,"HG01099",588,599,12,1200000,58800001,60000000
7,"HG01100",585,597,13,1300000,58500001,59800000
7,"HG01103",843,874,32,3200000,84300001,87500000
7,"HG01114",592,608,17,1700000,59200001,60900000
7,"HG01126",583,603,21,2100000,58300001,60400000
7,"HG01135",582,597,16,1600000,58200001,59800000
7,"HG01141",583,593,11,1100000,58300001,59400000
7,"HG01141",1316,1346,31,3100000,131600001,134700000
7,"HG01150",595,608,14,1400000,59500001,60900000
7,"HG01169",582,600,19,1900000,58200001,60100000
7,"HG01178",116,158,43,4300000,11600001,15900000
7,"HG01184",583,593,11,1100000,58300001,59400000
7,"HG01184",776,787,12,1200000,77600001,78800000
7,"HG01184",789,820,32,3200000,78900001,82100000
7,"HG01192",582,600,19,1900000,58200001,60100000
7,"HG01199",1309,1346,38,3800000,130900001,134700000
7,"HG01199",1376,1392,17,1700000,137600001,139300000
7,"HG01206",582,593,12,1200000,58200001,59400000
7,"HG01243",583,600,18,1800000,58300001,60100000
7,"HG01249",592,603,12,1200000,59200001,60400000
7,"HG01261",583,592,10,1e+06,58300001,59300000
7,"HG01261",594,603,10,1e+06,59400001,60400000
7,"HG01273",588,600,13,1300000,58800001,60100000
7,"HG01279",366,417,52,5200000,36600001,41800000
7,"HG01343",583,600,18,1800000,58300001,60100000
7,"HG01346",588,600,13,1300000,58800001,60100000
7,"HG01349",980,998,19,1900000,98000001,99900000
7,"HG01349",1010,1023,14,1400000,101000001,102400000
7,"HG01349",1028,1057,30,3e+06,102800001,105800000
7,"HG01352",585,599,15,1500000,58500001,60000000
7,"HG01355",583,600,18,1800000,58300001,60100000
7,"HG01358",581,590,10,1e+06,58100001,59100000
7,"HG01361",585,600,16,1600000,58500001,60100000
7,"HG01367",582,597,16,1600000,58200001,59800000
7,"HG01379",585,600,16,1600000,58500001,60100000
7,"HG01385",583,600,18,1800000,58300001,60100000
7,"HG01391",582,607,26,2600000,58200001,60800000
7,"HG01439",427,441,15,1500000,42700001,44200000
7,"HG01463",582,597,16,1600000,58200001,59800000
7,"HG01466",592,607,16,1600000,59200001,60800000
7,"HG01493",944,954,11,1100000,94400001,95500000
7,"HG01499",85,100,16,1600000,8500001,10100000
7,"HG01499",102,188,87,8700000,10200001,18900000
7,"HG01499",585,600,16,1600000,58500001,60100000
7,"HG01552",582,602,21,2100000,58200001,60300000
7,"HG01579",592,603,12,1200000,59200001,60400000
7,"HG01884",582,600,19,1900000,58200001,60100000
7,"HG01891",1269,1280,12,1200000,126900001,128100000
7,"HG01895",592,604,13,1300000,59200001,60500000
7,"HG01898",588,600,13,1300000,58800001,60100000
7,"HG01925",585,600,16,1600000,58500001,60100000
7,"HG01928",583,603,21,2100000,58300001,60400000
7,"HG01934",582,608,27,2700000,58200001,60900000
7,"HG01937",592,608,17,1700000,59200001,60900000
7,"HG01940",693,704,12,1200000,69300001,70500000
7,"HG01943",585,600,16,1600000,58500001,60100000
7,"HG01949",1124,1133,10,1e+06,112400001,113400000
7,"HG01955",585,608,24,2400000,58500001,60900000
7,"HG01959",592,603,12,1200000,59200001,60400000
7,"HG01972",585,600,16,1600000,58500001,60100000
7,"HG01978",592,604,13,1300000,59200001,60500000
7,"HG01981",588,599,12,1200000,58800001,60000000
7,"HG02145",583,598,16,1600000,58300001,59900000
7,"HG02273",414,439,26,2600000,41400001,44000000
7,"HG02273",458,488,31,3100000,45800001,48900000
7,"HG02273",490,553,64,6400000,49000001,55400000
7,"HG02273",555,567,13,1300000,55500001,56800000
7,"HG02273",780,791,12,1200000,78000001,79200000
7,"HG02293",585,600,16,1600000,58500001,60100000
7,"HG02316",582,594,13,1300000,58200001,59500000
7,"HG02451",582,592,11,1100000,58200001,59300000
7,"HG02924",583,600,18,1800000,58300001,60100000
7,"HG02945",583,592,10,1e+06,58300001,59300000
7,"HG02954",1241,1254,14,1400000,124100001,125500000
7,"HG02966",582,600,19,1900000,58200001,60100000
7,"HG02978",585,597,13,1300000,58500001,59800000
7,"HG03101",596,608,13,1300000,59600001,60900000
7,"HG03122",592,604,13,1300000,59200001,60500000
7,"HG03125",582,592,11,1100000,58200001,59300000
7,"HG03125",1179,1194,16,1600000,117900001,119500000
7,"HG03128",1120,1130,11,1100000,112000001,113100000
7,"HG03134",1150,1159,10,1e+06,115000001,116000000
7,"HG03137",582,592,11,1100000,58200001,59300000
7,"HG03161",582,602,21,2100000,58200001,60300000
7,"HG03170",1141,1150,10,1e+06,114100001,115100000
7,"HG03197",583,597,15,1500000,58300001,59800000
7,"HG03269",582,592,11,1100000,58200001,59300000
7,"HG03296",592,602,11,1100000,59200001,60300000
7,"HG03299",1340,1350,11,1100000,134000001,135100000
7,"HG03305",1369,1402,34,3400000,136900001,140300000
7,"HG03305",1404,1418,15,1500000,140400001,141900000
7,"HG03344",1172,1188,17,1700000,117200001,118900000
7,"HG03516",588,600,13,1300000,58800001,60100000
7,"NA06991",585,600,16,1600000,58500001,60100000
7,"NA06995",581,590,10,1e+06,58100001,59100000
7,"NA07348",582,608,27,2700000,58200001,60900000
7,"NA07349",582,593,12,1200000,58200001,59400000
7,"NA10831",585,600,16,1600000,58500001,60100000
7,"NA10835",582,600,19,1900000,58200001,60100000
7,"NA10836",582,600,19,1900000,58200001,60100000
7,"NA10837",585,600,16,1600000,58500001,60100000
7,"NA10838",582,608,27,2700000,58200001,60900000
7,"NA10840",588,600,13,1300000,58800001,60100000
7,"NA10851",582,602,21,2100000,58200001,60300000
7,"NA10852",582,591,10,1e+06,58200001,59200000
7,"NA10854",582,593,12,1200000,58200001,59400000
7,"NA10854",595,608,14,1400000,59500001,60900000
7,"NA10856",585,597,13,1300000,58500001,59800000
7,"NA10857",585,600,16,1600000,58500001,60100000
7,"NA10859",581,590,10,1e+06,58100001,59100000
7,"NA10860",585,600,16,1600000,58500001,60100000
7,"NA10861",588,600,13,1300000,58800001,60100000
7,"NA10863",583,600,18,1800000,58300001,60100000
7,"NA10864",397,406,10,1e+06,39700001,40700000
7,"NA12386",594,603,10,1e+06,59400001,60400000
7,"NA12485",582,600,19,1900000,58200001,60100000
7,"NA12740",582,603,22,2200000,58200001,60400000
7,"NA12753",583,593,11,1100000,58300001,59400000
7,"NA12767",583,600,18,1800000,58300001,60100000
7,"NA12801",582,594,13,1300000,58200001,59500000
7,"NA12817",583,607,25,2500000,58300001,60800000
7,"NA12818",588,600,13,1300000,58800001,60100000
7,"NA12865",582,600,19,1900000,58200001,60100000
7,"NA12878",585,597,13,1300000,58500001,59800000
7,"NA18497",583,594,12,1200000,58300001,59500000
7,"NA18857",582,606,25,2500000,58200001,60700000
7,"NA18872",236,249,14,1400000,23600001,25000000
7,"NA18906",582,600,19,1900000,58200001,60100000
7,"NA19094",583,595,13,1300000,58300001,59600000
7,"NA19097",864,876,13,1300000,86400001,87700000
7,"NA19142",592,602,11,1100000,59200001,60300000
7,"NA19145",588,600,13,1300000,58800001,60100000
7,"NA19151",1126,1142,17,1700000,112600001,114300000
7,"NA19154",592,603,12,1200000,59200001,60400000
7,"NA19191",582,600,19,1900000,58200001,60100000
7,"NA19208",583,593,11,1100000,58300001,59400000
7,"NA19211",592,603,12,1200000,59200001,60400000
7,"NA19221",583,594,12,1200000,58300001,59500000
7,"NA19237",583,592,10,1e+06,58300001,59300000
7,"NA19249",585,597,13,1300000,58500001,59800000
7,"NA19258",582,592,11,1100000,58200001,59300000
7,"NA19650",1322,1344,23,2300000,132200001,134500000
7,"NA19650",1346,1368,23,2300000,134600001,136900000
7,"NA19653",583,593,11,1100000,58300001,59400000
7,"NA19659",583,600,18,1800000,58300001,60100000
7,"NA19662",582,599,18,1800000,58200001,60000000
7,"NA19685",588,600,13,1300000,58800001,60100000
7,"NA19686",588,608,21,2100000,58800001,60900000
7,"NA19721",582,600,19,1900000,58200001,60100000
7,"NA19724",582,600,19,1900000,58200001,60100000
7,"NA19727",588,607,20,2e+06,58800001,60800000
7,"NA19733",581,608,28,2800000,58100001,60900000
7,"NA19748",585,600,16,1600000,58500001,60100000
7,"NA19751",588,607,20,2e+06,58800001,60800000
7,"NA19757",585,600,16,1600000,58500001,60100000
7,"NA19760",592,607,16,1600000,59200001,60800000
7,"NA19763",583,600,18,1800000,58300001,60100000
7,"NA19775",164,187,24,2400000,16400001,18800000
7,"NA19781",585,600,16,1600000,58500001,60100000
7,"NA19784",585,600,16,1600000,58500001,60100000
7,"NA19796",583,593,11,1100000,58300001,59400000
7,"NA19836",583,593,11,1100000,58300001,59400000
7,"NA19902",582,597,16,1600000,58200001,59800000
7,"NA19924",583,600,18,1800000,58300001,60100000
7,"NA19983",583,597,15,1500000,58300001,59800000
7,"NA20128",583,593,11,1100000,58300001,59400000
7,"NA20358",582,596,15,1500000,58200001,59700000
8,"HG00405",440,458,19,1900000,44000001,45900000
8,"HG00408",440,458,19,1900000,44000001,45900000
8,"HG00420",440,458,19,1900000,44000001,45900000
8,"HG00423",440,449,10,1e+06,44000001,45000000
8,"HG00429",440,449,10,1e+06,44000001,45000000
8,"HG00438",440,458,19,1900000,44000001,45900000
8,"HG00444",440,458,19,1900000,44000001,45900000
8,"HG00447",440,458,19,1900000,44000001,45900000
8,"HG00450",440,449,10,1e+06,44000001,45000000
8,"HG00453",440,458,19,1900000,44000001,45900000
8,"HG00459",440,458,19,1900000,44000001,45900000
8,"HG00465",440,458,19,1900000,44000001,45900000
8,"HG00474",440,449,10,1e+06,44000001,45000000
8,"HG00477",440,458,19,1900000,44000001,45900000
8,"HG00480",440,450,11,1100000,44000001,45100000
8,"HG00502",440,449,10,1e+06,44000001,45000000
8,"HG00514",440,458,19,1900000,44000001,45900000
8,"HG00526",440,449,10,1e+06,44000001,45000000
8,"HG00532",440,458,19,1900000,44000001,45900000
8,"HG00535",440,449,10,1e+06,44000001,45000000
8,"HG00538",440,458,19,1900000,44000001,45900000
8,"HG00544",440,449,10,1e+06,44000001,45000000
8,"HG00552",440,456,17,1700000,44000001,45700000
8,"HG00555",443,458,16,1600000,44300001,45900000
8,"HG00558",440,449,10,1e+06,44000001,45000000
8,"HG00561",440,456,17,1700000,44000001,45700000
8,"HG00567",440,450,11,1100000,44000001,45100000
8,"HG00579",440,449,10,1e+06,44000001,45000000
8,"HG00582",440,458,19,1900000,44000001,45900000
8,"HG00585",440,449,10,1e+06,44000001,45000000
8,"HG00591",440,458,19,1900000,44000001,45900000
8,"HG00594",440,450,11,1100000,44000001,45100000
8,"HG00597",440,449,10,1e+06,44000001,45000000
8,"HG00609",440,449,10,1e+06,44000001,45000000
8,"HG00612",440,458,19,1900000,44000001,45900000
8,"HG00615",440,449,10,1e+06,44000001,45000000
8,"HG00621",440,458,19,1900000,44000001,45900000
8,"HG00627",440,449,10,1e+06,44000001,45000000
8,"HG00630",440,458,19,1900000,44000001,45900000
8,"HG00636",440,458,19,1900000,44000001,45900000
8,"HG00639",440,458,19,1900000,44000001,45900000
8,"HG00642",440,450,11,1100000,44000001,45100000
8,"HG00652",440,449,10,1e+06,44000001,45000000
8,"HG00655",440,458,19,1900000,44000001,45900000
8,"HG00658",440,450,11,1100000,44000001,45100000
8,"HG00664",440,458,19,1900000,44000001,45900000
8,"HG00673",440,449,10,1e+06,44000001,45000000
8,"HG00685",440,449,10,1e+06,44000001,45000000
8,"HG00691",440,450,11,1100000,44000001,45100000
8,"HG00694",440,458,19,1900000,44000001,45900000
8,"HG00700",440,450,11,1100000,44000001,45100000
8,"HG00702",440,449,10,1e+06,44000001,45000000
8,"HG00703",440,449,10,1e+06,44000001,45000000
8,"HG00706",440,449,10,1e+06,44000001,45000000
8,"HG00709",440,458,19,1900000,44000001,45900000
8,"HG00735",440,449,10,1e+06,44000001,45000000
8,"HG00738",443,458,16,1600000,44300001,45900000
8,"HG01053",440,458,19,1900000,44000001,45900000
8,"HG01056",440,449,10,1e+06,44000001,45000000
8,"HG01062",440,458,19,1900000,44000001,45900000
8,"HG01068",440,449,10,1e+06,44000001,45000000
8,"HG01071",440,458,19,1900000,44000001,45900000
8,"HG01074",92,105,14,1400000,9200001,10600000
8,"HG01074",440,449,10,1e+06,44000001,45000000
8,"HG01081",440,458,19,1900000,44000001,45900000
8,"HG01084",440,450,11,1100000,44000001,45100000
8,"HG01087",440,449,10,1e+06,44000001,45000000
8,"HG01096",440,449,10,1e+06,44000001,45000000
8,"HG01099",440,458,19,1900000,44000001,45900000
8,"HG01100",440,458,19,1900000,44000001,45900000
8,"HG01103",443,458,16,1600000,44300001,45900000
8,"HG01106",440,449,10,1e+06,44000001,45000000
8,"HG01109",440,458,19,1900000,44000001,45900000
8,"HG01114",440,458,19,1900000,44000001,45900000
8,"HG01126",440,450,11,1100000,44000001,45100000
8,"HG01135",440,450,11,1100000,44000001,45100000
8,"HG01138",440,450,11,1100000,44000001,45100000
8,"HG01138",1105,1115,11,1100000,110500001,111600000
8,"HG01141",440,458,19,1900000,44000001,45900000
8,"HG01150",440,458,19,1900000,44000001,45900000
8,"HG01169",440,449,10,1e+06,44000001,45000000
8,"HG01172",440,449,10,1e+06,44000001,45000000
8,"HG01175",440,458,19,1900000,44000001,45900000
8,"HG01178",440,449,10,1e+06,44000001,45000000
8,"HG01184",440,458,19,1900000,44000001,45900000
8,"HG01189",300,311,12,1200000,30000001,31200000
8,"HG01189",440,449,10,1e+06,44000001,45000000
8,"HG01192",440,458,19,1900000,44000001,45900000
8,"HG01199",440,458,19,1900000,44000001,45900000
8,"HG01206",440,449,10,1e+06,44000001,45000000
8,"HG01243",440,458,19,1900000,44000001,45900000
8,"HG01249",440,458,19,1900000,44000001,45900000
8,"HG01252",440,449,10,1e+06,44000001,45000000
8,"HG01255",440,449,10,1e+06,44000001,45000000
8,"HG01258",443,458,16,1600000,44300001,45900000
8,"HG01261",440,458,19,1900000,44000001,45900000
8,"HG01273",440,458,19,1900000,44000001,45900000
8,"HG01276",440,458,19,1900000,44000001,45900000
8,"HG01279",440,449,10,1e+06,44000001,45000000
8,"HG01279",513,587,75,7500000,51300001,58800000
8,"HG01279",731,751,21,2100000,73100001,75200000
8,"HG01279",754,848,95,9500000,75400001,84900000
8,"HG01279",850,903,54,5400000,85000001,90400000
8,"HG01279",1076,1136,61,6100000,107600001,113700000
8,"HG01343",440,449,10,1e+06,44000001,45000000
8,"HG01346",440,450,11,1100000,44000001,45100000
8,"HG01349",440,458,19,1900000,44000001,45900000
8,"HG01352",440,458,19,1900000,44000001,45900000
8,"HG01355",440,450,11,1100000,44000001,45100000
8,"HG01355",873,898,26,2600000,87300001,89900000
8,"HG01358",440,449,10,1e+06,44000001,45000000
8,"HG01361",440,458,19,1900000,44000001,45900000
8,"HG01367",440,449,10,1e+06,44000001,45000000
8,"HG01376",440,458,19,1900000,44000001,45900000
8,"HG01379",440,450,11,1100000,44000001,45100000
8,"HG01385",440,458,19,1900000,44000001,45900000
8,"HG01391",440,449,10,1e+06,44000001,45000000
8,"HG01433",440,458,19,1900000,44000001,45900000
8,"HG01439",440,449,10,1e+06,44000001,45000000
8,"HG01457",440,458,19,1900000,44000001,45900000
8,"HG01463",440,458,19,1900000,44000001,45900000
8,"HG01466",440,449,10,1e+06,44000001,45000000
8,"HG01490",440,449,10,1e+06,44000001,45000000
8,"HG01493",440,458,19,1900000,44000001,45900000
8,"HG01496",440,449,10,1e+06,44000001,45000000
8,"HG01499",87,119,33,3300000,8700001,12000000
8,"HG01499",127,143,17,1700000,12700001,14400000
8,"HG01499",440,449,10,1e+06,44000001,45000000
8,"HG01552",83,114,32,3200000,8300001,11500000
8,"HG01552",440,450,11,1100000,44000001,45100000
8,"HG01567",440,450,11,1100000,44000001,45100000
8,"HG01579",440,449,10,1e+06,44000001,45000000
8,"HG01881",440,458,19,1900000,44000001,45900000
8,"HG01884",440,449,10,1e+06,44000001,45000000
8,"HG01888",442,458,17,1700000,44200001,45900000
8,"HG01891",440,449,10,1e+06,44000001,45000000
8,"HG01895",440,449,10,1e+06,44000001,45000000
8,"HG01897",440,458,19,1900000,44000001,45900000
8,"HG01916",440,456,17,1700000,44000001,45700000
8,"HG01919",440,458,19,1900000,44000001,45900000
8,"HG01922",440,458,19,1900000,44000001,45900000
8,"HG01928",440,449,10,1e+06,44000001,45000000
8,"HG01934",440,449,10,1e+06,44000001,45000000
8,"HG01937",440,458,19,1900000,44000001,45900000
8,"HG01940",440,458,19,1900000,44000001,45900000
8,"HG01943",440,449,10,1e+06,44000001,45000000
8,"HG01946",440,458,19,1900000,44000001,45900000
8,"HG01949",440,458,19,1900000,44000001,45900000
8,"HG01952",440,449,10,1e+06,44000001,45000000
8,"HG01955",440,458,19,1900000,44000001,45900000
8,"HG01959",440,449,10,1e+06,44000001,45000000
8,"HG01960",444,458,15,1500000,44400001,45900000
8,"HG01969",440,450,11,1100000,44000001,45100000
8,"HG01972",440,458,19,1900000,44000001,45900000
8,"HG01975",440,450,11,1100000,44000001,45100000
8,"HG01978",440,458,19,1900000,44000001,45900000
8,"HG01981",440,449,10,1e+06,44000001,45000000
8,"HG01984",443,458,16,1600000,44300001,45900000
8,"HG01987",440,449,10,1e+06,44000001,45000000
8,"HG01993",440,458,19,1900000,44000001,45900000
8,"HG01998",440,458,19,1900000,44000001,45900000
8,"HG02004",440,458,19,1900000,44000001,45900000
8,"HG02004",1229,1240,12,1200000,122900001,124100000
8,"HG02011",357,369,13,1300000,35700001,37000000
8,"HG02011",445,458,14,1400000,44500001,45900000
8,"HG02055",440,458,19,1900000,44000001,45900000
8,"HG02106",440,458,19,1900000,44000001,45900000
8,"HG02145",440,450,11,1100000,44000001,45100000
8,"HG02148",440,458,19,1900000,44000001,45900000
8,"HG02257",440,449,10,1e+06,44000001,45000000
8,"HG02261",440,458,19,1900000,44000001,45900000
8,"HG02273",440,460,21,2100000,44000001,46100000
8,"HG02273",565,662,98,9800000,56500001,66300000
8,"HG02273",664,740,77,7700000,66400001,74100000
8,"HG02279",440,449,10,1e+06,44000001,45000000
8,"HG02280",440,459,20,2e+06,44000001,46000000
8,"HG02287",440,450,11,1100000,44000001,45100000
8,"HG02300",440,458,19,1900000,44000001,45900000
8,"HG02303",440,449,10,1e+06,44000001,45000000
8,"HG02321",440,458,19,1900000,44000001,45900000
8,"HG02451",440,449,10,1e+06,44000001,45000000
8,"HG02924",440,449,10,1e+06,44000001,45000000
8,"HG02945",440,449,10,1e+06,44000001,45000000
8,"HG02948",440,449,10,1e+06,44000001,45000000
8,"HG02954",440,458,19,1900000,44000001,45900000
8,"HG02966",440,449,10,1e+06,44000001,45000000
8,"HG02972",440,449,10,1e+06,44000001,45000000
8,"HG02975",440,449,10,1e+06,44000001,45000000
8,"HG02978",440,458,19,1900000,44000001,45900000
8,"HG02980",440,449,10,1e+06,44000001,45000000
8,"HG03101",440,449,10,1e+06,44000001,45000000
8,"HG03110",444,458,15,1500000,44400001,45900000
8,"HG03113",440,458,19,1900000,44000001,45900000
8,"HG03116",440,458,19,1900000,44000001,45900000
8,"HG03119",440,449,10,1e+06,44000001,45000000
8,"HG03122",440,458,19,1900000,44000001,45900000
8,"HG03125",440,458,19,1900000,44000001,45900000
8,"HG03128",425,434,10,1e+06,42500001,43500000
8,"HG03128",440,449,10,1e+06,44000001,45000000
8,"HG03128",460,478,19,1900000,46000001,47900000
8,"HG03131",440,458,19,1900000,44000001,45900000
8,"HG03131",1109,1119,11,1100000,110900001,112000000
8,"HG03134",440,458,19,1900000,44000001,45900000
8,"HG03137",440,458,19,1900000,44000001,45900000
8,"HG03161",440,450,11,1100000,44000001,45100000
8,"HG03164",440,458,19,1900000,44000001,45900000
8,"HG03170",440,449,10,1e+06,44000001,45000000
8,"HG03191",440,458,19,1900000,44000001,45900000
8,"HG03197",440,449,10,1e+06,44000001,45000000
8,"HG03197",1126,1139,14,1400000,112600001,114000000
8,"HG03200",440,458,19,1900000,44000001,45900000
8,"HG03269",440,449,10,1e+06,44000001,45000000
8,"HG03272",440,449,10,1e+06,44000001,45000000
8,"HG03296",440,458,19,1900000,44000001,45900000
8,"HG03299",440,458,19,1900000,44000001,45900000
8,"HG03299",1115,1139,25,2500000,111500001,114000000
8,"HG03302",440,458,19,1900000,44000001,45900000
8,"HG03308",440,458,19,1900000,44000001,45900000
8,"HG03310",440,449,10,1e+06,44000001,45000000
8,"HG03314",440,458,19,1900000,44000001,45900000
8,"HG03344",440,458,19,1900000,44000001,45900000
8,"HG03350",445,458,14,1400000,44500001,45900000
8,"HG03368",440,449,10,1e+06,44000001,45000000
8,"HG03374",440,458,19,1900000,44000001,45900000
8,"HG03516",440,458,19,1900000,44000001,45900000
8,"HG03516",985,997,13,1300000,98500001,99800000
8,"HG03519",440,458,19,1900000,44000001,45900000
8,"NA06995",440,449,10,1e+06,44000001,45000000
8,"NA06997",440,458,19,1900000,44000001,45900000
8,"NA07014",440,458,19,1900000,44000001,45900000
8,"NA07019",440,450,11,1100000,44000001,45100000
8,"NA07029",440,449,10,1e+06,44000001,45000000
8,"NA07048",440,450,11,1100000,44000001,45100000
8,"NA07348",440,458,19,1900000,44000001,45900000
8,"NA10830",440,449,10,1e+06,44000001,45000000
8,"NA10831",440,450,11,1100000,44000001,45100000
8,"NA10835",440,458,19,1900000,44000001,45900000
8,"NA10836",440,458,19,1900000,44000001,45900000
8,"NA10837",440,449,10,1e+06,44000001,45000000
8,"NA10838",440,459,20,2e+06,44000001,46000000
8,"NA10839",440,458,19,1900000,44000001,45900000
8,"NA10840",440,450,11,1100000,44000001,45100000
8,"NA10842",440,450,11,1100000,44000001,45100000
8,"NA10843",440,458,19,1900000,44000001,45900000
8,"NA10845",440,450,11,1100000,44000001,45100000
8,"NA10846",440,449,10,1e+06,44000001,45000000
8,"NA10847",440,458,19,1900000,44000001,45900000
8,"NA10851",440,449,10,1e+06,44000001,45000000
8,"NA10852",440,450,11,1100000,44000001,45100000
8,"NA10854",440,458,19,1900000,44000001,45900000
8,"NA10855",440,449,10,1e+06,44000001,45000000
8,"NA10856",440,449,10,1e+06,44000001,45000000
8,"NA10857",440,449,10,1e+06,44000001,45000000
8,"NA10859",440,458,19,1900000,44000001,45900000
8,"NA10860",440,458,19,1900000,44000001,45900000
8,"NA10861",440,458,19,1900000,44000001,45900000
8,"NA10863",148,157,10,1e+06,14800001,15800000
8,"NA10863",440,458,19,1900000,44000001,45900000
8,"NA10864",440,449,10,1e+06,44000001,45000000
8,"NA10865",440,458,19,1900000,44000001,45900000
8,"NA12329",440,449,10,1e+06,44000001,45000000
8,"NA12335",440,458,19,1900000,44000001,45900000
8,"NA12336",440,458,19,1900000,44000001,45900000
8,"NA12344",440,458,19,1900000,44000001,45900000
8,"NA12376",440,458,19,1900000,44000001,45900000
8,"NA12386",440,458,19,1900000,44000001,45900000
8,"NA12386",771,785,15,1500000,77100001,78600000
8,"NA12485",443,458,16,1600000,44300001,45900000
8,"NA12707",440,458,19,1900000,44000001,45900000
8,"NA12739",359,370,12,1200000,35900001,37100000
8,"NA12739",440,449,10,1e+06,44000001,45000000
8,"NA12740",440,458,19,1900000,44000001,45900000
8,"NA12752",440,458,19,1900000,44000001,45900000
8,"NA12753",440,458,19,1900000,44000001,45900000
8,"NA12766",440,450,11,1100000,44000001,45100000
8,"NA12767",440,449,10,1e+06,44000001,45000000
8,"NA12801",444,458,15,1500000,44400001,45900000
8,"NA12802",440,458,19,1900000,44000001,45900000
8,"NA12817",440,458,19,1900000,44000001,45900000
8,"NA12818",440,458,19,1900000,44000001,45900000
8,"NA12832",440,458,19,1900000,44000001,45900000
8,"NA12864",440,449,10,1e+06,44000001,45000000
8,"NA12864",787,796,10,1e+06,78700001,79700000
8,"NA12865",440,458,19,1900000,44000001,45900000
8,"NA12877",440,450,11,1100000,44000001,45100000
8,"NA12878",440,458,19,1900000,44000001,45900000
8,"NA18484",440,458,19,1900000,44000001,45900000
8,"NA18485",440,458,19,1900000,44000001,45900000
8,"NA18497",440,458,19,1900000,44000001,45900000
8,"NA18500",440,449,10,1e+06,44000001,45000000
8,"NA18503",440,450,11,1100000,44000001,45100000
8,"NA18515",440,449,10,1e+06,44000001,45000000
8,"NA18515",771,782,12,1200000,77100001,78300000
8,"NA18518",440,458,19,1900000,44000001,45900000
8,"NA18521",440,449,10,1e+06,44000001,45000000
8,"NA18854",440,458,19,1900000,44000001,45900000
8,"NA18857",440,458,19,1900000,44000001,45900000
8,"NA18860",440,458,19,1900000,44000001,45900000
8,"NA18863",440,458,19,1900000,44000001,45900000
8,"NA18872",440,458,19,1900000,44000001,45900000
8,"NA18875",440,458,19,1900000,44000001,45900000
8,"NA18906",440,458,19,1900000,44000001,45900000
8,"NA18911",440,458,19,1900000,44000001,45900000
8,"NA18914",440,449,10,1e+06,44000001,45000000
8,"NA18925",440,458,19,1900000,44000001,45900000
8,"NA18930",440,458,19,1900000,44000001,45900000
8,"NA18935",440,458,19,1900000,44000001,45900000
8,"NA19094",440,458,19,1900000,44000001,45900000
8,"NA19097",440,458,19,1900000,44000001,45900000
8,"NA19100",440,449,10,1e+06,44000001,45000000
8,"NA19103",440,449,10,1e+06,44000001,45000000
8,"NA19109",440,458,19,1900000,44000001,45900000
8,"NA19115",440,458,19,1900000,44000001,45900000
8,"NA19120",440,449,10,1e+06,44000001,45000000
8,"NA19123",440,449,10,1e+06,44000001,45000000
8,"NA19123",926,950,25,2500000,92600001,95100000
8,"NA19129",440,449,10,1e+06,44000001,45000000
8,"NA19132",440,458,19,1900000,44000001,45900000
8,"NA19139",440,449,10,1e+06,44000001,45000000
8,"NA19145",440,449,10,1e+06,44000001,45000000
8,"NA19148",440,458,19,1900000,44000001,45900000
8,"NA19151",440,458,19,1900000,44000001,45900000
8,"NA19154",440,449,10,1e+06,44000001,45000000
8,"NA19161",440,449,10,1e+06,44000001,45000000
8,"NA19173",440,458,19,1900000,44000001,45900000
8,"NA19174",440,458,19,1900000,44000001,45900000
8,"NA19177",440,449,10,1e+06,44000001,45000000
8,"NA19186",440,458,19,1900000,44000001,45900000
8,"NA19191",440,458,19,1900000,44000001,45900000
8,"NA19199",440,458,19,1900000,44000001,45900000
8,"NA19202",440,449,10,1e+06,44000001,45000000
8,"NA19205",439,458,20,2e+06,43900001,45900000
8,"NA19208",442,458,17,1700000,44200001,45900000
8,"NA19211",440,449,10,1e+06,44000001,45000000
8,"NA19215",440,449,10,1e+06,44000001,45000000
8,"NA19221",440,449,10,1e+06,44000001,45000000
8,"NA19224",440,449,10,1e+06,44000001,45000000
8,"NA19224",1107,1136,30,3e+06,110700001,113700000
8,"NA19240",440,450,11,1100000,44000001,45100000
8,"NA19249",440,458,19,1900000,44000001,45900000
8,"NA19258",902,914,13,1300000,90200001,91500000
8,"NA19650",440,458,19,1900000,44000001,45900000
8,"NA19653",440,449,10,1e+06,44000001,45000000
8,"NA19656",440,458,19,1900000,44000001,45900000
8,"NA19659",440,449,10,1e+06,44000001,45000000
8,"NA19662",440,449,10,1e+06,44000001,45000000
8,"NA19665",440,458,19,1900000,44000001,45900000
8,"NA19675",440,458,19,1900000,44000001,45900000
8,"NA19677",440,450,11,1100000,44000001,45100000
8,"NA19680",440,458,19,1900000,44000001,45900000
8,"NA19683",440,458,19,1900000,44000001,45900000
8,"NA19685",440,449,10,1e+06,44000001,45000000
8,"NA19686",440,449,10,1e+06,44000001,45000000
8,"NA19702",440,458,19,1900000,44000001,45900000
8,"NA19705",440,458,19,1900000,44000001,45900000
8,"NA19718",440,449,10,1e+06,44000001,45000000
8,"NA19721",443,459,17,1700000,44300001,46000000
8,"NA19724",440,458,19,1900000,44000001,45900000
8,"NA19727",440,458,19,1900000,44000001,45900000
8,"NA19730",440,450,11,1100000,44000001,45100000
8,"NA19733",440,449,10,1e+06,44000001,45000000
8,"NA19748",440,449,10,1e+06,44000001,45000000
8,"NA19751",440,458,19,1900000,44000001,45900000
8,"NA19757",440,458,19,1900000,44000001,45900000
8,"NA19760",440,449,10,1e+06,44000001,45000000
8,"NA19763",440,458,19,1900000,44000001,45900000
8,"NA19772",440,449,10,1e+06,44000001,45000000
8,"NA19775",440,458,19,1900000,44000001,45900000
8,"NA19778",440,449,10,1e+06,44000001,45000000
8,"NA19781",440,458,19,1900000,44000001,45900000
8,"NA19784",440,449,10,1e+06,44000001,45000000
8,"NA19787",440,458,19,1900000,44000001,45900000
8,"NA19790",440,449,10,1e+06,44000001,45000000
8,"NA19796",440,449,10,1e+06,44000001,45000000
8,"NA19828",440,458,19,1900000,44000001,45900000
8,"NA19836",440,449,10,1e+06,44000001,45000000
8,"NA19902",440,458,19,1900000,44000001,45900000
8,"NA19918",440,449,10,1e+06,44000001,45000000
8,"NA19919",440,458,19,1900000,44000001,45900000
8,"NA19924",440,458,19,1900000,44000001,45900000
8,"NA19983",440,449,10,1e+06,44000001,45000000
8,"NA20128",440,458,19,1900000,44000001,45900000
8,"NA20129",444,458,15,1500000,44400001,45900000
8,"NA20279",440,449,10,1e+06,44000001,45000000
8,"NA20358",444,458,15,1500000,44400001,45900000
9,"HG00405",452,604,153,15300000,45200001,60500000
9,"HG00408",454,604,151,15100000,45400001,60500000
9,"HG00420",445,604,160,1.6e+07,44500001,60500000
9,"HG00423",452,604,153,15300000,45200001,60500000
9,"HG00429",452,604,153,15300000,45200001,60500000
9,"HG00438",455,604,150,1.5e+07,45500001,60500000
9,"HG00444",455,604,150,1.5e+07,45500001,60500000
9,"HG00447",443,604,162,16200000,44300001,60500000
9,"HG00450",455,604,150,1.5e+07,45500001,60500000
9,"HG00453",455,604,150,1.5e+07,45500001,60500000
9,"HG00459",454,604,151,15100000,45400001,60500000
9,"HG00465",447,604,158,15800000,44700001,60500000
9,"HG00474",454,604,151,15100000,45400001,60500000
9,"HG00477",454,604,151,15100000,45400001,60500000
9,"HG00480",452,604,153,15300000,45200001,60500000
9,"HG00502",452,604,153,15300000,45200001,60500000
9,"HG00514",445,604,160,1.6e+07,44500001,60500000
9,"HG00526",454,604,151,15100000,45400001,60500000
9,"HG00532",452,604,153,15300000,45200001,60500000
9,"HG00535",455,604,150,1.5e+07,45500001,60500000
9,"HG00538",452,604,153,15300000,45200001,60500000
9,"HG00544",452,604,153,15300000,45200001,60500000
9,"HG00552",455,604,150,1.5e+07,45500001,60500000
9,"HG00552",944,954,11,1100000,94400001,95500000
9,"HG00555",452,604,153,15300000,45200001,60500000
9,"HG00558",452,604,153,15300000,45200001,60500000
9,"HG00561",452,604,153,15300000,45200001,60500000
9,"HG00567",455,604,150,1.5e+07,45500001,60500000
9,"HG00579",454,604,151,15100000,45400001,60500000
9,"HG00582",445,604,160,1.6e+07,44500001,60500000
9,"HG00585",454,604,151,15100000,45400001,60500000
9,"HG00591",452,604,153,15300000,45200001,60500000
9,"HG00594",454,604,151,15100000,45400001,60500000
9,"HG00597",452,604,153,15300000,45200001,60500000
9,"HG00609",454,604,151,15100000,45400001,60500000
9,"HG00612",452,604,153,15300000,45200001,60500000
9,"HG00615",452,604,153,15300000,45200001,60500000
9,"HG00621",452,604,153,15300000,45200001,60500000
9,"HG00627",452,604,153,15300000,45200001,60500000
9,"HG00630",449,604,156,15600000,44900001,60500000
9,"HG00636",452,604,153,15300000,45200001,60500000
9,"HG00639",452,604,153,15300000,45200001,60500000
9,"HG00642",452,604,153,15300000,45200001,60500000
9,"HG00652",452,604,153,15300000,45200001,60500000
9,"HG00655",452,604,153,15300000,45200001,60500000
9,"HG00658",454,604,151,15100000,45400001,60500000
9,"HG00664",452,604,153,15300000,45200001,60500000
9,"HG00673",452,604,153,15300000,45200001,60500000
9,"HG00685",452,604,153,15300000,45200001,60500000
9,"HG00691",454,604,151,15100000,45400001,60500000
9,"HG00694",452,604,153,15300000,45200001,60500000
9,"HG00700",455,604,150,1.5e+07,45500001,60500000
9,"HG00702",452,604,153,15300000,45200001,60500000
9,"HG00703",452,604,153,15300000,45200001,60500000
9,"HG00706",452,604,153,15300000,45200001,60500000
9,"HG00709",452,604,153,15300000,45200001,60500000
9,"HG00733",447,604,158,15800000,44700001,60500000
9,"HG00735",454,604,151,15100000,45400001,60500000
9,"HG00738",450,604,155,15500000,45000001,60500000
9,"HG00741",454,604,151,15100000,45400001,60500000
9,"HG01050",454,604,151,15100000,45400001,60500000
9,"HG01053",452,604,153,15300000,45200001,60500000
9,"HG01056",455,604,150,1.5e+07,45500001,60500000
9,"HG01062",454,604,151,15100000,45400001,60500000
9,"HG01068",455,604,150,1.5e+07,45500001,60500000
9,"HG01071",188,200,13,1300000,18800001,20100000
9,"HG01071",452,604,153,15300000,45200001,60500000
9,"HG01074",454,604,151,15100000,45400001,60500000
9,"HG01074",820,836,17,1700000,82000001,83700000
9,"HG01074",838,862,25,2500000,83800001,86300000
9,"HG01074",864,873,10,1e+06,86400001,87400000
9,"HG01081",452,604,153,15300000,45200001,60500000
9,"HG01084",444,604,161,16100000,44400001,60500000
9,"HG01087",452,604,153,15300000,45200001,60500000
9,"HG01096",452,604,153,15300000,45200001,60500000
9,"HG01099",456,604,149,14900000,45600001,60500000
9,"HG01100",455,604,150,1.5e+07,45500001,60500000
9,"HG01103",369,381,13,1300000,36900001,38200000
9,"HG01103",454,604,151,15100000,45400001,60500000
9,"HG01106",455,604,150,1.5e+07,45500001,60500000
9,"HG01109",454,604,151,15100000,45400001,60500000
9,"HG01114",443,604,162,16200000,44300001,60500000
9,"HG01126",455,604,150,1.5e+07,45500001,60500000
9,"HG01135",443,604,162,16200000,44300001,60500000
9,"HG01138",455,604,150,1.5e+07,45500001,60500000
9,"HG01141",109,125,17,1700000,10900001,12600000
9,"HG01141",455,604,150,1.5e+07,45500001,60500000
9,"HG01150",455,604,150,1.5e+07,45500001,60500000
9,"HG01169",454,604,151,15100000,45400001,60500000
9,"HG01172",454,604,151,15100000,45400001,60500000
9,"HG01175",452,604,153,15300000,45200001,60500000
9,"HG01178",448,604,157,15700000,44800001,60500000
9,"HG01184",207,222,16,1600000,20700001,22300000
9,"HG01184",224,233,10,1e+06,22400001,23400000
9,"HG01184",455,604,150,1.5e+07,45500001,60500000
9,"HG01189",452,604,153,15300000,45200001,60500000
9,"HG01192",455,604,150,1.5e+07,45500001,60500000
9,"HG01199",167,203,37,3700000,16700001,20400000
9,"HG01199",259,271,13,1300000,25900001,27200000
9,"HG01199",450,604,155,15500000,45000001,60500000
9,"HG01206",452,604,153,15300000,45200001,60500000
9,"HG01243",455,604,150,1.5e+07,45500001,60500000
9,"HG01249",452,604,153,15300000,45200001,60500000
9,"HG01252",455,604,150,1.5e+07,45500001,60500000
9,"HG01252",954,966,13,1300000,95400001,96700000
9,"HG01255",455,604,150,1.5e+07,45500001,60500000
9,"HG01258",452,604,153,15300000,45200001,60500000
9,"HG01261",455,604,150,1.5e+07,45500001,60500000
9,"HG01273",455,604,150,1.5e+07,45500001,60500000
9,"HG01276",452,604,153,15300000,45200001,60500000
9,"HG01279",91,100,10,1e+06,9100001,10100000
9,"HG01279",102,121,20,2e+06,10200001,12200000
9,"HG01279",455,604,150,1.5e+07,45500001,60500000
9,"HG01279",798,816,19,1900000,79800001,81700000
9,"HG01279",819,873,55,5500000,81900001,87400000
9,"HG01279",882,893,12,1200000,88200001,89400000
9,"HG01279",895,971,77,7700000,89500001,97200000
9,"HG01279",973,987,15,1500000,97300001,98800000
9,"HG01343",452,604,153,15300000,45200001,60500000
9,"HG01346",452,604,153,15300000,45200001,60500000
9,"HG01349",455,604,150,1.5e+07,45500001,60500000
9,"HG01352",452,604,153,15300000,45200001,60500000
9,"HG01355",445,604,160,1.6e+07,44500001,60500000
9,"HG01358",452,604,153,15300000,45200001,60500000
9,"HG01361",455,604,150,1.5e+07,45500001,60500000
9,"HG01367",443,604,162,16200000,44300001,60500000
9,"HG01376",444,604,161,16100000,44400001,60500000
9,"HG01379",452,604,153,15300000,45200001,60500000
9,"HG01385",452,604,153,15300000,45200001,60500000
9,"HG01391",452,604,153,15300000,45200001,60500000
9,"HG01433",455,604,150,1.5e+07,45500001,60500000
9,"HG01439",452,604,153,15300000,45200001,60500000
9,"HG01457",455,604,150,1.5e+07,45500001,60500000
9,"HG01463",450,604,155,15500000,45000001,60500000
9,"HG01466",445,604,160,1.6e+07,44500001,60500000
9,"HG01490",452,604,153,15300000,45200001,60500000
9,"HG01493",444,604,161,16100000,44400001,60500000
9,"HG01496",452,604,153,15300000,45200001,60500000
9,"HG01499",454,604,151,15100000,45400001,60500000
9,"HG01552",452,604,153,15300000,45200001,60500000
9,"HG01567",452,604,153,15300000,45200001,60500000
9,"HG01573",452,604,153,15300000,45200001,60500000
9,"HG01579",452,604,153,15300000,45200001,60500000
9,"HG01881",455,604,150,1.5e+07,45500001,60500000
9,"HG01884",454,604,151,15100000,45400001,60500000
9,"HG01887",455,604,150,1.5e+07,45500001,60500000
9,"HG01888",445,604,160,1.6e+07,44500001,60500000
9,"HG01891",449,604,156,15600000,44900001,60500000
9,"HG01895",452,604,153,15300000,45200001,60500000
9,"HG01897",454,604,151,15100000,45400001,60500000
9,"HG01898",455,604,150,1.5e+07,45500001,60500000
9,"HG01916",452,604,153,15300000,45200001,60500000
9,"HG01916",957,966,10,1e+06,95700001,96700000
9,"HG01919",455,604,150,1.5e+07,45500001,60500000
9,"HG01922",452,604,153,15300000,45200001,60500000
9,"HG01925",455,604,150,1.5e+07,45500001,60500000
9,"HG01928",455,604,150,1.5e+07,45500001,60500000
9,"HG01934",452,604,153,15300000,45200001,60500000
9,"HG01937",452,604,153,15300000,45200001,60500000
9,"HG01940",455,604,150,1.5e+07,45500001,60500000
9,"HG01943",454,604,151,15100000,45400001,60500000
9,"HG01946",433,447,15,1500000,43300001,44800000
9,"HG01946",456,604,149,14900000,45600001,60500000
9,"HG01949",454,604,151,15100000,45400001,60500000
9,"HG01952",454,604,151,15100000,45400001,60500000
9,"HG01955",455,604,150,1.5e+07,45500001,60500000
9,"HG01959",455,604,150,1.5e+07,45500001,60500000
9,"HG01960",452,604,153,15300000,45200001,60500000
9,"HG01969",452,604,153,15300000,45200001,60500000
9,"HG01972",443,604,162,16200000,44300001,60500000
9,"HG01975",452,604,153,15300000,45200001,60500000
9,"HG01978",452,604,153,15300000,45200001,60500000
9,"HG01981",452,604,153,15300000,45200001,60500000
9,"HG01984",452,604,153,15300000,45200001,60500000
9,"HG01987",452,604,153,15300000,45200001,60500000
9,"HG01993",452,605,154,15400000,45200001,60600000
9,"HG01998",452,605,154,15400000,45200001,60600000
9,"HG02004",452,604,153,15300000,45200001,60500000
9,"HG02011",447,604,158,15800000,44700001,60500000
9,"HG02055",454,604,151,15100000,45400001,60500000
9,"HG02091",452,604,153,15300000,45200001,60500000
9,"HG02106",455,604,150,1.5e+07,45500001,60500000
9,"HG02145",450,604,155,15500000,45000001,60500000
9,"HG02148",452,604,153,15300000,45200001,60500000
9,"HG02148",915,925,11,1100000,91500001,92600000
9,"HG02257",455,604,150,1.5e+07,45500001,60500000
9,"HG02258",452,604,153,15300000,45200001,60500000
9,"HG02261",452,604,153,15300000,45200001,60500000
9,"HG02273",452,604,153,15300000,45200001,60500000
9,"HG02279",452,604,153,15300000,45200001,60500000
9,"HG02280",447,604,158,15800000,44700001,60500000
9,"HG02287",455,604,150,1.5e+07,45500001,60500000
9,"HG02293",455,604,150,1.5e+07,45500001,60500000
9,"HG02300",452,604,153,15300000,45200001,60500000
9,"HG02303",452,604,153,15300000,45200001,60500000
9,"HG02316",455,604,150,1.5e+07,45500001,60500000
9,"HG02321",452,604,153,15300000,45200001,60500000
9,"HG02451",445,604,160,1.6e+07,44500001,60500000
9,"HG02924",452,604,153,15300000,45200001,60500000
9,"HG02945",452,604,153,15300000,45200001,60500000
9,"HG02948",456,604,149,14900000,45600001,60500000
9,"HG02954",443,604,162,16200000,44300001,60500000
9,"HG02966",451,604,154,15400000,45100001,60500000
9,"HG02972",452,604,153,15300000,45200001,60500000
9,"HG02975",454,604,151,15100000,45400001,60500000
9,"HG02978",452,604,153,15300000,45200001,60500000
9,"HG02980",456,604,149,14900000,45600001,60500000
9,"HG03101",452,604,153,15300000,45200001,60500000
9,"HG03110",452,604,153,15300000,45200001,60500000
9,"HG03113",455,604,150,1.5e+07,45500001,60500000
9,"HG03116",445,604,160,1.6e+07,44500001,60500000
9,"HG03116",1033,1060,28,2800000,103300001,106100000
9,"HG03116",1062,1071,10,1e+06,106200001,107200000
9,"HG03119",454,604,151,15100000,45400001,60500000
9,"HG03122",454,604,151,15100000,45400001,60500000
9,"HG03125",454,604,151,15100000,45400001,60500000
9,"HG03128",452,604,153,15300000,45200001,60500000
9,"HG03131",443,604,162,16200000,44300001,60500000
9,"HG03131",957,968,12,1200000,95700001,96900000
9,"HG03134",452,604,153,15300000,45200001,60500000
9,"HG03137",452,604,153,15300000,45200001,60500000
9,"HG03161",452,604,153,15300000,45200001,60500000
9,"HG03164",454,604,151,15100000,45400001,60500000
9,"HG03170",455,604,150,1.5e+07,45500001,60500000
9,"HG03191",454,604,151,15100000,45400001,60500000
9,"HG03197",449,604,156,15600000,44900001,60500000
9,"HG03197",703,714,12,1200000,70300001,71500000
9,"HG03200",455,604,150,1.5e+07,45500001,60500000
9,"HG03269",452,604,153,15300000,45200001,60500000
9,"HG03272",452,604,153,15300000,45200001,60500000
9,"HG03296",455,604,150,1.5e+07,45500001,60500000
9,"HG03299",454,604,151,15100000,45400001,60500000
9,"HG03302",455,604,150,1.5e+07,45500001,60500000
9,"HG03305",447,604,158,15800000,44700001,60500000
9,"HG03308",454,604,151,15100000,45400001,60500000
9,"HG03310",449,604,156,15600000,44900001,60500000
9,"HG03314",454,604,151,15100000,45400001,60500000
9,"HG03344",455,604,150,1.5e+07,45500001,60500000
9,"HG03350",456,604,149,14900000,45600001,60500000
9,"HG03368",445,604,160,1.6e+07,44500001,60500000
9,"HG03371",452,604,153,15300000,45200001,60500000
9,"HG03374",445,604,160,1.6e+07,44500001,60500000
9,"HG03374",719,730,12,1200000,71900001,73100000
9,"HG03516",455,604,150,1.5e+07,45500001,60500000
9,"HG03519",449,604,156,15600000,44900001,60500000
9,"HG03522",447,604,158,15800000,44700001,60500000
9,"NA06991",455,604,150,1.5e+07,45500001,60500000
9,"NA06995",452,604,153,15300000,45200001,60500000
9,"NA06997",455,604,150,1.5e+07,45500001,60500000
9,"NA07014",454,604,151,15100000,45400001,60500000
9,"NA07019",455,604,150,1.5e+07,45500001,60500000
9,"NA07029",455,604,150,1.5e+07,45500001,60500000
9,"NA07048",452,604,153,15300000,45200001,60500000
9,"NA07348",454,604,151,15100000,45400001,60500000
9,"NA07349",455,604,150,1.5e+07,45500001,60500000
9,"NA10830",454,604,151,15100000,45400001,60500000
9,"NA10831",452,604,153,15300000,45200001,60500000
9,"NA10835",455,604,150,1.5e+07,45500001,60500000
9,"NA10836",450,604,155,15500000,45000001,60500000
9,"NA10837",452,604,153,15300000,45200001,60500000
9,"NA10838",455,604,150,1.5e+07,45500001,60500000
9,"NA10839",452,604,153,15300000,45200001,60500000
9,"NA10840",452,604,153,15300000,45200001,60500000
9,"NA10842",449,604,156,15600000,44900001,60500000
9,"NA10843",454,604,151,15100000,45400001,60500000
9,"NA10845",443,604,162,16200000,44300001,60500000
9,"NA10846",454,604,151,15100000,45400001,60500000
9,"NA10847",452,604,153,15300000,45200001,60500000
9,"NA10851",455,604,150,1.5e+07,45500001,60500000
9,"NA10852",445,604,160,1.6e+07,44500001,60500000
9,"NA10854",455,604,150,1.5e+07,45500001,60500000
9,"NA10855",455,604,150,1.5e+07,45500001,60500000
9,"NA10856",443,605,163,16300000,44300001,60600000
9,"NA10857",454,604,151,15100000,45400001,60500000
9,"NA10859",454,604,151,15100000,45400001,60500000
9,"NA10860",437,447,11,1100000,43700001,44800000
9,"NA10860",452,604,153,15300000,45200001,60500000
9,"NA10861",455,604,150,1.5e+07,45500001,60500000
9,"NA10863",452,604,153,15300000,45200001,60500000
9,"NA10864",452,604,153,15300000,45200001,60500000
9,"NA10865",444,604,161,16100000,44400001,60500000
9,"NA12329",452,604,153,15300000,45200001,60500000
9,"NA12335",455,604,150,1.5e+07,45500001,60500000
9,"NA12336",452,604,153,15300000,45200001,60500000
9,"NA12344",455,604,150,1.5e+07,45500001,60500000
9,"NA12376",117,127,11,1100000,11700001,12800000
9,"NA12376",452,604,153,15300000,45200001,60500000
9,"NA12386",452,604,153,15300000,45200001,60500000
9,"NA12485",455,604,150,1.5e+07,45500001,60500000
9,"NA12707",454,604,151,15100000,45400001,60500000
9,"NA12739",455,604,150,1.5e+07,45500001,60500000
9,"NA12740",444,604,161,16100000,44400001,60500000
9,"NA12752",452,604,153,15300000,45200001,60500000
9,"NA12753",452,604,153,15300000,45200001,60500000
9,"NA12766",455,604,150,1.5e+07,45500001,60500000
9,"NA12767",452,604,153,15300000,45200001,60500000
9,"NA12801",452,604,153,15300000,45200001,60500000
9,"NA12802",455,604,150,1.5e+07,45500001,60500000
9,"NA12817",452,604,153,15300000,45200001,60500000
9,"NA12818",450,604,155,15500000,45000001,60500000
9,"NA12832",455,604,150,1.5e+07,45500001,60500000
9,"NA12864",455,604,150,1.5e+07,45500001,60500000
9,"NA12865",452,604,153,15300000,45200001,60500000
9,"NA12877",443,604,162,16200000,44300001,60500000
9,"NA12878",455,604,150,1.5e+07,45500001,60500000
9,"NA18484",452,604,153,15300000,45200001,60500000
9,"NA18485",445,604,160,1.6e+07,44500001,60500000
9,"NA18497",447,604,158,15800000,44700001,60500000
9,"NA18500",452,604,153,15300000,45200001,60500000
9,"NA18503",452,604,153,15300000,45200001,60500000
9,"NA18503",916,927,12,1200000,91600001,92800000
9,"NA18506",452,604,153,15300000,45200001,60500000
9,"NA18515",444,604,161,16100000,44400001,60500000
9,"NA18518",452,604,153,15300000,45200001,60500000
9,"NA18521",454,604,151,15100000,45400001,60500000
9,"NA18854",445,604,160,1.6e+07,44500001,60500000
9,"NA18857",455,604,150,1.5e+07,45500001,60500000
9,"NA18860",452,604,153,15300000,45200001,60500000
9,"NA18863",452,604,153,15300000,45200001,60500000
9,"NA18869",452,604,153,15300000,45200001,60500000
9,"NA18872",454,604,151,15100000,45400001,60500000
9,"NA18875",455,604,150,1.5e+07,45500001,60500000
9,"NA18906",441,453,13,1300000,44100001,45400000
9,"NA18906",455,604,150,1.5e+07,45500001,60500000
9,"NA18911",452,604,153,15300000,45200001,60500000
9,"NA18914",445,604,160,1.6e+07,44500001,60500000
9,"NA18925",454,604,151,15100000,45400001,60500000
9,"NA18930",452,604,153,15300000,45200001,60500000
9,"NA18935",445,604,160,1.6e+07,44500001,60500000
9,"NA19094",452,604,153,15300000,45200001,60500000
9,"NA19097",452,604,153,15300000,45200001,60500000
9,"NA19100",452,604,153,15300000,45200001,60500000
9,"NA19103",455,604,150,1.5e+07,45500001,60500000
9,"NA19109",455,604,150,1.5e+07,45500001,60500000
9,"NA19115",443,604,162,16200000,44300001,60500000
9,"NA19115",778,787,10,1e+06,77800001,78800000
9,"NA19120",454,604,151,15100000,45400001,60500000
9,"NA19123",449,604,156,15600000,44900001,60500000
9,"NA19129",455,604,150,1.5e+07,45500001,60500000
9,"NA19132",454,604,151,15100000,45400001,60500000
9,"NA19139",314,323,10,1e+06,31400001,32400000
9,"NA19139",455,604,150,1.5e+07,45500001,60500000
9,"NA19142",449,604,156,15600000,44900001,60500000
9,"NA19145",449,604,156,15600000,44900001,60500000
9,"NA19148",455,604,150,1.5e+07,45500001,60500000
9,"NA19151",454,604,151,15100000,45400001,60500000
9,"NA19154",455,604,150,1.5e+07,45500001,60500000
9,"NA19161",441,450,10,1e+06,44100001,45100000
9,"NA19161",452,604,153,15300000,45200001,60500000
9,"NA19173",454,604,151,15100000,45400001,60500000
9,"NA19174",449,604,156,15600000,44900001,60500000
9,"NA19177",452,604,153,15300000,45200001,60500000
9,"NA19177",920,931,12,1200000,92000001,93200000
9,"NA19186",454,604,151,15100000,45400001,60500000
9,"NA19191",452,604,153,15300000,45200001,60500000
9,"NA19199",443,604,162,16200000,44300001,60500000
9,"NA19202",452,604,153,15300000,45200001,60500000
9,"NA19205",455,604,150,1.5e+07,45500001,60500000
9,"NA19208",447,604,158,15800000,44700001,60500000
9,"NA19211",452,604,153,15300000,45200001,60500000
9,"NA19215",449,604,156,15600000,44900001,60500000
9,"NA19221",452,604,153,15300000,45200001,60500000
9,"NA19224",454,604,151,15100000,45400001,60500000
9,"NA19237",454,604,151,15100000,45400001,60500000
9,"NA19240",452,604,153,15300000,45200001,60500000
9,"NA19249",455,604,150,1.5e+07,45500001,60500000
9,"NA19258",454,604,151,15100000,45400001,60500000
9,"NA19650",452,604,153,15300000,45200001,60500000
9,"NA19653",447,604,158,15800000,44700001,60500000
9,"NA19656",452,604,153,15300000,45200001,60500000
9,"NA19659",455,604,150,1.5e+07,45500001,60500000
9,"NA19662",452,604,153,15300000,45200001,60500000
9,"NA19665",452,604,153,15300000,45200001,60500000
9,"NA19671",454,604,151,15100000,45400001,60500000
9,"NA19675",452,604,153,15300000,45200001,60500000
9,"NA19677",452,604,153,15300000,45200001,60500000
9,"NA19677",990,1007,18,1800000,99000001,100800000
9,"NA19680",452,604,153,15300000,45200001,60500000
9,"NA19683",452,604,153,15300000,45200001,60500000
9,"NA19685",449,604,156,15600000,44900001,60500000
9,"NA19686",452,604,153,15300000,45200001,60500000
9,"NA19702",454,604,151,15100000,45400001,60500000
9,"NA19705",454,604,151,15100000,45400001,60500000
9,"NA19718",452,604,153,15300000,45200001,60500000
9,"NA19721",452,604,153,15300000,45200001,60500000
9,"NA19724",452,604,153,15300000,45200001,60500000
9,"NA19727",455,604,150,1.5e+07,45500001,60500000
9,"NA19730",452,604,153,15300000,45200001,60500000
9,"NA19730",1295,1308,14,1400000,129500001,130900000
9,"NA19730",1311,1321,11,1100000,131100001,132200000
9,"NA19733",455,604,150,1.5e+07,45500001,60500000
9,"NA19748",452,604,153,15300000,45200001,60500000
9,"NA19751",452,604,153,15300000,45200001,60500000
9,"NA19757",452,604,153,15300000,45200001,60500000
9,"NA19760",452,604,153,15300000,45200001,60500000
9,"NA19763",455,604,150,1.5e+07,45500001,60500000
9,"NA19772",452,604,153,15300000,45200001,60500000
9,"NA19775",452,604,153,15300000,45200001,60500000
9,"NA19778",452,604,153,15300000,45200001,60500000
9,"NA19781",452,604,153,15300000,45200001,60500000
9,"NA19784",452,604,153,15300000,45200001,60500000
9,"NA19787",203,230,28,2800000,20300001,23100000
9,"NA19787",232,249,18,1800000,23200001,25000000
9,"NA19787",452,604,153,15300000,45200001,60500000
9,"NA19790",452,604,153,15300000,45200001,60500000
9,"NA19796",455,604,150,1.5e+07,45500001,60500000
9,"NA19828",452,604,153,15300000,45200001,60500000
9,"NA19836",452,604,153,15300000,45200001,60500000
9,"NA19902",452,604,153,15300000,45200001,60500000
9,"NA19918",444,604,161,16100000,44400001,60500000
9,"NA19919",447,604,158,15800000,44700001,60500000
9,"NA19924",447,604,158,15800000,44700001,60500000
9,"NA19983",452,604,153,15300000,45200001,60500000
9,"NA20128",452,604,153,15300000,45200001,60500000
9,"NA20129",454,604,151,15100000,45400001,60500000
9,"NA20279",447,604,158,15800000,44700001,60500000
9,"NA20358",454,604,151,15100000,45400001,60500000
10,"HG00459",266,275,10,1e+06,26600001,27600000
10,"HG00733",404,413,10,1e+06,40400001,41400000
10,"HG01050",875,890,16,1600000,87500001,89100000
10,"HG01084",171,202,32,3200000,17100001,20300000
10,"HG01103",253,264,12,1200000,25300001,26500000
10,"HG01103",270,284,15,1500000,27000001,28500000
10,"HG01103",286,305,20,2e+06,28600001,30600000
10,"HG01103",313,329,17,1700000,31300001,33000000
10,"HG01135",1193,1230,38,3800000,119300001,123100000
10,"HG01258",372,381,10,1e+06,37200001,38200000
10,"HG01279",335,383,49,4900000,33500001,38400000
10,"HG01279",423,455,33,3300000,42300001,45600000
10,"HG01349",318,327,10,1e+06,31800001,32800000
10,"HG01358",232,241,10,1e+06,23200001,24200000
10,"HG01573",372,382,11,1100000,37200001,38300000
10,"HG01573",426,438,13,1300000,42600001,43900000
10,"HG03113",1014,1036,23,2300000,101400001,103700000
10,"HG03310",720,729,10,1e+06,72000001,73000000
10,"NA12740",837,846,10,1e+06,83700001,84700000
10,"NA12865",723,734,12,1200000,72300001,73500000
10,"NA19148",199,208,10,1e+06,19900001,20900000
10,"NA19224",849,871,23,2300000,84900001,87200000
10,"NA19224",875,914,40,4e+06,87500001,91500000
10,"NA19224",916,928,13,1300000,91600001,92900000
10,"NA19224",930,948,19,1900000,93000001,94900000
10,"NA19224",950,968,19,1900000,95000001,96900000
10,"NA19224",980,999,20,2e+06,98000001,100000000
10,"NA19224",1003,1038,36,3600000,100300001,103900000
11,"HG00405",529,542,14,1400000,52900001,54300000
11,"HG00408",509,522,14,1400000,50900001,52300000
11,"HG00408",526,542,17,1700000,52600001,54300000
11,"HG00420",526,542,17,1700000,52600001,54300000
11,"HG00423",529,542,14,1400000,52900001,54300000
11,"HG00429",509,521,13,1300000,50900001,52200000
11,"HG00429",529,542,14,1400000,52900001,54300000
11,"HG00438",509,522,14,1400000,50900001,52300000
11,"HG00438",524,541,18,1800000,52400001,54200000
11,"HG00444",529,542,14,1400000,52900001,54300000
11,"HG00447",509,521,13,1300000,50900001,52200000
11,"HG00447",529,542,14,1400000,52900001,54300000
11,"HG00450",509,521,13,1300000,50900001,52200000
11,"HG00450",529,542,14,1400000,52900001,54300000
11,"HG00453",509,522,14,1400000,50900001,52300000
11,"HG00453",529,541,13,1300000,52900001,54200000
11,"HG00459",509,521,13,1300000,50900001,52200000
11,"HG00459",529,542,14,1400000,52900001,54300000
11,"HG00465",509,522,14,1400000,50900001,52300000
11,"HG00465",529,541,13,1300000,52900001,54200000
11,"HG00474",509,522,14,1400000,50900001,52300000
11,"HG00474",529,541,13,1300000,52900001,54200000
11,"HG00477",529,542,14,1400000,52900001,54300000
11,"HG00480",508,522,15,1500000,50800001,52300000
11,"HG00480",524,542,19,1900000,52400001,54300000
11,"HG00502",529,540,12,1200000,52900001,54100000
11,"HG00514",529,540,12,1200000,52900001,54100000
11,"HG00526",529,542,14,1400000,52900001,54300000
11,"HG00532",512,522,11,1100000,51200001,52300000
11,"HG00532",529,538,10,1e+06,52900001,53900000
11,"HG00535",529,542,14,1400000,52900001,54300000
11,"HG00535",813,822,10,1e+06,81300001,82300000
11,"HG00538",509,522,14,1400000,50900001,52300000
11,"HG00538",529,542,14,1400000,52900001,54300000
11,"HG00544",509,519,11,1100000,50900001,52000000
11,"HG00544",529,542,14,1400000,52900001,54300000
11,"HG00552",509,519,11,1100000,50900001,52000000
11,"HG00552",529,542,14,1400000,52900001,54300000
11,"HG00555",529,542,14,1400000,52900001,54300000
11,"HG00558",529,538,10,1e+06,52900001,53900000
11,"HG00561",529,542,14,1400000,52900001,54300000
11,"HG00567",509,521,13,1300000,50900001,52200000
11,"HG00567",526,542,17,1700000,52600001,54300000
11,"HG00579",529,542,14,1400000,52900001,54300000
11,"HG00582",509,522,14,1400000,50900001,52300000
11,"HG00582",529,541,13,1300000,52900001,54200000
11,"HG00585",512,522,11,1100000,51200001,52300000
11,"HG00585",529,541,13,1300000,52900001,54200000
11,"HG00591",509,521,13,1300000,50900001,52200000
11,"HG00591",526,542,17,1700000,52600001,54300000
11,"HG00594",529,542,14,1400000,52900001,54300000
11,"HG00597",526,542,17,1700000,52600001,54300000
11,"HG00609",529,542,14,1400000,52900001,54300000
11,"HG00612",529,538,10,1e+06,52900001,53900000
11,"HG00615",529,542,14,1400000,52900001,54300000
11,"HG00621",509,521,13,1300000,50900001,52200000
11,"HG00621",529,542,14,1400000,52900001,54300000
11,"HG00627",529,542,14,1400000,52900001,54300000
11,"HG00630",509,521,13,1300000,50900001,52200000
11,"HG00630",526,542,17,1700000,52600001,54300000
11,"HG00636",509,521,13,1300000,50900001,52200000
11,"HG00636",529,541,13,1300000,52900001,54200000
11,"HG00639",509,522,14,1400000,50900001,52300000
11,"HG00639",529,542,14,1400000,52900001,54300000
11,"HG00642",524,542,19,1900000,52400001,54300000
11,"HG00652",509,522,14,1400000,50900001,52300000
11,"HG00652",529,541,13,1300000,52900001,54200000
11,"HG00655",509,521,13,1300000,50900001,52200000
11,"HG00655",529,542,14,1400000,52900001,54300000
11,"HG00658",509,522,14,1400000,50900001,52300000
11,"HG00658",529,542,14,1400000,52900001,54300000
11,"HG00664",508,522,15,1500000,50800001,52300000
11,"HG00664",524,542,19,1900000,52400001,54300000
11,"HG00673",509,522,14,1400000,50900001,52300000
11,"HG00673",529,541,13,1300000,52900001,54200000
11,"HG00685",509,521,13,1300000,50900001,52200000
11,"HG00685",529,542,14,1400000,52900001,54300000
11,"HG00691",529,541,13,1300000,52900001,54200000
11,"HG00694",529,542,14,1400000,52900001,54300000
11,"HG00700",509,521,13,1300000,50900001,52200000
11,"HG00700",529,542,14,1400000,52900001,54300000
11,"HG00702",529,542,14,1400000,52900001,54300000
11,"HG00703",529,542,14,1400000,52900001,54300000
11,"HG00706",469,481,13,1300000,46900001,48200000
11,"HG00706",490,502,13,1300000,49000001,50300000
11,"HG00706",508,521,14,1400000,50800001,52200000
11,"HG00706",526,542,17,1700000,52600001,54300000
11,"HG00706",552,564,13,1300000,55200001,56500000
11,"HG00709",508,522,15,1500000,50800001,52300000
11,"HG00709",529,542,14,1400000,52900001,54300000
11,"HG00733",509,521,13,1300000,50900001,52200000
11,"HG00733",529,542,14,1400000,52900001,54300000
11,"HG00735",508,522,15,1500000,50800001,52300000
11,"HG00735",529,542,14,1400000,52900001,54300000
11,"HG00738",509,522,14,1400000,50900001,52300000
11,"HG00738",529,541,13,1300000,52900001,54200000
11,"HG00741",509,522,14,1400000,50900001,52300000
11,"HG00741",529,541,13,1300000,52900001,54200000
11,"HG01050",526,542,17,1700000,52600001,54300000
11,"HG01053",512,522,11,1100000,51200001,52300000
11,"HG01053",524,542,19,1900000,52400001,54300000
11,"HG01056",509,521,13,1300000,50900001,52200000
11,"HG01056",529,542,14,1400000,52900001,54300000
11,"HG01062",526,542,17,1700000,52600001,54300000
11,"HG01068",529,538,10,1e+06,52900001,53900000
11,"HG01071",509,521,13,1300000,50900001,52200000
11,"HG01071",526,542,17,1700000,52600001,54300000
11,"HG01074",509,522,14,1400000,50900001,52300000
11,"HG01074",529,542,14,1400000,52900001,54300000
11,"HG01081",529,542,14,1400000,52900001,54300000
11,"HG01084",509,522,14,1400000,50900001,52300000
11,"HG01084",529,542,14,1400000,52900001,54300000
11,"HG01087",509,522,14,1400000,50900001,52300000
11,"HG01087",529,542,14,1400000,52900001,54300000
11,"HG01096",509,519,11,1100000,50900001,52000000
11,"HG01096",529,542,14,1400000,52900001,54300000
11,"HG01099",509,522,14,1400000,50900001,52300000
11,"HG01099",529,541,13,1300000,52900001,54200000
11,"HG01100",509,521,13,1300000,50900001,52200000
11,"HG01100",526,541,16,1600000,52600001,54200000
11,"HG01103",509,522,14,1400000,50900001,52300000
11,"HG01103",529,542,14,1400000,52900001,54300000
11,"HG01106",509,522,14,1400000,50900001,52300000
11,"HG01106",529,542,14,1400000,52900001,54300000
11,"HG01109",509,519,11,1100000,50900001,52000000
11,"HG01109",526,541,16,1600000,52600001,54200000
11,"HG01109",577,589,13,1300000,57700001,59000000
11,"HG01114",509,522,14,1400000,50900001,52300000
11,"HG01114",524,542,19,1900000,52400001,54300000
11,"HG01126",509,521,13,1300000,50900001,52200000
11,"HG01126",529,542,14,1400000,52900001,54300000
11,"HG01135",509,522,14,1400000,50900001,52300000
11,"HG01135",529,542,14,1400000,52900001,54300000
11,"HG01138",509,522,14,1400000,50900001,52300000
11,"HG01138",529,542,14,1400000,52900001,54300000
11,"HG01141",305,318,14,1400000,30500001,31900000
11,"HG01141",529,538,10,1e+06,52900001,53900000
11,"HG01150",509,522,14,1400000,50900001,52300000
11,"HG01150",529,542,14,1400000,52900001,54300000
11,"HG01169",509,522,14,1400000,50900001,52300000
11,"HG01169",529,542,14,1400000,52900001,54300000
11,"HG01172",529,542,14,1400000,52900001,54300000
11,"HG01175",508,522,15,1500000,50800001,52300000
11,"HG01175",529,542,14,1400000,52900001,54300000
11,"HG01178",508,522,15,1500000,50800001,52300000
11,"HG01178",529,542,14,1400000,52900001,54300000
11,"HG01184",511,521,11,1100000,51100001,52200000
11,"HG01184",529,541,13,1300000,52900001,54200000
11,"HG01189",509,522,14,1400000,50900001,52300000
11,"HG01189",529,542,14,1400000,52900001,54300000
11,"HG01192",509,522,14,1400000,50900001,52300000
11,"HG01192",529,542,14,1400000,52900001,54300000
11,"HG01199",508,522,15,1500000,50800001,52300000
11,"HG01199",529,542,14,1400000,52900001,54300000
11,"HG01206",529,542,14,1400000,52900001,54300000
11,"HG01243",509,522,14,1400000,50900001,52300000
11,"HG01243",529,542,14,1400000,52900001,54300000
11,"HG01249",509,522,14,1400000,50900001,52300000
11,"HG01249",529,542,14,1400000,52900001,54300000
11,"HG01252",509,522,14,1400000,50900001,52300000
11,"HG01252",529,541,13,1300000,52900001,54200000
11,"HG01252",729,770,42,4200000,72900001,77100000
11,"HG01255",509,522,14,1400000,50900001,52300000
11,"HG01255",529,542,14,1400000,52900001,54300000
11,"HG01258",509,522,14,1400000,50900001,52300000
11,"HG01258",529,541,13,1300000,52900001,54200000
11,"HG01261",509,522,14,1400000,50900001,52300000
11,"HG01261",529,541,13,1300000,52900001,54200000
11,"HG01273",529,541,13,1300000,52900001,54200000
11,"HG01276",509,521,13,1300000,50900001,52200000
11,"HG01276",529,542,14,1400000,52900001,54300000
11,"HG01279",529,542,14,1400000,52900001,54300000
11,"HG01343",524,542,19,1900000,52400001,54300000
11,"HG01346",516,527,12,1200000,51600001,52800000
11,"HG01346",529,542,14,1400000,52900001,54300000
11,"HG01349",509,522,14,1400000,50900001,52300000
11,"HG01349",529,541,13,1300000,52900001,54200000
11,"HG01352",509,522,14,1400000,50900001,52300000
11,"HG01352",529,542,14,1400000,52900001,54300000
11,"HG01355",509,521,13,1300000,50900001,52200000
11,"HG01355",526,542,17,1700000,52600001,54300000
11,"HG01358",529,542,14,1400000,52900001,54300000
11,"HG01358",924,934,11,1100000,92400001,93500000
11,"HG01361",509,521,13,1300000,50900001,52200000
11,"HG01361",529,541,13,1300000,52900001,54200000
11,"HG01367",509,521,13,1300000,50900001,52200000
11,"HG01367",526,542,17,1700000,52600001,54300000
11,"HG01376",509,522,14,1400000,50900001,52300000
11,"HG01376",524,541,18,1800000,52400001,54200000
11,"HG01379",509,521,13,1300000,50900001,52200000
11,"HG01379",526,542,17,1700000,52600001,54300000
11,"HG01385",509,521,13,1300000,50900001,52200000
11,"HG01385",531,542,12,1200000,53100001,54300000
11,"HG01391",529,542,14,1400000,52900001,54300000
11,"HG01433",509,522,14,1400000,50900001,52300000
11,"HG01433",529,542,14,1400000,52900001,54300000
11,"HG01439",509,521,13,1300000,50900001,52200000
11,"HG01439",526,542,17,1700000,52600001,54300000
11,"HG01457",509,522,14,1400000,50900001,52300000
11,"HG01457",529,542,14,1400000,52900001,54300000
11,"HG01463",509,521,13,1300000,50900001,52200000
11,"HG01463",526,542,17,1700000,52600001,54300000
11,"HG01466",509,522,14,1400000,50900001,52300000
11,"HG01466",529,542,14,1400000,52900001,54300000
11,"HG01490",529,542,14,1400000,52900001,54300000
11,"HG01493",509,522,14,1400000,50900001,52300000
11,"HG01493",529,541,13,1300000,52900001,54200000
11,"HG01496",509,522,14,1400000,50900001,52300000
11,"HG01496",529,542,14,1400000,52900001,54300000
11,"HG01499",509,522,14,1400000,50900001,52300000
11,"HG01499",529,542,14,1400000,52900001,54300000
11,"HG01552",509,522,14,1400000,50900001,52300000
11,"HG01552",529,541,13,1300000,52900001,54200000
11,"HG01567",509,522,14,1400000,50900001,52300000
11,"HG01567",529,542,14,1400000,52900001,54300000
11,"HG01573",509,521,13,1300000,50900001,52200000
11,"HG01573",529,542,14,1400000,52900001,54300000
11,"HG01579",508,522,15,1500000,50800001,52300000
11,"HG01579",529,542,14,1400000,52900001,54300000
11,"HG01881",513,527,15,1500000,51300001,52800000
11,"HG01881",529,542,14,1400000,52900001,54300000
11,"HG01884",509,521,13,1300000,50900001,52200000
11,"HG01884",529,542,14,1400000,52900001,54300000
11,"HG01887",531,541,11,1100000,53100001,54200000
11,"HG01888",526,542,17,1700000,52600001,54300000
11,"HG01891",513,522,10,1e+06,51300001,52300000
11,"HG01891",531,542,12,1200000,53100001,54300000
11,"HG01895",524,542,19,1900000,52400001,54300000
11,"HG01897",529,541,13,1300000,52900001,54200000
11,"HG01898",509,521,13,1300000,50900001,52200000
11,"HG01898",526,542,17,1700000,52600001,54300000
11,"HG01916",513,522,10,1e+06,51300001,52300000
11,"HG01916",529,541,13,1300000,52900001,54200000
11,"HG01919",508,527,20,2e+06,50800001,52800000
11,"HG01919",529,542,14,1400000,52900001,54300000
11,"HG01922",529,542,14,1400000,52900001,54300000
11,"HG01925",508,522,15,1500000,50800001,52300000
11,"HG01925",529,542,14,1400000,52900001,54300000
11,"HG01928",512,522,11,1100000,51200001,52300000
11,"HG01928",529,542,14,1400000,52900001,54300000
11,"HG01934",508,522,15,1500000,50800001,52300000
11,"HG01934",529,541,13,1300000,52900001,54200000
11,"HG01937",310,319,10,1e+06,31000001,32000000
11,"HG01937",509,521,13,1300000,50900001,52200000
11,"HG01937",526,542,17,1700000,52600001,54300000
11,"HG01940",508,522,15,1500000,50800001,52300000
11,"HG01943",509,522,14,1400000,50900001,52300000
11,"HG01943",529,542,14,1400000,52900001,54300000
11,"HG01946",509,521,13,1300000,50900001,52200000
11,"HG01946",529,542,14,1400000,52900001,54300000
11,"HG01949",509,521,13,1300000,50900001,52200000
11,"HG01949",526,542,17,1700000,52600001,54300000
11,"HG01952",509,521,13,1300000,50900001,52200000
11,"HG01952",529,542,14,1400000,52900001,54300000
11,"HG01955",509,521,13,1300000,50900001,52200000
11,"HG01955",529,542,14,1400000,52900001,54300000
11,"HG01959",509,519,11,1100000,50900001,52000000
11,"HG01959",526,541,16,1600000,52600001,54200000
11,"HG01960",529,542,14,1400000,52900001,54300000
11,"HG01969",509,522,14,1400000,50900001,52300000
11,"HG01969",529,542,14,1400000,52900001,54300000
11,"HG01972",459,471,13,1300000,45900001,47200000
11,"HG01972",474,483,10,1e+06,47400001,48400000
11,"HG01972",508,522,15,1500000,50800001,52300000
11,"HG01972",529,542,14,1400000,52900001,54300000
11,"HG01975",508,522,15,1500000,50800001,52300000
11,"HG01975",529,542,14,1400000,52900001,54300000
11,"HG01978",509,521,13,1300000,50900001,52200000
11,"HG01978",529,542,14,1400000,52900001,54300000
11,"HG01981",509,522,14,1400000,50900001,52300000
11,"HG01981",524,542,19,1900000,52400001,54300000
11,"HG01984",509,522,14,1400000,50900001,52300000
11,"HG01984",529,542,14,1400000,52900001,54300000
11,"HG01987",509,522,14,1400000,50900001,52300000
11,"HG01987",529,542,14,1400000,52900001,54300000
11,"HG01993",509,521,13,1300000,50900001,52200000
11,"HG01993",529,542,14,1400000,52900001,54300000
11,"HG01998",509,521,13,1300000,50900001,52200000
11,"HG01998",529,542,14,1400000,52900001,54300000
11,"HG02004",509,522,14,1400000,50900001,52300000
11,"HG02004",529,542,14,1400000,52900001,54300000
11,"HG02011",509,521,13,1300000,50900001,52200000
11,"HG02011",529,542,14,1400000,52900001,54300000
11,"HG02055",509,521,13,1300000,50900001,52200000
11,"HG02055",529,542,14,1400000,52900001,54300000
11,"HG02091",509,521,13,1300000,50900001,52200000
11,"HG02091",526,542,17,1700000,52600001,54300000
11,"HG02106",509,521,13,1300000,50900001,52200000
11,"HG02106",529,542,14,1400000,52900001,54300000
11,"HG02145",513,522,10,1e+06,51300001,52300000
11,"HG02145",529,542,14,1400000,52900001,54300000
11,"HG02148",287,300,14,1400000,28700001,30100000
11,"HG02148",509,521,13,1300000,50900001,52200000
11,"HG02148",529,542,14,1400000,52900001,54300000
11,"HG02257",509,522,14,1400000,50900001,52300000
11,"HG02257",529,542,14,1400000,52900001,54300000
11,"HG02258",528,542,15,1500000,52800001,54300000
11,"HG02261",509,522,14,1400000,50900001,52300000
11,"HG02261",529,542,14,1400000,52900001,54300000
11,"HG02273",509,522,14,1400000,50900001,52300000
11,"HG02273",529,542,14,1400000,52900001,54300000
11,"HG02279",529,542,14,1400000,52900001,54300000
11,"HG02280",509,522,14,1400000,50900001,52300000
11,"HG02280",529,542,14,1400000,52900001,54300000
11,"HG02287",513,522,10,1e+06,51300001,52300000
11,"HG02287",529,542,14,1400000,52900001,54300000
11,"HG02293",512,522,11,1100000,51200001,52300000
11,"HG02293",529,542,14,1400000,52900001,54300000
11,"HG02300",509,522,14,1400000,50900001,52300000
11,"HG02300",529,542,14,1400000,52900001,54300000
11,"HG02303",508,522,15,1500000,50800001,52300000
11,"HG02303",529,542,14,1400000,52900001,54300000
11,"HG02316",529,542,14,1400000,52900001,54300000
11,"HG02321",529,542,14,1400000,52900001,54300000
11,"HG02451",529,542,14,1400000,52900001,54300000
11,"HG02924",509,521,13,1300000,50900001,52200000
11,"HG02924",529,542,14,1400000,52900001,54300000
11,"HG02924",741,753,13,1300000,74100001,75400000
11,"HG02945",529,542,14,1400000,52900001,54300000
11,"HG02948",529,542,14,1400000,52900001,54300000
11,"HG02954",529,542,14,1400000,52900001,54300000
11,"HG02966",509,522,14,1400000,50900001,52300000
11,"HG02966",524,542,19,1900000,52400001,54300000
11,"HG02972",529,542,14,1400000,52900001,54300000
11,"HG02975",526,541,16,1600000,52600001,54200000
11,"HG02978",509,542,34,3400000,50900001,54300000
11,"HG02980",509,522,14,1400000,50900001,52300000
11,"HG02980",528,542,15,1500000,52800001,54300000
11,"HG03101",528,541,14,1400000,52800001,54200000
11,"HG03101",1015,1026,12,1200000,101500001,102700000
11,"HG03110",529,541,13,1300000,52900001,54200000
11,"HG03113",509,522,14,1400000,50900001,52300000
11,"HG03113",528,542,15,1500000,52800001,54300000
11,"HG03116",509,519,11,1100000,50900001,52000000
11,"HG03116",531,542,12,1200000,53100001,54300000
11,"HG03119",529,542,14,1400000,52900001,54300000
11,"HG03119",1041,1059,19,1900000,104100001,106000000
11,"HG03122",513,522,10,1e+06,51300001,52300000
11,"HG03122",529,542,14,1400000,52900001,54300000
11,"HG03125",529,541,13,1300000,52900001,54200000
11,"HG03128",529,538,10,1e+06,52900001,53900000
11,"HG03131",509,522,14,1400000,50900001,52300000
11,"HG03131",529,542,14,1400000,52900001,54300000
11,"HG03134",509,519,11,1100000,50900001,52000000
11,"HG03134",529,542,14,1400000,52900001,54300000
11,"HG03137",524,542,19,1900000,52400001,54300000
11,"HG03161",529,538,10,1e+06,52900001,53900000
11,"HG03164",261,297,37,3700000,26100001,29800000
11,"HG03164",509,519,11,1100000,50900001,52000000
11,"HG03164",526,542,17,1700000,52600001,54300000
11,"HG03170",509,519,11,1100000,50900001,52000000
11,"HG03170",528,542,15,1500000,52800001,54300000
11,"HG03191",509,519,11,1100000,50900001,52000000
11,"HG03191",529,538,10,1e+06,52900001,53900000
11,"HG03197",509,521,13,1300000,50900001,52200000
11,"HG03197",529,541,13,1300000,52900001,54200000
11,"HG03200",509,522,14,1400000,50900001,52300000
11,"HG03200",529,542,14,1400000,52900001,54300000
11,"HG03269",509,522,14,1400000,50900001,52300000
11,"HG03269",529,542,14,1400000,52900001,54300000
11,"HG03272",509,522,14,1400000,50900001,52300000
11,"HG03272",529,538,10,1e+06,52900001,53900000
11,"HG03296",509,519,11,1100000,50900001,52000000
11,"HG03296",529,542,14,1400000,52900001,54300000
11,"HG03299",529,542,14,1400000,52900001,54300000
11,"HG03302",526,542,17,1700000,52600001,54300000
11,"HG03305",529,542,14,1400000,52900001,54300000
11,"HG03308",529,541,13,1300000,52900001,54200000
11,"HG03310",509,522,14,1400000,50900001,52300000
11,"HG03310",531,542,12,1200000,53100001,54300000
11,"HG03314",509,522,14,1400000,50900001,52300000
11,"HG03314",529,542,14,1400000,52900001,54300000
11,"HG03344",531,541,11,1100000,53100001,54200000
11,"HG03350",528,542,15,1500000,52800001,54300000
11,"HG03368",509,519,11,1100000,50900001,52000000
11,"HG03368",529,542,14,1400000,52900001,54300000
11,"HG03371",509,524,16,1600000,50900001,52500000
11,"HG03371",529,542,14,1400000,52900001,54300000
11,"HG03374",528,542,15,1500000,52800001,54300000
11,"HG03516",526,542,17,1700000,52600001,54300000
11,"HG03519",509,522,14,1400000,50900001,52300000
11,"HG03519",524,542,19,1900000,52400001,54300000
11,"HG03522",524,541,18,1800000,52400001,54200000
11,"NA06991",529,542,14,1400000,52900001,54300000
11,"NA06995",513,522,10,1e+06,51300001,52300000
11,"NA06995",529,542,14,1400000,52900001,54300000
11,"NA06997",509,522,14,1400000,50900001,52300000
11,"NA06997",529,542,14,1400000,52900001,54300000
11,"NA07014",529,542,14,1400000,52900001,54300000
11,"NA07019",529,542,14,1400000,52900001,54300000
11,"NA07029",511,522,12,1200000,51100001,52300000
11,"NA07029",529,542,14,1400000,52900001,54300000
11,"NA07048",529,538,10,1e+06,52900001,53900000
11,"NA07348",509,521,13,1300000,50900001,52200000
11,"NA07348",529,542,14,1400000,52900001,54300000
11,"NA07349",529,542,14,1400000,52900001,54300000
11,"NA10830",529,542,14,1400000,52900001,54300000
11,"NA10831",529,538,10,1e+06,52900001,53900000
11,"NA10835",509,522,14,1400000,50900001,52300000
11,"NA10835",524,542,19,1900000,52400001,54300000
11,"NA10836",509,522,14,1400000,50900001,52300000
11,"NA10836",529,542,14,1400000,52900001,54300000
11,"NA10837",513,522,10,1e+06,51300001,52300000
11,"NA10837",529,542,14,1400000,52900001,54300000
11,"NA10838",509,519,11,1100000,50900001,52000000
11,"NA10838",524,542,19,1900000,52400001,54300000
11,"NA10839",509,521,13,1300000,50900001,52200000
11,"NA10839",531,542,12,1200000,53100001,54300000
11,"NA10840",509,519,11,1100000,50900001,52000000
11,"NA10840",524,542,19,1900000,52400001,54300000
11,"NA10842",509,522,14,1400000,50900001,52300000
11,"NA10842",529,542,14,1400000,52900001,54300000
11,"NA10843",509,521,13,1300000,50900001,52200000
11,"NA10843",529,542,14,1400000,52900001,54300000
11,"NA10845",529,541,13,1300000,52900001,54200000
11,"NA10846",529,542,14,1400000,52900001,54300000
11,"NA10847",529,541,13,1300000,52900001,54200000
11,"NA10851",513,522,10,1e+06,51300001,52300000
11,"NA10851",529,542,14,1400000,52900001,54300000
11,"NA10852",509,519,11,1100000,50900001,52000000
11,"NA10852",529,542,14,1400000,52900001,54300000
11,"NA10854",529,542,14,1400000,52900001,54300000
11,"NA10855",813,824,12,1200000,81300001,82500000
11,"NA10856",526,542,17,1700000,52600001,54300000
11,"NA10857",509,521,13,1300000,50900001,52200000
11,"NA10857",526,542,17,1700000,52600001,54300000
11,"NA10859",509,521,13,1300000,50900001,52200000
11,"NA10859",529,542,14,1400000,52900001,54300000
11,"NA10860",513,522,10,1e+06,51300001,52300000
11,"NA10860",529,542,14,1400000,52900001,54300000
11,"NA10861",529,542,14,1400000,52900001,54300000
11,"NA10863",509,522,14,1400000,50900001,52300000
11,"NA10863",529,542,14,1400000,52900001,54300000
11,"NA10864",529,541,13,1300000,52900001,54200000
11,"NA10865",529,542,14,1400000,52900001,54300000
11,"NA12329",509,522,14,1400000,50900001,52300000
11,"NA12329",529,542,14,1400000,52900001,54300000
11,"NA12335",509,522,14,1400000,50900001,52300000
11,"NA12335",529,542,14,1400000,52900001,54300000
11,"NA12336",509,522,14,1400000,50900001,52300000
11,"NA12336",529,541,13,1300000,52900001,54200000
11,"NA12344",509,519,11,1100000,50900001,52000000
11,"NA12344",528,542,15,1500000,52800001,54300000
11,"NA12376",509,522,14,1400000,50900001,52300000
11,"NA12376",529,542,14,1400000,52900001,54300000
11,"NA12386",509,521,13,1300000,50900001,52200000
11,"NA12386",529,542,14,1400000,52900001,54300000
11,"NA12485",513,522,10,1e+06,51300001,52300000
11,"NA12485",529,542,14,1400000,52900001,54300000
11,"NA12707",529,542,14,1400000,52900001,54300000
11,"NA12739",529,542,14,1400000,52900001,54300000
11,"NA12740",529,542,14,1400000,52900001,54300000
11,"NA12752",529,541,13,1300000,52900001,54200000
11,"NA12753",509,522,14,1400000,50900001,52300000
11,"NA12753",529,542,14,1400000,52900001,54300000
11,"NA12766",529,541,13,1300000,52900001,54200000
11,"NA12767",509,521,13,1300000,50900001,52200000
11,"NA12767",526,542,17,1700000,52600001,54300000
11,"NA12801",508,522,15,1500000,50800001,52300000
11,"NA12801",529,542,14,1400000,52900001,54300000
11,"NA12802",509,522,14,1400000,50900001,52300000
11,"NA12802",529,542,14,1400000,52900001,54300000
11,"NA12817",509,522,14,1400000,50900001,52300000
11,"NA12817",529,542,14,1400000,52900001,54300000
11,"NA12818",274,289,16,1600000,27400001,29000000
11,"NA12818",506,522,17,1700000,50600001,52300000
11,"NA12818",529,542,14,1400000,52900001,54300000
11,"NA12832",513,522,10,1e+06,51300001,52300000
11,"NA12832",529,542,14,1400000,52900001,54300000
11,"NA12864",509,522,14,1400000,50900001,52300000
11,"NA12864",529,542,14,1400000,52900001,54300000
11,"NA12864",885,896,12,1200000,88500001,89700000
11,"NA12865",529,542,14,1400000,52900001,54300000
11,"NA12877",513,522,10,1e+06,51300001,52300000
11,"NA12877",529,542,14,1400000,52900001,54300000
11,"NA12878",529,541,13,1300000,52900001,54200000
11,"NA18484",278,287,10,1e+06,27800001,28800000
11,"NA18484",509,542,34,3400000,50900001,54300000
11,"NA18485",528,542,15,1500000,52800001,54300000
11,"NA18497",528,542,15,1500000,52800001,54300000
11,"NA18500",508,522,15,1500000,50800001,52300000
11,"NA18500",529,538,10,1e+06,52900001,53900000
11,"NA18503",203,212,10,1e+06,20300001,21300000
11,"NA18503",509,521,13,1300000,50900001,52200000
11,"NA18503",529,542,14,1400000,52900001,54300000
11,"NA18506",509,521,13,1300000,50900001,52200000
11,"NA18506",529,542,14,1400000,52900001,54300000
11,"NA18515",509,522,14,1400000,50900001,52300000
11,"NA18518",509,522,14,1400000,50900001,52300000
11,"NA18518",526,541,16,1600000,52600001,54200000
11,"NA18521",509,521,13,1300000,50900001,52200000
11,"NA18521",531,542,12,1200000,53100001,54300000
11,"NA18854",528,542,15,1500000,52800001,54300000
11,"NA18857",509,522,14,1400000,50900001,52300000
11,"NA18857",531,541,11,1100000,53100001,54200000
11,"NA18860",524,538,15,1500000,52400001,53900000
11,"NA18863",509,521,13,1300000,50900001,52200000
11,"NA18863",529,541,13,1300000,52900001,54200000
11,"NA18869",528,541,14,1400000,52800001,54200000
11,"NA18872",509,522,14,1400000,50900001,52300000
11,"NA18872",524,542,19,1900000,52400001,54300000
11,"NA18875",513,522,10,1e+06,51300001,52300000
11,"NA18875",528,542,15,1500000,52800001,54300000
11,"NA18906",529,538,10,1e+06,52900001,53900000
11,"NA18911",509,522,14,1400000,50900001,52300000
11,"NA18911",531,541,11,1100000,53100001,54200000
11,"NA18914",529,538,10,1e+06,52900001,53900000
11,"NA18925",526,541,16,1600000,52600001,54200000
11,"NA18930",529,542,14,1400000,52900001,54300000
11,"NA18935",509,519,11,1100000,50900001,52000000
11,"NA18935",526,542,17,1700000,52600001,54300000
11,"NA19094",509,522,14,1400000,50900001,52300000
11,"NA19094",524,538,15,1500000,52400001,53900000
11,"NA19097",529,542,14,1400000,52900001,54300000
11,"NA19100",529,542,14,1400000,52900001,54300000
11,"NA19103",509,522,14,1400000,50900001,52300000
11,"NA19103",529,542,14,1400000,52900001,54300000
11,"NA19109",524,542,19,1900000,52400001,54300000
11,"NA19115",513,522,10,1e+06,51300001,52300000
11,"NA19115",528,542,15,1500000,52800001,54300000
11,"NA19120",177,190,14,1400000,17700001,19100000
11,"NA19120",524,542,19,1900000,52400001,54300000
11,"NA19123",509,519,11,1100000,50900001,52000000
11,"NA19123",529,542,14,1400000,52900001,54300000
11,"NA19129",513,522,10,1e+06,51300001,52300000
11,"NA19129",529,542,14,1400000,52900001,54300000
11,"NA19132",529,542,14,1400000,52900001,54300000
11,"NA19139",509,522,14,1400000,50900001,52300000
11,"NA19139",529,538,10,1e+06,52900001,53900000
11,"NA19142",273,287,15,1500000,27300001,28800000
11,"NA19142",509,522,14,1400000,50900001,52300000
11,"NA19142",529,542,14,1400000,52900001,54300000
11,"NA19145",526,542,17,1700000,52600001,54300000
11,"NA19148",531,542,12,1200000,53100001,54300000
11,"NA19151",531,541,11,1100000,53100001,54200000
11,"NA19154",509,522,14,1400000,50900001,52300000
11,"NA19154",529,541,13,1300000,52900001,54200000
11,"NA19161",529,542,14,1400000,52900001,54300000
11,"NA19173",509,521,13,1300000,50900001,52200000
11,"NA19173",529,542,14,1400000,52900001,54300000
11,"NA19174",509,519,11,1100000,50900001,52000000
11,"NA19174",531,542,12,1200000,53100001,54300000
11,"NA19177",509,522,14,1400000,50900001,52300000
11,"NA19177",529,542,14,1400000,52900001,54300000
11,"NA19186",509,522,14,1400000,50900001,52300000
11,"NA19186",529,542,14,1400000,52900001,54300000
11,"NA19191",505,519,15,1500000,50500001,52000000
11,"NA19191",528,542,15,1500000,52800001,54300000
11,"NA19199",509,522,14,1400000,50900001,52300000
11,"NA19199",531,541,11,1100000,53100001,54200000
11,"NA19202",509,522,14,1400000,50900001,52300000
11,"NA19202",529,538,10,1e+06,52900001,53900000
11,"NA19205",526,537,12,1200000,52600001,53800000
11,"NA19208",528,542,15,1500000,52800001,54300000
11,"NA19211",531,541,11,1100000,53100001,54200000
11,"NA19215",531,541,11,1100000,53100001,54200000
11,"NA19221",509,519,11,1100000,50900001,52000000
11,"NA19221",531,541,11,1100000,53100001,54200000
11,"NA19224",509,521,13,1300000,50900001,52200000
11,"NA19224",529,542,14,1400000,52900001,54300000
11,"NA19224",574,585,12,1200000,57400001,58600000
11,"NA19237",509,522,14,1400000,50900001,52300000
11,"NA19237",531,542,12,1200000,53100001,54300000
11,"NA19240",529,542,14,1400000,52900001,54300000
11,"NA19249",509,522,14,1400000,50900001,52300000
11,"NA19249",525,538,14,1400000,52500001,53900000
11,"NA19258",509,522,14,1400000,50900001,52300000
11,"NA19258",529,541,13,1300000,52900001,54200000
11,"NA19650",509,522,14,1400000,50900001,52300000
11,"NA19650",529,541,13,1300000,52900001,54200000
11,"NA19653",509,522,14,1400000,50900001,52300000
11,"NA19653",529,542,14,1400000,52900001,54300000
11,"NA19653",807,878,72,7200000,80700001,87900000
11,"NA19656",509,522,14,1400000,50900001,52300000
11,"NA19656",529,542,14,1400000,52900001,54300000
11,"NA19659",508,522,15,1500000,50800001,52300000
11,"NA19659",529,542,14,1400000,52900001,54300000
11,"NA19662",508,522,15,1500000,50800001,52300000
11,"NA19662",529,538,10,1e+06,52900001,53900000
11,"NA19665",509,522,14,1400000,50900001,52300000
11,"NA19665",529,538,10,1e+06,52900001,53900000
11,"NA19671",509,521,13,1300000,50900001,52200000
11,"NA19671",529,541,13,1300000,52900001,54200000
11,"NA19675",509,521,13,1300000,50900001,52200000
11,"NA19675",529,542,14,1400000,52900001,54300000
11,"NA19677",509,521,13,1300000,50900001,52200000
11,"NA19677",526,542,17,1700000,52600001,54300000
11,"NA19680",509,522,14,1400000,50900001,52300000
11,"NA19680",529,542,14,1400000,52900001,54300000
11,"NA19683",509,521,13,1300000,50900001,52200000
11,"NA19683",529,542,14,1400000,52900001,54300000
11,"NA19685",529,538,10,1e+06,52900001,53900000
11,"NA19686",509,521,13,1300000,50900001,52200000
11,"NA19686",529,538,10,1e+06,52900001,53900000
11,"NA19702",529,542,14,1400000,52900001,54300000
11,"NA19705",509,521,13,1300000,50900001,52200000
11,"NA19705",529,542,14,1400000,52900001,54300000
11,"NA19718",509,522,14,1400000,50900001,52300000
11,"NA19718",529,542,14,1400000,52900001,54300000
11,"NA19721",509,522,14,1400000,50900001,52300000
11,"NA19721",529,542,14,1400000,52900001,54300000
11,"NA19724",509,522,14,1400000,50900001,52300000
11,"NA19724",529,541,13,1300000,52900001,54200000
11,"NA19727",509,522,14,1400000,50900001,52300000
11,"NA19727",529,542,14,1400000,52900001,54300000
11,"NA19730",509,522,14,1400000,50900001,52300000
11,"NA19730",529,542,14,1400000,52900001,54300000
11,"NA19733",529,542,14,1400000,52900001,54300000
11,"NA19748",509,522,14,1400000,50900001,52300000
11,"NA19748",529,542,14,1400000,52900001,54300000
11,"NA19751",509,522,14,1400000,50900001,52300000
11,"NA19751",529,542,14,1400000,52900001,54300000
11,"NA19757",529,542,14,1400000,52900001,54300000
11,"NA19760",509,522,14,1400000,50900001,52300000
11,"NA19760",529,542,14,1400000,52900001,54300000
11,"NA19763",509,522,14,1400000,50900001,52300000
11,"NA19763",529,541,13,1300000,52900001,54200000
11,"NA19772",508,522,15,1500000,50800001,52300000
11,"NA19772",529,542,14,1400000,52900001,54300000
11,"NA19775",516,527,12,1200000,51600001,52800000
11,"NA19775",529,542,14,1400000,52900001,54300000
11,"NA19778",529,542,14,1400000,52900001,54300000
11,"NA19781",509,522,14,1400000,50900001,52300000
11,"NA19781",524,542,19,1900000,52400001,54300000
11,"NA19784",509,522,14,1400000,50900001,52300000
11,"NA19784",529,542,14,1400000,52900001,54300000
11,"NA19787",508,522,15,1500000,50800001,52300000
11,"NA19787",529,542,14,1400000,52900001,54300000
11,"NA19790",509,521,13,1300000,50900001,52200000
11,"NA19790",529,541,13,1300000,52900001,54200000
11,"NA19796",529,540,12,1200000,52900001,54100000
11,"NA19828",509,522,14,1400000,50900001,52300000
11,"NA19828",529,541,13,1300000,52900001,54200000
11,"NA19836",529,541,13,1300000,52900001,54200000
11,"NA19902",509,519,11,1100000,50900001,52000000
11,"NA19902",524,542,19,1900000,52400001,54300000
11,"NA19918",529,541,13,1300000,52900001,54200000
11,"NA19919",509,522,14,1400000,50900001,52300000
11,"NA19919",526,542,17,1700000,52600001,54300000
11,"NA19924",417,434,18,1800000,41700001,43500000
11,"NA19924",509,522,14,1400000,50900001,52300000
11,"NA19924",526,542,17,1700000,52600001,54300000
11,"NA19983",526,542,17,1700000,52600001,54300000
11,"NA20128",513,522,10,1e+06,51300001,52300000
11,"NA20128",524,542,19,1900000,52400001,54300000
11,"NA20129",529,542,14,1400000,52900001,54300000
11,"NA20279",509,524,16,1600000,50900001,52500000
11,"NA20279",529,538,10,1e+06,52900001,53900000
11,"NA20358",528,542,15,1500000,52800001,54300000
12,"HG00438",1017,1029,13,1300000,101700001,103000000
12,"HG00465",355,364,10,1e+06,35500001,36500000
12,"HG00594",1114,1127,14,1400000,111400001,112800000
12,"HG00652",358,368,11,1100000,35800001,36900000
12,"HG00733",126,139,14,1400000,12600001,14000000
12,"HG00735",411,455,45,4500000,41100001,45600000
12,"HG01062",775,824,50,5e+06,77500001,82500000
12,"HG01276",253,275,23,2300000,25300001,27600000
12,"HG01343",450,459,10,1e+06,45000001,46000000
12,"HG01567",105,134,30,3e+06,10500001,13500000
12,"HG01955",1218,1228,11,1100000,121800001,122900000
12,"HG02004",1071,1081,11,1100000,107100001,108200000
12,"HG02011",1113,1127,15,1500000,111300001,112800000
12,"HG02924",1200,1209,10,1e+06,120000001,121000000
12,"HG02966",385,403,19,1900000,38500001,40400000
12,"HG03269",864,879,16,1600000,86400001,88000000
12,"HG03299",660,669,10,1e+06,66000001,67000000
12,"HG03310",65,77,13,1300000,6500001,7800000
12,"HG03374",596,609,14,1400000,59600001,61000000
12,"HG03374",720,735,16,1600000,72000001,73600000
12,"HG03522",876,889,14,1400000,87600001,89000000
12,"NA07349",566,583,18,1800000,56600001,58400000
12,"NA10856",760,775,16,1600000,76000001,77600000
12,"NA18503",711,721,11,1100000,71100001,72200000
12,"NA18863",832,844,13,1300000,83200001,84500000
12,"NA19224",1259,1288,30,3e+06,125900001,128900000
12,"NA19650",550,564,15,1500000,55000001,56500000
12,"NA19748",770,779,10,1e+06,77000001,78000000
13,"HG00405",0,159,160,1.6e+07,1,16000000
13,"HG00408",0,159,160,1.6e+07,1,16000000
13,"HG00420",0,159,160,1.6e+07,1,16000000
13,"HG00423",0,159,160,1.6e+07,1,16000000
13,"HG00429",0,159,160,1.6e+07,1,16000000
13,"HG00438",0,159,160,1.6e+07,1,16000000
13,"HG00444",0,159,160,1.6e+07,1,16000000
13,"HG00447",0,159,160,1.6e+07,1,16000000
13,"HG00450",0,159,160,1.6e+07,1,16000000
13,"HG00453",0,159,160,1.6e+07,1,16000000
13,"HG00459",0,159,160,1.6e+07,1,16000000
13,"HG00465",0,159,160,1.6e+07,1,16000000
13,"HG00474",0,159,160,1.6e+07,1,16000000
13,"HG00477",0,159,160,1.6e+07,1,16000000
13,"HG00480",0,159,160,1.6e+07,1,16000000
13,"HG00502",0,159,160,1.6e+07,1,16000000
13,"HG00514",0,159,160,1.6e+07,1,16000000
13,"HG00526",0,159,160,1.6e+07,1,16000000
13,"HG00532",0,159,160,1.6e+07,1,16000000
13,"HG00535",0,159,160,1.6e+07,1,16000000
13,"HG00538",0,159,160,1.6e+07,1,16000000
13,"HG00544",0,159,160,1.6e+07,1,16000000
13,"HG00552",0,159,160,1.6e+07,1,16000000
13,"HG00555",0,159,160,1.6e+07,1,16000000
13,"HG00558",0,159,160,1.6e+07,1,16000000
13,"HG00561",0,159,160,1.6e+07,1,16000000
13,"HG00567",0,159,160,1.6e+07,1,16000000
13,"HG00579",0,159,160,1.6e+07,1,16000000
13,"HG00582",0,159,160,1.6e+07,1,16000000
13,"HG00585",0,159,160,1.6e+07,1,16000000
13,"HG00591",0,159,160,1.6e+07,1,16000000
13,"HG00594",0,159,160,1.6e+07,1,16000000
13,"HG00597",0,159,160,1.6e+07,1,16000000
13,"HG00609",0,159,160,1.6e+07,1,16000000
13,"HG00612",0,159,160,1.6e+07,1,16000000
13,"HG00615",0,159,160,1.6e+07,1,16000000
13,"HG00621",0,159,160,1.6e+07,1,16000000
13,"HG00627",0,159,160,1.6e+07,1,16000000
13,"HG00630",0,159,160,1.6e+07,1,16000000
13,"HG00636",0,159,160,1.6e+07,1,16000000
13,"HG00636",403,417,15,1500000,40300001,41800000
13,"HG00639",0,159,160,1.6e+07,1,16000000
13,"HG00642",0,159,160,1.6e+07,1,16000000
13,"HG00652",0,159,160,1.6e+07,1,16000000
13,"HG00655",0,159,160,1.6e+07,1,16000000
13,"HG00658",0,159,160,1.6e+07,1,16000000
13,"HG00664",0,159,160,1.6e+07,1,16000000
13,"HG00673",0,159,160,1.6e+07,1,16000000
13,"HG00685",0,159,160,1.6e+07,1,16000000
13,"HG00691",0,159,160,1.6e+07,1,16000000
13,"HG00694",0,159,160,1.6e+07,1,16000000
13,"HG00700",0,159,160,1.6e+07,1,16000000
13,"HG00702",0,159,160,1.6e+07,1,16000000
13,"HG00703",0,159,160,1.6e+07,1,16000000
13,"HG00706",0,159,160,1.6e+07,1,16000000
13,"HG00709",0,159,160,1.6e+07,1,16000000
13,"HG00733",0,159,160,1.6e+07,1,16000000
13,"HG00735",0,159,160,1.6e+07,1,16000000
13,"HG00738",0,159,160,1.6e+07,1,16000000
13,"HG00741",0,159,160,1.6e+07,1,16000000
13,"HG01050",0,159,160,1.6e+07,1,16000000
13,"HG01053",0,159,160,1.6e+07,1,16000000
13,"HG01056",0,159,160,1.6e+07,1,16000000
13,"HG01056",650,666,17,1700000,65000001,66700000
13,"HG01056",668,687,20,2e+06,66800001,68800000
13,"HG01056",689,712,24,2400000,68900001,71300000
13,"HG01056",719,747,29,2900000,71900001,74800000
13,"HG01062",0,159,160,1.6e+07,1,16000000
13,"HG01068",0,159,160,1.6e+07,1,16000000
13,"HG01071",0,159,160,1.6e+07,1,16000000
13,"HG01074",0,159,160,1.6e+07,1,16000000
13,"HG01081",0,159,160,1.6e+07,1,16000000
13,"HG01081",324,358,35,3500000,32400001,35900000
13,"HG01084",0,159,160,1.6e+07,1,16000000
13,"HG01087",0,159,160,1.6e+07,1,16000000
13,"HG01096",0,159,160,1.6e+07,1,16000000
13,"HG01099",0,159,160,1.6e+07,1,16000000
13,"HG01100",0,159,160,1.6e+07,1,16000000
13,"HG01103",0,159,160,1.6e+07,1,16000000
13,"HG01106",0,159,160,1.6e+07,1,16000000
13,"HG01109",0,159,160,1.6e+07,1,16000000
13,"HG01114",0,159,160,1.6e+07,1,16000000
13,"HG01126",0,159,160,1.6e+07,1,16000000
13,"HG01135",0,159,160,1.6e+07,1,16000000
13,"HG01138",0,159,160,1.6e+07,1,16000000
13,"HG01141",0,159,160,1.6e+07,1,16000000
13,"HG01150",0,159,160,1.6e+07,1,16000000
13,"HG01169",0,159,160,1.6e+07,1,16000000
13,"HG01172",0,159,160,1.6e+07,1,16000000
13,"HG01172",283,318,36,3600000,28300001,31900000
13,"HG01175",0,159,160,1.6e+07,1,16000000
13,"HG01178",0,159,160,1.6e+07,1,16000000
13,"HG01184",0,159,160,1.6e+07,1,16000000
13,"HG01189",0,159,160,1.6e+07,1,16000000
13,"HG01192",0,159,160,1.6e+07,1,16000000
13,"HG01199",0,159,160,1.6e+07,1,16000000
13,"HG01206",0,159,160,1.6e+07,1,16000000
13,"HG01243",0,159,160,1.6e+07,1,16000000
13,"HG01249",0,159,160,1.6e+07,1,16000000
13,"HG01249",676,685,10,1e+06,67600001,68600000
13,"HG01249",687,696,10,1e+06,68700001,69700000
13,"HG01252",0,159,160,1.6e+07,1,16000000
13,"HG01255",0,159,160,1.6e+07,1,16000000
13,"HG01258",0,159,160,1.6e+07,1,16000000
13,"HG01258",931,951,21,2100000,93100001,95200000
13,"HG01258",955,999,45,4500000,95500001,100000000
13,"HG01258",1001,1010,10,1e+06,100100001,101100000
13,"HG01261",0,159,160,1.6e+07,1,16000000
13,"HG01273",0,159,160,1.6e+07,1,16000000
13,"HG01276",0,159,160,1.6e+07,1,16000000
13,"HG01279",0,159,160,1.6e+07,1,16000000
13,"HG01343",0,159,160,1.6e+07,1,16000000
13,"HG01346",0,159,160,1.6e+07,1,16000000
13,"HG01349",0,159,160,1.6e+07,1,16000000
13,"HG01352",0,159,160,1.6e+07,1,16000000
13,"HG01355",0,159,160,1.6e+07,1,16000000
13,"HG01355",561,576,16,1600000,56100001,57700000
13,"HG01358",0,159,160,1.6e+07,1,16000000
13,"HG01361",0,159,160,1.6e+07,1,16000000
13,"HG01367",0,159,160,1.6e+07,1,16000000
13,"HG01376",0,159,160,1.6e+07,1,16000000
13,"HG01379",0,159,160,1.6e+07,1,16000000
13,"HG01385",0,159,160,1.6e+07,1,16000000
13,"HG01391",0,159,160,1.6e+07,1,16000000
13,"HG01433",0,159,160,1.6e+07,1,16000000
13,"HG01439",0,159,160,1.6e+07,1,16000000
13,"HG01439",775,790,16,1600000,77500001,79100000
13,"HG01457",0,159,160,1.6e+07,1,16000000
13,"HG01463",0,159,160,1.6e+07,1,16000000
13,"HG01466",0,159,160,1.6e+07,1,16000000
13,"HG01490",0,159,160,1.6e+07,1,16000000
13,"HG01493",0,159,160,1.6e+07,1,16000000
13,"HG01496",0,159,160,1.6e+07,1,16000000
13,"HG01499",0,159,160,1.6e+07,1,16000000
13,"HG01552",0,159,160,1.6e+07,1,16000000
13,"HG01567",0,159,160,1.6e+07,1,16000000
13,"HG01573",0,159,160,1.6e+07,1,16000000
13,"HG01579",0,159,160,1.6e+07,1,16000000
13,"HG01881",0,159,160,1.6e+07,1,16000000
13,"HG01884",0,159,160,1.6e+07,1,16000000
13,"HG01887",0,159,160,1.6e+07,1,16000000
13,"HG01888",0,159,160,1.6e+07,1,16000000
13,"HG01891",0,159,160,1.6e+07,1,16000000
13,"HG01895",0,159,160,1.6e+07,1,16000000
13,"HG01897",0,159,160,1.6e+07,1,16000000
13,"HG01898",0,159,160,1.6e+07,1,16000000
13,"HG01916",0,159,160,1.6e+07,1,16000000
13,"HG01919",0,159,160,1.6e+07,1,16000000
13,"HG01922",0,159,160,1.6e+07,1,16000000
13,"HG01925",0,159,160,1.6e+07,1,16000000
13,"HG01928",0,159,160,1.6e+07,1,16000000
13,"HG01934",0,159,160,1.6e+07,1,16000000
13,"HG01937",0,159,160,1.6e+07,1,16000000
13,"HG01937",924,945,22,2200000,92400001,94600000
13,"HG01940",0,159,160,1.6e+07,1,16000000
13,"HG01943",0,159,160,1.6e+07,1,16000000
13,"HG01946",0,159,160,1.6e+07,1,16000000
13,"HG01949",0,159,160,1.6e+07,1,16000000
13,"HG01952",0,159,160,1.6e+07,1,16000000
13,"HG01955",0,159,160,1.6e+07,1,16000000
13,"HG01959",0,159,160,1.6e+07,1,16000000
13,"HG01960",0,159,160,1.6e+07,1,16000000
13,"HG01969",0,159,160,1.6e+07,1,16000000
13,"HG01972",0,159,160,1.6e+07,1,16000000
13,"HG01975",0,159,160,1.6e+07,1,16000000
13,"HG01978",0,159,160,1.6e+07,1,16000000
13,"HG01981",0,159,160,1.6e+07,1,16000000
13,"HG01984",0,159,160,1.6e+07,1,16000000
13,"HG01987",0,159,160,1.6e+07,1,16000000
13,"HG01993",0,159,160,1.6e+07,1,16000000
13,"HG01998",0,159,160,1.6e+07,1,16000000
13,"HG02004",0,159,160,1.6e+07,1,16000000
13,"HG02011",0,159,160,1.6e+07,1,16000000
13,"HG02055",0,159,160,1.6e+07,1,16000000
13,"HG02091",0,159,160,1.6e+07,1,16000000
13,"HG02106",0,159,160,1.6e+07,1,16000000
13,"HG02145",0,159,160,1.6e+07,1,16000000
13,"HG02148",0,159,160,1.6e+07,1,16000000
13,"HG02257",0,159,160,1.6e+07,1,16000000
13,"HG02258",0,159,160,1.6e+07,1,16000000
13,"HG02261",0,159,160,1.6e+07,1,16000000
13,"HG02273",0,159,160,1.6e+07,1,16000000
13,"HG02273",571,609,39,3900000,57100001,61000000
13,"HG02279",0,159,160,1.6e+07,1,16000000
13,"HG02280",0,159,160,1.6e+07,1,16000000
13,"HG02287",0,159,160,1.6e+07,1,16000000
13,"HG02293",0,159,160,1.6e+07,1,16000000
13,"HG02300",0,159,160,1.6e+07,1,16000000
13,"HG02303",0,159,160,1.6e+07,1,16000000
13,"HG02316",0,159,160,1.6e+07,1,16000000
13,"HG02321",0,159,160,1.6e+07,1,16000000
13,"HG02451",0,159,160,1.6e+07,1,16000000
13,"HG02924",0,159,160,1.6e+07,1,16000000
13,"HG02945",0,159,160,1.6e+07,1,16000000
13,"HG02948",0,159,160,1.6e+07,1,16000000
13,"HG02954",0,159,160,1.6e+07,1,16000000
13,"HG02966",0,159,160,1.6e+07,1,16000000
13,"HG02972",0,159,160,1.6e+07,1,16000000
13,"HG02972",802,813,12,1200000,80200001,81400000
13,"HG02975",0,159,160,1.6e+07,1,16000000
13,"HG02978",0,159,160,1.6e+07,1,16000000
13,"HG02980",0,159,160,1.6e+07,1,16000000
13,"HG03101",0,159,160,1.6e+07,1,16000000
13,"HG03101",1000,1018,19,1900000,100000001,101900000
13,"HG03110",0,159,160,1.6e+07,1,16000000
13,"HG03113",0,159,160,1.6e+07,1,16000000
13,"HG03116",0,159,160,1.6e+07,1,16000000
13,"HG03119",0,159,160,1.6e+07,1,16000000
13,"HG03122",0,159,160,1.6e+07,1,16000000
13,"HG03125",0,159,160,1.6e+07,1,16000000
13,"HG03128",0,159,160,1.6e+07,1,16000000
13,"HG03131",0,159,160,1.6e+07,1,16000000
13,"HG03134",0,159,160,1.6e+07,1,16000000
13,"HG03137",0,159,160,1.6e+07,1,16000000
13,"HG03161",0,159,160,1.6e+07,1,16000000
13,"HG03164",0,159,160,1.6e+07,1,16000000
13,"HG03170",0,159,160,1.6e+07,1,16000000
13,"HG03191",0,159,160,1.6e+07,1,16000000
13,"HG03191",962,974,13,1300000,96200001,97500000
13,"HG03197",0,159,160,1.6e+07,1,16000000
13,"HG03200",0,159,160,1.6e+07,1,16000000
13,"HG03269",0,159,160,1.6e+07,1,16000000
13,"HG03272",0,159,160,1.6e+07,1,16000000
13,"HG03296",0,159,160,1.6e+07,1,16000000
13,"HG03299",0,159,160,1.6e+07,1,16000000
13,"HG03302",0,159,160,1.6e+07,1,16000000
13,"HG03305",0,159,160,1.6e+07,1,16000000
13,"HG03308",0,159,160,1.6e+07,1,16000000
13,"HG03310",0,159,160,1.6e+07,1,16000000
13,"HG03314",0,159,160,1.6e+07,1,16000000
13,"HG03344",0,159,160,1.6e+07,1,16000000
13,"HG03350",0,159,160,1.6e+07,1,16000000
13,"HG03368",0,159,160,1.6e+07,1,16000000
13,"HG03371",0,159,160,1.6e+07,1,16000000
13,"HG03374",0,159,160,1.6e+07,1,16000000
13,"HG03516",0,159,160,1.6e+07,1,16000000
13,"HG03519",0,159,160,1.6e+07,1,16000000
13,"HG03522",0,159,160,1.6e+07,1,16000000
13,"NA06991",0,159,160,1.6e+07,1,16000000
13,"NA06995",0,159,160,1.6e+07,1,16000000
13,"NA06997",0,159,160,1.6e+07,1,16000000
13,"NA07014",0,159,160,1.6e+07,1,16000000
13,"NA07019",0,159,160,1.6e+07,1,16000000
13,"NA07029",0,159,160,1.6e+07,1,16000000
13,"NA07048",0,159,160,1.6e+07,1,16000000
13,"NA07348",0,159,160,1.6e+07,1,16000000
13,"NA07349",0,159,160,1.6e+07,1,16000000
13,"NA10830",0,159,160,1.6e+07,1,16000000
13,"NA10831",0,159,160,1.6e+07,1,16000000
13,"NA10835",0,159,160,1.6e+07,1,16000000
13,"NA10836",0,159,160,1.6e+07,1,16000000
13,"NA10837",0,159,160,1.6e+07,1,16000000
13,"NA10838",0,159,160,1.6e+07,1,16000000
13,"NA10839",0,159,160,1.6e+07,1,16000000
13,"NA10840",0,159,160,1.6e+07,1,16000000
13,"NA10842",0,159,160,1.6e+07,1,16000000
13,"NA10843",0,159,160,1.6e+07,1,16000000
13,"NA10845",0,159,160,1.6e+07,1,16000000
13,"NA10846",0,159,160,1.6e+07,1,16000000
13,"NA10847",0,159,160,1.6e+07,1,16000000
13,"NA10851",0,159,160,1.6e+07,1,16000000
13,"NA10852",0,159,160,1.6e+07,1,16000000
13,"NA10852",1058,1068,11,1100000,105800001,106900000
13,"NA10852",1070,1081,12,1200000,107000001,108200000
13,"NA10854",0,159,160,1.6e+07,1,16000000
13,"NA10855",0,159,160,1.6e+07,1,16000000
13,"NA10856",0,159,160,1.6e+07,1,16000000
13,"NA10857",0,159,160,1.6e+07,1,16000000
13,"NA10859",0,159,160,1.6e+07,1,16000000
13,"NA10860",0,159,160,1.6e+07,1,16000000
13,"NA10861",0,159,160,1.6e+07,1,16000000
13,"NA10863",0,159,160,1.6e+07,1,16000000
13,"NA10864",0,159,160,1.6e+07,1,16000000
13,"NA10865",0,159,160,1.6e+07,1,16000000
13,"NA12329",0,159,160,1.6e+07,1,16000000
13,"NA12335",0,159,160,1.6e+07,1,16000000
13,"NA12336",0,159,160,1.6e+07,1,16000000
13,"NA12344",0,159,160,1.6e+07,1,16000000
13,"NA12376",0,159,160,1.6e+07,1,16000000
13,"NA12386",0,159,160,1.6e+07,1,16000000
13,"NA12485",0,159,160,1.6e+07,1,16000000
13,"NA12707",0,159,160,1.6e+07,1,16000000
13,"NA12739",0,159,160,1.6e+07,1,16000000
13,"NA12740",0,159,160,1.6e+07,1,16000000
13,"NA12752",0,159,160,1.6e+07,1,16000000
13,"NA12753",0,159,160,1.6e+07,1,16000000
13,"NA12766",0,159,160,1.6e+07,1,16000000
13,"NA12767",0,159,160,1.6e+07,1,16000000
13,"NA12801",0,159,160,1.6e+07,1,16000000
13,"NA12802",0,159,160,1.6e+07,1,16000000
13,"NA12817",0,159,160,1.6e+07,1,16000000
13,"NA12818",0,159,160,1.6e+07,1,16000000
13,"NA12832",0,159,160,1.6e+07,1,16000000
13,"NA12864",0,159,160,1.6e+07,1,16000000
13,"NA12865",0,159,160,1.6e+07,1,16000000
13,"NA12877",0,159,160,1.6e+07,1,16000000
13,"NA12878",0,159,160,1.6e+07,1,16000000
13,"NA18484",0,159,160,1.6e+07,1,16000000
13,"NA18485",0,159,160,1.6e+07,1,16000000
13,"NA18497",0,159,160,1.6e+07,1,16000000
13,"NA18500",0,159,160,1.6e+07,1,16000000
13,"NA18503",0,159,160,1.6e+07,1,16000000
13,"NA18506",0,159,160,1.6e+07,1,16000000
13,"NA18515",0,159,160,1.6e+07,1,16000000
13,"NA18518",0,159,160,1.6e+07,1,16000000
13,"NA18521",0,159,160,1.6e+07,1,16000000
13,"NA18854",0,159,160,1.6e+07,1,16000000
13,"NA18857",0,159,160,1.6e+07,1,16000000
13,"NA18860",0,159,160,1.6e+07,1,16000000
13,"NA18863",0,159,160,1.6e+07,1,16000000
13,"NA18869",0,159,160,1.6e+07,1,16000000
13,"NA18872",0,159,160,1.6e+07,1,16000000
13,"NA18875",0,159,160,1.6e+07,1,16000000
13,"NA18906",0,159,160,1.6e+07,1,16000000
13,"NA18911",0,159,160,1.6e+07,1,16000000
13,"NA18914",0,159,160,1.6e+07,1,16000000
13,"NA18925",0,159,160,1.6e+07,1,16000000
13,"NA18930",0,159,160,1.6e+07,1,16000000
13,"NA18935",0,159,160,1.6e+07,1,16000000
13,"NA19094",0,159,160,1.6e+07,1,16000000
13,"NA19097",0,159,160,1.6e+07,1,16000000
13,"NA19100",0,159,160,1.6e+07,1,16000000
13,"NA19103",0,159,160,1.6e+07,1,16000000
13,"NA19109",0,159,160,1.6e+07,1,16000000
13,"NA19115",0,159,160,1.6e+07,1,16000000
13,"NA19120",0,159,160,1.6e+07,1,16000000
13,"NA19123",0,159,160,1.6e+07,1,16000000
13,"NA19129",0,159,160,1.6e+07,1,16000000
13,"NA19132",0,159,160,1.6e+07,1,16000000
13,"NA19139",0,159,160,1.6e+07,1,16000000
13,"NA19142",0,159,160,1.6e+07,1,16000000
13,"NA19145",0,159,160,1.6e+07,1,16000000
13,"NA19148",0,159,160,1.6e+07,1,16000000
13,"NA19151",0,159,160,1.6e+07,1,16000000
13,"NA19154",0,159,160,1.6e+07,1,16000000
13,"NA19161",0,159,160,1.6e+07,1,16000000
13,"NA19173",0,159,160,1.6e+07,1,16000000
13,"NA19174",0,159,160,1.6e+07,1,16000000
13,"NA19177",0,159,160,1.6e+07,1,16000000
13,"NA19186",0,159,160,1.6e+07,1,16000000
13,"NA19191",0,159,160,1.6e+07,1,16000000
13,"NA19199",0,159,160,1.6e+07,1,16000000
13,"NA19202",0,159,160,1.6e+07,1,16000000
13,"NA19205",0,159,160,1.6e+07,1,16000000
13,"NA19208",0,159,160,1.6e+07,1,16000000
13,"NA19211",0,159,160,1.6e+07,1,16000000
13,"NA19215",0,159,160,1.6e+07,1,16000000
13,"NA19221",0,159,160,1.6e+07,1,16000000
13,"NA19224",0,159,160,1.6e+07,1,16000000
13,"NA19237",0,159,160,1.6e+07,1,16000000
13,"NA19240",0,159,160,1.6e+07,1,16000000
13,"NA19249",0,159,160,1.6e+07,1,16000000
13,"NA19258",0,159,160,1.6e+07,1,16000000
13,"NA19650",0,159,160,1.6e+07,1,16000000
13,"NA19653",0,159,160,1.6e+07,1,16000000
13,"NA19656",0,159,160,1.6e+07,1,16000000
13,"NA19659",0,159,160,1.6e+07,1,16000000
13,"NA19662",0,159,160,1.6e+07,1,16000000
13,"NA19665",0,159,160,1.6e+07,1,16000000
13,"NA19671",0,159,160,1.6e+07,1,16000000
13,"NA19675",0,159,160,1.6e+07,1,16000000
13,"NA19677",0,159,160,1.6e+07,1,16000000
13,"NA19680",0,159,160,1.6e+07,1,16000000
13,"NA19683",0,159,160,1.6e+07,1,16000000
13,"NA19685",0,159,160,1.6e+07,1,16000000
13,"NA19686",0,159,160,1.6e+07,1,16000000
13,"NA19702",0,159,160,1.6e+07,1,16000000
13,"NA19705",0,159,160,1.6e+07,1,16000000
13,"NA19718",0,159,160,1.6e+07,1,16000000
13,"NA19721",0,159,160,1.6e+07,1,16000000
13,"NA19724",0,159,160,1.6e+07,1,16000000
13,"NA19727",0,159,160,1.6e+07,1,16000000
13,"NA19730",0,159,160,1.6e+07,1,16000000
13,"NA19733",0,159,160,1.6e+07,1,16000000
13,"NA19748",0,159,160,1.6e+07,1,16000000
13,"NA19751",0,159,160,1.6e+07,1,16000000
13,"NA19757",0,159,160,1.6e+07,1,16000000
13,"NA19760",0,159,160,1.6e+07,1,16000000
13,"NA19763",0,159,160,1.6e+07,1,16000000
13,"NA19772",0,159,160,1.6e+07,1,16000000
13,"NA19775",0,159,160,1.6e+07,1,16000000
13,"NA19778",0,159,160,1.6e+07,1,16000000
13,"NA19781",0,159,160,1.6e+07,1,16000000
13,"NA19784",0,159,160,1.6e+07,1,16000000
13,"NA19784",896,906,11,1100000,89600001,90700000
13,"NA19787",0,159,160,1.6e+07,1,16000000
13,"NA19790",0,159,160,1.6e+07,1,16000000
13,"NA19796",0,159,160,1.6e+07,1,16000000
13,"NA19828",0,159,160,1.6e+07,1,16000000
13,"NA19836",0,159,160,1.6e+07,1,16000000
13,"NA19902",0,159,160,1.6e+07,1,16000000
13,"NA19918",0,159,160,1.6e+07,1,16000000
13,"NA19919",0,159,160,1.6e+07,1,16000000
13,"NA19924",0,159,160,1.6e+07,1,16000000
13,"NA19983",0,159,160,1.6e+07,1,16000000
13,"NA20128",0,159,160,1.6e+07,1,16000000
13,"NA20129",0,159,160,1.6e+07,1,16000000
13,"NA20279",0,159,160,1.6e+07,1,16000000
13,"NA20358",0,159,160,1.6e+07,1,16000000
14,"HG00405",0,159,160,1.6e+07,1,16000000
14,"HG00405",165,181,17,1700000,16500001,18200000
14,"HG00408",0,159,160,1.6e+07,1,16000000
14,"HG00408",165,181,17,1700000,16500001,18200000
14,"HG00420",0,159,160,1.6e+07,1,16000000
14,"HG00420",165,181,17,1700000,16500001,18200000
14,"HG00423",0,159,160,1.6e+07,1,16000000
14,"HG00423",165,181,17,1700000,16500001,18200000
14,"HG00429",0,159,160,1.6e+07,1,16000000
14,"HG00429",165,181,17,1700000,16500001,18200000
14,"HG00438",0,159,160,1.6e+07,1,16000000
14,"HG00438",165,181,17,1700000,16500001,18200000
14,"HG00444",0,159,160,1.6e+07,1,16000000
14,"HG00444",165,181,17,1700000,16500001,18200000
14,"HG00447",0,159,160,1.6e+07,1,16000000
14,"HG00447",165,181,17,1700000,16500001,18200000
14,"HG00450",0,159,160,1.6e+07,1,16000000
14,"HG00450",165,181,17,1700000,16500001,18200000
14,"HG00453",0,159,160,1.6e+07,1,16000000
14,"HG00453",165,181,17,1700000,16500001,18200000
14,"HG00459",0,159,160,1.6e+07,1,16000000
14,"HG00459",165,181,17,1700000,16500001,18200000
14,"HG00465",0,159,160,1.6e+07,1,16000000
14,"HG00465",165,181,17,1700000,16500001,18200000
14,"HG00474",0,159,160,1.6e+07,1,16000000
14,"HG00474",165,181,17,1700000,16500001,18200000
14,"HG00477",0,159,160,1.6e+07,1,16000000
14,"HG00477",165,181,17,1700000,16500001,18200000
14,"HG00480",0,159,160,1.6e+07,1,16000000
14,"HG00480",165,181,17,1700000,16500001,18200000
14,"HG00502",0,159,160,1.6e+07,1,16000000
14,"HG00502",165,181,17,1700000,16500001,18200000
14,"HG00514",0,159,160,1.6e+07,1,16000000
14,"HG00514",162,181,20,2e+06,16200001,18200000
14,"HG00526",0,159,160,1.6e+07,1,16000000
14,"HG00526",165,181,17,1700000,16500001,18200000
14,"HG00532",0,159,160,1.6e+07,1,16000000
14,"HG00532",165,181,17,1700000,16500001,18200000
14,"HG00535",0,159,160,1.6e+07,1,16000000
14,"HG00535",165,181,17,1700000,16500001,18200000
14,"HG00538",0,159,160,1.6e+07,1,16000000
14,"HG00538",165,181,17,1700000,16500001,18200000
14,"HG00544",0,159,160,1.6e+07,1,16000000
14,"HG00544",165,181,17,1700000,16500001,18200000
14,"HG00552",0,159,160,1.6e+07,1,16000000
14,"HG00552",165,181,17,1700000,16500001,18200000
14,"HG00555",0,159,160,1.6e+07,1,16000000
14,"HG00555",165,181,17,1700000,16500001,18200000
14,"HG00558",0,159,160,1.6e+07,1,16000000
14,"HG00558",165,181,17,1700000,16500001,18200000
14,"HG00561",0,159,160,1.6e+07,1,16000000
14,"HG00561",165,181,17,1700000,16500001,18200000
14,"HG00567",0,159,160,1.6e+07,1,16000000
14,"HG00567",165,181,17,1700000,16500001,18200000
14,"HG00579",0,159,160,1.6e+07,1,16000000
14,"HG00579",165,181,17,1700000,16500001,18200000
14,"HG00582",0,159,160,1.6e+07,1,16000000
14,"HG00582",165,181,17,1700000,16500001,18200000
14,"HG00585",0,159,160,1.6e+07,1,16000000
14,"HG00585",165,181,17,1700000,16500001,18200000
14,"HG00591",0,159,160,1.6e+07,1,16000000
14,"HG00591",165,181,17,1700000,16500001,18200000
14,"HG00594",0,159,160,1.6e+07,1,16000000
14,"HG00594",165,181,17,1700000,16500001,18200000
14,"HG00597",0,159,160,1.6e+07,1,16000000
14,"HG00597",165,181,17,1700000,16500001,18200000
14,"HG00609",0,159,160,1.6e+07,1,16000000
14,"HG00609",165,181,17,1700000,16500001,18200000
14,"HG00612",0,159,160,1.6e+07,1,16000000
14,"HG00612",165,181,17,1700000,16500001,18200000
14,"HG00615",0,159,160,1.6e+07,1,16000000
14,"HG00615",165,181,17,1700000,16500001,18200000
14,"HG00621",0,159,160,1.6e+07,1,16000000
14,"HG00621",165,181,17,1700000,16500001,18200000
14,"HG00627",0,159,160,1.6e+07,1,16000000
14,"HG00627",165,181,17,1700000,16500001,18200000
14,"HG00630",0,159,160,1.6e+07,1,16000000
14,"HG00630",165,181,17,1700000,16500001,18200000
14,"HG00636",0,159,160,1.6e+07,1,16000000
14,"HG00636",165,181,17,1700000,16500001,18200000
14,"HG00636",1013,1023,11,1100000,101300001,102400000
14,"HG00636",1031,1040,10,1e+06,103100001,104100000
14,"HG00639",0,159,160,1.6e+07,1,16000000
14,"HG00639",165,181,17,1700000,16500001,18200000
14,"HG00642",0,159,160,1.6e+07,1,16000000
14,"HG00642",165,181,17,1700000,16500001,18200000
14,"HG00652",0,159,160,1.6e+07,1,16000000
14,"HG00652",165,181,17,1700000,16500001,18200000
14,"HG00655",0,159,160,1.6e+07,1,16000000
14,"HG00655",165,181,17,1700000,16500001,18200000
14,"HG00658",0,159,160,1.6e+07,1,16000000
14,"HG00658",165,181,17,1700000,16500001,18200000
14,"HG00658",283,292,10,1e+06,28300001,29300000
14,"HG00664",0,159,160,1.6e+07,1,16000000
14,"HG00664",165,181,17,1700000,16500001,18200000
14,"HG00673",0,159,160,1.6e+07,1,16000000
14,"HG00673",165,181,17,1700000,16500001,18200000
14,"HG00685",0,159,160,1.6e+07,1,16000000
14,"HG00685",165,181,17,1700000,16500001,18200000
14,"HG00691",0,159,160,1.6e+07,1,16000000
14,"HG00691",165,181,17,1700000,16500001,18200000
14,"HG00694",0,159,160,1.6e+07,1,16000000
14,"HG00694",165,181,17,1700000,16500001,18200000
14,"HG00700",0,159,160,1.6e+07,1,16000000
14,"HG00700",165,181,17,1700000,16500001,18200000
14,"HG00702",0,159,160,1.6e+07,1,16000000
14,"HG00702",165,181,17,1700000,16500001,18200000
14,"HG00702",283,292,10,1e+06,28300001,29300000
14,"HG00703",0,159,160,1.6e+07,1,16000000
14,"HG00703",165,181,17,1700000,16500001,18200000
14,"HG00706",0,159,160,1.6e+07,1,16000000
14,"HG00706",162,181,20,2e+06,16200001,18200000
14,"HG00709",0,159,160,1.6e+07,1,16000000
14,"HG00709",165,181,17,1700000,16500001,18200000
14,"HG00733",0,159,160,1.6e+07,1,16000000
14,"HG00733",165,181,17,1700000,16500001,18200000
14,"HG00735",0,159,160,1.6e+07,1,16000000
14,"HG00735",165,181,17,1700000,16500001,18200000
14,"HG00738",0,159,160,1.6e+07,1,16000000
14,"HG00738",165,181,17,1700000,16500001,18200000
14,"HG00741",0,159,160,1.6e+07,1,16000000
14,"HG00741",165,181,17,1700000,16500001,18200000
14,"HG00741",271,281,11,1100000,27100001,28200000
14,"HG00741",283,300,18,1800000,28300001,30100000
14,"HG01050",0,159,160,1.6e+07,1,16000000
14,"HG01050",165,181,17,1700000,16500001,18200000
14,"HG01053",0,159,160,1.6e+07,1,16000000
14,"HG01053",165,181,17,1700000,16500001,18200000
14,"HG01053",326,342,17,1700000,32600001,34300000
14,"HG01056",0,159,160,1.6e+07,1,16000000
14,"HG01056",165,181,17,1700000,16500001,18200000
14,"HG01062",0,159,160,1.6e+07,1,16000000
14,"HG01062",165,181,17,1700000,16500001,18200000
14,"HG01068",0,159,160,1.6e+07,1,16000000
14,"HG01068",165,181,17,1700000,16500001,18200000
14,"HG01068",914,927,14,1400000,91400001,92800000
14,"HG01068",930,942,13,1300000,93000001,94300000
14,"HG01068",944,955,12,1200000,94400001,95600000
14,"HG01071",0,159,160,1.6e+07,1,16000000
14,"HG01071",165,181,17,1700000,16500001,18200000
14,"HG01074",0,159,160,1.6e+07,1,16000000
14,"HG01074",165,181,17,1700000,16500001,18200000
14,"HG01074",769,796,28,2800000,76900001,79700000
14,"HG01081",0,159,160,1.6e+07,1,16000000
14,"HG01081",165,181,17,1700000,16500001,18200000
14,"HG01084",0,159,160,1.6e+07,1,16000000
14,"HG01084",165,181,17,1700000,16500001,18200000
14,"HG01087",0,159,160,1.6e+07,1,16000000
14,"HG01087",165,181,17,1700000,16500001,18200000
14,"HG01087",746,786,41,4100000,74600001,78700000
14,"HG01096",0,159,160,1.6e+07,1,16000000
14,"HG01096",165,181,17,1700000,16500001,18200000
14,"HG01099",0,159,160,1.6e+07,1,16000000
14,"HG01099",165,181,17,1700000,16500001,18200000
14,"HG01100",0,159,160,1.6e+07,1,16000000
14,"HG01100",165,181,17,1700000,16500001,18200000
14,"HG01103",0,159,160,1.6e+07,1,16000000
14,"HG01103",165,181,17,1700000,16500001,18200000
14,"HG01106",0,159,160,1.6e+07,1,16000000
14,"HG01106",165,181,17,1700000,16500001,18200000
14,"HG01109",0,159,160,1.6e+07,1,16000000
14,"HG01109",165,181,17,1700000,16500001,18200000
14,"HG01114",0,159,160,1.6e+07,1,16000000
14,"HG01114",165,181,17,1700000,16500001,18200000
14,"HG01126",0,159,160,1.6e+07,1,16000000
14,"HG01126",165,181,17,1700000,16500001,18200000
14,"HG01135",0,159,160,1.6e+07,1,16000000
14,"HG01135",165,181,17,1700000,16500001,18200000
14,"HG01138",0,159,160,1.6e+07,1,16000000
14,"HG01138",165,181,17,1700000,16500001,18200000
14,"HG01141",0,159,160,1.6e+07,1,16000000
14,"HG01141",165,181,17,1700000,16500001,18200000
14,"HG01150",0,159,160,1.6e+07,1,16000000
14,"HG01150",165,181,17,1700000,16500001,18200000
14,"HG01169",0,159,160,1.6e+07,1,16000000
14,"HG01169",165,181,17,1700000,16500001,18200000
14,"HG01172",0,159,160,1.6e+07,1,16000000
14,"HG01172",165,181,17,1700000,16500001,18200000
14,"HG01175",0,159,160,1.6e+07,1,16000000
14,"HG01175",165,181,17,1700000,16500001,18200000
14,"HG01178",0,159,160,1.6e+07,1,16000000
14,"HG01178",165,181,17,1700000,16500001,18200000
14,"HG01184",0,159,160,1.6e+07,1,16000000
14,"HG01184",165,181,17,1700000,16500001,18200000
14,"HG01189",0,159,160,1.6e+07,1,16000000
14,"HG01189",165,181,17,1700000,16500001,18200000
14,"HG01192",0,159,160,1.6e+07,1,16000000
14,"HG01192",165,181,17,1700000,16500001,18200000
14,"HG01199",0,159,160,1.6e+07,1,16000000
14,"HG01199",165,181,17,1700000,16500001,18200000
14,"HG01206",0,159,160,1.6e+07,1,16000000
14,"HG01206",165,181,17,1700000,16500001,18200000
14,"HG01243",0,159,160,1.6e+07,1,16000000
14,"HG01243",165,181,17,1700000,16500001,18200000
14,"HG01249",0,159,160,1.6e+07,1,16000000
14,"HG01249",165,181,17,1700000,16500001,18200000
14,"HG01252",0,159,160,1.6e+07,1,16000000
14,"HG01252",165,181,17,1700000,16500001,18200000
14,"HG01255",0,159,160,1.6e+07,1,16000000
14,"HG01255",165,181,17,1700000,16500001,18200000
14,"HG01258",0,159,160,1.6e+07,1,16000000
14,"HG01258",165,181,17,1700000,16500001,18200000
14,"HG01261",0,159,160,1.6e+07,1,16000000
14,"HG01261",165,181,17,1700000,16500001,18200000
14,"HG01273",0,159,160,1.6e+07,1,16000000
14,"HG01273",165,181,17,1700000,16500001,18200000
14,"HG01276",0,159,160,1.6e+07,1,16000000
14,"HG01276",165,181,17,1700000,16500001,18200000
14,"HG01279",0,159,160,1.6e+07,1,16000000
14,"HG01279",165,181,17,1700000,16500001,18200000
14,"HG01343",0,159,160,1.6e+07,1,16000000
14,"HG01343",165,181,17,1700000,16500001,18200000
14,"HG01346",0,159,160,1.6e+07,1,16000000
14,"HG01346",165,181,17,1700000,16500001,18200000
14,"HG01349",0,159,160,1.6e+07,1,16000000
14,"HG01349",165,181,17,1700000,16500001,18200000
14,"HG01352",0,159,160,1.6e+07,1,16000000
14,"HG01352",165,181,17,1700000,16500001,18200000
14,"HG01355",0,159,160,1.6e+07,1,16000000
14,"HG01355",165,181,17,1700000,16500001,18200000
14,"HG01358",0,159,160,1.6e+07,1,16000000
14,"HG01358",165,181,17,1700000,16500001,18200000
14,"HG01361",0,159,160,1.6e+07,1,16000000
14,"HG01361",165,181,17,1700000,16500001,18200000
14,"HG01367",0,159,160,1.6e+07,1,16000000
14,"HG01367",165,181,17,1700000,16500001,18200000
14,"HG01376",0,159,160,1.6e+07,1,16000000
14,"HG01376",165,181,17,1700000,16500001,18200000
14,"HG01379",0,159,160,1.6e+07,1,16000000
14,"HG01379",165,181,17,1700000,16500001,18200000
14,"HG01379",746,802,57,5700000,74600001,80300000
14,"HG01379",804,860,57,5700000,80400001,86100000
14,"HG01385",0,159,160,1.6e+07,1,16000000
14,"HG01385",165,181,17,1700000,16500001,18200000
14,"HG01391",0,159,160,1.6e+07,1,16000000
14,"HG01391",165,181,17,1700000,16500001,18200000
14,"HG01433",0,159,160,1.6e+07,1,16000000
14,"HG01433",165,181,17,1700000,16500001,18200000
14,"HG01439",0,159,160,1.6e+07,1,16000000
14,"HG01439",165,181,17,1700000,16500001,18200000
14,"HG01457",0,159,160,1.6e+07,1,16000000
14,"HG01457",165,181,17,1700000,16500001,18200000
14,"HG01463",0,159,160,1.6e+07,1,16000000
14,"HG01463",165,181,17,1700000,16500001,18200000
14,"HG01466",0,160,161,16100000,1,16100000
14,"HG01466",165,181,17,1700000,16500001,18200000
14,"HG01490",0,160,161,16100000,1,16100000
14,"HG01490",165,181,17,1700000,16500001,18200000
14,"HG01493",0,159,160,1.6e+07,1,16000000
14,"HG01493",165,181,17,1700000,16500001,18200000
14,"HG01496",0,159,160,1.6e+07,1,16000000
14,"HG01496",165,181,17,1700000,16500001,18200000
14,"HG01499",0,159,160,1.6e+07,1,16000000
14,"HG01499",165,181,17,1700000,16500001,18200000
14,"HG01552",0,159,160,1.6e+07,1,16000000
14,"HG01552",165,181,17,1700000,16500001,18200000
14,"HG01567",0,159,160,1.6e+07,1,16000000
14,"HG01567",165,181,17,1700000,16500001,18200000
14,"HG01567",268,318,51,5100000,26800001,31900000
14,"HG01573",0,159,160,1.6e+07,1,16000000
14,"HG01573",165,181,17,1700000,16500001,18200000
14,"HG01579",0,159,160,1.6e+07,1,16000000
14,"HG01579",165,181,17,1700000,16500001,18200000
14,"HG01881",0,159,160,1.6e+07,1,16000000
14,"HG01881",165,181,17,1700000,16500001,18200000
14,"HG01884",0,159,160,1.6e+07,1,16000000
14,"HG01884",165,181,17,1700000,16500001,18200000
14,"HG01887",0,159,160,1.6e+07,1,16000000
14,"HG01887",165,181,17,1700000,16500001,18200000
14,"HG01888",0,159,160,1.6e+07,1,16000000
14,"HG01888",165,181,17,1700000,16500001,18200000
14,"HG01891",0,159,160,1.6e+07,1,16000000
14,"HG01891",165,181,17,1700000,16500001,18200000
14,"HG01895",0,159,160,1.6e+07,1,16000000
14,"HG01895",165,181,17,1700000,16500001,18200000
14,"HG01897",0,159,160,1.6e+07,1,16000000
14,"HG01897",165,181,17,1700000,16500001,18200000
14,"HG01898",0,159,160,1.6e+07,1,16000000
14,"HG01898",165,181,17,1700000,16500001,18200000
14,"HG01916",0,159,160,1.6e+07,1,16000000
14,"HG01916",165,181,17,1700000,16500001,18200000
14,"HG01919",0,159,160,1.6e+07,1,16000000
14,"HG01919",165,181,17,1700000,16500001,18200000
14,"HG01922",0,159,160,1.6e+07,1,16000000
14,"HG01922",165,181,17,1700000,16500001,18200000
14,"HG01925",0,159,160,1.6e+07,1,16000000
14,"HG01925",165,181,17,1700000,16500001,18200000
14,"HG01928",0,159,160,1.6e+07,1,16000000
14,"HG01928",165,181,17,1700000,16500001,18200000
14,"HG01934",0,159,160,1.6e+07,1,16000000
14,"HG01934",165,181,17,1700000,16500001,18200000
14,"HG01937",0,159,160,1.6e+07,1,16000000
14,"HG01937",165,181,17,1700000,16500001,18200000
14,"HG01940",0,159,160,1.6e+07,1,16000000
14,"HG01940",165,181,17,1700000,16500001,18200000
14,"HG01943",0,159,160,1.6e+07,1,16000000
14,"HG01943",165,181,17,1700000,16500001,18200000
14,"HG01946",0,159,160,1.6e+07,1,16000000
14,"HG01946",165,181,17,1700000,16500001,18200000
14,"HG01949",0,159,160,1.6e+07,1,16000000
14,"HG01949",165,181,17,1700000,16500001,18200000
14,"HG01952",0,159,160,1.6e+07,1,16000000
14,"HG01952",165,181,17,1700000,16500001,18200000
14,"HG01955",0,159,160,1.6e+07,1,16000000
14,"HG01955",165,181,17,1700000,16500001,18200000
14,"HG01959",0,159,160,1.6e+07,1,16000000
14,"HG01959",165,181,17,1700000,16500001,18200000
14,"HG01960",0,159,160,1.6e+07,1,16000000
14,"HG01960",165,181,17,1700000,16500001,18200000
14,"HG01969",0,159,160,1.6e+07,1,16000000
14,"HG01969",165,181,17,1700000,16500001,18200000
14,"HG01972",0,159,160,1.6e+07,1,16000000
14,"HG01972",165,181,17,1700000,16500001,18200000
14,"HG01975",0,159,160,1.6e+07,1,16000000
14,"HG01975",165,181,17,1700000,16500001,18200000
14,"HG01978",0,159,160,1.6e+07,1,16000000
14,"HG01978",165,181,17,1700000,16500001,18200000
14,"HG01981",0,159,160,1.6e+07,1,16000000
14,"HG01981",165,181,17,1700000,16500001,18200000
14,"HG01984",0,159,160,1.6e+07,1,16000000
14,"HG01984",165,181,17,1700000,16500001,18200000
14,"HG01987",0,159,160,1.6e+07,1,16000000
14,"HG01987",165,181,17,1700000,16500001,18200000
14,"HG01993",0,159,160,1.6e+07,1,16000000
14,"HG01993",165,181,17,1700000,16500001,18200000
14,"HG01998",0,159,160,1.6e+07,1,16000000
14,"HG01998",165,181,17,1700000,16500001,18200000
14,"HG02004",0,159,160,1.6e+07,1,16000000
14,"HG02004",165,181,17,1700000,16500001,18200000
14,"HG02011",0,159,160,1.6e+07,1,16000000
14,"HG02011",165,181,17,1700000,16500001,18200000
14,"HG02055",0,159,160,1.6e+07,1,16000000
14,"HG02055",165,181,17,1700000,16500001,18200000
14,"HG02091",0,159,160,1.6e+07,1,16000000
14,"HG02091",165,181,17,1700000,16500001,18200000
14,"HG02106",0,159,160,1.6e+07,1,16000000
14,"HG02106",165,181,17,1700000,16500001,18200000
14,"HG02145",0,159,160,1.6e+07,1,16000000
14,"HG02145",165,181,17,1700000,16500001,18200000
14,"HG02148",0,159,160,1.6e+07,1,16000000
14,"HG02148",165,181,17,1700000,16500001,18200000
14,"HG02257",0,159,160,1.6e+07,1,16000000
14,"HG02257",165,181,17,1700000,16500001,18200000
14,"HG02258",0,159,160,1.6e+07,1,16000000
14,"HG02258",165,181,17,1700000,16500001,18200000
14,"HG02261",0,159,160,1.6e+07,1,16000000
14,"HG02261",165,181,17,1700000,16500001,18200000
14,"HG02273",0,159,160,1.6e+07,1,16000000
14,"HG02273",165,181,17,1700000,16500001,18200000
14,"HG02279",0,159,160,1.6e+07,1,16000000
14,"HG02279",165,181,17,1700000,16500001,18200000
14,"HG02280",0,159,160,1.6e+07,1,16000000
14,"HG02280",165,181,17,1700000,16500001,18200000
14,"HG02287",0,159,160,1.6e+07,1,16000000
14,"HG02287",165,181,17,1700000,16500001,18200000
14,"HG02293",0,159,160,1.6e+07,1,16000000
14,"HG02293",165,181,17,1700000,16500001,18200000
14,"HG02293",906,915,10,1e+06,90600001,91600000
14,"HG02300",0,159,160,1.6e+07,1,16000000
14,"HG02300",165,181,17,1700000,16500001,18200000
14,"HG02300",596,606,11,1100000,59600001,60700000
14,"HG02303",0,159,160,1.6e+07,1,16000000
14,"HG02303",165,181,17,1700000,16500001,18200000
14,"HG02316",0,159,160,1.6e+07,1,16000000
14,"HG02316",165,181,17,1700000,16500001,18200000
14,"HG02321",0,159,160,1.6e+07,1,16000000
14,"HG02321",165,181,17,1700000,16500001,18200000
14,"HG02451",0,159,160,1.6e+07,1,16000000
14,"HG02451",165,181,17,1700000,16500001,18200000
14,"HG02924",0,159,160,1.6e+07,1,16000000
14,"HG02924",165,181,17,1700000,16500001,18200000
14,"HG02945",0,159,160,1.6e+07,1,16000000
14,"HG02945",165,181,17,1700000,16500001,18200000
14,"HG02948",0,159,160,1.6e+07,1,16000000
14,"HG02948",165,181,17,1700000,16500001,18200000
14,"HG02954",0,159,160,1.6e+07,1,16000000
14,"HG02954",165,181,17,1700000,16500001,18200000
14,"HG02966",0,159,160,1.6e+07,1,16000000
14,"HG02966",165,181,17,1700000,16500001,18200000
14,"HG02972",0,159,160,1.6e+07,1,16000000
14,"HG02972",165,181,17,1700000,16500001,18200000
14,"HG02975",0,159,160,1.6e+07,1,16000000
14,"HG02975",165,181,17,1700000,16500001,18200000
14,"HG02978",0,159,160,1.6e+07,1,16000000
14,"HG02978",165,181,17,1700000,16500001,18200000
14,"HG02980",0,159,160,1.6e+07,1,16000000
14,"HG02980",165,181,17,1700000,16500001,18200000
14,"HG03101",0,159,160,1.6e+07,1,16000000
14,"HG03101",162,181,20,2e+06,16200001,18200000
14,"HG03110",0,159,160,1.6e+07,1,16000000
14,"HG03110",165,181,17,1700000,16500001,18200000
14,"HG03110",521,535,15,1500000,52100001,53600000
14,"HG03113",0,159,160,1.6e+07,1,16000000
14,"HG03113",165,181,17,1700000,16500001,18200000
14,"HG03116",0,159,160,1.6e+07,1,16000000
14,"HG03116",165,181,17,1700000,16500001,18200000
14,"HG03119",0,159,160,1.6e+07,1,16000000
14,"HG03119",165,181,17,1700000,16500001,18200000
14,"HG03122",0,159,160,1.6e+07,1,16000000
14,"HG03122",165,181,17,1700000,16500001,18200000
14,"HG03125",0,159,160,1.6e+07,1,16000000
14,"HG03125",165,181,17,1700000,16500001,18200000
14,"HG03128",0,159,160,1.6e+07,1,16000000
14,"HG03128",165,181,17,1700000,16500001,18200000
14,"HG03131",0,159,160,1.6e+07,1,16000000
14,"HG03131",165,181,17,1700000,16500001,18200000
14,"HG03134",0,159,160,1.6e+07,1,16000000
14,"HG03134",165,181,17,1700000,16500001,18200000
14,"HG03137",0,159,160,1.6e+07,1,16000000
14,"HG03137",165,181,17,1700000,16500001,18200000
14,"HG03137",628,639,12,1200000,62800001,64000000
14,"HG03161",0,159,160,1.6e+07,1,16000000
14,"HG03161",165,181,17,1700000,16500001,18200000
14,"HG03164",0,159,160,1.6e+07,1,16000000
14,"HG03164",165,181,17,1700000,16500001,18200000
14,"HG03170",0,159,160,1.6e+07,1,16000000
14,"HG03170",165,181,17,1700000,16500001,18200000
14,"HG03191",0,159,160,1.6e+07,1,16000000
14,"HG03191",165,181,17,1700000,16500001,18200000
14,"HG03197",0,159,160,1.6e+07,1,16000000
14,"HG03197",165,181,17,1700000,16500001,18200000
14,"HG03200",0,159,160,1.6e+07,1,16000000
14,"HG03200",165,181,17,1700000,16500001,18200000
14,"HG03269",0,159,160,1.6e+07,1,16000000
14,"HG03269",165,181,17,1700000,16500001,18200000
14,"HG03272",0,159,160,1.6e+07,1,16000000
14,"HG03272",165,181,17,1700000,16500001,18200000
14,"HG03296",0,159,160,1.6e+07,1,16000000
14,"HG03296",165,181,17,1700000,16500001,18200000
14,"HG03299",0,159,160,1.6e+07,1,16000000
14,"HG03299",165,181,17,1700000,16500001,18200000
14,"HG03302",0,159,160,1.6e+07,1,16000000
14,"HG03302",165,181,17,1700000,16500001,18200000
14,"HG03305",0,159,160,1.6e+07,1,16000000
14,"HG03305",165,181,17,1700000,16500001,18200000
14,"HG03308",0,159,160,1.6e+07,1,16000000
14,"HG03308",165,181,17,1700000,16500001,18200000
14,"HG03310",0,159,160,1.6e+07,1,16000000
14,"HG03310",165,181,17,1700000,16500001,18200000
14,"HG03314",0,159,160,1.6e+07,1,16000000
14,"HG03314",162,181,20,2e+06,16200001,18200000
14,"HG03344",0,159,160,1.6e+07,1,16000000
14,"HG03344",165,181,17,1700000,16500001,18200000
14,"HG03350",0,159,160,1.6e+07,1,16000000
14,"HG03350",165,181,17,1700000,16500001,18200000
14,"HG03368",0,159,160,1.6e+07,1,16000000
14,"HG03368",165,181,17,1700000,16500001,18200000
14,"HG03368",545,563,19,1900000,54500001,56400000
14,"HG03371",0,159,160,1.6e+07,1,16000000
14,"HG03371",165,181,17,1700000,16500001,18200000
14,"HG03374",0,159,160,1.6e+07,1,16000000
14,"HG03374",165,181,17,1700000,16500001,18200000
14,"HG03516",0,159,160,1.6e+07,1,16000000
14,"HG03516",165,181,17,1700000,16500001,18200000
14,"HG03519",0,159,160,1.6e+07,1,16000000
14,"HG03519",165,181,17,1700000,16500001,18200000
14,"HG03522",0,159,160,1.6e+07,1,16000000
14,"HG03522",165,181,17,1700000,16500001,18200000
14,"NA06991",0,159,160,1.6e+07,1,16000000
14,"NA06991",165,181,17,1700000,16500001,18200000
14,"NA06995",0,159,160,1.6e+07,1,16000000
14,"NA06995",165,181,17,1700000,16500001,18200000
14,"NA06997",0,159,160,1.6e+07,1,16000000
14,"NA06997",165,181,17,1700000,16500001,18200000
14,"NA07014",0,159,160,1.6e+07,1,16000000
14,"NA07014",165,181,17,1700000,16500001,18200000
14,"NA07019",0,159,160,1.6e+07,1,16000000
14,"NA07019",165,181,17,1700000,16500001,18200000
14,"NA07029",0,159,160,1.6e+07,1,16000000
14,"NA07029",165,181,17,1700000,16500001,18200000
14,"NA07048",0,159,160,1.6e+07,1,16000000
14,"NA07048",165,181,17,1700000,16500001,18200000
14,"NA07348",0,159,160,1.6e+07,1,16000000
14,"NA07348",165,181,17,1700000,16500001,18200000
14,"NA07349",0,159,160,1.6e+07,1,16000000
14,"NA07349",165,181,17,1700000,16500001,18200000
14,"NA10830",0,159,160,1.6e+07,1,16000000
14,"NA10830",165,181,17,1700000,16500001,18200000
14,"NA10831",0,159,160,1.6e+07,1,16000000
14,"NA10831",165,181,17,1700000,16500001,18200000
14,"NA10835",0,159,160,1.6e+07,1,16000000
14,"NA10835",165,181,17,1700000,16500001,18200000
14,"NA10836",0,159,160,1.6e+07,1,16000000
14,"NA10836",165,181,17,1700000,16500001,18200000
14,"NA10837",0,159,160,1.6e+07,1,16000000
14,"NA10837",165,181,17,1700000,16500001,18200000
14,"NA10838",0,159,160,1.6e+07,1,16000000
14,"NA10838",165,181,17,1700000,16500001,18200000
14,"NA10839",0,159,160,1.6e+07,1,16000000
14,"NA10839",165,181,17,1700000,16500001,18200000
14,"NA10840",0,159,160,1.6e+07,1,16000000
14,"NA10840",165,181,17,1700000,16500001,18200000
14,"NA10842",0,159,160,1.6e+07,1,16000000
14,"NA10842",165,181,17,1700000,16500001,18200000
14,"NA10843",0,159,160,1.6e+07,1,16000000
14,"NA10843",165,181,17,1700000,16500001,18200000
14,"NA10845",0,159,160,1.6e+07,1,16000000
14,"NA10845",165,181,17,1700000,16500001,18200000
14,"NA10846",0,159,160,1.6e+07,1,16000000
14,"NA10846",165,181,17,1700000,16500001,18200000
14,"NA10847",0,159,160,1.6e+07,1,16000000
14,"NA10847",165,181,17,1700000,16500001,18200000
14,"NA10851",0,159,160,1.6e+07,1,16000000
14,"NA10851",165,181,17,1700000,16500001,18200000
14,"NA10852",0,159,160,1.6e+07,1,16000000
14,"NA10852",165,181,17,1700000,16500001,18200000
14,"NA10854",0,159,160,1.6e+07,1,16000000
14,"NA10854",165,181,17,1700000,16500001,18200000
14,"NA10855",0,159,160,1.6e+07,1,16000000
14,"NA10855",165,181,17,1700000,16500001,18200000
14,"NA10856",0,159,160,1.6e+07,1,16000000
14,"NA10856",165,181,17,1700000,16500001,18200000
14,"NA10857",0,159,160,1.6e+07,1,16000000
14,"NA10857",165,181,17,1700000,16500001,18200000
14,"NA10859",0,159,160,1.6e+07,1,16000000
14,"NA10859",165,181,17,1700000,16500001,18200000
14,"NA10860",0,159,160,1.6e+07,1,16000000
14,"NA10860",165,181,17,1700000,16500001,18200000
14,"NA10861",0,159,160,1.6e+07,1,16000000
14,"NA10861",165,181,17,1700000,16500001,18200000
14,"NA10863",0,159,160,1.6e+07,1,16000000
14,"NA10863",165,181,17,1700000,16500001,18200000
14,"NA10864",0,159,160,1.6e+07,1,16000000
14,"NA10864",165,181,17,1700000,16500001,18200000
14,"NA10865",0,159,160,1.6e+07,1,16000000
14,"NA10865",165,181,17,1700000,16500001,18200000
14,"NA12329",0,159,160,1.6e+07,1,16000000
14,"NA12329",165,181,17,1700000,16500001,18200000
14,"NA12335",0,159,160,1.6e+07,1,16000000
14,"NA12335",165,181,17,1700000,16500001,18200000
14,"NA12336",0,159,160,1.6e+07,1,16000000
14,"NA12336",165,181,17,1700000,16500001,18200000
14,"NA12344",0,159,160,1.6e+07,1,16000000
14,"NA12344",165,181,17,1700000,16500001,18200000
14,"NA12376",0,159,160,1.6e+07,1,16000000
14,"NA12376",165,181,17,1700000,16500001,18200000
14,"NA12386",0,159,160,1.6e+07,1,16000000
14,"NA12386",165,181,17,1700000,16500001,18200000
14,"NA12485",0,159,160,1.6e+07,1,16000000
14,"NA12485",165,181,17,1700000,16500001,18200000
14,"NA12707",0,159,160,1.6e+07,1,16000000
14,"NA12707",165,181,17,1700000,16500001,18200000
14,"NA12739",0,159,160,1.6e+07,1,16000000
14,"NA12739",165,181,17,1700000,16500001,18200000
14,"NA12740",0,159,160,1.6e+07,1,16000000
14,"NA12740",165,181,17,1700000,16500001,18200000
14,"NA12752",0,159,160,1.6e+07,1,16000000
14,"NA12752",165,181,17,1700000,16500001,18200000
14,"NA12753",0,159,160,1.6e+07,1,16000000
14,"NA12753",165,181,17,1700000,16500001,18200000
14,"NA12766",0,159,160,1.6e+07,1,16000000
14,"NA12766",165,181,17,1700000,16500001,18200000
14,"NA12767",0,159,160,1.6e+07,1,16000000
14,"NA12767",165,181,17,1700000,16500001,18200000
14,"NA12801",0,159,160,1.6e+07,1,16000000
14,"NA12801",165,181,17,1700000,16500001,18200000
14,"NA12802",0,159,160,1.6e+07,1,16000000
14,"NA12802",165,181,17,1700000,16500001,18200000
14,"NA12817",0,159,160,1.6e+07,1,16000000
14,"NA12817",165,181,17,1700000,16500001,18200000
14,"NA12818",0,159,160,1.6e+07,1,16000000
14,"NA12818",165,181,17,1700000,16500001,18200000
14,"NA12832",0,159,160,1.6e+07,1,16000000
14,"NA12832",165,181,17,1700000,16500001,18200000
14,"NA12864",0,159,160,1.6e+07,1,16000000
14,"NA12864",165,181,17,1700000,16500001,18200000
14,"NA12865",0,159,160,1.6e+07,1,16000000
14,"NA12865",165,181,17,1700000,16500001,18200000
14,"NA12877",0,159,160,1.6e+07,1,16000000
14,"NA12877",165,181,17,1700000,16500001,18200000
14,"NA12878",0,159,160,1.6e+07,1,16000000
14,"NA12878",165,181,17,1700000,16500001,18200000
14,"NA18484",0,159,160,1.6e+07,1,16000000
14,"NA18484",165,181,17,1700000,16500001,18200000
14,"NA18485",0,159,160,1.6e+07,1,16000000
14,"NA18485",165,181,17,1700000,16500001,18200000
14,"NA18497",0,159,160,1.6e+07,1,16000000
14,"NA18497",165,181,17,1700000,16500001,18200000
14,"NA18500",0,159,160,1.6e+07,1,16000000
14,"NA18500",165,181,17,1700000,16500001,18200000
14,"NA18503",0,159,160,1.6e+07,1,16000000
14,"NA18503",165,181,17,1700000,16500001,18200000
14,"NA18506",0,159,160,1.6e+07,1,16000000
14,"NA18506",165,181,17,1700000,16500001,18200000
14,"NA18515",0,159,160,1.6e+07,1,16000000
14,"NA18515",162,181,20,2e+06,16200001,18200000
14,"NA18518",0,159,160,1.6e+07,1,16000000
14,"NA18518",165,181,17,1700000,16500001,18200000
14,"NA18521",0,159,160,1.6e+07,1,16000000
14,"NA18521",165,181,17,1700000,16500001,18200000
14,"NA18854",0,159,160,1.6e+07,1,16000000
14,"NA18854",165,181,17,1700000,16500001,18200000
14,"NA18857",0,159,160,1.6e+07,1,16000000
14,"NA18857",165,181,17,1700000,16500001,18200000
14,"NA18860",0,159,160,1.6e+07,1,16000000
14,"NA18860",165,181,17,1700000,16500001,18200000
14,"NA18863",0,159,160,1.6e+07,1,16000000
14,"NA18863",165,181,17,1700000,16500001,18200000
14,"NA18869",0,159,160,1.6e+07,1,16000000
14,"NA18869",165,181,17,1700000,16500001,18200000
14,"NA18872",0,159,160,1.6e+07,1,16000000
14,"NA18872",165,181,17,1700000,16500001,18200000
14,"NA18875",0,159,160,1.6e+07,1,16000000
14,"NA18875",165,181,17,1700000,16500001,18200000
14,"NA18906",0,159,160,1.6e+07,1,16000000
14,"NA18906",165,181,17,1700000,16500001,18200000
14,"NA18911",0,159,160,1.6e+07,1,16000000
14,"NA18911",165,181,17,1700000,16500001,18200000
14,"NA18914",0,159,160,1.6e+07,1,16000000
14,"NA18914",165,181,17,1700000,16500001,18200000
14,"NA18925",0,159,160,1.6e+07,1,16000000
14,"NA18925",165,181,17,1700000,16500001,18200000
14,"NA18930",0,159,160,1.6e+07,1,16000000
14,"NA18930",165,181,17,1700000,16500001,18200000
14,"NA18935",0,159,160,1.6e+07,1,16000000
14,"NA18935",165,181,17,1700000,16500001,18200000
14,"NA19094",0,159,160,1.6e+07,1,16000000
14,"NA19094",165,181,17,1700000,16500001,18200000
14,"NA19097",0,159,160,1.6e+07,1,16000000
14,"NA19097",165,181,17,1700000,16500001,18200000
14,"NA19100",0,159,160,1.6e+07,1,16000000
14,"NA19100",165,181,17,1700000,16500001,18200000
14,"NA19103",0,159,160,1.6e+07,1,16000000
14,"NA19103",165,181,17,1700000,16500001,18200000
14,"NA19109",0,159,160,1.6e+07,1,16000000
14,"NA19109",165,181,17,1700000,16500001,18200000
14,"NA19115",0,160,161,16100000,1,16100000
14,"NA19115",165,181,17,1700000,16500001,18200000
14,"NA19115",676,685,10,1e+06,67600001,68600000
14,"NA19120",0,159,160,1.6e+07,1,16000000
14,"NA19120",165,181,17,1700000,16500001,18200000
14,"NA19123",0,159,160,1.6e+07,1,16000000
14,"NA19123",165,181,17,1700000,16500001,18200000
14,"NA19129",0,159,160,1.6e+07,1,16000000
14,"NA19129",165,181,17,1700000,16500001,18200000
14,"NA19132",0,159,160,1.6e+07,1,16000000
14,"NA19132",165,181,17,1700000,16500001,18200000
14,"NA19139",0,159,160,1.6e+07,1,16000000
14,"NA19139",165,181,17,1700000,16500001,18200000
14,"NA19142",0,159,160,1.6e+07,1,16000000
14,"NA19142",165,181,17,1700000,16500001,18200000
14,"NA19145",0,159,160,1.6e+07,1,16000000
14,"NA19145",165,181,17,1700000,16500001,18200000
14,"NA19148",0,159,160,1.6e+07,1,16000000
14,"NA19148",165,181,17,1700000,16500001,18200000
14,"NA19151",0,159,160,1.6e+07,1,16000000
14,"NA19151",165,181,17,1700000,16500001,18200000
14,"NA19154",0,159,160,1.6e+07,1,16000000
14,"NA19154",165,181,17,1700000,16500001,18200000
14,"NA19161",0,159,160,1.6e+07,1,16000000
14,"NA19161",162,181,20,2e+06,16200001,18200000
14,"NA19173",0,159,160,1.6e+07,1,16000000
14,"NA19173",165,181,17,1700000,16500001,18200000
14,"NA19174",0,159,160,1.6e+07,1,16000000
14,"NA19174",165,181,17,1700000,16500001,18200000
14,"NA19177",0,159,160,1.6e+07,1,16000000
14,"NA19177",165,181,17,1700000,16500001,18200000
14,"NA19186",0,159,160,1.6e+07,1,16000000
14,"NA19186",165,181,17,1700000,16500001,18200000
14,"NA19191",0,159,160,1.6e+07,1,16000000
14,"NA19191",165,181,17,1700000,16500001,18200000
14,"NA19199",0,159,160,1.6e+07,1,16000000
14,"NA19199",165,181,17,1700000,16500001,18200000
14,"NA19202",0,159,160,1.6e+07,1,16000000
14,"NA19202",165,181,17,1700000,16500001,18200000
14,"NA19205",0,159,160,1.6e+07,1,16000000
14,"NA19205",165,181,17,1700000,16500001,18200000
14,"NA19208",0,159,160,1.6e+07,1,16000000
14,"NA19208",162,181,20,2e+06,16200001,18200000
14,"NA19211",0,159,160,1.6e+07,1,16000000
14,"NA19211",165,181,17,1700000,16500001,18200000
14,"NA19215",0,159,160,1.6e+07,1,16000000
14,"NA19215",165,181,17,1700000,16500001,18200000
14,"NA19221",0,159,160,1.6e+07,1,16000000
14,"NA19221",165,181,17,1700000,16500001,18200000
14,"NA19224",0,159,160,1.6e+07,1,16000000
14,"NA19224",165,181,17,1700000,16500001,18200000
14,"NA19237",0,159,160,1.6e+07,1,16000000
14,"NA19237",165,181,17,1700000,16500001,18200000
14,"NA19240",0,159,160,1.6e+07,1,16000000
14,"NA19240",165,181,17,1700000,16500001,18200000
14,"NA19249",0,159,160,1.6e+07,1,16000000
14,"NA19249",165,181,17,1700000,16500001,18200000
14,"NA19258",0,159,160,1.6e+07,1,16000000
14,"NA19258",165,181,17,1700000,16500001,18200000
14,"NA19650",0,159,160,1.6e+07,1,16000000
14,"NA19650",165,181,17,1700000,16500001,18200000
14,"NA19650",229,238,10,1e+06,22900001,23900000
14,"NA19650",240,250,11,1100000,24000001,25100000
14,"NA19653",0,159,160,1.6e+07,1,16000000
14,"NA19653",165,181,17,1700000,16500001,18200000
14,"NA19656",0,159,160,1.6e+07,1,16000000
14,"NA19656",165,181,17,1700000,16500001,18200000
14,"NA19659",0,159,160,1.6e+07,1,16000000
14,"NA19659",165,181,17,1700000,16500001,18200000
14,"NA19662",0,159,160,1.6e+07,1,16000000
14,"NA19662",165,181,17,1700000,16500001,18200000
14,"NA19665",0,159,160,1.6e+07,1,16000000
14,"NA19665",165,181,17,1700000,16500001,18200000
14,"NA19671",0,159,160,1.6e+07,1,16000000
14,"NA19671",165,181,17,1700000,16500001,18200000
14,"NA19675",0,159,160,1.6e+07,1,16000000
14,"NA19675",165,181,17,1700000,16500001,18200000
14,"NA19677",0,159,160,1.6e+07,1,16000000
14,"NA19677",165,181,17,1700000,16500001,18200000
14,"NA19680",0,159,160,1.6e+07,1,16000000
14,"NA19680",165,181,17,1700000,16500001,18200000
14,"NA19683",0,159,160,1.6e+07,1,16000000
14,"NA19683",165,181,17,1700000,16500001,18200000
14,"NA19685",0,159,160,1.6e+07,1,16000000
14,"NA19685",165,181,17,1700000,16500001,18200000
14,"NA19686",0,159,160,1.6e+07,1,16000000
14,"NA19686",165,181,17,1700000,16500001,18200000
14,"NA19702",0,159,160,1.6e+07,1,16000000
14,"NA19702",165,181,17,1700000,16500001,18200000
14,"NA19702",520,531,12,1200000,52000001,53200000
14,"NA19705",0,159,160,1.6e+07,1,16000000
14,"NA19705",165,181,17,1700000,16500001,18200000
14,"NA19718",0,159,160,1.6e+07,1,16000000
14,"NA19718",165,181,17,1700000,16500001,18200000
14,"NA19721",0,159,160,1.6e+07,1,16000000
14,"NA19721",165,181,17,1700000,16500001,18200000
14,"NA19724",0,159,160,1.6e+07,1,16000000
14,"NA19724",165,181,17,1700000,16500001,18200000
14,"NA19727",0,159,160,1.6e+07,1,16000000
14,"NA19727",165,181,17,1700000,16500001,18200000
14,"NA19730",0,159,160,1.6e+07,1,16000000
14,"NA19730",165,181,17,1700000,16500001,18200000
14,"NA19733",0,159,160,1.6e+07,1,16000000
14,"NA19733",165,181,17,1700000,16500001,18200000
14,"NA19748",0,159,160,1.6e+07,1,16000000
14,"NA19748",165,181,17,1700000,16500001,18200000
14,"NA19751",0,159,160,1.6e+07,1,16000000
14,"NA19751",165,181,17,1700000,16500001,18200000
14,"NA19757",0,159,160,1.6e+07,1,16000000
14,"NA19757",165,181,17,1700000,16500001,18200000
14,"NA19760",0,159,160,1.6e+07,1,16000000
14,"NA19760",165,181,17,1700000,16500001,18200000
14,"NA19763",0,159,160,1.6e+07,1,16000000
14,"NA19763",165,181,17,1700000,16500001,18200000
14,"NA19772",0,159,160,1.6e+07,1,16000000
14,"NA19772",165,181,17,1700000,16500001,18200000
14,"NA19775",0,159,160,1.6e+07,1,16000000
14,"NA19775",165,181,17,1700000,16500001,18200000
14,"NA19778",0,159,160,1.6e+07,1,16000000
14,"NA19778",165,181,17,1700000,16500001,18200000
14,"NA19781",0,159,160,1.6e+07,1,16000000
14,"NA19781",165,181,17,1700000,16500001,18200000
14,"NA19784",0,159,160,1.6e+07,1,16000000
14,"NA19784",165,181,17,1700000,16500001,18200000
14,"NA19787",0,159,160,1.6e+07,1,16000000
14,"NA19787",165,181,17,1700000,16500001,18200000
14,"NA19790",0,159,160,1.6e+07,1,16000000
14,"NA19790",165,181,17,1700000,16500001,18200000
14,"NA19796",0,159,160,1.6e+07,1,16000000
14,"NA19796",165,181,17,1700000,16500001,18200000
14,"NA19828",0,159,160,1.6e+07,1,16000000
14,"NA19828",165,181,17,1700000,16500001,18200000
14,"NA19836",0,159,160,1.6e+07,1,16000000
14,"NA19836",165,181,17,1700000,16500001,18200000
14,"NA19902",0,159,160,1.6e+07,1,16000000
14,"NA19902",165,181,17,1700000,16500001,18200000
14,"NA19918",0,159,160,1.6e+07,1,16000000
14,"NA19918",165,181,17,1700000,16500001,18200000
14,"NA19919",0,159,160,1.6e+07,1,16000000
14,"NA19919",162,181,20,2e+06,16200001,18200000
14,"NA19924",0,159,160,1.6e+07,1,16000000
14,"NA19924",165,181,17,1700000,16500001,18200000
14,"NA19983",0,159,160,1.6e+07,1,16000000
14,"NA19983",165,181,17,1700000,16500001,18200000
14,"NA20128",0,159,160,1.6e+07,1,16000000
14,"NA20128",165,181,17,1700000,16500001,18200000
14,"NA20129",0,159,160,1.6e+07,1,16000000
14,"NA20129",165,181,17,1700000,16500001,18200000
14,"NA20279",0,159,160,1.6e+07,1,16000000
14,"NA20279",165,181,17,1700000,16500001,18200000
14,"NA20358",0,159,160,1.6e+07,1,16000000
14,"NA20358",165,181,17,1700000,16500001,18200000
15,"HG00405",0,169,170,1.7e+07,1,17000000
15,"HG00408",0,169,170,1.7e+07,1,17000000
15,"HG00420",0,169,170,1.7e+07,1,17000000
15,"HG00423",0,169,170,1.7e+07,1,17000000
15,"HG00429",0,169,170,1.7e+07,1,17000000
15,"HG00438",0,169,170,1.7e+07,1,17000000
15,"HG00444",0,169,170,1.7e+07,1,17000000
15,"HG00447",0,169,170,1.7e+07,1,17000000
15,"HG00447",176,192,17,1700000,17600001,19300000
15,"HG00450",0,169,170,1.7e+07,1,17000000
15,"HG00450",184,193,10,1e+06,18400001,19400000
15,"HG00453",0,169,170,1.7e+07,1,17000000
15,"HG00459",0,169,170,1.7e+07,1,17000000
15,"HG00465",0,169,170,1.7e+07,1,17000000
15,"HG00465",184,196,13,1300000,18400001,19700000
15,"HG00474",0,169,170,1.7e+07,1,17000000
15,"HG00474",174,183,10,1e+06,17400001,18400000
15,"HG00477",0,169,170,1.7e+07,1,17000000
15,"HG00480",0,169,170,1.7e+07,1,17000000
15,"HG00502",0,169,170,1.7e+07,1,17000000
15,"HG00514",0,169,170,1.7e+07,1,17000000
15,"HG00526",0,169,170,1.7e+07,1,17000000
15,"HG00532",0,169,170,1.7e+07,1,17000000
15,"HG00535",0,169,170,1.7e+07,1,17000000
15,"HG00538",0,169,170,1.7e+07,1,17000000
15,"HG00544",0,169,170,1.7e+07,1,17000000
15,"HG00552",0,169,170,1.7e+07,1,17000000
15,"HG00555",0,169,170,1.7e+07,1,17000000
15,"HG00558",0,169,170,1.7e+07,1,17000000
15,"HG00561",0,169,170,1.7e+07,1,17000000
15,"HG00567",0,169,170,1.7e+07,1,17000000
15,"HG00579",0,169,170,1.7e+07,1,17000000
15,"HG00582",0,169,170,1.7e+07,1,17000000
15,"HG00585",0,169,170,1.7e+07,1,17000000
15,"HG00585",174,186,13,1300000,17400001,18700000
15,"HG00591",0,169,170,1.7e+07,1,17000000
15,"HG00594",0,169,170,1.7e+07,1,17000000
15,"HG00597",0,169,170,1.7e+07,1,17000000
15,"HG00609",0,169,170,1.7e+07,1,17000000
15,"HG00612",0,169,170,1.7e+07,1,17000000
15,"HG00615",0,169,170,1.7e+07,1,17000000
15,"HG00621",0,169,170,1.7e+07,1,17000000
15,"HG00621",174,187,14,1400000,17400001,18800000
15,"HG00627",0,169,170,1.7e+07,1,17000000
15,"HG00630",0,169,170,1.7e+07,1,17000000
15,"HG00636",0,169,170,1.7e+07,1,17000000
15,"HG00639",0,169,170,1.7e+07,1,17000000
15,"HG00642",0,169,170,1.7e+07,1,17000000
15,"HG00652",0,169,170,1.7e+07,1,17000000
15,"HG00655",0,169,170,1.7e+07,1,17000000
15,"HG00658",0,169,170,1.7e+07,1,17000000
15,"HG00664",0,169,170,1.7e+07,1,17000000
15,"HG00664",184,196,13,1300000,18400001,19700000
15,"HG00673",0,169,170,1.7e+07,1,17000000
15,"HG00685",0,169,170,1.7e+07,1,17000000
15,"HG00691",0,169,170,1.7e+07,1,17000000
15,"HG00694",0,169,170,1.7e+07,1,17000000
15,"HG00700",0,169,170,1.7e+07,1,17000000
15,"HG00702",0,169,170,1.7e+07,1,17000000
15,"HG00703",0,169,170,1.7e+07,1,17000000
15,"HG00703",184,196,13,1300000,18400001,19700000
15,"HG00706",0,169,170,1.7e+07,1,17000000
15,"HG00709",0,169,170,1.7e+07,1,17000000
15,"HG00733",0,169,170,1.7e+07,1,17000000
15,"HG00735",0,169,170,1.7e+07,1,17000000
15,"HG00738",0,169,170,1.7e+07,1,17000000
15,"HG00738",184,193,10,1e+06,18400001,19400000
15,"HG00741",0,169,170,1.7e+07,1,17000000
15,"HG01050",0,169,170,1.7e+07,1,17000000
15,"HG01053",0,169,170,1.7e+07,1,17000000
15,"HG01056",0,169,170,1.7e+07,1,17000000
15,"HG01056",184,197,14,1400000,18400001,19800000
15,"HG01062",0,169,170,1.7e+07,1,17000000
15,"HG01062",409,459,51,5100000,40900001,46000000
15,"HG01068",0,169,170,1.7e+07,1,17000000
15,"HG01068",184,193,10,1e+06,18400001,19400000
15,"HG01071",0,169,170,1.7e+07,1,17000000
15,"HG01071",178,188,11,1100000,17800001,18900000
15,"HG01074",0,169,170,1.7e+07,1,17000000
15,"HG01074",184,196,13,1300000,18400001,19700000
15,"HG01081",0,169,170,1.7e+07,1,17000000
15,"HG01081",175,187,13,1300000,17500001,18800000
15,"HG01084",0,169,170,1.7e+07,1,17000000
15,"HG01087",0,169,170,1.7e+07,1,17000000
15,"HG01087",184,193,10,1e+06,18400001,19400000
15,"HG01096",0,169,170,1.7e+07,1,17000000
15,"HG01099",0,169,170,1.7e+07,1,17000000
15,"HG01099",184,196,13,1300000,18400001,19700000
15,"HG01099",404,419,16,1600000,40400001,42000000
15,"HG01099",421,434,14,1400000,42100001,43500000
15,"HG01100",0,169,170,1.7e+07,1,17000000
15,"HG01103",0,169,170,1.7e+07,1,17000000
15,"HG01103",178,196,19,1900000,17800001,19700000
15,"HG01106",0,169,170,1.7e+07,1,17000000
15,"HG01109",0,169,170,1.7e+07,1,17000000
15,"HG01109",185,196,12,1200000,18500001,19700000
15,"HG01114",0,169,170,1.7e+07,1,17000000
15,"HG01126",0,169,170,1.7e+07,1,17000000
15,"HG01135",0,169,170,1.7e+07,1,17000000
15,"HG01135",178,193,16,1600000,17800001,19400000
15,"HG01138",0,169,170,1.7e+07,1,17000000
15,"HG01138",184,196,13,1300000,18400001,19700000
15,"HG01141",0,169,170,1.7e+07,1,17000000
15,"HG01150",0,169,170,1.7e+07,1,17000000
15,"HG01169",0,169,170,1.7e+07,1,17000000
15,"HG01172",0,169,170,1.7e+07,1,17000000
15,"HG01172",701,739,39,3900000,70100001,74000000
15,"HG01172",741,751,11,1100000,74100001,75200000
15,"HG01172",763,777,15,1500000,76300001,77800000
15,"HG01175",0,169,170,1.7e+07,1,17000000
15,"HG01178",0,169,170,1.7e+07,1,17000000
15,"HG01178",184,194,11,1100000,18400001,19500000
15,"HG01184",0,169,170,1.7e+07,1,17000000
15,"HG01189",0,169,170,1.7e+07,1,17000000
15,"HG01192",0,169,170,1.7e+07,1,17000000
15,"HG01192",184,196,13,1300000,18400001,19700000
15,"HG01199",0,169,170,1.7e+07,1,17000000
15,"HG01199",184,196,13,1300000,18400001,19700000
15,"HG01206",0,169,170,1.7e+07,1,17000000
15,"HG01206",175,187,13,1300000,17500001,18800000
15,"HG01243",0,169,170,1.7e+07,1,17000000
15,"HG01243",641,650,10,1e+06,64100001,65100000
15,"HG01249",0,169,170,1.7e+07,1,17000000
15,"HG01252",0,169,170,1.7e+07,1,17000000
15,"HG01255",0,169,170,1.7e+07,1,17000000
15,"HG01258",0,169,170,1.7e+07,1,17000000
15,"HG01258",178,192,15,1500000,17800001,19300000
15,"HG01261",0,169,170,1.7e+07,1,17000000
15,"HG01261",367,385,19,1900000,36700001,38600000
15,"HG01261",388,414,27,2700000,38800001,41500000
15,"HG01261",416,449,34,3400000,41600001,45000000
15,"HG01261",451,501,51,5100000,45100001,50200000
15,"HG01273",0,169,170,1.7e+07,1,17000000
15,"HG01273",184,196,13,1300000,18400001,19700000
15,"HG01276",0,169,170,1.7e+07,1,17000000
15,"HG01276",184,196,13,1300000,18400001,19700000
15,"HG01279",0,169,170,1.7e+07,1,17000000
15,"HG01279",184,196,13,1300000,18400001,19700000
15,"HG01343",0,169,170,1.7e+07,1,17000000
15,"HG01346",0,169,170,1.7e+07,1,17000000
15,"HG01349",0,169,170,1.7e+07,1,17000000
15,"HG01349",174,197,24,2400000,17400001,19800000
15,"HG01352",0,169,170,1.7e+07,1,17000000
15,"HG01355",0,169,170,1.7e+07,1,17000000
15,"HG01358",0,169,170,1.7e+07,1,17000000
15,"HG01361",0,169,170,1.7e+07,1,17000000
15,"HG01367",0,169,170,1.7e+07,1,17000000
15,"HG01367",178,188,11,1100000,17800001,18900000
15,"HG01376",0,169,170,1.7e+07,1,17000000
15,"HG01379",0,169,170,1.7e+07,1,17000000
15,"HG01385",0,169,170,1.7e+07,1,17000000
15,"HG01385",175,188,14,1400000,17500001,18900000
15,"HG01391",0,169,170,1.7e+07,1,17000000
15,"HG01433",0,169,170,1.7e+07,1,17000000
15,"HG01439",0,169,170,1.7e+07,1,17000000
15,"HG01457",0,169,170,1.7e+07,1,17000000
15,"HG01457",185,196,12,1200000,18500001,19700000
15,"HG01463",0,169,170,1.7e+07,1,17000000
15,"HG01466",0,169,170,1.7e+07,1,17000000
15,"HG01490",0,169,170,1.7e+07,1,17000000
15,"HG01490",184,196,13,1300000,18400001,19700000
15,"HG01493",0,169,170,1.7e+07,1,17000000
15,"HG01493",791,807,17,1700000,79100001,80800000
15,"HG01496",0,169,170,1.7e+07,1,17000000
15,"HG01499",0,169,170,1.7e+07,1,17000000
15,"HG01499",889,899,11,1100000,88900001,90000000
15,"HG01552",0,169,170,1.7e+07,1,17000000
15,"HG01567",0,169,170,1.7e+07,1,17000000
15,"HG01573",0,169,170,1.7e+07,1,17000000
15,"HG01579",0,169,170,1.7e+07,1,17000000
15,"HG01579",176,186,11,1100000,17600001,18700000
15,"HG01881",0,169,170,1.7e+07,1,17000000
15,"HG01881",184,196,13,1300000,18400001,19700000
15,"HG01884",0,169,170,1.7e+07,1,17000000
15,"HG01887",0,169,170,1.7e+07,1,17000000
15,"HG01888",0,169,170,1.7e+07,1,17000000
15,"HG01891",0,169,170,1.7e+07,1,17000000
15,"HG01895",0,169,170,1.7e+07,1,17000000
15,"HG01897",0,169,170,1.7e+07,1,17000000
15,"HG01898",0,169,170,1.7e+07,1,17000000
15,"HG01916",0,169,170,1.7e+07,1,17000000
15,"HG01919",0,169,170,1.7e+07,1,17000000
15,"HG01922",0,169,170,1.7e+07,1,17000000
15,"HG01925",0,169,170,1.7e+07,1,17000000
15,"HG01925",175,186,12,1200000,17500001,18700000
15,"HG01928",0,169,170,1.7e+07,1,17000000
15,"HG01934",0,169,170,1.7e+07,1,17000000
15,"HG01937",0,169,170,1.7e+07,1,17000000
15,"HG01940",0,169,170,1.7e+07,1,17000000
15,"HG01943",0,169,170,1.7e+07,1,17000000
15,"HG01943",184,196,13,1300000,18400001,19700000
15,"HG01946",0,169,170,1.7e+07,1,17000000
15,"HG01949",0,169,170,1.7e+07,1,17000000
15,"HG01952",0,169,170,1.7e+07,1,17000000
15,"HG01952",174,187,14,1400000,17400001,18800000
15,"HG01955",0,169,170,1.7e+07,1,17000000
15,"HG01959",0,169,170,1.7e+07,1,17000000
15,"HG01960",0,169,170,1.7e+07,1,17000000
15,"HG01969",0,169,170,1.7e+07,1,17000000
15,"HG01969",184,194,11,1100000,18400001,19500000
15,"HG01972",0,169,170,1.7e+07,1,17000000
15,"HG01972",184,193,10,1e+06,18400001,19400000
15,"HG01975",0,169,170,1.7e+07,1,17000000
15,"HG01975",174,187,14,1400000,17400001,18800000
15,"HG01978",0,169,170,1.7e+07,1,17000000
15,"HG01981",0,169,170,1.7e+07,1,17000000
15,"HG01981",178,196,19,1900000,17800001,19700000
15,"HG01984",0,169,170,1.7e+07,1,17000000
15,"HG01987",0,169,170,1.7e+07,1,17000000
15,"HG01993",0,169,170,1.7e+07,1,17000000
15,"HG01993",435,447,13,1300000,43500001,44800000
15,"HG01998",0,169,170,1.7e+07,1,17000000
15,"HG01998",797,809,13,1300000,79700001,81000000
15,"HG02004",0,169,170,1.7e+07,1,17000000
15,"HG02011",0,169,170,1.7e+07,1,17000000
15,"HG02011",186,196,11,1100000,18600001,19700000
15,"HG02055",0,169,170,1.7e+07,1,17000000
15,"HG02091",0,169,170,1.7e+07,1,17000000
15,"HG02091",184,196,13,1300000,18400001,19700000
15,"HG02106",0,169,170,1.7e+07,1,17000000
15,"HG02145",0,169,170,1.7e+07,1,17000000
15,"HG02148",0,169,170,1.7e+07,1,17000000
15,"HG02257",0,169,170,1.7e+07,1,17000000
15,"HG02258",0,169,170,1.7e+07,1,17000000
15,"HG02261",0,169,170,1.7e+07,1,17000000
15,"HG02273",0,169,170,1.7e+07,1,17000000
15,"HG02279",0,169,170,1.7e+07,1,17000000
15,"HG02279",175,187,13,1300000,17500001,18800000
15,"HG02280",0,169,170,1.7e+07,1,17000000
15,"HG02280",184,196,13,1300000,18400001,19700000
15,"HG02287",0,169,170,1.7e+07,1,17000000
15,"HG02293",0,169,170,1.7e+07,1,17000000
15,"HG02293",172,186,15,1500000,17200001,18700000
15,"HG02300",0,169,170,1.7e+07,1,17000000
15,"HG02303",0,169,170,1.7e+07,1,17000000
15,"HG02316",0,169,170,1.7e+07,1,17000000
15,"HG02321",0,169,170,1.7e+07,1,17000000
15,"HG02321",184,193,10,1e+06,18400001,19400000
15,"HG02451",0,169,170,1.7e+07,1,17000000
15,"HG02924",0,169,170,1.7e+07,1,17000000
15,"HG02945",0,169,170,1.7e+07,1,17000000
15,"HG02948",0,169,170,1.7e+07,1,17000000
15,"HG02954",0,169,170,1.7e+07,1,17000000
15,"HG02966",0,169,170,1.7e+07,1,17000000
15,"HG02966",184,194,11,1100000,18400001,19500000
15,"HG02972",0,169,170,1.7e+07,1,17000000
15,"HG02975",0,169,170,1.7e+07,1,17000000
15,"HG02978",0,169,170,1.7e+07,1,17000000
15,"HG02980",0,169,170,1.7e+07,1,17000000
15,"HG03101",0,169,170,1.7e+07,1,17000000
15,"HG03110",0,169,170,1.7e+07,1,17000000
15,"HG03113",0,169,170,1.7e+07,1,17000000
15,"HG03113",184,193,10,1e+06,18400001,19400000
15,"HG03116",0,169,170,1.7e+07,1,17000000
15,"HG03119",0,169,170,1.7e+07,1,17000000
15,"HG03122",0,169,170,1.7e+07,1,17000000
15,"HG03125",0,169,170,1.7e+07,1,17000000
15,"HG03125",480,491,12,1200000,48000001,49200000
15,"HG03128",0,169,170,1.7e+07,1,17000000
15,"HG03131",0,169,170,1.7e+07,1,17000000
15,"HG03134",0,169,170,1.7e+07,1,17000000
15,"HG03137",0,169,170,1.7e+07,1,17000000
15,"HG03137",184,196,13,1300000,18400001,19700000
15,"HG03161",0,169,170,1.7e+07,1,17000000
15,"HG03164",0,169,170,1.7e+07,1,17000000
15,"HG03164",185,196,12,1200000,18500001,19700000
15,"HG03170",0,169,170,1.7e+07,1,17000000
15,"HG03191",0,169,170,1.7e+07,1,17000000
15,"HG03197",0,169,170,1.7e+07,1,17000000
15,"HG03200",0,169,170,1.7e+07,1,17000000
15,"HG03269",0,169,170,1.7e+07,1,17000000
15,"HG03272",0,169,170,1.7e+07,1,17000000
15,"HG03272",184,196,13,1300000,18400001,19700000
15,"HG03296",0,169,170,1.7e+07,1,17000000
15,"HG03299",0,169,170,1.7e+07,1,17000000
15,"HG03302",0,169,170,1.7e+07,1,17000000
15,"HG03305",0,169,170,1.7e+07,1,17000000
15,"HG03308",0,169,170,1.7e+07,1,17000000
15,"HG03310",0,169,170,1.7e+07,1,17000000
15,"HG03314",0,169,170,1.7e+07,1,17000000
15,"HG03344",0,169,170,1.7e+07,1,17000000
15,"HG03350",0,169,170,1.7e+07,1,17000000
15,"HG03368",0,169,170,1.7e+07,1,17000000
15,"HG03371",0,169,170,1.7e+07,1,17000000
15,"HG03374",0,169,170,1.7e+07,1,17000000
15,"HG03516",0,169,170,1.7e+07,1,17000000
15,"HG03519",0,169,170,1.7e+07,1,17000000
15,"HG03522",0,169,170,1.7e+07,1,17000000
15,"NA06991",0,169,170,1.7e+07,1,17000000
15,"NA06995",0,169,170,1.7e+07,1,17000000
15,"NA06995",178,192,15,1500000,17800001,19300000
15,"NA06997",0,169,170,1.7e+07,1,17000000
15,"NA07014",0,169,170,1.7e+07,1,17000000
15,"NA07014",176,187,12,1200000,17600001,18800000
15,"NA07019",0,169,170,1.7e+07,1,17000000
15,"NA07019",427,438,12,1200000,42700001,43900000
15,"NA07029",0,169,170,1.7e+07,1,17000000
15,"NA07048",0,169,170,1.7e+07,1,17000000
15,"NA07348",0,169,170,1.7e+07,1,17000000
15,"NA07349",0,169,170,1.7e+07,1,17000000
15,"NA10830",0,169,170,1.7e+07,1,17000000
15,"NA10830",175,196,22,2200000,17500001,19700000
15,"NA10831",0,169,170,1.7e+07,1,17000000
15,"NA10835",0,169,170,1.7e+07,1,17000000
15,"NA10836",0,169,170,1.7e+07,1,17000000
15,"NA10837",0,169,170,1.7e+07,1,17000000
15,"NA10838",0,169,170,1.7e+07,1,17000000
15,"NA10839",0,169,170,1.7e+07,1,17000000
15,"NA10839",175,186,12,1200000,17500001,18700000
15,"NA10840",0,169,170,1.7e+07,1,17000000
15,"NA10840",183,197,15,1500000,18300001,19800000
15,"NA10842",0,169,170,1.7e+07,1,17000000
15,"NA10843",0,169,170,1.7e+07,1,17000000
15,"NA10843",184,196,13,1300000,18400001,19700000
15,"NA10845",0,169,170,1.7e+07,1,17000000
15,"NA10846",0,169,170,1.7e+07,1,17000000
15,"NA10847",0,169,170,1.7e+07,1,17000000
15,"NA10847",174,187,14,1400000,17400001,18800000
15,"NA10851",0,169,170,1.7e+07,1,17000000
15,"NA10852",0,169,170,1.7e+07,1,17000000
15,"NA10854",0,169,170,1.7e+07,1,17000000
15,"NA10855",0,169,170,1.7e+07,1,17000000
15,"NA10856",0,169,170,1.7e+07,1,17000000
15,"NA10857",0,169,170,1.7e+07,1,17000000
15,"NA10859",0,169,170,1.7e+07,1,17000000
15,"NA10860",0,169,170,1.7e+07,1,17000000
15,"NA10860",175,188,14,1400000,17500001,18900000
15,"NA10861",0,169,170,1.7e+07,1,17000000
15,"NA10863",0,169,170,1.7e+07,1,17000000
15,"NA10863",184,196,13,1300000,18400001,19700000
15,"NA10864",0,169,170,1.7e+07,1,17000000
15,"NA10865",0,169,170,1.7e+07,1,17000000
15,"NA10865",184,193,10,1e+06,18400001,19400000
15,"NA12329",0,169,170,1.7e+07,1,17000000
15,"NA12335",0,169,170,1.7e+07,1,17000000
15,"NA12335",181,191,11,1100000,18100001,19200000
15,"NA12336",0,169,170,1.7e+07,1,17000000
15,"NA12344",0,169,170,1.7e+07,1,17000000
15,"NA12376",0,169,170,1.7e+07,1,17000000
15,"NA12386",0,169,170,1.7e+07,1,17000000
15,"NA12485",0,169,170,1.7e+07,1,17000000
15,"NA12485",175,187,13,1300000,17500001,18800000
15,"NA12707",0,169,170,1.7e+07,1,17000000
15,"NA12707",176,188,13,1300000,17600001,18900000
15,"NA12739",0,169,170,1.7e+07,1,17000000
15,"NA12739",171,182,12,1200000,17100001,18300000
15,"NA12739",184,193,10,1e+06,18400001,19400000
15,"NA12740",0,169,170,1.7e+07,1,17000000
15,"NA12752",0,169,170,1.7e+07,1,17000000
15,"NA12753",0,169,170,1.7e+07,1,17000000
15,"NA12753",181,196,16,1600000,18100001,19700000
15,"NA12766",0,169,170,1.7e+07,1,17000000
15,"NA12767",0,169,170,1.7e+07,1,17000000
15,"NA12767",178,187,10,1e+06,17800001,18800000
15,"NA12801",0,169,170,1.7e+07,1,17000000
15,"NA12801",178,193,16,1600000,17800001,19400000
15,"NA12802",0,169,170,1.7e+07,1,17000000
15,"NA12817",0,169,170,1.7e+07,1,17000000
15,"NA12818",0,169,170,1.7e+07,1,17000000
15,"NA12818",174,184,11,1100000,17400001,18500000
15,"NA12832",0,169,170,1.7e+07,1,17000000
15,"NA12832",184,196,13,1300000,18400001,19700000
15,"NA12864",0,169,170,1.7e+07,1,17000000
15,"NA12864",184,196,13,1300000,18400001,19700000
15,"NA12865",0,169,170,1.7e+07,1,17000000
15,"NA12877",0,169,170,1.7e+07,1,17000000
15,"NA12878",0,169,170,1.7e+07,1,17000000
15,"NA18484",0,169,170,1.7e+07,1,17000000
15,"NA18485",0,169,170,1.7e+07,1,17000000
15,"NA18497",0,169,170,1.7e+07,1,17000000
15,"NA18500",0,169,170,1.7e+07,1,17000000
15,"NA18503",0,169,170,1.7e+07,1,17000000
15,"NA18506",0,169,170,1.7e+07,1,17000000
15,"NA18506",414,434,21,2100000,41400001,43500000
15,"NA18506",438,447,10,1e+06,43800001,44800000
15,"NA18515",0,169,170,1.7e+07,1,17000000
15,"NA18515",181,196,16,1600000,18100001,19700000
15,"NA18518",0,169,170,1.7e+07,1,17000000
15,"NA18521",0,169,170,1.7e+07,1,17000000
15,"NA18854",0,169,170,1.7e+07,1,17000000
15,"NA18857",0,169,170,1.7e+07,1,17000000
15,"NA18860",0,169,170,1.7e+07,1,17000000
15,"NA18863",0,169,170,1.7e+07,1,17000000
15,"NA18869",0,169,170,1.7e+07,1,17000000
15,"NA18869",563,574,12,1200000,56300001,57500000
15,"NA18872",0,169,170,1.7e+07,1,17000000
15,"NA18875",0,169,170,1.7e+07,1,17000000
15,"NA18906",0,169,170,1.7e+07,1,17000000
15,"NA18911",0,169,170,1.7e+07,1,17000000
15,"NA18914",0,169,170,1.7e+07,1,17000000
15,"NA18925",0,169,170,1.7e+07,1,17000000
15,"NA18930",0,169,170,1.7e+07,1,17000000
15,"NA18935",0,169,170,1.7e+07,1,17000000
15,"NA18935",181,196,16,1600000,18100001,19700000
15,"NA19094",0,169,170,1.7e+07,1,17000000
15,"NA19097",0,169,170,1.7e+07,1,17000000
15,"NA19100",0,169,170,1.7e+07,1,17000000
15,"NA19103",0,169,170,1.7e+07,1,17000000
15,"NA19109",0,169,170,1.7e+07,1,17000000
15,"NA19115",0,169,170,1.7e+07,1,17000000
15,"NA19115",184,196,13,1300000,18400001,19700000
15,"NA19120",0,169,170,1.7e+07,1,17000000
15,"NA19120",184,196,13,1300000,18400001,19700000
15,"NA19123",0,169,170,1.7e+07,1,17000000
15,"NA19129",0,169,170,1.7e+07,1,17000000
15,"NA19132",0,169,170,1.7e+07,1,17000000
15,"NA19139",0,169,170,1.7e+07,1,17000000
15,"NA19139",184,196,13,1300000,18400001,19700000
15,"NA19142",0,169,170,1.7e+07,1,17000000
15,"NA19142",185,196,12,1200000,18500001,19700000
15,"NA19145",0,169,170,1.7e+07,1,17000000
15,"NA19148",0,169,170,1.7e+07,1,17000000
15,"NA19151",0,169,170,1.7e+07,1,17000000
15,"NA19154",0,169,170,1.7e+07,1,17000000
15,"NA19161",0,169,170,1.7e+07,1,17000000
15,"NA19173",0,169,170,1.7e+07,1,17000000
15,"NA19174",0,169,170,1.7e+07,1,17000000
15,"NA19177",0,169,170,1.7e+07,1,17000000
15,"NA19186",0,169,170,1.7e+07,1,17000000
15,"NA19186",185,196,12,1200000,18500001,19700000
15,"NA19191",0,169,170,1.7e+07,1,17000000
15,"NA19199",0,169,170,1.7e+07,1,17000000
15,"NA19202",0,169,170,1.7e+07,1,17000000
15,"NA19205",0,169,170,1.7e+07,1,17000000
15,"NA19208",0,169,170,1.7e+07,1,17000000
15,"NA19211",0,169,170,1.7e+07,1,17000000
15,"NA19215",0,169,170,1.7e+07,1,17000000
15,"NA19221",0,169,170,1.7e+07,1,17000000
15,"NA19224",0,169,170,1.7e+07,1,17000000
15,"NA19237",0,169,170,1.7e+07,1,17000000
15,"NA19240",0,169,170,1.7e+07,1,17000000
15,"NA19249",0,169,170,1.7e+07,1,17000000
15,"NA19258",0,169,170,1.7e+07,1,17000000
15,"NA19650",0,169,170,1.7e+07,1,17000000
15,"NA19650",184,193,10,1e+06,18400001,19400000
15,"NA19650",267,279,13,1300000,26700001,28000000
15,"NA19653",0,169,170,1.7e+07,1,17000000
15,"NA19653",176,186,11,1100000,17600001,18700000
15,"NA19656",0,169,170,1.7e+07,1,17000000
15,"NA19659",0,169,170,1.7e+07,1,17000000
15,"NA19662",0,169,170,1.7e+07,1,17000000
15,"NA19665",0,169,170,1.7e+07,1,17000000
15,"NA19671",0,169,170,1.7e+07,1,17000000
15,"NA19671",184,196,13,1300000,18400001,19700000
15,"NA19675",0,169,170,1.7e+07,1,17000000
15,"NA19677",0,169,170,1.7e+07,1,17000000
15,"NA19680",0,169,170,1.7e+07,1,17000000
15,"NA19683",0,169,170,1.7e+07,1,17000000
15,"NA19685",0,169,170,1.7e+07,1,17000000
15,"NA19686",0,169,170,1.7e+07,1,17000000
15,"NA19702",0,169,170,1.7e+07,1,17000000
15,"NA19705",0,169,170,1.7e+07,1,17000000
15,"NA19718",0,169,170,1.7e+07,1,17000000
15,"NA19718",174,197,24,2400000,17400001,19800000
15,"NA19721",0,169,170,1.7e+07,1,17000000
15,"NA19721",184,196,13,1300000,18400001,19700000
15,"NA19724",0,169,170,1.7e+07,1,17000000
15,"NA19727",0,169,170,1.7e+07,1,17000000
15,"NA19730",0,169,170,1.7e+07,1,17000000
15,"NA19730",171,187,17,1700000,17100001,18800000
15,"NA19733",0,169,170,1.7e+07,1,17000000
15,"NA19748",0,169,170,1.7e+07,1,17000000
15,"NA19751",0,169,170,1.7e+07,1,17000000
15,"NA19757",0,169,170,1.7e+07,1,17000000
15,"NA19757",178,187,10,1e+06,17800001,18800000
15,"NA19760",0,169,170,1.7e+07,1,17000000
15,"NA19763",0,169,170,1.7e+07,1,17000000
15,"NA19763",184,196,13,1300000,18400001,19700000
15,"NA19772",0,169,170,1.7e+07,1,17000000
15,"NA19772",178,197,20,2e+06,17800001,19800000
15,"NA19775",0,169,170,1.7e+07,1,17000000
15,"NA19775",171,182,12,1200000,17100001,18300000
15,"NA19775",184,196,13,1300000,18400001,19700000
15,"NA19778",0,169,170,1.7e+07,1,17000000
15,"NA19781",0,169,170,1.7e+07,1,17000000
15,"NA19784",0,169,170,1.7e+07,1,17000000
15,"NA19787",0,169,170,1.7e+07,1,17000000
15,"NA19790",0,169,170,1.7e+07,1,17000000
15,"NA19796",0,169,170,1.7e+07,1,17000000
15,"NA19828",0,169,170,1.7e+07,1,17000000
15,"NA19836",0,169,170,1.7e+07,1,17000000
15,"NA19902",0,169,170,1.7e+07,1,17000000
15,"NA19918",0,169,170,1.7e+07,1,17000000
15,"NA19919",0,169,170,1.7e+07,1,17000000
15,"NA19919",181,191,11,1100000,18100001,19200000
15,"NA19924",0,169,170,1.7e+07,1,17000000
15,"NA19983",0,169,170,1.7e+07,1,17000000
15,"NA19983",185,196,12,1200000,18500001,19700000
15,"NA20128",0,169,170,1.7e+07,1,17000000
15,"NA20129",0,169,170,1.7e+07,1,17000000
15,"NA20279",0,169,170,1.7e+07,1,17000000
15,"NA20279",184,196,13,1300000,18400001,19700000
15,"NA20358",0,169,170,1.7e+07,1,17000000
15,"NA20358",184,193,10,1e+06,18400001,19400000
16,"HG00405",383,463,81,8100000,38300001,46400000
16,"HG00408",383,463,81,8100000,38300001,46400000
16,"HG00420",383,462,80,8e+06,38300001,46300000
16,"HG00420",515,534,20,2e+06,51500001,53500000
16,"HG00423",383,463,81,8100000,38300001,46400000
16,"HG00429",383,463,81,8100000,38300001,46400000
16,"HG00438",383,463,81,8100000,38300001,46400000
16,"HG00444",383,463,81,8100000,38300001,46400000
16,"HG00447",383,463,81,8100000,38300001,46400000
16,"HG00450",383,463,81,8100000,38300001,46400000
16,"HG00453",383,463,81,8100000,38300001,46400000
16,"HG00459",383,463,81,8100000,38300001,46400000
16,"HG00465",383,463,81,8100000,38300001,46400000
16,"HG00474",383,463,81,8100000,38300001,46400000
16,"HG00477",383,463,81,8100000,38300001,46400000
16,"HG00480",383,463,81,8100000,38300001,46400000
16,"HG00502",383,463,81,8100000,38300001,46400000
16,"HG00514",383,463,81,8100000,38300001,46400000
16,"HG00526",383,463,81,8100000,38300001,46400000
16,"HG00532",383,463,81,8100000,38300001,46400000
16,"HG00535",383,463,81,8100000,38300001,46400000
16,"HG00538",383,463,81,8100000,38300001,46400000
16,"HG00544",368,378,11,1100000,36800001,37900000
16,"HG00544",383,463,81,8100000,38300001,46400000
16,"HG00552",383,463,81,8100000,38300001,46400000
16,"HG00555",383,463,81,8100000,38300001,46400000
16,"HG00558",383,463,81,8100000,38300001,46400000
16,"HG00561",383,463,81,8100000,38300001,46400000
16,"HG00567",383,463,81,8100000,38300001,46400000
16,"HG00579",383,463,81,8100000,38300001,46400000
16,"HG00582",383,463,81,8100000,38300001,46400000
16,"HG00585",383,463,81,8100000,38300001,46400000
16,"HG00591",383,463,81,8100000,38300001,46400000
16,"HG00594",383,463,81,8100000,38300001,46400000
16,"HG00597",383,463,81,8100000,38300001,46400000
16,"HG00609",383,463,81,8100000,38300001,46400000
16,"HG00612",383,463,81,8100000,38300001,46400000
16,"HG00615",383,463,81,8100000,38300001,46400000
16,"HG00615",716,730,15,1500000,71600001,73100000
16,"HG00621",383,463,81,8100000,38300001,46400000
16,"HG00627",383,463,81,8100000,38300001,46400000
16,"HG00630",383,463,81,8100000,38300001,46400000
16,"HG00636",383,463,81,8100000,38300001,46400000
16,"HG00639",383,462,80,8e+06,38300001,46300000
16,"HG00642",383,463,81,8100000,38300001,46400000
16,"HG00642",797,823,27,2700000,79700001,82400000
16,"HG00642",845,860,16,1600000,84500001,86100000
16,"HG00652",383,463,81,8100000,38300001,46400000
16,"HG00655",383,463,81,8100000,38300001,46400000
16,"HG00658",383,463,81,8100000,38300001,46400000
16,"HG00664",383,463,81,8100000,38300001,46400000
16,"HG00673",383,463,81,8100000,38300001,46400000
16,"HG00685",383,463,81,8100000,38300001,46400000
16,"HG00691",383,463,81,8100000,38300001,46400000
16,"HG00694",383,463,81,8100000,38300001,46400000
16,"HG00700",383,463,81,8100000,38300001,46400000
16,"HG00702",383,463,81,8100000,38300001,46400000
16,"HG00703",383,463,81,8100000,38300001,46400000
16,"HG00706",383,463,81,8100000,38300001,46400000
16,"HG00709",383,463,81,8100000,38300001,46400000
16,"HG00733",383,463,81,8100000,38300001,46400000
16,"HG00735",383,463,81,8100000,38300001,46400000
16,"HG00738",383,463,81,8100000,38300001,46400000
16,"HG00741",383,463,81,8100000,38300001,46400000
16,"HG01050",383,463,81,8100000,38300001,46400000
16,"HG01053",383,463,81,8100000,38300001,46400000
16,"HG01056",383,463,81,8100000,38300001,46400000
16,"HG01062",383,463,81,8100000,38300001,46400000
16,"HG01068",383,463,81,8100000,38300001,46400000
16,"HG01071",383,463,81,8100000,38300001,46400000
16,"HG01074",383,463,81,8100000,38300001,46400000
16,"HG01081",383,463,81,8100000,38300001,46400000
16,"HG01084",383,462,80,8e+06,38300001,46300000
16,"HG01087",383,462,80,8e+06,38300001,46300000
16,"HG01096",383,463,81,8100000,38300001,46400000
16,"HG01099",383,462,80,8e+06,38300001,46300000
16,"HG01100",383,463,81,8100000,38300001,46400000
16,"HG01103",383,463,81,8100000,38300001,46400000
16,"HG01106",188,200,13,1300000,18800001,20100000
16,"HG01106",383,463,81,8100000,38300001,46400000
16,"HG01109",383,463,81,8100000,38300001,46400000
16,"HG01114",383,463,81,8100000,38300001,46400000
16,"HG01126",383,463,81,8100000,38300001,46400000
16,"HG01135",383,462,80,8e+06,38300001,46300000
16,"HG01138",383,463,81,8100000,38300001,46400000
16,"HG01141",383,463,81,8100000,38300001,46400000
16,"HG01150",383,463,81,8100000,38300001,46400000
16,"HG01169",383,463,81,8100000,38300001,46400000
16,"HG01172",383,463,81,8100000,38300001,46400000
16,"HG01175",383,463,81,8100000,38300001,46400000
16,"HG01178",383,463,81,8100000,38300001,46400000
16,"HG01184",383,463,81,8100000,38300001,46400000
16,"HG01189",383,463,81,8100000,38300001,46400000
16,"HG01192",383,463,81,8100000,38300001,46400000
16,"HG01199",383,463,81,8100000,38300001,46400000
16,"HG01206",383,463,81,8100000,38300001,46400000
16,"HG01243",383,463,81,8100000,38300001,46400000
16,"HG01249",383,463,81,8100000,38300001,46400000
16,"HG01252",383,463,81,8100000,38300001,46400000
16,"HG01255",383,463,81,8100000,38300001,46400000
16,"HG01258",383,463,81,8100000,38300001,46400000
16,"HG01261",383,463,81,8100000,38300001,46400000
16,"HG01273",383,463,81,8100000,38300001,46400000
16,"HG01276",383,463,81,8100000,38300001,46400000
16,"HG01279",272,282,11,1100000,27200001,28300000
16,"HG01279",383,463,81,8100000,38300001,46400000
16,"HG01343",383,462,80,8e+06,38300001,46300000
16,"HG01346",383,463,81,8100000,38300001,46400000
16,"HG01349",383,463,81,8100000,38300001,46400000
16,"HG01352",383,463,81,8100000,38300001,46400000
16,"HG01355",383,463,81,8100000,38300001,46400000
16,"HG01358",26,51,26,2600000,2600001,5200000
16,"HG01358",53,67,15,1500000,5300001,6800000
16,"HG01358",383,463,81,8100000,38300001,46400000
16,"HG01361",383,463,81,8100000,38300001,46400000
16,"HG01367",383,463,81,8100000,38300001,46400000
16,"HG01376",383,463,81,8100000,38300001,46400000
16,"HG01379",383,463,81,8100000,38300001,46400000
16,"HG01385",383,463,81,8100000,38300001,46400000
16,"HG01391",383,463,81,8100000,38300001,46400000
16,"HG01433",383,463,81,8100000,38300001,46400000
16,"HG01439",383,463,81,8100000,38300001,46400000
16,"HG01457",382,463,82,8200000,38200001,46400000
16,"HG01463",383,463,81,8100000,38300001,46400000
16,"HG01466",383,463,81,8100000,38300001,46400000
16,"HG01490",383,462,80,8e+06,38300001,46300000
16,"HG01493",383,463,81,8100000,38300001,46400000
16,"HG01496",383,462,80,8e+06,38300001,46300000
16,"HG01499",383,463,81,8100000,38300001,46400000
16,"HG01552",383,463,81,8100000,38300001,46400000
16,"HG01567",383,462,80,8e+06,38300001,46300000
16,"HG01573",383,463,81,8100000,38300001,46400000
16,"HG01579",383,463,81,8100000,38300001,46400000
16,"HG01881",383,462,80,8e+06,38300001,46300000
16,"HG01884",383,462,80,8e+06,38300001,46300000
16,"HG01887",382,463,82,8200000,38200001,46400000
16,"HG01888",383,462,80,8e+06,38300001,46300000
16,"HG01891",383,462,80,8e+06,38300001,46300000
16,"HG01895",383,462,80,8e+06,38300001,46300000
16,"HG01897",383,463,81,8100000,38300001,46400000
16,"HG01898",383,462,80,8e+06,38300001,46300000
16,"HG01916",383,463,81,8100000,38300001,46400000
16,"HG01919",383,463,81,8100000,38300001,46400000
16,"HG01922",382,463,82,8200000,38200001,46400000
16,"HG01925",368,378,11,1100000,36800001,37900000
16,"HG01925",383,463,81,8100000,38300001,46400000
16,"HG01928",383,463,81,8100000,38300001,46400000
16,"HG01934",383,463,81,8100000,38300001,46400000
16,"HG01937",383,463,81,8100000,38300001,46400000
16,"HG01940",383,463,81,8100000,38300001,46400000
16,"HG01943",383,463,81,8100000,38300001,46400000
16,"HG01946",383,463,81,8100000,38300001,46400000
16,"HG01949",383,463,81,8100000,38300001,46400000
16,"HG01952",383,463,81,8100000,38300001,46400000
16,"HG01955",383,463,81,8100000,38300001,46400000
16,"HG01959",383,462,80,8e+06,38300001,46300000
16,"HG01960",383,463,81,8100000,38300001,46400000
16,"HG01969",383,463,81,8100000,38300001,46400000
16,"HG01972",383,462,80,8e+06,38300001,46300000
16,"HG01975",383,463,81,8100000,38300001,46400000
16,"HG01978",382,463,82,8200000,38200001,46400000
16,"HG01981",383,463,81,8100000,38300001,46400000
16,"HG01984",383,462,80,8e+06,38300001,46300000
16,"HG01987",383,462,80,8e+06,38300001,46300000
16,"HG01993",383,463,81,8100000,38300001,46400000
16,"HG01998",383,463,81,8100000,38300001,46400000
16,"HG02004",383,463,81,8100000,38300001,46400000
16,"HG02011",383,462,80,8e+06,38300001,46300000
16,"HG02055",383,462,80,8e+06,38300001,46300000
16,"HG02091",383,463,81,8100000,38300001,46400000
16,"HG02106",383,463,81,8100000,38300001,46400000
16,"HG02145",383,463,81,8100000,38300001,46400000
16,"HG02148",383,463,81,8100000,38300001,46400000
16,"HG02257",383,463,81,8100000,38300001,46400000
16,"HG02258",383,462,80,8e+06,38300001,46300000
16,"HG02261",383,463,81,8100000,38300001,46400000
16,"HG02273",364,378,15,1500000,36400001,37900000
16,"HG02273",383,463,81,8100000,38300001,46400000
16,"HG02279",383,463,81,8100000,38300001,46400000
16,"HG02280",383,462,80,8e+06,38300001,46300000
16,"HG02287",383,463,81,8100000,38300001,46400000
16,"HG02293",383,463,81,8100000,38300001,46400000
16,"HG02300",383,462,80,8e+06,38300001,46300000
16,"HG02303",383,464,82,8200000,38300001,46500000
16,"HG02316",383,462,80,8e+06,38300001,46300000
16,"HG02321",383,462,80,8e+06,38300001,46300000
16,"HG02451",383,462,80,8e+06,38300001,46300000
16,"HG02924",383,463,81,8100000,38300001,46400000
16,"HG02945",383,463,81,8100000,38300001,46400000
16,"HG02948",383,462,80,8e+06,38300001,46300000
16,"HG02954",383,463,81,8100000,38300001,46400000
16,"HG02966",383,462,80,8e+06,38300001,46300000
16,"HG02972",383,462,80,8e+06,38300001,46300000
16,"HG02975",383,462,80,8e+06,38300001,46300000
16,"HG02978",383,462,80,8e+06,38300001,46300000
16,"HG02980",383,462,80,8e+06,38300001,46300000
16,"HG03101",383,463,81,8100000,38300001,46400000
16,"HG03110",383,463,81,8100000,38300001,46400000
16,"HG03113",383,463,81,8100000,38300001,46400000
16,"HG03116",383,462,80,8e+06,38300001,46300000
16,"HG03119",383,463,81,8100000,38300001,46400000
16,"HG03122",383,463,81,8100000,38300001,46400000
16,"HG03125",383,463,81,8100000,38300001,46400000
16,"HG03128",383,462,80,8e+06,38300001,46300000
16,"HG03131",383,462,80,8e+06,38300001,46300000
16,"HG03134",383,462,80,8e+06,38300001,46300000
16,"HG03137",383,463,81,8100000,38300001,46400000
16,"HG03161",383,462,80,8e+06,38300001,46300000
16,"HG03164",383,463,81,8100000,38300001,46400000
16,"HG03170",383,462,80,8e+06,38300001,46300000
16,"HG03191",383,462,80,8e+06,38300001,46300000
16,"HG03197",383,463,81,8100000,38300001,46400000
16,"HG03200",383,462,80,8e+06,38300001,46300000
16,"HG03269",383,462,80,8e+06,38300001,46300000
16,"HG03269",664,675,12,1200000,66400001,67600000
16,"HG03269",677,698,22,2200000,67700001,69900000
16,"HG03269",712,724,13,1300000,71200001,72500000
16,"HG03269",726,742,17,1700000,72600001,74300000
16,"HG03269",745,826,82,8200000,74500001,82700000
16,"HG03272",383,462,80,8e+06,38300001,46300000
16,"HG03296",383,463,81,8100000,38300001,46400000
16,"HG03296",642,652,11,1100000,64200001,65300000
16,"HG03299",383,463,81,8100000,38300001,46400000
16,"HG03302",382,463,82,8200000,38200001,46400000
16,"HG03305",383,462,80,8e+06,38300001,46300000
16,"HG03308",383,462,80,8e+06,38300001,46300000
16,"HG03310",383,463,81,8100000,38300001,46400000
16,"HG03314",383,462,80,8e+06,38300001,46300000
16,"HG03344",383,463,81,8100000,38300001,46400000
16,"HG03350",383,462,80,8e+06,38300001,46300000
16,"HG03368",383,463,81,8100000,38300001,46400000
16,"HG03371",383,462,80,8e+06,38300001,46300000
16,"HG03374",383,462,80,8e+06,38300001,46300000
16,"HG03516",383,462,80,8e+06,38300001,46300000
16,"HG03519",383,462,80,8e+06,38300001,46300000
16,"HG03522",383,463,81,8100000,38300001,46400000
16,"NA06991",383,463,81,8100000,38300001,46400000
16,"NA06995",383,463,81,8100000,38300001,46400000
16,"NA06997",383,463,81,8100000,38300001,46400000
16,"NA07014",383,463,81,8100000,38300001,46400000
16,"NA07019",383,463,81,8100000,38300001,46400000
16,"NA07029",383,463,81,8100000,38300001,46400000
16,"NA07048",383,462,80,8e+06,38300001,46300000
16,"NA07348",383,463,81,8100000,38300001,46400000
16,"NA07349",383,463,81,8100000,38300001,46400000
16,"NA10830",383,463,81,8100000,38300001,46400000
16,"NA10831",383,463,81,8100000,38300001,46400000
16,"NA10835",383,463,81,8100000,38300001,46400000
16,"NA10836",383,463,81,8100000,38300001,46400000
16,"NA10837",383,463,81,8100000,38300001,46400000
16,"NA10838",383,463,81,8100000,38300001,46400000
16,"NA10839",383,463,81,8100000,38300001,46400000
16,"NA10840",383,463,81,8100000,38300001,46400000
16,"NA10842",383,463,81,8100000,38300001,46400000
16,"NA10843",383,463,81,8100000,38300001,46400000
16,"NA10845",383,463,81,8100000,38300001,46400000
16,"NA10846",383,463,81,8100000,38300001,46400000
16,"NA10847",383,462,80,8e+06,38300001,46300000
16,"NA10851",383,463,81,8100000,38300001,46400000
16,"NA10851",667,688,22,2200000,66700001,68900000
16,"NA10852",383,463,81,8100000,38300001,46400000
16,"NA10854",383,463,81,8100000,38300001,46400000
16,"NA10855",383,463,81,8100000,38300001,46400000
16,"NA10856",383,463,81,8100000,38300001,46400000
16,"NA10857",383,463,81,8100000,38300001,46400000
16,"NA10859",383,463,81,8100000,38300001,46400000
16,"NA10860",383,464,82,8200000,38300001,46500000
16,"NA10861",383,463,81,8100000,38300001,46400000
16,"NA10863",383,463,81,8100000,38300001,46400000
16,"NA10864",383,462,80,8e+06,38300001,46300000
16,"NA10865",383,463,81,8100000,38300001,46400000
16,"NA12329",383,462,80,8e+06,38300001,46300000
16,"NA12335",383,463,81,8100000,38300001,46400000
16,"NA12336",383,463,81,8100000,38300001,46400000
16,"NA12344",383,463,81,8100000,38300001,46400000
16,"NA12376",383,463,81,8100000,38300001,46400000
16,"NA12386",383,463,81,8100000,38300001,46400000
16,"NA12485",383,463,81,8100000,38300001,46400000
16,"NA12707",383,463,81,8100000,38300001,46400000
16,"NA12739",383,463,81,8100000,38300001,46400000
16,"NA12740",383,463,81,8100000,38300001,46400000
16,"NA12752",383,463,81,8100000,38300001,46400000
16,"NA12753",383,463,81,8100000,38300001,46400000
16,"NA12766",383,463,81,8100000,38300001,46400000
16,"NA12767",383,463,81,8100000,38300001,46400000
16,"NA12801",383,463,81,8100000,38300001,46400000
16,"NA12802",383,463,81,8100000,38300001,46400000
16,"NA12817",383,463,81,8100000,38300001,46400000
16,"NA12818",383,463,81,8100000,38300001,46400000
16,"NA12832",383,463,81,8100000,38300001,46400000
16,"NA12864",383,463,81,8100000,38300001,46400000
16,"NA12865",383,463,81,8100000,38300001,46400000
16,"NA12877",383,463,81,8100000,38300001,46400000
16,"NA12878",383,463,81,8100000,38300001,46400000
16,"NA18484",383,462,80,8e+06,38300001,46300000
16,"NA18485",383,463,81,8100000,38300001,46400000
16,"NA18497",383,462,80,8e+06,38300001,46300000
16,"NA18500",383,462,80,8e+06,38300001,46300000
16,"NA18503",383,462,80,8e+06,38300001,46300000
16,"NA18506",369,380,12,1200000,36900001,38100000
16,"NA18506",383,477,95,9500000,38300001,47800000
16,"NA18515",383,462,80,8e+06,38300001,46300000
16,"NA18518",383,462,80,8e+06,38300001,46300000
16,"NA18521",383,463,81,8100000,38300001,46400000
16,"NA18854",383,462,80,8e+06,38300001,46300000
16,"NA18857",383,462,80,8e+06,38300001,46300000
16,"NA18860",383,463,81,8100000,38300001,46400000
16,"NA18863",383,463,81,8100000,38300001,46400000
16,"NA18869",383,462,80,8e+06,38300001,46300000
16,"NA18872",383,462,80,8e+06,38300001,46300000
16,"NA18875",383,463,81,8100000,38300001,46400000
16,"NA18906",383,462,80,8e+06,38300001,46300000
16,"NA18911",383,462,80,8e+06,38300001,46300000
16,"NA18914",383,462,80,8e+06,38300001,46300000
16,"NA18925",383,462,80,8e+06,38300001,46300000
16,"NA18930",383,463,81,8100000,38300001,46400000
16,"NA18935",383,463,81,8100000,38300001,46400000
16,"NA19094",383,462,80,8e+06,38300001,46300000
16,"NA19097",383,462,80,8e+06,38300001,46300000
16,"NA19100",383,463,81,8100000,38300001,46400000
16,"NA19103",383,463,81,8100000,38300001,46400000
16,"NA19109",383,463,81,8100000,38300001,46400000
16,"NA19115",383,462,80,8e+06,38300001,46300000
16,"NA19120",383,462,80,8e+06,38300001,46300000
16,"NA19123",383,462,80,8e+06,38300001,46300000
16,"NA19129",383,462,80,8e+06,38300001,46300000
16,"NA19132",383,462,80,8e+06,38300001,46300000
16,"NA19139",383,462,80,8e+06,38300001,46300000
16,"NA19139",763,774,12,1200000,76300001,77500000
16,"NA19142",383,462,80,8e+06,38300001,46300000
16,"NA19145",383,463,81,8100000,38300001,46400000
16,"NA19148",383,463,81,8100000,38300001,46400000
16,"NA19151",383,463,81,8100000,38300001,46400000
16,"NA19154",383,462,80,8e+06,38300001,46300000
16,"NA19161",383,462,80,8e+06,38300001,46300000
16,"NA19173",383,463,81,8100000,38300001,46400000
16,"NA19174",383,462,80,8e+06,38300001,46300000
16,"NA19177",383,463,81,8100000,38300001,46400000
16,"NA19186",383,462,80,8e+06,38300001,46300000
16,"NA19191",383,462,80,8e+06,38300001,46300000
16,"NA19199",383,462,80,8e+06,38300001,46300000
16,"NA19202",383,462,80,8e+06,38300001,46300000
16,"NA19205",383,462,80,8e+06,38300001,46300000
16,"NA19208",383,463,81,8100000,38300001,46400000
16,"NA19211",383,462,80,8e+06,38300001,46300000
16,"NA19215",383,463,81,8100000,38300001,46400000
16,"NA19221",383,463,81,8100000,38300001,46400000
16,"NA19224",383,462,80,8e+06,38300001,46300000
16,"NA19237",383,462,80,8e+06,38300001,46300000
16,"NA19240",383,462,80,8e+06,38300001,46300000
16,"NA19249",383,463,81,8100000,38300001,46400000
16,"NA19258",383,462,80,8e+06,38300001,46300000
16,"NA19650",383,463,81,8100000,38300001,46400000
16,"NA19653",383,463,81,8100000,38300001,46400000
16,"NA19653",605,700,96,9600000,60500001,70100000
16,"NA19653",711,732,22,2200000,71100001,73300000
16,"NA19656",383,463,81,8100000,38300001,46400000
16,"NA19659",368,378,11,1100000,36800001,37900000
16,"NA19659",383,463,81,8100000,38300001,46400000
16,"NA19662",383,463,81,8100000,38300001,46400000
16,"NA19665",383,463,81,8100000,38300001,46400000
16,"NA19671",383,463,81,8100000,38300001,46400000
16,"NA19675",383,463,81,8100000,38300001,46400000
16,"NA19677",383,463,81,8100000,38300001,46400000
16,"NA19680",383,463,81,8100000,38300001,46400000
16,"NA19683",383,463,81,8100000,38300001,46400000
16,"NA19685",383,463,81,8100000,38300001,46400000
16,"NA19686",383,463,81,8100000,38300001,46400000
16,"NA19702",383,462,80,8e+06,38300001,46300000
16,"NA19705",383,463,81,8100000,38300001,46400000
16,"NA19718",383,463,81,8100000,38300001,46400000
16,"NA19721",383,463,81,8100000,38300001,46400000
16,"NA19724",383,463,81,8100000,38300001,46400000
16,"NA19727",383,463,81,8100000,38300001,46400000
16,"NA19730",383,463,81,8100000,38300001,46400000
16,"NA19733",383,463,81,8100000,38300001,46400000
16,"NA19748",383,463,81,8100000,38300001,46400000
16,"NA19751",383,462,80,8e+06,38300001,46300000
16,"NA19757",383,463,81,8100000,38300001,46400000
16,"NA19760",154,163,10,1e+06,15400001,16400000
16,"NA19760",167,179,13,1300000,16700001,18000000
16,"NA19760",383,463,81,8100000,38300001,46400000
16,"NA19763",383,463,81,8100000,38300001,46400000
16,"NA19772",383,463,81,8100000,38300001,46400000
16,"NA19775",383,463,81,8100000,38300001,46400000
16,"NA19778",383,463,81,8100000,38300001,46400000
16,"NA19781",383,463,81,8100000,38300001,46400000
16,"NA19784",383,463,81,8100000,38300001,46400000
16,"NA19787",383,463,81,8100000,38300001,46400000
16,"NA19790",383,463,81,8100000,38300001,46400000
16,"NA19796",368,378,11,1100000,36800001,37900000
16,"NA19796",383,463,81,8100000,38300001,46400000
16,"NA19828",383,463,81,8100000,38300001,46400000
16,"NA19836",383,462,80,8e+06,38300001,46300000
16,"NA19902",383,462,80,8e+06,38300001,46300000
16,"NA19918",383,463,81,8100000,38300001,46400000
16,"NA19919",383,462,80,8e+06,38300001,46300000
16,"NA19924",383,463,81,8100000,38300001,46400000
16,"NA19983",383,462,80,8e+06,38300001,46300000
16,"NA20128",383,463,81,8100000,38300001,46400000
16,"NA20129",383,462,80,8e+06,38300001,46300000
16,"NA20279",383,462,80,8e+06,38300001,46300000
16,"NA20358",383,463,81,8100000,38300001,46400000
17,"HG00405",236,265,30,3e+06,23600001,26600000
17,"HG00408",228,264,37,3700000,22800001,26500000
17,"HG00420",231,264,34,3400000,23100001,26500000
17,"HG00423",231,264,34,3400000,23100001,26500000
17,"HG00429",228,264,37,3700000,22800001,26500000
17,"HG00438",231,264,34,3400000,23100001,26500000
17,"HG00444",231,259,29,2900000,23100001,26000000
17,"HG00447",228,240,13,1300000,22800001,24100000
17,"HG00447",242,264,23,2300000,24200001,26500000
17,"HG00450",231,264,34,3400000,23100001,26500000
17,"HG00453",228,265,38,3800000,22800001,26600000
17,"HG00459",228,264,37,3700000,22800001,26500000
17,"HG00465",231,264,34,3400000,23100001,26500000
17,"HG00474",231,264,34,3400000,23100001,26500000
17,"HG00477",228,264,37,3700000,22800001,26500000
17,"HG00480",228,265,38,3800000,22800001,26600000
17,"HG00502",228,264,37,3700000,22800001,26500000
17,"HG00514",231,265,35,3500000,23100001,26600000
17,"HG00526",231,264,34,3400000,23100001,26500000
17,"HG00532",231,264,34,3400000,23100001,26500000
17,"HG00535",236,265,30,3e+06,23600001,26600000
17,"HG00538",236,264,29,2900000,23600001,26500000
17,"HG00544",231,264,34,3400000,23100001,26500000
17,"HG00552",228,264,37,3700000,22800001,26500000
17,"HG00555",231,265,35,3500000,23100001,26600000
17,"HG00558",231,265,35,3500000,23100001,26600000
17,"HG00561",231,265,35,3500000,23100001,26600000
17,"HG00567",231,264,34,3400000,23100001,26500000
17,"HG00579",231,264,34,3400000,23100001,26500000
17,"HG00582",231,264,34,3400000,23100001,26500000
17,"HG00585",231,265,35,3500000,23100001,26600000
17,"HG00591",231,265,35,3500000,23100001,26600000
17,"HG00594",231,264,34,3400000,23100001,26500000
17,"HG00597",231,264,34,3400000,23100001,26500000
17,"HG00609",231,265,35,3500000,23100001,26600000
17,"HG00612",231,265,35,3500000,23100001,26600000
17,"HG00615",228,265,38,3800000,22800001,26600000
17,"HG00621",231,265,35,3500000,23100001,26600000
17,"HG00627",228,264,37,3700000,22800001,26500000
17,"HG00630",231,264,34,3400000,23100001,26500000
17,"HG00636",236,259,24,2400000,23600001,26000000
17,"HG00639",231,264,34,3400000,23100001,26500000
17,"HG00642",228,252,25,2500000,22800001,25300000
17,"HG00642",254,264,11,1100000,25400001,26500000
17,"HG00652",236,265,30,3e+06,23600001,26600000
17,"HG00655",231,259,29,2900000,23100001,26000000
17,"HG00658",231,265,35,3500000,23100001,26600000
17,"HG00664",231,264,34,3400000,23100001,26500000
17,"HG00673",231,264,34,3400000,23100001,26500000
17,"HG00685",236,265,30,3e+06,23600001,26600000
17,"HG00691",231,265,35,3500000,23100001,26600000
17,"HG00694",231,264,34,3400000,23100001,26500000
17,"HG00700",228,264,37,3700000,22800001,26500000
17,"HG00702",236,264,29,2900000,23600001,26500000
17,"HG00703",231,265,35,3500000,23100001,26600000
17,"HG00706",236,264,29,2900000,23600001,26500000
17,"HG00709",236,265,30,3e+06,23600001,26600000
17,"HG00733",231,264,34,3400000,23100001,26500000
17,"HG00735",231,264,34,3400000,23100001,26500000
17,"HG00738",231,265,35,3500000,23100001,26600000
17,"HG00741",231,259,29,2900000,23100001,26000000
17,"HG01050",231,252,22,2200000,23100001,25300000
17,"HG01050",254,264,11,1100000,25400001,26500000
17,"HG01053",228,259,32,3200000,22800001,26000000
17,"HG01056",231,252,22,2200000,23100001,25300000
17,"HG01056",254,265,12,1200000,25400001,26600000
17,"HG01062",228,240,13,1300000,22800001,24100000
17,"HG01062",242,264,23,2300000,24200001,26500000
17,"HG01068",231,265,35,3500000,23100001,26600000
17,"HG01071",228,264,37,3700000,22800001,26500000
17,"HG01074",231,252,22,2200000,23100001,25300000
17,"HG01074",254,264,11,1100000,25400001,26500000
17,"HG01081",228,264,37,3700000,22800001,26500000
17,"HG01084",228,252,25,2500000,22800001,25300000
17,"HG01084",254,264,11,1100000,25400001,26500000
17,"HG01087",231,264,34,3400000,23100001,26500000
17,"HG01096",231,264,34,3400000,23100001,26500000
17,"HG01099",228,252,25,2500000,22800001,25300000
17,"HG01099",254,264,11,1100000,25400001,26500000
17,"HG01100",231,259,29,2900000,23100001,26000000
17,"HG01103",231,264,34,3400000,23100001,26500000
17,"HG01106",228,264,37,3700000,22800001,26500000
17,"HG01109",231,264,34,3400000,23100001,26500000
17,"HG01114",228,265,38,3800000,22800001,26600000
17,"HG01126",231,265,35,3500000,23100001,26600000
17,"HG01135",231,264,34,3400000,23100001,26500000
17,"HG01138",228,265,38,3800000,22800001,26600000
17,"HG01141",236,265,30,3e+06,23600001,26600000
17,"HG01150",231,265,35,3500000,23100001,26600000
17,"HG01169",228,264,37,3700000,22800001,26500000
17,"HG01172",228,264,37,3700000,22800001,26500000
17,"HG01175",231,264,34,3400000,23100001,26500000
17,"HG01178",228,264,37,3700000,22800001,26500000
17,"HG01184",228,265,38,3800000,22800001,26600000
17,"HG01184",412,424,13,1300000,41200001,42500000
17,"HG01184",434,454,21,2100000,43400001,45500000
17,"HG01189",228,265,38,3800000,22800001,26600000
17,"HG01192",231,264,34,3400000,23100001,26500000
17,"HG01199",229,264,36,3600000,22900001,26500000
17,"HG01206",231,264,34,3400000,23100001,26500000
17,"HG01243",231,264,34,3400000,23100001,26500000
17,"HG01249",192,203,12,1200000,19200001,20400000
17,"HG01249",222,264,43,4300000,22200001,26500000
17,"HG01249",271,312,42,4200000,27100001,31300000
17,"HG01249",314,334,21,2100000,31400001,33500000
17,"HG01252",231,265,35,3500000,23100001,26600000
17,"HG01252",580,599,20,2e+06,58000001,60000000
17,"HG01252",601,621,21,2100000,60100001,62200000
17,"HG01252",625,635,11,1100000,62500001,63600000
17,"HG01255",228,264,37,3700000,22800001,26500000
17,"HG01258",228,264,37,3700000,22800001,26500000
17,"HG01261",228,252,25,2500000,22800001,25300000
17,"HG01261",254,265,12,1200000,25400001,26600000
17,"HG01273",228,264,37,3700000,22800001,26500000
17,"HG01276",228,264,37,3700000,22800001,26500000
17,"HG01279",231,265,35,3500000,23100001,26600000
17,"HG01343",228,264,37,3700000,22800001,26500000
17,"HG01346",231,265,35,3500000,23100001,26600000
17,"HG01349",228,264,37,3700000,22800001,26500000
17,"HG01352",231,259,29,2900000,23100001,26000000
17,"HG01355",228,264,37,3700000,22800001,26500000
17,"HG01358",228,264,37,3700000,22800001,26500000
17,"HG01361",228,264,37,3700000,22800001,26500000
17,"HG01367",231,264,34,3400000,23100001,26500000
17,"HG01376",228,264,37,3700000,22800001,26500000
17,"HG01379",231,264,34,3400000,23100001,26500000
17,"HG01385",231,265,35,3500000,23100001,26600000
17,"HG01391",231,264,34,3400000,23100001,26500000
17,"HG01433",231,259,29,2900000,23100001,26000000
17,"HG01439",231,265,35,3500000,23100001,26600000
17,"HG01457",228,264,37,3700000,22800001,26500000
17,"HG01463",231,265,35,3500000,23100001,26600000
17,"HG01463",734,765,32,3200000,73400001,76600000
17,"HG01466",228,252,25,2500000,22800001,25300000
17,"HG01466",254,265,12,1200000,25400001,26600000
17,"HG01490",235,265,31,3100000,23500001,26600000
17,"HG01493",228,264,37,3700000,22800001,26500000
17,"HG01496",228,264,37,3700000,22800001,26500000
17,"HG01499",226,252,27,2700000,22600001,25300000
17,"HG01499",254,264,11,1100000,25400001,26500000
17,"HG01552",231,265,35,3500000,23100001,26600000
17,"HG01567",228,265,38,3800000,22800001,26600000
17,"HG01573",231,265,35,3500000,23100001,26600000
17,"HG01579",231,264,34,3400000,23100001,26500000
17,"HG01881",230,259,30,3e+06,23000001,26000000
17,"HG01884",231,263,33,3300000,23100001,26400000
17,"HG01887",231,264,34,3400000,23100001,26500000
17,"HG01888",231,264,34,3400000,23100001,26500000
17,"HG01891",231,264,34,3400000,23100001,26500000
17,"HG01895",228,264,37,3700000,22800001,26500000
17,"HG01897",228,261,34,3400000,22800001,26200000
17,"HG01898",228,264,37,3700000,22800001,26500000
17,"HG01916",231,264,34,3400000,23100001,26500000
17,"HG01919",236,264,29,2900000,23600001,26500000
17,"HG01922",236,265,30,3e+06,23600001,26600000
17,"HG01925",231,264,34,3400000,23100001,26500000
17,"HG01928",231,264,34,3400000,23100001,26500000
17,"HG01934",231,264,34,3400000,23100001,26500000
17,"HG01937",231,265,35,3500000,23100001,26600000
17,"HG01940",231,265,35,3500000,23100001,26600000
17,"HG01943",228,265,38,3800000,22800001,26600000
17,"HG01946",231,264,34,3400000,23100001,26500000
17,"HG01949",231,265,35,3500000,23100001,26600000
17,"HG01952",231,259,29,2900000,23100001,26000000
17,"HG01955",228,264,37,3700000,22800001,26500000
17,"HG01959",231,264,34,3400000,23100001,26500000
17,"HG01960",228,259,32,3200000,22800001,26000000
17,"HG01969",236,265,30,3e+06,23600001,26600000
17,"HG01972",231,265,35,3500000,23100001,26600000
17,"HG01975",231,259,29,2900000,23100001,26000000
17,"HG01978",231,264,34,3400000,23100001,26500000
17,"HG01981",236,265,30,3e+06,23600001,26600000
17,"HG01981",445,454,10,1e+06,44500001,45500000
17,"HG01984",231,264,34,3400000,23100001,26500000
17,"HG01987",228,264,37,3700000,22800001,26500000
17,"HG01993",231,252,22,2200000,23100001,25300000
17,"HG01993",254,264,11,1100000,25400001,26500000
17,"HG01998",231,265,35,3500000,23100001,26600000
17,"HG02004",228,265,38,3800000,22800001,26600000
17,"HG02011",228,264,37,3700000,22800001,26500000
17,"HG02055",228,264,37,3700000,22800001,26500000
17,"HG02091",231,264,34,3400000,23100001,26500000
17,"HG02106",228,264,37,3700000,22800001,26500000
17,"HG02145",232,260,29,2900000,23200001,26100000
17,"HG02148",112,122,11,1100000,11200001,12300000
17,"HG02148",231,240,10,1e+06,23100001,24100000
17,"HG02148",242,264,23,2300000,24200001,26500000
17,"HG02257",230,264,35,3500000,23000001,26500000
17,"HG02258",232,264,33,3300000,23200001,26500000
17,"HG02261",228,264,37,3700000,22800001,26500000
17,"HG02273",231,265,35,3500000,23100001,26600000
17,"HG02279",231,264,34,3400000,23100001,26500000
17,"HG02280",231,264,34,3400000,23100001,26500000
17,"HG02287",231,264,34,3400000,23100001,26500000
17,"HG02293",231,264,34,3400000,23100001,26500000
17,"HG02300",231,264,34,3400000,23100001,26500000
17,"HG02303",228,264,37,3700000,22800001,26500000
17,"HG02316",230,264,35,3500000,23000001,26500000
17,"HG02321",228,264,37,3700000,22800001,26500000
17,"HG02451",231,264,34,3400000,23100001,26500000
17,"HG02924",230,264,35,3500000,23000001,26500000
17,"HG02945",228,254,27,2700000,22800001,25500000
17,"HG02948",231,264,34,3400000,23100001,26500000
17,"HG02954",231,264,34,3400000,23100001,26500000
17,"HG02966",231,264,34,3400000,23100001,26500000
17,"HG02972",230,264,35,3500000,23000001,26500000
17,"HG02975",231,264,34,3400000,23100001,26500000
17,"HG02978",236,263,28,2800000,23600001,26400000
17,"HG02980",228,263,36,3600000,22800001,26400000
17,"HG03101",231,264,34,3400000,23100001,26500000
17,"HG03110",228,264,37,3700000,22800001,26500000
17,"HG03113",228,264,37,3700000,22800001,26500000
17,"HG03116",231,246,16,1600000,23100001,24700000
17,"HG03116",248,264,17,1700000,24800001,26500000
17,"HG03119",52,61,10,1e+06,5200001,6200000
17,"HG03119",229,264,36,3600000,22900001,26500000
17,"HG03122",228,264,37,3700000,22800001,26500000
17,"HG03125",231,259,29,2900000,23100001,26000000
17,"HG03128",230,264,35,3500000,23000001,26500000
17,"HG03131",231,264,34,3400000,23100001,26500000
17,"HG03134",230,264,35,3500000,23000001,26500000
17,"HG03137",228,264,37,3700000,22800001,26500000
17,"HG03161",231,264,34,3400000,23100001,26500000
17,"HG03164",228,264,37,3700000,22800001,26500000
17,"HG03170",228,264,37,3700000,22800001,26500000
17,"HG03191",231,264,34,3400000,23100001,26500000
17,"HG03197",231,264,34,3400000,23100001,26500000
17,"HG03200",235,264,30,3e+06,23500001,26500000
17,"HG03269",230,264,35,3500000,23000001,26500000
17,"HG03269",273,283,11,1100000,27300001,28400000
17,"HG03272",231,253,23,2300000,23100001,25400000
17,"HG03272",255,264,10,1e+06,25500001,26500000
17,"HG03296",231,261,31,3100000,23100001,26200000
17,"HG03299",230,259,30,3e+06,23000001,26000000
17,"HG03302",231,264,34,3400000,23100001,26500000
17,"HG03305",228,264,37,3700000,22800001,26500000
17,"HG03308",228,259,32,3200000,22800001,26000000
17,"HG03310",231,240,10,1e+06,23100001,24100000
17,"HG03310",242,264,23,2300000,24200001,26500000
17,"HG03314",231,264,34,3400000,23100001,26500000
17,"HG03344",231,264,34,3400000,23100001,26500000
17,"HG03350",228,261,34,3400000,22800001,26200000
17,"HG03350",538,548,11,1100000,53800001,54900000
17,"HG03368",231,259,29,2900000,23100001,26000000
17,"HG03371",232,264,33,3300000,23200001,26500000
17,"HG03374",231,264,34,3400000,23100001,26500000
17,"HG03374",581,592,12,1200000,58100001,59300000
17,"HG03516",236,264,29,2900000,23600001,26500000
17,"HG03519",228,264,37,3700000,22800001,26500000
17,"HG03522",231,264,34,3400000,23100001,26500000
17,"NA06991",228,265,38,3800000,22800001,26600000
17,"NA06995",228,252,25,2500000,22800001,25300000
17,"NA06995",254,264,11,1100000,25400001,26500000
17,"NA06997",228,264,37,3700000,22800001,26500000
17,"NA07014",230,252,23,2300000,23000001,25300000
17,"NA07019",231,264,34,3400000,23100001,26500000
17,"NA07029",231,264,34,3400000,23100001,26500000
17,"NA07048",228,264,37,3700000,22800001,26500000
17,"NA07348",231,252,22,2200000,23100001,25300000
17,"NA07348",254,264,11,1100000,25400001,26500000
17,"NA07349",231,265,35,3500000,23100001,26600000
17,"NA10830",230,252,23,2300000,23000001,25300000
17,"NA10830",254,264,11,1100000,25400001,26500000
17,"NA10831",231,264,34,3400000,23100001,26500000
17,"NA10835",231,252,22,2200000,23100001,25300000
17,"NA10835",254,264,11,1100000,25400001,26500000
17,"NA10836",231,259,29,2900000,23100001,26000000
17,"NA10837",228,264,37,3700000,22800001,26500000
17,"NA10838",231,264,34,3400000,23100001,26500000
17,"NA10839",228,264,37,3700000,22800001,26500000
17,"NA10840",228,264,37,3700000,22800001,26500000
17,"NA10842",228,265,38,3800000,22800001,26600000
17,"NA10843",228,265,38,3800000,22800001,26600000
17,"NA10845",231,264,34,3400000,23100001,26500000
17,"NA10846",231,246,16,1600000,23100001,24700000
17,"NA10846",248,263,16,1600000,24800001,26400000
17,"NA10847",231,263,33,3300000,23100001,26400000
17,"NA10851",231,265,35,3500000,23100001,26600000
17,"NA10852",231,252,22,2200000,23100001,25300000
17,"NA10852",254,264,11,1100000,25400001,26500000
17,"NA10854",231,253,23,2300000,23100001,25400000
17,"NA10854",255,264,10,1e+06,25500001,26500000
17,"NA10855",231,264,34,3400000,23100001,26500000
17,"NA10856",228,264,37,3700000,22800001,26500000
17,"NA10857",228,265,38,3800000,22800001,26600000
17,"NA10859",228,252,25,2500000,22800001,25300000
17,"NA10859",254,264,11,1100000,25400001,26500000
17,"NA10860",231,259,29,2900000,23100001,26000000
17,"NA10861",231,264,34,3400000,23100001,26500000
17,"NA10863",231,265,35,3500000,23100001,26600000
17,"NA10864",228,264,37,3700000,22800001,26500000
17,"NA10865",235,264,30,3e+06,23500001,26500000
17,"NA12329",231,264,34,3400000,23100001,26500000
17,"NA12335",228,252,25,2500000,22800001,25300000
17,"NA12335",254,264,11,1100000,25400001,26500000
17,"NA12336",228,264,37,3700000,22800001,26500000
17,"NA12344",231,264,34,3400000,23100001,26500000
17,"NA12376",231,264,34,3400000,23100001,26500000
17,"NA12386",231,252,22,2200000,23100001,25300000
17,"NA12386",254,264,11,1100000,25400001,26500000
17,"NA12485",228,264,37,3700000,22800001,26500000
17,"NA12707",231,264,34,3400000,23100001,26500000
17,"NA12739",228,264,37,3700000,22800001,26500000
17,"NA12740",228,252,25,2500000,22800001,25300000
17,"NA12740",254,265,12,1200000,25400001,26600000
17,"NA12752",228,264,37,3700000,22800001,26500000
17,"NA12753",231,265,35,3500000,23100001,26600000
17,"NA12766",231,264,34,3400000,23100001,26500000
17,"NA12767",228,264,37,3700000,22800001,26500000
17,"NA12801",232,264,33,3300000,23200001,26500000
17,"NA12802",228,264,37,3700000,22800001,26500000
17,"NA12817",231,265,35,3500000,23100001,26600000
17,"NA12818",231,264,34,3400000,23100001,26500000
17,"NA12832",228,264,37,3700000,22800001,26500000
17,"NA12864",228,252,25,2500000,22800001,25300000
17,"NA12864",254,264,11,1100000,25400001,26500000
17,"NA12865",231,265,35,3500000,23100001,26600000
17,"NA12877",228,264,37,3700000,22800001,26500000
17,"NA12878",103,113,11,1100000,10300001,11400000
17,"NA12878",228,264,37,3700000,22800001,26500000
17,"NA18484",231,264,34,3400000,23100001,26500000
17,"NA18485",231,264,34,3400000,23100001,26500000
17,"NA18497",230,264,35,3500000,23000001,26500000
17,"NA18500",228,265,38,3800000,22800001,26600000
17,"NA18503",230,264,35,3500000,23000001,26500000
17,"NA18506",229,264,36,3600000,22900001,26500000
17,"NA18515",228,259,32,3200000,22800001,26000000
17,"NA18518",228,264,37,3700000,22800001,26500000
17,"NA18521",231,264,34,3400000,23100001,26500000
17,"NA18854",230,263,34,3400000,23000001,26400000
17,"NA18857",230,240,11,1100000,23000001,24100000
17,"NA18857",242,264,23,2300000,24200001,26500000
17,"NA18860",231,264,34,3400000,23100001,26500000
17,"NA18863",231,264,34,3400000,23100001,26500000
17,"NA18869",228,263,36,3600000,22800001,26400000
17,"NA18872",230,264,35,3500000,23000001,26500000
17,"NA18875",230,261,32,3200000,23000001,26200000
17,"NA18906",228,259,32,3200000,22800001,26000000
17,"NA18911",230,264,35,3500000,23000001,26500000
17,"NA18914",231,264,34,3400000,23100001,26500000
17,"NA18925",228,263,36,3600000,22800001,26400000
17,"NA18930",228,254,27,2700000,22800001,25500000
17,"NA18935",228,264,37,3700000,22800001,26500000
17,"NA19094",231,252,22,2200000,23100001,25300000
17,"NA19094",254,264,11,1100000,25400001,26500000
17,"NA19097",231,240,10,1e+06,23100001,24100000
17,"NA19097",242,264,23,2300000,24200001,26500000
17,"NA19100",230,253,24,2400000,23000001,25400000
17,"NA19100",255,265,11,1100000,25500001,26600000
17,"NA19103",228,259,32,3200000,22800001,26000000
17,"NA19109",231,246,16,1600000,23100001,24700000
17,"NA19115",228,252,25,2500000,22800001,25300000
17,"NA19120",236,263,28,2800000,23600001,26400000
17,"NA19123",228,264,37,3700000,22800001,26500000
17,"NA19123",289,300,12,1200000,28900001,30100000
17,"NA19129",231,264,34,3400000,23100001,26500000
17,"NA19132",228,252,25,2500000,22800001,25300000
17,"NA19132",254,264,11,1100000,25400001,26500000
17,"NA19139",231,264,34,3400000,23100001,26500000
17,"NA19142",230,264,35,3500000,23000001,26500000
17,"NA19145",231,264,34,3400000,23100001,26500000
17,"NA19148",228,264,37,3700000,22800001,26500000
17,"NA19151",232,251,20,2e+06,23200001,25200000
17,"NA19151",253,264,12,1200000,25300001,26500000
17,"NA19154",228,264,37,3700000,22800001,26500000
17,"NA19161",229,265,37,3700000,22900001,26600000
17,"NA19173",235,259,25,2500000,23500001,26000000
17,"NA19174",231,246,16,1600000,23100001,24700000
17,"NA19174",248,264,17,1700000,24800001,26500000
17,"NA19177",231,264,34,3400000,23100001,26500000
17,"NA19186",228,264,37,3700000,22800001,26500000
17,"NA19191",232,254,23,2300000,23200001,25500000
17,"NA19199",230,264,35,3500000,23000001,26500000
17,"NA19202",231,264,34,3400000,23100001,26500000
17,"NA19205",231,263,33,3300000,23100001,26400000
17,"NA19208",228,263,36,3600000,22800001,26400000
17,"NA19211",230,246,17,1700000,23000001,24700000
17,"NA19211",248,264,17,1700000,24800001,26500000
17,"NA19215",231,264,34,3400000,23100001,26500000
17,"NA19221",228,259,32,3200000,22800001,26000000
17,"NA19224",228,264,37,3700000,22800001,26500000
17,"NA19237",231,246,16,1600000,23100001,24700000
17,"NA19237",248,264,17,1700000,24800001,26500000
17,"NA19240",231,264,34,3400000,23100001,26500000
17,"NA19249",231,264,34,3400000,23100001,26500000
17,"NA19258",228,259,32,3200000,22800001,26000000
17,"NA19258",479,491,13,1300000,47900001,49200000
17,"NA19650",228,264,37,3700000,22800001,26500000
17,"NA19653",228,264,37,3700000,22800001,26500000
17,"NA19656",231,264,34,3400000,23100001,26500000
17,"NA19659",231,265,35,3500000,23100001,26600000
17,"NA19662",231,252,22,2200000,23100001,25300000
17,"NA19662",254,264,11,1100000,25400001,26500000
17,"NA19665",231,264,34,3400000,23100001,26500000
17,"NA19671",228,265,38,3800000,22800001,26600000
17,"NA19675",231,264,34,3400000,23100001,26500000
17,"NA19677",46,61,16,1600000,4600001,6200000
17,"NA19677",231,265,35,3500000,23100001,26600000
17,"NA19680",231,264,34,3400000,23100001,26500000
17,"NA19683",231,264,34,3400000,23100001,26500000
17,"NA19685",231,252,22,2200000,23100001,25300000
17,"NA19685",254,264,11,1100000,25400001,26500000
17,"NA19686",231,252,22,2200000,23100001,25300000
17,"NA19686",254,264,11,1100000,25400001,26500000
17,"NA19702",230,264,35,3500000,23000001,26500000
17,"NA19705",231,246,16,1600000,23100001,24700000
17,"NA19705",248,264,17,1700000,24800001,26500000
17,"NA19718",231,265,35,3500000,23100001,26600000
17,"NA19721",231,265,35,3500000,23100001,26600000
17,"NA19724",228,264,37,3700000,22800001,26500000
17,"NA19727",231,265,35,3500000,23100001,26600000
17,"NA19730",231,259,29,2900000,23100001,26000000
17,"NA19733",231,264,34,3400000,23100001,26500000
17,"NA19748",228,264,37,3700000,22800001,26500000
17,"NA19751",231,264,34,3400000,23100001,26500000
17,"NA19757",236,264,29,2900000,23600001,26500000
17,"NA19760",231,265,35,3500000,23100001,26600000
17,"NA19763",226,264,39,3900000,22600001,26500000
17,"NA19772",235,264,30,3e+06,23500001,26500000
17,"NA19775",232,264,33,3300000,23200001,26500000
17,"NA19778",231,264,34,3400000,23100001,26500000
17,"NA19781",231,252,22,2200000,23100001,25300000
17,"NA19781",254,264,11,1100000,25400001,26500000
17,"NA19784",231,264,34,3400000,23100001,26500000
17,"NA19787",228,265,38,3800000,22800001,26600000
17,"NA19790",236,265,30,3e+06,23600001,26600000
17,"NA19796",231,259,29,2900000,23100001,26000000
17,"NA19828",231,246,16,1600000,23100001,24700000
17,"NA19836",231,264,34,3400000,23100001,26500000
17,"NA19902",228,264,37,3700000,22800001,26500000
17,"NA19918",231,264,34,3400000,23100001,26500000
17,"NA19919",228,259,32,3200000,22800001,26000000
17,"NA19924",236,263,28,2800000,23600001,26400000
17,"NA19983",229,265,37,3700000,22900001,26600000
17,"NA20128",231,246,16,1600000,23100001,24700000
17,"NA20128",248,264,17,1700000,24800001,26500000
17,"NA20129",231,264,34,3400000,23100001,26500000
17,"NA20279",228,264,37,3700000,22800001,26500000
17,"NA20358",230,264,35,3500000,23000001,26500000
18,"HG00405",182,196,15,1500000,18200001,19700000
18,"HG00408",171,180,10,1e+06,17100001,18100000
18,"HG00444",194,204,11,1100000,19400001,20500000
18,"HG00447",172,182,11,1100000,17200001,18300000
18,"HG00465",191,204,14,1400000,19100001,20500000
18,"HG00502",174,184,11,1100000,17400001,18500000
18,"HG00526",189,198,10,1e+06,18900001,19900000
18,"HG00532",169,182,14,1400000,16900001,18300000
18,"HG00532",189,201,13,1300000,18900001,20200000
18,"HG00535",179,192,14,1400000,17900001,19300000
18,"HG00538",176,187,12,1200000,17600001,18800000
18,"HG00538",189,202,14,1400000,18900001,20300000
18,"HG00552",170,180,11,1100000,17000001,18100000
18,"HG00579",191,204,14,1400000,19100001,20500000
18,"HG00582",170,180,11,1100000,17000001,18100000
18,"HG00582",191,200,10,1e+06,19100001,20100000
18,"HG00591",190,202,13,1300000,19000001,20300000
18,"HG00594",189,204,16,1600000,18900001,20500000
18,"HG00612",168,180,13,1300000,16800001,18100000
18,"HG00612",183,202,20,2e+06,18300001,20300000
18,"HG00615",172,184,13,1300000,17200001,18500000
18,"HG00621",171,181,11,1100000,17100001,18200000
18,"HG00627",172,182,11,1100000,17200001,18300000
18,"HG00630",189,198,10,1e+06,18900001,19900000
18,"HG00636",170,181,12,1200000,17000001,18200000
18,"HG00655",169,180,12,1200000,16900001,18100000
18,"HG00658",171,180,10,1e+06,17100001,18100000
18,"HG00658",194,204,11,1100000,19400001,20500000
18,"HG00733",174,186,13,1300000,17400001,18700000
18,"HG00733",188,202,15,1500000,18800001,20300000
18,"HG00735",170,186,17,1700000,17000001,18700000
18,"HG00738",174,184,11,1100000,17400001,18500000
18,"HG01056",170,181,12,1200000,17000001,18200000
18,"HG01081",171,184,14,1400000,17100001,18500000
18,"HG01081",194,204,11,1100000,19400001,20500000
18,"HG01096",171,180,10,1e+06,17100001,18100000
18,"HG01096",635,645,11,1100000,63500001,64600000
18,"HG01100",171,186,16,1600000,17100001,18700000
18,"HG01106",172,182,11,1100000,17200001,18300000
18,"HG01126",194,204,11,1100000,19400001,20500000
18,"HG01175",189,198,10,1e+06,18900001,19900000
18,"HG01184",170,182,13,1300000,17000001,18300000
18,"HG01184",297,312,16,1600000,29700001,31300000
18,"HG01192",171,180,10,1e+06,17100001,18100000
18,"HG01199",171,180,10,1e+06,17100001,18100000
18,"HG01199",194,204,11,1100000,19400001,20500000
18,"HG01249",169,180,12,1200000,16900001,18100000
18,"HG01249",245,270,26,2600000,24500001,27100000
18,"HG01252",169,180,12,1200000,16900001,18100000
18,"HG01276",174,187,14,1400000,17400001,18800000
18,"HG01276",194,204,11,1100000,19400001,20500000
18,"HG01346",172,186,15,1500000,17200001,18700000
18,"HG01349",182,192,11,1100000,18200001,19300000
18,"HG01349",194,204,11,1100000,19400001,20500000
18,"HG01361",172,182,11,1100000,17200001,18300000
18,"HG01361",193,202,10,1e+06,19300001,20300000
18,"HG01367",171,180,10,1e+06,17100001,18100000
18,"HG01376",186,202,17,1700000,18600001,20300000
18,"HG01379",171,180,10,1e+06,17100001,18100000
18,"HG01385",168,180,13,1300000,16800001,18100000
18,"HG01433",194,204,11,1100000,19400001,20500000
18,"HG01439",161,177,17,1700000,16100001,17800000
18,"HG01466",194,204,11,1100000,19400001,20500000
18,"HG01499",167,177,11,1100000,16700001,17800000
18,"HG01552",171,180,10,1e+06,17100001,18100000
18,"HG01579",168,187,20,2e+06,16800001,18800000
18,"HG01887",194,204,11,1100000,19400001,20500000
18,"HG01916",182,191,10,1e+06,18200001,19200000
18,"HG01922",169,180,12,1200000,16900001,18100000
18,"HG01928",194,204,11,1100000,19400001,20500000
18,"HG01928",244,253,10,1e+06,24400001,25400000
18,"HG01937",171,180,10,1e+06,17100001,18100000
18,"HG01955",170,184,15,1500000,17000001,18500000
18,"HG01959",576,590,15,1500000,57600001,59100000
18,"HG01959",600,634,35,3500000,60000001,63500000
18,"HG01959",636,653,18,1800000,63600001,65400000
18,"HG01972",165,180,16,1600000,16500001,18100000
18,"HG01978",169,180,12,1200000,16900001,18100000
18,"HG01978",194,204,11,1100000,19400001,20500000
18,"HG01984",171,180,10,1e+06,17100001,18100000
18,"HG01993",171,180,10,1e+06,17100001,18100000
18,"HG01993",194,204,11,1100000,19400001,20500000
18,"HG01998",169,180,12,1200000,16900001,18100000
18,"HG02261",194,204,11,1100000,19400001,20500000
18,"HG02273",10,19,10,1e+06,1000001,2000000
18,"HG02279",194,204,11,1100000,19400001,20500000
18,"HG02280",194,204,11,1100000,19400001,20500000
18,"HG02287",182,192,11,1100000,18200001,19300000
18,"HG02300",170,182,13,1300000,17000001,18300000
18,"HG02303",169,182,14,1400000,16900001,18300000
18,"HG02321",195,204,10,1e+06,19500001,20500000
18,"HG02924",172,182,11,1100000,17200001,18300000
18,"HG02924",278,298,21,2100000,27800001,29900000
18,"HG02954",172,186,15,1500000,17200001,18700000
18,"HG03101",169,182,14,1400000,16900001,18300000
18,"HG03101",189,198,10,1e+06,18900001,19900000
18,"HG03110",174,184,11,1100000,17400001,18500000
18,"HG03110",189,202,14,1400000,18900001,20300000
18,"HG03119",191,202,12,1200000,19100001,20300000
18,"HG03122",171,180,10,1e+06,17100001,18100000
18,"HG03128",170,182,13,1300000,17000001,18300000
18,"HG03134",173,182,10,1e+06,17300001,18300000
18,"HG03137",377,386,10,1e+06,37700001,38700000
18,"HG03161",179,189,11,1100000,17900001,19000000
18,"HG03310",169,182,14,1400000,16900001,18300000
18,"HG03368",176,192,17,1700000,17600001,19300000
18,"HG03368",426,435,10,1e+06,42600001,43600000
18,"HG03516",172,186,15,1500000,17200001,18700000
18,"NA06991",191,204,14,1400000,19100001,20500000
18,"NA07048",174,184,11,1100000,17400001,18500000
18,"NA07048",193,202,10,1e+06,19300001,20300000
18,"NA07348",174,184,11,1100000,17400001,18500000
18,"NA07349",194,204,11,1100000,19400001,20500000
18,"NA10830",172,184,13,1300000,17200001,18500000
18,"NA10830",194,204,11,1100000,19400001,20500000
18,"NA10831",194,204,11,1100000,19400001,20500000
18,"NA10835",171,180,10,1e+06,17100001,18100000
18,"NA10835",551,560,10,1e+06,55100001,56100000
18,"NA10837",171,180,10,1e+06,17100001,18100000
18,"NA10837",194,204,11,1100000,19400001,20500000
18,"NA10839",179,188,10,1e+06,17900001,18900000
18,"NA10842",169,186,18,1800000,16900001,18700000
18,"NA10843",193,204,12,1200000,19300001,20500000
18,"NA10845",167,187,21,2100000,16700001,18800000
18,"NA10846",171,180,10,1e+06,17100001,18100000
18,"NA10847",170,180,11,1100000,17000001,18100000
18,"NA10852",179,192,14,1400000,17900001,19300000
18,"NA10855",174,188,15,1500000,17400001,18900000
18,"NA10856",169,186,18,1800000,16900001,18700000
18,"NA10857",172,181,10,1e+06,17200001,18200000
18,"NA10859",174,184,11,1100000,17400001,18500000
18,"NA10860",179,192,14,1400000,17900001,19300000
18,"NA10861",175,187,13,1300000,17500001,18800000
18,"NA10863",171,180,10,1e+06,17100001,18100000
18,"NA10864",191,202,12,1200000,19100001,20300000
18,"NA10865",169,181,13,1300000,16900001,18200000
18,"NA10865",183,196,14,1400000,18300001,19700000
18,"NA12335",195,204,10,1e+06,19500001,20500000
18,"NA12336",194,204,11,1100000,19400001,20500000
18,"NA12485",182,191,10,1e+06,18200001,19200000
18,"NA12740",174,192,19,1900000,17400001,19300000
18,"NA12766",171,180,10,1e+06,17100001,18100000
18,"NA12767",171,184,14,1400000,17100001,18500000
18,"NA12767",193,204,12,1200000,19300001,20500000
18,"NA12801",171,186,16,1600000,17100001,18700000
18,"NA12817",171,180,10,1e+06,17100001,18100000
18,"NA12818",172,182,11,1100000,17200001,18300000
18,"NA12818",191,200,10,1e+06,19100001,20100000
18,"NA12832",246,263,18,1800000,24600001,26400000
18,"NA12865",171,184,14,1400000,17100001,18500000
18,"NA12877",400,410,11,1100000,40000001,41100000
18,"NA12878",172,182,11,1100000,17200001,18300000
18,"NA18485",173,189,17,1700000,17300001,19000000
18,"NA18506",195,204,10,1e+06,19500001,20500000
18,"NA18860",191,202,12,1200000,19100001,20300000
18,"NA18872",174,191,18,1800000,17400001,19200000
18,"NA18872",193,202,10,1e+06,19300001,20300000
18,"NA18925",169,181,13,1300000,16900001,18200000
18,"NA19129",169,182,14,1400000,16900001,18300000
18,"NA19145",193,202,10,1e+06,19300001,20300000
18,"NA19186",162,171,10,1e+06,16200001,17200000
18,"NA19191",195,204,10,1e+06,19500001,20500000
18,"NA19205",194,203,10,1e+06,19400001,20400000
18,"NA19211",171,186,16,1600000,17100001,18700000
18,"NA19237",402,413,12,1200000,40200001,41400000
18,"NA19240",169,179,11,1100000,16900001,18000000
18,"NA19258",314,337,24,2400000,31400001,33800000
18,"NA19650",174,186,13,1300000,17400001,18700000
18,"NA19653",170,180,11,1100000,17000001,18100000
18,"NA19662",172,184,13,1300000,17200001,18500000
18,"NA19675",172,184,13,1300000,17200001,18500000
18,"NA19677",169,182,14,1400000,16900001,18300000
18,"NA19685",171,180,10,1e+06,17100001,18100000
18,"NA19721",170,180,11,1100000,17000001,18100000
18,"NA19721",191,204,14,1400000,19100001,20500000
18,"NA19727",171,180,10,1e+06,17100001,18100000
18,"NA19748",173,182,10,1e+06,17300001,18300000
18,"NA19751",342,353,12,1200000,34200001,35400000
18,"NA19757",190,201,12,1200000,19000001,20200000
18,"NA19772",194,204,11,1100000,19400001,20500000
18,"NA19781",170,184,15,1500000,17000001,18500000
18,"NA19787",191,202,12,1200000,19100001,20300000
18,"NA19796",600,616,17,1700000,60000001,61700000
18,"NA19796",677,691,15,1500000,67700001,69200000
18,"NA19919",171,180,10,1e+06,17100001,18100000
18,"NA19924",162,177,16,1600000,16200001,17800000
18,"NA20129",159,182,24,2400000,15900001,18300000
18,"NA20279",172,182,11,1100000,17200001,18300000
18,"NA20279",190,204,15,1500000,19000001,20500000
19,"HG00405",250,271,22,2200000,25000001,27200000
19,"HG00408",250,271,22,2200000,25000001,27200000
19,"HG00420",250,271,22,2200000,25000001,27200000
19,"HG00423",250,271,22,2200000,25000001,27200000
19,"HG00429",250,271,22,2200000,25000001,27200000
19,"HG00438",250,271,22,2200000,25000001,27200000
19,"HG00444",250,271,22,2200000,25000001,27200000
19,"HG00447",250,271,22,2200000,25000001,27200000
19,"HG00450",250,271,22,2200000,25000001,27200000
19,"HG00453",250,271,22,2200000,25000001,27200000
19,"HG00459",250,271,22,2200000,25000001,27200000
19,"HG00465",250,271,22,2200000,25000001,27200000
19,"HG00474",250,271,22,2200000,25000001,27200000
19,"HG00477",250,271,22,2200000,25000001,27200000
19,"HG00480",250,271,22,2200000,25000001,27200000
19,"HG00502",245,271,27,2700000,24500001,27200000
19,"HG00514",250,271,22,2200000,25000001,27200000
19,"HG00526",250,271,22,2200000,25000001,27200000
19,"HG00532",250,271,22,2200000,25000001,27200000
19,"HG00535",250,271,22,2200000,25000001,27200000
19,"HG00538",250,271,22,2200000,25000001,27200000
19,"HG00544",250,271,22,2200000,25000001,27200000
19,"HG00552",245,271,27,2700000,24500001,27200000
19,"HG00555",250,271,22,2200000,25000001,27200000
19,"HG00558",250,271,22,2200000,25000001,27200000
19,"HG00561",250,271,22,2200000,25000001,27200000
19,"HG00567",249,271,23,2300000,24900001,27200000
19,"HG00579",250,271,22,2200000,25000001,27200000
19,"HG00582",250,271,22,2200000,25000001,27200000
19,"HG00585",250,271,22,2200000,25000001,27200000
19,"HG00591",250,271,22,2200000,25000001,27200000
19,"HG00594",250,271,22,2200000,25000001,27200000
19,"HG00597",250,271,22,2200000,25000001,27200000
19,"HG00609",250,271,22,2200000,25000001,27200000
19,"HG00612",245,271,27,2700000,24500001,27200000
19,"HG00615",249,271,23,2300000,24900001,27200000
19,"HG00621",250,271,22,2200000,25000001,27200000
19,"HG00627",250,271,22,2200000,25000001,27200000
19,"HG00630",250,271,22,2200000,25000001,27200000
19,"HG00636",249,271,23,2300000,24900001,27200000
19,"HG00639",250,271,22,2200000,25000001,27200000
19,"HG00642",250,271,22,2200000,25000001,27200000
19,"HG00652",250,271,22,2200000,25000001,27200000
19,"HG00655",249,271,23,2300000,24900001,27200000
19,"HG00658",250,271,22,2200000,25000001,27200000
19,"HG00664",250,271,22,2200000,25000001,27200000
19,"HG00673",250,271,22,2200000,25000001,27200000
19,"HG00685",250,271,22,2200000,25000001,27200000
19,"HG00691",250,271,22,2200000,25000001,27200000
19,"HG00694",250,271,22,2200000,25000001,27200000
19,"HG00700",250,271,22,2200000,25000001,27200000
19,"HG00702",250,271,22,2200000,25000001,27200000
19,"HG00703",250,271,22,2200000,25000001,27200000
19,"HG00706",249,271,23,2300000,24900001,27200000
19,"HG00709",250,271,22,2200000,25000001,27200000
19,"HG00733",250,271,22,2200000,25000001,27200000
19,"HG00735",250,271,22,2200000,25000001,27200000
19,"HG00738",250,271,22,2200000,25000001,27200000
19,"HG00741",250,271,22,2200000,25000001,27200000
19,"HG01050",245,271,27,2700000,24500001,27200000
19,"HG01053",250,271,22,2200000,25000001,27200000
19,"HG01056",250,271,22,2200000,25000001,27200000
19,"HG01062",250,271,22,2200000,25000001,27200000
19,"HG01068",250,271,22,2200000,25000001,27200000
19,"HG01071",250,271,22,2200000,25000001,27200000
19,"HG01074",250,271,22,2200000,25000001,27200000
19,"HG01081",250,271,22,2200000,25000001,27200000
19,"HG01084",250,271,22,2200000,25000001,27200000
19,"HG01087",250,271,22,2200000,25000001,27200000
19,"HG01096",245,271,27,2700000,24500001,27200000
19,"HG01099",250,271,22,2200000,25000001,27200000
19,"HG01100",250,271,22,2200000,25000001,27200000
19,"HG01103",250,271,22,2200000,25000001,27200000
19,"HG01106",141,158,18,1800000,14100001,15900000
19,"HG01106",160,177,18,1800000,16000001,17800000
19,"HG01106",179,204,26,2600000,17900001,20500000
19,"HG01106",218,232,15,1500000,21800001,23300000
19,"HG01106",250,271,22,2200000,25000001,27200000
19,"HG01109",245,271,27,2700000,24500001,27200000
19,"HG01114",250,271,22,2200000,25000001,27200000
19,"HG01126",250,271,22,2200000,25000001,27200000
19,"HG01135",250,271,22,2200000,25000001,27200000
19,"HG01138",250,271,22,2200000,25000001,27200000
19,"HG01141",250,271,22,2200000,25000001,27200000
19,"HG01150",250,271,22,2200000,25000001,27200000
19,"HG01169",250,271,22,2200000,25000001,27200000
19,"HG01172",250,271,22,2200000,25000001,27200000
19,"HG01175",250,271,22,2200000,25000001,27200000
19,"HG01178",250,271,22,2200000,25000001,27200000
19,"HG01184",250,271,22,2200000,25000001,27200000
19,"HG01189",250,271,22,2200000,25000001,27200000
19,"HG01192",230,239,10,1e+06,23000001,24000000
19,"HG01192",250,271,22,2200000,25000001,27200000
19,"HG01199",250,271,22,2200000,25000001,27200000
19,"HG01206",250,271,22,2200000,25000001,27200000
19,"HG01243",250,271,22,2200000,25000001,27200000
19,"HG01249",250,271,22,2200000,25000001,27200000
19,"HG01252",250,271,22,2200000,25000001,27200000
19,"HG01255",249,271,23,2300000,24900001,27200000
19,"HG01258",250,271,22,2200000,25000001,27200000
19,"HG01261",250,271,22,2200000,25000001,27200000
19,"HG01273",250,271,22,2200000,25000001,27200000
19,"HG01276",250,271,22,2200000,25000001,27200000
19,"HG01279",88,147,60,6e+06,8800001,14800000
19,"HG01279",250,271,22,2200000,25000001,27200000
19,"HG01343",250,271,22,2200000,25000001,27200000
19,"HG01346",250,271,22,2200000,25000001,27200000
19,"HG01349",250,271,22,2200000,25000001,27200000
19,"HG01352",250,271,22,2200000,25000001,27200000
19,"HG01355",250,271,22,2200000,25000001,27200000
19,"HG01358",250,271,22,2200000,25000001,27200000
19,"HG01361",250,271,22,2200000,25000001,27200000
19,"HG01367",250,271,22,2200000,25000001,27200000
19,"HG01376",250,271,22,2200000,25000001,27200000
19,"HG01379",250,271,22,2200000,25000001,27200000
19,"HG01385",250,271,22,2200000,25000001,27200000
19,"HG01391",250,271,22,2200000,25000001,27200000
19,"HG01433",250,271,22,2200000,25000001,27200000
19,"HG01439",250,271,22,2200000,25000001,27200000
19,"HG01457",250,271,22,2200000,25000001,27200000
19,"HG01463",250,271,22,2200000,25000001,27200000
19,"HG01466",250,271,22,2200000,25000001,27200000
19,"HG01490",250,271,22,2200000,25000001,27200000
19,"HG01493",250,271,22,2200000,25000001,27200000
19,"HG01496",250,271,22,2200000,25000001,27200000
19,"HG01499",250,271,22,2200000,25000001,27200000
19,"HG01552",250,271,22,2200000,25000001,27200000
19,"HG01567",250,271,22,2200000,25000001,27200000
19,"HG01573",250,271,22,2200000,25000001,27200000
19,"HG01579",250,271,22,2200000,25000001,27200000
19,"HG01881",250,271,22,2200000,25000001,27200000
19,"HG01884",250,271,22,2200000,25000001,27200000
19,"HG01887",250,271,22,2200000,25000001,27200000
19,"HG01888",250,271,22,2200000,25000001,27200000
19,"HG01891",250,271,22,2200000,25000001,27200000
19,"HG01895",250,271,22,2200000,25000001,27200000
19,"HG01897",250,271,22,2200000,25000001,27200000
19,"HG01898",250,271,22,2200000,25000001,27200000
19,"HG01916",250,271,22,2200000,25000001,27200000
19,"HG01919",250,271,22,2200000,25000001,27200000
19,"HG01922",250,271,22,2200000,25000001,27200000
19,"HG01925",249,272,24,2400000,24900001,27300000
19,"HG01928",250,271,22,2200000,25000001,27200000
19,"HG01934",249,271,23,2300000,24900001,27200000
19,"HG01937",250,271,22,2200000,25000001,27200000
19,"HG01940",250,271,22,2200000,25000001,27200000
19,"HG01943",250,271,22,2200000,25000001,27200000
19,"HG01946",245,271,27,2700000,24500001,27200000
19,"HG01949",250,271,22,2200000,25000001,27200000
19,"HG01952",250,271,22,2200000,25000001,27200000
19,"HG01955",245,271,27,2700000,24500001,27200000
19,"HG01959",250,271,22,2200000,25000001,27200000
19,"HG01960",250,271,22,2200000,25000001,27200000
19,"HG01969",250,271,22,2200000,25000001,27200000
19,"HG01972",250,271,22,2200000,25000001,27200000
19,"HG01975",250,271,22,2200000,25000001,27200000
19,"HG01978",250,271,22,2200000,25000001,27200000
19,"HG01981",250,271,22,2200000,25000001,27200000
19,"HG01984",250,271,22,2200000,25000001,27200000
19,"HG01987",250,271,22,2200000,25000001,27200000
19,"HG01993",250,271,22,2200000,25000001,27200000
19,"HG01998",250,271,22,2200000,25000001,27200000
19,"HG02004",250,271,22,2200000,25000001,27200000
19,"HG02011",250,271,22,2200000,25000001,27200000
19,"HG02055",250,271,22,2200000,25000001,27200000
19,"HG02091",245,271,27,2700000,24500001,27200000
19,"HG02106",250,271,22,2200000,25000001,27200000
19,"HG02145",250,271,22,2200000,25000001,27200000
19,"HG02148",249,271,23,2300000,24900001,27200000
19,"HG02257",250,271,22,2200000,25000001,27200000
19,"HG02258",250,271,22,2200000,25000001,27200000
19,"HG02261",250,271,22,2200000,25000001,27200000
19,"HG02273",250,271,22,2200000,25000001,27200000
19,"HG02279",250,271,22,2200000,25000001,27200000
19,"HG02280",250,271,22,2200000,25000001,27200000
19,"HG02287",245,271,27,2700000,24500001,27200000
19,"HG02293",250,271,22,2200000,25000001,27200000
19,"HG02300",249,271,23,2300000,24900001,27200000
19,"HG02303",250,271,22,2200000,25000001,27200000
19,"HG02316",250,271,22,2200000,25000001,27200000
19,"HG02321",250,271,22,2200000,25000001,27200000
19,"HG02451",250,271,22,2200000,25000001,27200000
19,"HG02924",250,271,22,2200000,25000001,27200000
19,"HG02945",250,271,22,2200000,25000001,27200000
19,"HG02948",250,271,22,2200000,25000001,27200000
19,"HG02954",250,271,22,2200000,25000001,27200000
19,"HG02966",250,271,22,2200000,25000001,27200000
19,"HG02972",250,271,22,2200000,25000001,27200000
19,"HG02975",250,271,22,2200000,25000001,27200000
19,"HG02978",250,271,22,2200000,25000001,27200000
19,"HG02980",250,271,22,2200000,25000001,27200000
19,"HG03101",250,271,22,2200000,25000001,27200000
19,"HG03110",250,271,22,2200000,25000001,27200000
19,"HG03113",250,271,22,2200000,25000001,27200000
19,"HG03116",250,271,22,2200000,25000001,27200000
19,"HG03119",250,271,22,2200000,25000001,27200000
19,"HG03122",250,271,22,2200000,25000001,27200000
19,"HG03125",250,271,22,2200000,25000001,27200000
19,"HG03128",250,271,22,2200000,25000001,27200000
19,"HG03131",250,271,22,2200000,25000001,27200000
19,"HG03134",250,271,22,2200000,25000001,27200000
19,"HG03137",250,271,22,2200000,25000001,27200000
19,"HG03161",250,271,22,2200000,25000001,27200000
19,"HG03164",250,271,22,2200000,25000001,27200000
19,"HG03164",457,467,11,1100000,45700001,46800000
19,"HG03170",250,271,22,2200000,25000001,27200000
19,"HG03191",250,271,22,2200000,25000001,27200000
19,"HG03197",250,271,22,2200000,25000001,27200000
19,"HG03200",250,271,22,2200000,25000001,27200000
19,"HG03269",250,271,22,2200000,25000001,27200000
19,"HG03272",250,271,22,2200000,25000001,27200000
19,"HG03296",250,271,22,2200000,25000001,27200000
19,"HG03299",250,271,22,2200000,25000001,27200000
19,"HG03302",250,271,22,2200000,25000001,27200000
19,"HG03305",250,271,22,2200000,25000001,27200000
19,"HG03308",250,271,22,2200000,25000001,27200000
19,"HG03310",250,271,22,2200000,25000001,27200000
19,"HG03314",250,271,22,2200000,25000001,27200000
19,"HG03344",250,271,22,2200000,25000001,27200000
19,"HG03350",250,271,22,2200000,25000001,27200000
19,"HG03368",250,271,22,2200000,25000001,27200000
19,"HG03371",250,271,22,2200000,25000001,27200000
19,"HG03374",250,271,22,2200000,25000001,27200000
19,"HG03516",250,271,22,2200000,25000001,27200000
19,"HG03519",250,271,22,2200000,25000001,27200000
19,"HG03522",250,271,22,2200000,25000001,27200000
19,"NA06991",250,271,22,2200000,25000001,27200000
19,"NA06995",250,271,22,2200000,25000001,27200000
19,"NA06997",250,271,22,2200000,25000001,27200000
19,"NA07014",250,271,22,2200000,25000001,27200000
19,"NA07019",250,271,22,2200000,25000001,27200000
19,"NA07029",250,271,22,2200000,25000001,27200000
19,"NA07048",250,271,22,2200000,25000001,27200000
19,"NA07348",250,271,22,2200000,25000001,27200000
19,"NA07349",250,271,22,2200000,25000001,27200000
19,"NA10830",250,271,22,2200000,25000001,27200000
19,"NA10831",250,271,22,2200000,25000001,27200000
19,"NA10835",250,271,22,2200000,25000001,27200000
19,"NA10836",250,271,22,2200000,25000001,27200000
19,"NA10837",250,271,22,2200000,25000001,27200000
19,"NA10838",250,271,22,2200000,25000001,27200000
19,"NA10839",250,271,22,2200000,25000001,27200000
19,"NA10840",250,271,22,2200000,25000001,27200000
19,"NA10842",250,271,22,2200000,25000001,27200000
19,"NA10843",250,271,22,2200000,25000001,27200000
19,"NA10845",250,271,22,2200000,25000001,27200000
19,"NA10846",250,271,22,2200000,25000001,27200000
19,"NA10847",250,271,22,2200000,25000001,27200000
19,"NA10851",250,271,22,2200000,25000001,27200000
19,"NA10852",250,271,22,2200000,25000001,27200000
19,"NA10854",250,271,22,2200000,25000001,27200000
19,"NA10855",250,271,22,2200000,25000001,27200000
19,"NA10856",250,271,22,2200000,25000001,27200000
19,"NA10857",250,271,22,2200000,25000001,27200000
19,"NA10859",250,271,22,2200000,25000001,27200000
19,"NA10860",250,271,22,2200000,25000001,27200000
19,"NA10861",250,271,22,2200000,25000001,27200000
19,"NA10863",250,271,22,2200000,25000001,27200000
19,"NA10864",250,271,22,2200000,25000001,27200000
19,"NA10865",250,271,22,2200000,25000001,27200000
19,"NA12329",250,271,22,2200000,25000001,27200000
19,"NA12335",250,271,22,2200000,25000001,27200000
19,"NA12336",250,271,22,2200000,25000001,27200000
19,"NA12344",250,271,22,2200000,25000001,27200000
19,"NA12376",250,271,22,2200000,25000001,27200000
19,"NA12386",250,271,22,2200000,25000001,27200000
19,"NA12485",250,271,22,2200000,25000001,27200000
19,"NA12707",250,271,22,2200000,25000001,27200000
19,"NA12739",250,271,22,2200000,25000001,27200000
19,"NA12740",217,227,11,1100000,21700001,22800000
19,"NA12740",250,271,22,2200000,25000001,27200000
19,"NA12752",250,271,22,2200000,25000001,27200000
19,"NA12753",250,271,22,2200000,25000001,27200000
19,"NA12766",250,271,22,2200000,25000001,27200000
19,"NA12767",249,271,23,2300000,24900001,27200000
19,"NA12801",250,271,22,2200000,25000001,27200000
19,"NA12802",250,271,22,2200000,25000001,27200000
19,"NA12817",250,271,22,2200000,25000001,27200000
19,"NA12818",250,271,22,2200000,25000001,27200000
19,"NA12832",250,271,22,2200000,25000001,27200000
19,"NA12864",250,271,22,2200000,25000001,27200000
19,"NA12865",250,271,22,2200000,25000001,27200000
19,"NA12877",250,271,22,2200000,25000001,27200000
19,"NA12878",250,271,22,2200000,25000001,27200000
19,"NA18484",250,271,22,2200000,25000001,27200000
19,"NA18485",250,271,22,2200000,25000001,27200000
19,"NA18497",250,271,22,2200000,25000001,27200000
19,"NA18500",250,271,22,2200000,25000001,27200000
19,"NA18503",250,271,22,2200000,25000001,27200000
19,"NA18506",250,271,22,2200000,25000001,27200000
19,"NA18515",250,271,22,2200000,25000001,27200000
19,"NA18518",250,271,22,2200000,25000001,27200000
19,"NA18521",250,271,22,2200000,25000001,27200000
19,"NA18854",250,271,22,2200000,25000001,27200000
19,"NA18857",250,271,22,2200000,25000001,27200000
19,"NA18860",250,271,22,2200000,25000001,27200000
19,"NA18863",250,271,22,2200000,25000001,27200000
19,"NA18869",250,271,22,2200000,25000001,27200000
19,"NA18872",250,271,22,2200000,25000001,27200000
19,"NA18875",250,271,22,2200000,25000001,27200000
19,"NA18906",250,271,22,2200000,25000001,27200000
19,"NA18911",250,271,22,2200000,25000001,27200000
19,"NA18914",250,271,22,2200000,25000001,27200000
19,"NA18925",250,271,22,2200000,25000001,27200000
19,"NA18930",250,271,22,2200000,25000001,27200000
19,"NA18935",250,271,22,2200000,25000001,27200000
19,"NA19094",250,271,22,2200000,25000001,27200000
19,"NA19097",250,271,22,2200000,25000001,27200000
19,"NA19100",250,271,22,2200000,25000001,27200000
19,"NA19103",250,271,22,2200000,25000001,27200000
19,"NA19109",250,271,22,2200000,25000001,27200000
19,"NA19115",250,271,22,2200000,25000001,27200000
19,"NA19120",250,271,22,2200000,25000001,27200000
19,"NA19123",250,271,22,2200000,25000001,27200000
19,"NA19129",250,271,22,2200000,25000001,27200000
19,"NA19132",250,271,22,2200000,25000001,27200000
19,"NA19139",250,271,22,2200000,25000001,27200000
19,"NA19142",250,271,22,2200000,25000001,27200000
19,"NA19145",250,271,22,2200000,25000001,27200000
19,"NA19148",250,271,22,2200000,25000001,27200000
19,"NA19151",250,271,22,2200000,25000001,27200000
19,"NA19154",250,271,22,2200000,25000001,27200000
19,"NA19161",250,271,22,2200000,25000001,27200000
19,"NA19173",250,271,22,2200000,25000001,27200000
19,"NA19174",250,271,22,2200000,25000001,27200000
19,"NA19177",250,271,22,2200000,25000001,27200000
19,"NA19186",250,271,22,2200000,25000001,27200000
19,"NA19191",250,271,22,2200000,25000001,27200000
19,"NA19199",250,271,22,2200000,25000001,27200000
19,"NA19202",250,271,22,2200000,25000001,27200000
19,"NA19205",250,271,22,2200000,25000001,27200000
19,"NA19208",250,271,22,2200000,25000001,27200000
19,"NA19211",250,271,22,2200000,25000001,27200000
19,"NA19215",250,271,22,2200000,25000001,27200000
19,"NA19221",250,271,22,2200000,25000001,27200000
19,"NA19224",250,271,22,2200000,25000001,27200000
19,"NA19237",250,271,22,2200000,25000001,27200000
19,"NA19240",250,271,22,2200000,25000001,27200000
19,"NA19249",250,271,22,2200000,25000001,27200000
19,"NA19258",250,271,22,2200000,25000001,27200000
19,"NA19650",250,271,22,2200000,25000001,27200000
19,"NA19653",250,271,22,2200000,25000001,27200000
19,"NA19656",250,271,22,2200000,25000001,27200000
19,"NA19659",250,271,22,2200000,25000001,27200000
19,"NA19662",250,271,22,2200000,25000001,27200000
19,"NA19665",250,271,22,2200000,25000001,27200000
19,"NA19671",249,271,23,2300000,24900001,27200000
19,"NA19675",250,271,22,2200000,25000001,27200000
19,"NA19677",250,271,22,2200000,25000001,27200000
19,"NA19680",250,271,22,2200000,25000001,27200000
19,"NA19683",250,271,22,2200000,25000001,27200000
19,"NA19685",250,271,22,2200000,25000001,27200000
19,"NA19686",250,271,22,2200000,25000001,27200000
19,"NA19702",250,271,22,2200000,25000001,27200000
19,"NA19705",250,271,22,2200000,25000001,27200000
19,"NA19718",250,271,22,2200000,25000001,27200000
19,"NA19721",250,271,22,2200000,25000001,27200000
19,"NA19724",250,271,22,2200000,25000001,27200000
19,"NA19727",250,271,22,2200000,25000001,27200000
19,"NA19730",250,271,22,2200000,25000001,27200000
19,"NA19733",250,271,22,2200000,25000001,27200000
19,"NA19748",250,271,22,2200000,25000001,27200000
19,"NA19751",249,271,23,2300000,24900001,27200000
19,"NA19757",250,271,22,2200000,25000001,27200000
19,"NA19760",250,271,22,2200000,25000001,27200000
19,"NA19763",250,271,22,2200000,25000001,27200000
19,"NA19772",250,271,22,2200000,25000001,27200000
19,"NA19775",250,271,22,2200000,25000001,27200000
19,"NA19778",250,271,22,2200000,25000001,27200000
19,"NA19781",250,271,22,2200000,25000001,27200000
19,"NA19784",250,271,22,2200000,25000001,27200000
19,"NA19787",250,271,22,2200000,25000001,27200000
19,"NA19790",250,271,22,2200000,25000001,27200000
19,"NA19796",250,271,22,2200000,25000001,27200000
19,"NA19828",250,271,22,2200000,25000001,27200000
19,"NA19836",250,271,22,2200000,25000001,27200000
19,"NA19902",250,271,22,2200000,25000001,27200000
19,"NA19918",250,271,22,2200000,25000001,27200000
19,"NA19919",250,271,22,2200000,25000001,27200000
19,"NA19924",250,271,22,2200000,25000001,27200000
19,"NA19983",250,271,22,2200000,25000001,27200000
19,"NA20128",250,271,22,2200000,25000001,27200000
19,"NA20129",250,271,22,2200000,25000001,27200000
19,"NA20279",250,271,22,2200000,25000001,27200000
19,"NA20358",250,271,22,2200000,25000001,27200000
20,"HG00450",267,279,13,1300000,26700001,28000000
20,"HG00459",267,279,13,1300000,26700001,28000000
20,"HG00480",267,279,13,1300000,26700001,28000000
20,"HG00535",267,279,13,1300000,26700001,28000000
20,"HG00558",267,279,13,1300000,26700001,28000000
20,"HG00561",273,283,11,1100000,27300001,28400000
20,"HG00579",267,279,13,1300000,26700001,28000000
20,"HG00582",267,279,13,1300000,26700001,28000000
20,"HG00585",267,279,13,1300000,26700001,28000000
20,"HG00591",267,279,13,1300000,26700001,28000000
20,"HG00594",267,279,13,1300000,26700001,28000000
20,"HG00612",267,279,13,1300000,26700001,28000000
20,"HG00652",267,279,13,1300000,26700001,28000000
20,"HG00655",267,279,13,1300000,26700001,28000000
20,"HG00709",267,279,13,1300000,26700001,28000000
20,"HG00733",496,505,10,1e+06,49600001,50600000
20,"HG00733",507,517,11,1100000,50700001,51800000
20,"HG00735",267,279,13,1300000,26700001,28000000
20,"HG01050",20,33,14,1400000,2000001,3400000
20,"HG01050",35,53,19,1900000,3500001,5400000
20,"HG01053",267,279,13,1300000,26700001,28000000
20,"HG01074",268,279,12,1200000,26800001,28000000
20,"HG01087",267,279,13,1300000,26700001,28000000
20,"HG01096",204,224,21,2100000,20400001,22500000
20,"HG01096",267,279,13,1300000,26700001,28000000
20,"HG01109",268,279,12,1200000,26800001,28000000
20,"HG01114",272,281,10,1e+06,27200001,28200000
20,"HG01178",267,279,13,1300000,26700001,28000000
20,"HG01184",267,279,13,1300000,26700001,28000000
20,"HG01192",10,33,24,2400000,1000001,3400000
20,"HG01192",35,53,19,1900000,3500001,5400000
20,"HG01192",56,107,52,5200000,5600001,10800000
20,"HG01249",267,279,13,1300000,26700001,28000000
20,"HG01343",198,211,14,1400000,19800001,21200000
20,"HG01346",267,279,13,1300000,26700001,28000000
20,"HG01349",68,85,18,1800000,6800001,8600000
20,"HG01349",87,102,16,1600000,8700001,10300000
20,"HG01352",267,283,17,1700000,26700001,28400000
20,"HG01367",267,279,13,1300000,26700001,28000000
20,"HG01385",267,279,13,1300000,26700001,28000000
20,"HG01433",267,279,13,1300000,26700001,28000000
20,"HG01439",267,279,13,1300000,26700001,28000000
20,"HG01463",267,279,13,1300000,26700001,28000000
20,"HG01466",268,279,12,1200000,26800001,28000000
20,"HG01499",273,284,12,1200000,27300001,28500000
20,"HG01499",633,644,12,1144167,63300001,64444167
20,"HG01573",271,284,14,1400000,27100001,28500000
20,"HG01579",215,224,10,1e+06,21500001,22500000
20,"HG01884",267,279,13,1300000,26700001,28000000
20,"HG01888",268,279,12,1200000,26800001,28000000
20,"HG01934",267,279,13,1300000,26700001,28000000
20,"HG01981",267,279,13,1300000,26700001,28000000
20,"HG01987",352,368,17,1700000,35200001,36900000
20,"HG01993",268,279,12,1200000,26800001,28000000
20,"HG02004",267,279,13,1300000,26700001,28000000
20,"HG02055",268,279,12,1200000,26800001,28000000
20,"HG02148",267,279,13,1300000,26700001,28000000
20,"HG02273",271,284,14,1400000,27100001,28500000
20,"HG02279",267,279,13,1300000,26700001,28000000
20,"HG02280",267,279,13,1300000,26700001,28000000
20,"HG02293",267,279,13,1300000,26700001,28000000
20,"HG02451",268,279,12,1200000,26800001,28000000
20,"HG02954",271,282,12,1200000,27100001,28300000
20,"HG03310",267,284,18,1800000,26700001,28500000
20,"HG03310",343,352,10,1e+06,34300001,35300000
20,"HG03368",267,278,12,1200000,26700001,27900000
20,"HG03522",267,279,13,1300000,26700001,28000000
20,"NA10837",267,279,13,1300000,26700001,28000000
20,"NA10851",268,279,12,1200000,26800001,28000000
20,"NA12335",267,279,13,1300000,26700001,28000000
20,"NA12344",267,279,13,1300000,26700001,28000000
20,"NA12739",267,279,13,1300000,26700001,28000000
20,"NA12752",271,284,14,1400000,27100001,28500000
20,"NA12753",267,279,13,1300000,26700001,28000000
20,"NA12801",268,278,11,1100000,26800001,27900000
20,"NA12877",267,279,13,1300000,26700001,28000000
20,"NA18857",267,284,18,1800000,26700001,28500000
20,"NA18860",267,279,13,1300000,26700001,28000000
20,"NA18872",357,368,12,1200000,35700001,36900000
20,"NA18925",312,325,14,1400000,31200001,32600000
20,"NA19094",271,284,14,1400000,27100001,28500000
20,"NA19097",267,281,15,1500000,26700001,28200000
20,"NA19115",267,279,13,1300000,26700001,28000000
20,"NA19123",268,279,12,1200000,26800001,28000000
20,"NA19123",590,602,13,1300000,59000001,60300000
20,"NA19132",267,279,13,1300000,26700001,28000000
20,"NA19161",267,279,13,1300000,26700001,28000000
20,"NA19161",313,324,12,1200000,31300001,32500000
20,"NA19186",268,279,12,1200000,26800001,28000000
20,"NA19191",267,284,18,1800000,26700001,28500000
20,"NA19205",353,383,31,3100000,35300001,38400000
20,"NA19208",596,608,13,1300000,59600001,60900000
20,"NA19215",268,284,17,1700000,26800001,28500000
20,"NA19224",339,354,16,1600000,33900001,35500000
20,"NA19237",268,279,12,1200000,26800001,28000000
20,"NA19258",268,279,12,1200000,26800001,28000000
20,"NA19650",86,100,15,1500000,8600001,10100000
20,"NA19665",267,279,13,1300000,26700001,28000000
20,"NA19686",268,279,12,1200000,26800001,28000000
20,"NA19705",267,279,13,1300000,26700001,28000000
20,"NA19751",267,279,13,1300000,26700001,28000000
20,"NA19918",268,279,12,1200000,26800001,28000000
21,"HG00405",0,49,50,5e+06,1,5000000
21,"HG00405",109,128,20,2e+06,10900001,12900000
21,"HG00408",0,51,52,5200000,1,5200000
21,"HG00408",109,128,20,2e+06,10900001,12900000
21,"HG00420",0,51,52,5200000,1,5200000
21,"HG00420",109,128,20,2e+06,10900001,12900000
21,"HG00423",0,51,52,5200000,1,5200000
21,"HG00423",109,128,20,2e+06,10900001,12900000
21,"HG00429",0,51,52,5200000,1,5200000
21,"HG00429",109,128,20,2e+06,10900001,12900000
21,"HG00438",0,50,51,5100000,1,5100000
21,"HG00438",109,128,20,2e+06,10900001,12900000
21,"HG00444",0,50,51,5100000,1,5100000
21,"HG00444",109,128,20,2e+06,10900001,12900000
21,"HG00447",0,50,51,5100000,1,5100000
21,"HG00447",109,128,20,2e+06,10900001,12900000
21,"HG00450",0,51,52,5200000,1,5200000
21,"HG00450",109,128,20,2e+06,10900001,12900000
21,"HG00453",0,51,52,5200000,1,5200000
21,"HG00453",109,128,20,2e+06,10900001,12900000
21,"HG00459",0,51,52,5200000,1,5200000
21,"HG00459",109,128,20,2e+06,10900001,12900000
21,"HG00465",0,50,51,5100000,1,5100000
21,"HG00465",109,128,20,2e+06,10900001,12900000
21,"HG00474",0,50,51,5100000,1,5100000
21,"HG00474",109,128,20,2e+06,10900001,12900000
21,"HG00477",0,51,52,5200000,1,5200000
21,"HG00477",109,128,20,2e+06,10900001,12900000
21,"HG00480",0,51,52,5200000,1,5200000
21,"HG00480",109,128,20,2e+06,10900001,12900000
21,"HG00502",0,50,51,5100000,1,5100000
21,"HG00502",109,128,20,2e+06,10900001,12900000
21,"HG00514",0,50,51,5100000,1,5100000
21,"HG00514",109,128,20,2e+06,10900001,12900000
21,"HG00526",0,51,52,5200000,1,5200000
21,"HG00526",109,128,20,2e+06,10900001,12900000
21,"HG00532",0,50,51,5100000,1,5100000
21,"HG00532",109,128,20,2e+06,10900001,12900000
21,"HG00535",0,50,51,5100000,1,5100000
21,"HG00535",109,128,20,2e+06,10900001,12900000
21,"HG00538",0,51,52,5200000,1,5200000
21,"HG00538",109,128,20,2e+06,10900001,12900000
21,"HG00544",0,49,50,5e+06,1,5000000
21,"HG00544",109,128,20,2e+06,10900001,12900000
21,"HG00552",0,51,52,5200000,1,5200000
21,"HG00552",109,128,20,2e+06,10900001,12900000
21,"HG00555",0,49,50,5e+06,1,5000000
21,"HG00555",109,128,20,2e+06,10900001,12900000
21,"HG00558",0,51,52,5200000,1,5200000
21,"HG00558",109,128,20,2e+06,10900001,12900000
21,"HG00561",0,49,50,5e+06,1,5000000
21,"HG00561",109,128,20,2e+06,10900001,12900000
21,"HG00567",0,51,52,5200000,1,5200000
21,"HG00567",109,128,20,2e+06,10900001,12900000
21,"HG00579",0,51,52,5200000,1,5200000
21,"HG00579",109,128,20,2e+06,10900001,12900000
21,"HG00582",0,50,51,5100000,1,5100000
21,"HG00582",109,128,20,2e+06,10900001,12900000
21,"HG00585",0,51,52,5200000,1,5200000
21,"HG00585",109,128,20,2e+06,10900001,12900000
21,"HG00591",0,51,52,5200000,1,5200000
21,"HG00591",109,128,20,2e+06,10900001,12900000
21,"HG00594",0,50,51,5100000,1,5100000
21,"HG00594",109,128,20,2e+06,10900001,12900000
21,"HG00597",0,51,52,5200000,1,5200000
21,"HG00597",109,128,20,2e+06,10900001,12900000
21,"HG00609",0,51,52,5200000,1,5200000
21,"HG00609",108,128,21,2100000,10800001,12900000
21,"HG00612",0,49,50,5e+06,1,5000000
21,"HG00612",109,128,20,2e+06,10900001,12900000
21,"HG00615",0,51,52,5200000,1,5200000
21,"HG00615",108,128,21,2100000,10800001,12900000
21,"HG00621",0,51,52,5200000,1,5200000
21,"HG00621",108,128,21,2100000,10800001,12900000
21,"HG00627",0,50,51,5100000,1,5100000
21,"HG00627",109,128,20,2e+06,10900001,12900000
21,"HG00630",0,51,52,5200000,1,5200000
21,"HG00630",109,128,20,2e+06,10900001,12900000
21,"HG00636",0,51,52,5200000,1,5200000
21,"HG00636",109,128,20,2e+06,10900001,12900000
21,"HG00639",0,51,52,5200000,1,5200000
21,"HG00639",109,128,20,2e+06,10900001,12900000
21,"HG00642",0,51,52,5200000,1,5200000
21,"HG00642",109,128,20,2e+06,10900001,12900000
21,"HG00652",0,51,52,5200000,1,5200000
21,"HG00652",109,128,20,2e+06,10900001,12900000
21,"HG00655",0,51,52,5200000,1,5200000
21,"HG00655",109,128,20,2e+06,10900001,12900000
21,"HG00658",0,51,52,5200000,1,5200000
21,"HG00658",109,128,20,2e+06,10900001,12900000
21,"HG00664",0,51,52,5200000,1,5200000
21,"HG00664",109,128,20,2e+06,10900001,12900000
21,"HG00673",0,51,52,5200000,1,5200000
21,"HG00673",109,128,20,2e+06,10900001,12900000
21,"HG00685",0,50,51,5100000,1,5100000
21,"HG00685",109,128,20,2e+06,10900001,12900000
21,"HG00691",0,49,50,5e+06,1,5000000
21,"HG00691",109,128,20,2e+06,10900001,12900000
21,"HG00694",0,50,51,5100000,1,5100000
21,"HG00694",109,128,20,2e+06,10900001,12900000
21,"HG00700",0,50,51,5100000,1,5100000
21,"HG00700",109,128,20,2e+06,10900001,12900000
21,"HG00702",0,49,50,5e+06,1,5000000
21,"HG00702",109,128,20,2e+06,10900001,12900000
21,"HG00703",0,49,50,5e+06,1,5000000
21,"HG00703",109,128,20,2e+06,10900001,12900000
21,"HG00706",0,51,52,5200000,1,5200000
21,"HG00706",109,128,20,2e+06,10900001,12900000
21,"HG00709",0,50,51,5100000,1,5100000
21,"HG00709",109,128,20,2e+06,10900001,12900000
21,"HG00733",0,49,50,5e+06,1,5000000
21,"HG00733",109,128,20,2e+06,10900001,12900000
21,"HG00735",0,51,52,5200000,1,5200000
21,"HG00735",109,128,20,2e+06,10900001,12900000
21,"HG00738",0,50,51,5100000,1,5100000
21,"HG00738",109,128,20,2e+06,10900001,12900000
21,"HG00741",0,50,51,5100000,1,5100000
21,"HG00741",109,128,20,2e+06,10900001,12900000
21,"HG01050",0,51,52,5200000,1,5200000
21,"HG01050",109,128,20,2e+06,10900001,12900000
21,"HG01053",0,51,52,5200000,1,5200000
21,"HG01053",109,128,20,2e+06,10900001,12900000
21,"HG01056",0,51,52,5200000,1,5200000
21,"HG01056",109,128,20,2e+06,10900001,12900000
21,"HG01062",0,51,52,5200000,1,5200000
21,"HG01062",109,128,20,2e+06,10900001,12900000
21,"HG01068",0,51,52,5200000,1,5200000
21,"HG01068",109,128,20,2e+06,10900001,12900000
21,"HG01071",0,51,52,5200000,1,5200000
21,"HG01071",109,128,20,2e+06,10900001,12900000
21,"HG01074",0,51,52,5200000,1,5200000
21,"HG01074",109,128,20,2e+06,10900001,12900000
21,"HG01081",0,50,51,5100000,1,5100000
21,"HG01081",109,128,20,2e+06,10900001,12900000
21,"HG01084",0,51,52,5200000,1,5200000
21,"HG01084",109,128,20,2e+06,10900001,12900000
21,"HG01087",0,50,51,5100000,1,5100000
21,"HG01087",109,128,20,2e+06,10900001,12900000
21,"HG01096",0,50,51,5100000,1,5100000
21,"HG01096",109,128,20,2e+06,10900001,12900000
21,"HG01099",0,51,52,5200000,1,5200000
21,"HG01099",109,128,20,2e+06,10900001,12900000
21,"HG01100",0,51,52,5200000,1,5200000
21,"HG01100",109,128,20,2e+06,10900001,12900000
21,"HG01103",0,49,50,5e+06,1,5000000
21,"HG01103",109,128,20,2e+06,10900001,12900000
21,"HG01106",0,51,52,5200000,1,5200000
21,"HG01106",109,128,20,2e+06,10900001,12900000
21,"HG01109",0,50,51,5100000,1,5100000
21,"HG01109",109,128,20,2e+06,10900001,12900000
21,"HG01114",0,51,52,5200000,1,5200000
21,"HG01114",109,128,20,2e+06,10900001,12900000
21,"HG01126",0,49,50,5e+06,1,5000000
21,"HG01126",109,128,20,2e+06,10900001,12900000
21,"HG01135",0,50,51,5100000,1,5100000
21,"HG01135",109,128,20,2e+06,10900001,12900000
21,"HG01138",0,49,50,5e+06,1,5000000
21,"HG01138",109,128,20,2e+06,10900001,12900000
21,"HG01141",0,50,51,5100000,1,5100000
21,"HG01141",109,128,20,2e+06,10900001,12900000
21,"HG01150",0,51,52,5200000,1,5200000
21,"HG01150",109,128,20,2e+06,10900001,12900000
21,"HG01169",0,51,52,5200000,1,5200000
21,"HG01169",109,128,20,2e+06,10900001,12900000
21,"HG01172",0,51,52,5200000,1,5200000
21,"HG01172",109,128,20,2e+06,10900001,12900000
21,"HG01175",0,51,52,5200000,1,5200000
21,"HG01175",109,128,20,2e+06,10900001,12900000
21,"HG01178",0,51,52,5200000,1,5200000
21,"HG01178",109,128,20,2e+06,10900001,12900000
21,"HG01184",0,51,52,5200000,1,5200000
21,"HG01184",109,128,20,2e+06,10900001,12900000
21,"HG01189",0,51,52,5200000,1,5200000
21,"HG01189",109,128,20,2e+06,10900001,12900000
21,"HG01192",0,51,52,5200000,1,5200000
21,"HG01192",109,128,20,2e+06,10900001,12900000
21,"HG01199",0,50,51,5100000,1,5100000
21,"HG01199",109,128,20,2e+06,10900001,12900000
21,"HG01206",0,50,51,5100000,1,5100000
21,"HG01206",109,128,20,2e+06,10900001,12900000
21,"HG01243",0,49,50,5e+06,1,5000000
21,"HG01243",108,128,21,2100000,10800001,12900000
21,"HG01249",0,51,52,5200000,1,5200000
21,"HG01249",109,128,20,2e+06,10900001,12900000
21,"HG01252",0,51,52,5200000,1,5200000
21,"HG01252",109,128,20,2e+06,10900001,12900000
21,"HG01255",0,51,52,5200000,1,5200000
21,"HG01255",109,128,20,2e+06,10900001,12900000
21,"HG01258",0,50,51,5100000,1,5100000
21,"HG01258",108,128,21,2100000,10800001,12900000
21,"HG01261",0,49,50,5e+06,1,5000000
21,"HG01261",109,128,20,2e+06,10900001,12900000
21,"HG01273",0,49,50,5e+06,1,5000000
21,"HG01273",109,128,20,2e+06,10900001,12900000
21,"HG01276",0,51,52,5200000,1,5200000
21,"HG01276",109,128,20,2e+06,10900001,12900000
21,"HG01279",0,51,52,5200000,1,5200000
21,"HG01279",109,128,20,2e+06,10900001,12900000
21,"HG01279",352,382,31,3100000,35200001,38300000
21,"HG01343",0,51,52,5200000,1,5200000
21,"HG01343",109,128,20,2e+06,10900001,12900000
21,"HG01346",0,51,52,5200000,1,5200000
21,"HG01346",109,128,20,2e+06,10900001,12900000
21,"HG01349",0,51,52,5200000,1,5200000
21,"HG01349",109,128,20,2e+06,10900001,12900000
21,"HG01352",0,49,50,5e+06,1,5000000
21,"HG01352",109,128,20,2e+06,10900001,12900000
21,"HG01355",0,51,52,5200000,1,5200000
21,"HG01355",109,128,20,2e+06,10900001,12900000
21,"HG01355",220,264,45,4500000,22000001,26500000
21,"HG01355",266,285,20,2e+06,26600001,28600000
21,"HG01355",287,319,33,3300000,28700001,32000000
21,"HG01358",0,50,51,5100000,1,5100000
21,"HG01358",109,128,20,2e+06,10900001,12900000
21,"HG01361",0,51,52,5200000,1,5200000
21,"HG01361",108,128,21,2100000,10800001,12900000
21,"HG01367",0,51,52,5200000,1,5200000
21,"HG01367",109,128,20,2e+06,10900001,12900000
21,"HG01376",0,50,51,5100000,1,5100000
21,"HG01376",109,128,20,2e+06,10900001,12900000
21,"HG01379",0,50,51,5100000,1,5100000
21,"HG01379",109,128,20,2e+06,10900001,12900000
21,"HG01385",0,50,51,5100000,1,5100000
21,"HG01385",109,128,20,2e+06,10900001,12900000
21,"HG01391",0,51,52,5200000,1,5200000
21,"HG01391",109,128,20,2e+06,10900001,12900000
21,"HG01433",0,51,52,5200000,1,5200000
21,"HG01433",109,128,20,2e+06,10900001,12900000
21,"HG01439",0,51,52,5200000,1,5200000
21,"HG01439",109,128,20,2e+06,10900001,12900000
21,"HG01457",0,49,50,5e+06,1,5000000
21,"HG01457",109,128,20,2e+06,10900001,12900000
21,"HG01463",0,51,52,5200000,1,5200000
21,"HG01463",109,128,20,2e+06,10900001,12900000
21,"HG01466",0,51,52,5200000,1,5200000
21,"HG01466",109,128,20,2e+06,10900001,12900000
21,"HG01490",0,50,51,5100000,1,5100000
21,"HG01490",109,128,20,2e+06,10900001,12900000
21,"HG01493",0,51,52,5200000,1,5200000
21,"HG01493",109,128,20,2e+06,10900001,12900000
21,"HG01496",0,51,52,5200000,1,5200000
21,"HG01496",109,128,20,2e+06,10900001,12900000
21,"HG01499",0,51,52,5200000,1,5200000
21,"HG01499",109,128,20,2e+06,10900001,12900000
21,"HG01499",325,366,42,4200000,32500001,36700000
21,"HG01552",0,51,52,5200000,1,5200000
21,"HG01552",109,128,20,2e+06,10900001,12900000
21,"HG01567",0,51,52,5200000,1,5200000
21,"HG01567",109,128,20,2e+06,10900001,12900000
21,"HG01573",0,51,52,5200000,1,5200000
21,"HG01573",109,128,20,2e+06,10900001,12900000
21,"HG01579",0,49,50,5e+06,1,5000000
21,"HG01579",109,128,20,2e+06,10900001,12900000
21,"HG01881",0,49,50,5e+06,1,5000000
21,"HG01881",109,128,20,2e+06,10900001,12900000
21,"HG01884",0,49,50,5e+06,1,5000000
21,"HG01884",109,128,20,2e+06,10900001,12900000
21,"HG01887",0,50,51,5100000,1,5100000
21,"HG01887",109,128,20,2e+06,10900001,12900000
21,"HG01888",0,49,50,5e+06,1,5000000
21,"HG01888",109,128,20,2e+06,10900001,12900000
21,"HG01891",0,50,51,5100000,1,5100000
21,"HG01891",109,128,20,2e+06,10900001,12900000
21,"HG01895",0,50,51,5100000,1,5100000
21,"HG01895",109,128,20,2e+06,10900001,12900000
21,"HG01897",0,49,50,5e+06,1,5000000
21,"HG01897",109,128,20,2e+06,10900001,12900000
21,"HG01898",0,49,50,5e+06,1,5000000
21,"HG01898",109,128,20,2e+06,10900001,12900000
21,"HG01916",0,50,51,5100000,1,5100000
21,"HG01916",108,128,21,2100000,10800001,12900000
21,"HG01919",0,51,52,5200000,1,5200000
21,"HG01919",109,128,20,2e+06,10900001,12900000
21,"HG01922",0,50,51,5100000,1,5100000
21,"HG01922",109,128,20,2e+06,10900001,12900000
21,"HG01925",0,51,52,5200000,1,5200000
21,"HG01925",109,128,20,2e+06,10900001,12900000
21,"HG01928",0,51,52,5200000,1,5200000
21,"HG01928",109,128,20,2e+06,10900001,12900000
21,"HG01934",0,51,52,5200000,1,5200000
21,"HG01934",109,128,20,2e+06,10900001,12900000
21,"HG01937",0,50,51,5100000,1,5100000
21,"HG01937",109,128,20,2e+06,10900001,12900000
21,"HG01940",0,50,51,5100000,1,5100000
21,"HG01940",109,128,20,2e+06,10900001,12900000
21,"HG01943",0,50,51,5100000,1,5100000
21,"HG01943",109,128,20,2e+06,10900001,12900000
21,"HG01946",0,51,52,5200000,1,5200000
21,"HG01946",109,128,20,2e+06,10900001,12900000
21,"HG01949",0,51,52,5200000,1,5200000
21,"HG01949",109,128,20,2e+06,10900001,12900000
21,"HG01952",0,51,52,5200000,1,5200000
21,"HG01952",109,128,20,2e+06,10900001,12900000
21,"HG01955",0,50,51,5100000,1,5100000
21,"HG01955",109,128,20,2e+06,10900001,12900000
21,"HG01959",0,49,50,5e+06,1,5000000
21,"HG01959",109,128,20,2e+06,10900001,12900000
21,"HG01960",0,49,50,5e+06,1,5000000
21,"HG01960",109,128,20,2e+06,10900001,12900000
21,"HG01969",0,50,51,5100000,1,5100000
21,"HG01969",109,128,20,2e+06,10900001,12900000
21,"HG01972",0,51,52,5200000,1,5200000
21,"HG01972",109,128,20,2e+06,10900001,12900000
21,"HG01975",0,51,52,5200000,1,5200000
21,"HG01975",109,128,20,2e+06,10900001,12900000
21,"HG01978",0,51,52,5200000,1,5200000
21,"HG01978",109,128,20,2e+06,10900001,12900000
21,"HG01981",0,51,52,5200000,1,5200000
21,"HG01981",109,128,20,2e+06,10900001,12900000
21,"HG01984",0,51,52,5200000,1,5200000
21,"HG01984",109,128,20,2e+06,10900001,12900000
21,"HG01987",0,50,51,5100000,1,5100000
21,"HG01987",109,128,20,2e+06,10900001,12900000
21,"HG01993",0,51,52,5200000,1,5200000
21,"HG01993",109,128,20,2e+06,10900001,12900000
21,"HG01998",0,50,51,5100000,1,5100000
21,"HG01998",109,128,20,2e+06,10900001,12900000
21,"HG02004",0,51,52,5200000,1,5200000
21,"HG02004",54,71,18,1800000,5400001,7200000
21,"HG02004",109,128,20,2e+06,10900001,12900000
21,"HG02011",0,51,52,5200000,1,5200000
21,"HG02011",109,128,20,2e+06,10900001,12900000
21,"HG02055",0,49,50,5e+06,1,5000000
21,"HG02055",109,128,20,2e+06,10900001,12900000
21,"HG02091",0,51,52,5200000,1,5200000
21,"HG02091",109,128,20,2e+06,10900001,12900000
21,"HG02106",0,51,52,5200000,1,5200000
21,"HG02106",109,128,20,2e+06,10900001,12900000
21,"HG02145",0,49,50,5e+06,1,5000000
21,"HG02145",108,128,21,2100000,10800001,12900000
21,"HG02148",0,50,51,5100000,1,5100000
21,"HG02148",109,128,20,2e+06,10900001,12900000
21,"HG02257",0,50,51,5100000,1,5100000
21,"HG02257",109,128,20,2e+06,10900001,12900000
21,"HG02258",0,51,52,5200000,1,5200000
21,"HG02258",109,128,20,2e+06,10900001,12900000
21,"HG02261",0,50,51,5100000,1,5100000
21,"HG02261",109,128,20,2e+06,10900001,12900000
21,"HG02273",0,51,52,5200000,1,5200000
21,"HG02273",109,128,20,2e+06,10900001,12900000
21,"HG02279",0,51,52,5200000,1,5200000
21,"HG02279",109,128,20,2e+06,10900001,12900000
21,"HG02280",0,50,51,5100000,1,5100000
21,"HG02280",109,128,20,2e+06,10900001,12900000
21,"HG02287",0,50,51,5100000,1,5100000
21,"HG02287",109,128,20,2e+06,10900001,12900000
21,"HG02293",0,51,52,5200000,1,5200000
21,"HG02293",109,128,20,2e+06,10900001,12900000
21,"HG02300",0,50,51,5100000,1,5100000
21,"HG02300",109,128,20,2e+06,10900001,12900000
21,"HG02303",0,49,50,5e+06,1,5000000
21,"HG02303",109,128,20,2e+06,10900001,12900000
21,"HG02316",0,50,51,5100000,1,5100000
21,"HG02316",109,128,20,2e+06,10900001,12900000
21,"HG02321",0,49,50,5e+06,1,5000000
21,"HG02321",109,128,20,2e+06,10900001,12900000
21,"HG02451",0,49,50,5e+06,1,5000000
21,"HG02451",109,128,20,2e+06,10900001,12900000
21,"HG02924",0,49,50,5e+06,1,5000000
21,"HG02924",109,128,20,2e+06,10900001,12900000
21,"HG02945",0,49,50,5e+06,1,5000000
21,"HG02945",109,128,20,2e+06,10900001,12900000
21,"HG02948",0,49,50,5e+06,1,5000000
21,"HG02948",109,128,20,2e+06,10900001,12900000
21,"HG02954",0,49,50,5e+06,1,5000000
21,"HG02954",109,128,20,2e+06,10900001,12900000
21,"HG02966",0,49,50,5e+06,1,5000000
21,"HG02966",108,128,21,2100000,10800001,12900000
21,"HG02966",356,398,43,4300000,35600001,39900000
21,"HG02972",0,49,50,5e+06,1,5000000
21,"HG02972",109,128,20,2e+06,10900001,12900000
21,"HG02975",0,51,52,5200000,1,5200000
21,"HG02975",109,128,20,2e+06,10900001,12900000
21,"HG02978",0,49,50,5e+06,1,5000000
21,"HG02978",109,128,20,2e+06,10900001,12900000
21,"HG02980",0,49,50,5e+06,1,5000000
21,"HG02980",109,128,20,2e+06,10900001,12900000
21,"HG03101",0,49,50,5e+06,1,5000000
21,"HG03101",109,128,20,2e+06,10900001,12900000
21,"HG03110",0,49,50,5e+06,1,5000000
21,"HG03110",109,128,20,2e+06,10900001,12900000
21,"HG03113",0,51,52,5200000,1,5200000
21,"HG03113",108,128,21,2100000,10800001,12900000
21,"HG03116",0,49,50,5e+06,1,5000000
21,"HG03116",109,128,20,2e+06,10900001,12900000
21,"HG03119",0,49,50,5e+06,1,5000000
21,"HG03119",108,128,21,2100000,10800001,12900000
21,"HG03122",0,50,51,5100000,1,5100000
21,"HG03122",109,128,20,2e+06,10900001,12900000
21,"HG03125",0,49,50,5e+06,1,5000000
21,"HG03125",109,128,20,2e+06,10900001,12900000
21,"HG03128",0,51,52,5200000,1,5200000
21,"HG03128",109,128,20,2e+06,10900001,12900000
21,"HG03131",0,51,52,5200000,1,5200000
21,"HG03131",109,128,20,2e+06,10900001,12900000
21,"HG03134",0,49,50,5e+06,1,5000000
21,"HG03134",108,128,21,2100000,10800001,12900000
21,"HG03137",0,49,50,5e+06,1,5000000
21,"HG03137",109,128,20,2e+06,10900001,12900000
21,"HG03161",0,51,52,5200000,1,5200000
21,"HG03161",109,128,20,2e+06,10900001,12900000
21,"HG03164",0,49,50,5e+06,1,5000000
21,"HG03164",109,128,20,2e+06,10900001,12900000
21,"HG03170",0,50,51,5100000,1,5100000
21,"HG03170",109,128,20,2e+06,10900001,12900000
21,"HG03191",0,49,50,5e+06,1,5000000
21,"HG03191",109,128,20,2e+06,10900001,12900000
21,"HG03197",0,49,50,5e+06,1,5000000
21,"HG03197",109,128,20,2e+06,10900001,12900000
21,"HG03200",0,49,50,5e+06,1,5000000
21,"HG03200",109,128,20,2e+06,10900001,12900000
21,"HG03269",0,49,50,5e+06,1,5000000
21,"HG03269",109,128,20,2e+06,10900001,12900000
21,"HG03272",0,50,51,5100000,1,5100000
21,"HG03272",109,128,20,2e+06,10900001,12900000
21,"HG03296",0,49,50,5e+06,1,5000000
21,"HG03296",109,128,20,2e+06,10900001,12900000
21,"HG03299",0,51,52,5200000,1,5200000
21,"HG03299",109,128,20,2e+06,10900001,12900000
21,"HG03302",0,49,50,5e+06,1,5000000
21,"HG03302",109,128,20,2e+06,10900001,12900000
21,"HG03302",284,293,10,1e+06,28400001,29400000
21,"HG03305",0,49,50,5e+06,1,5000000
21,"HG03305",108,128,21,2100000,10800001,12900000
21,"HG03308",0,49,50,5e+06,1,5000000
21,"HG03308",109,128,20,2e+06,10900001,12900000
21,"HG03310",0,49,50,5e+06,1,5000000
21,"HG03310",109,128,20,2e+06,10900001,12900000
21,"HG03314",0,49,50,5e+06,1,5000000
21,"HG03314",109,128,20,2e+06,10900001,12900000
21,"HG03344",0,49,50,5e+06,1,5000000
21,"HG03344",109,128,20,2e+06,10900001,12900000
21,"HG03350",0,49,50,5e+06,1,5000000
21,"HG03350",109,128,20,2e+06,10900001,12900000
21,"HG03368",0,49,50,5e+06,1,5000000
21,"HG03368",109,128,20,2e+06,10900001,12900000
21,"HG03371",0,50,51,5100000,1,5100000
21,"HG03371",109,128,20,2e+06,10900001,12900000
21,"HG03374",0,51,52,5200000,1,5200000
21,"HG03374",109,128,20,2e+06,10900001,12900000
21,"HG03516",0,49,50,5e+06,1,5000000
21,"HG03516",108,128,21,2100000,10800001,12900000
21,"HG03519",0,49,50,5e+06,1,5000000
21,"HG03519",109,128,20,2e+06,10900001,12900000
21,"HG03522",0,51,52,5200000,1,5200000
21,"HG03522",109,128,20,2e+06,10900001,12900000
21,"NA06991",0,49,50,5e+06,1,5000000
21,"NA06991",108,128,21,2100000,10800001,12900000
21,"NA06995",0,51,52,5200000,1,5200000
21,"NA06995",109,128,20,2e+06,10900001,12900000
21,"NA06997",0,49,50,5e+06,1,5000000
21,"NA06997",109,128,20,2e+06,10900001,12900000
21,"NA07014",0,51,52,5200000,1,5200000
21,"NA07014",109,128,20,2e+06,10900001,12900000
21,"NA07019",0,50,51,5100000,1,5100000
21,"NA07019",109,128,20,2e+06,10900001,12900000
21,"NA07029",0,49,50,5e+06,1,5000000
21,"NA07029",109,128,20,2e+06,10900001,12900000
21,"NA07048",0,51,52,5200000,1,5200000
21,"NA07048",109,128,20,2e+06,10900001,12900000
21,"NA07348",0,49,50,5e+06,1,5000000
21,"NA07348",109,128,20,2e+06,10900001,12900000
21,"NA07349",0,51,52,5200000,1,5200000
21,"NA07349",109,128,20,2e+06,10900001,12900000
21,"NA10830",0,51,52,5200000,1,5200000
21,"NA10830",109,128,20,2e+06,10900001,12900000
21,"NA10831",0,51,52,5200000,1,5200000
21,"NA10831",109,128,20,2e+06,10900001,12900000
21,"NA10835",0,49,50,5e+06,1,5000000
21,"NA10835",109,128,20,2e+06,10900001,12900000
21,"NA10836",0,51,52,5200000,1,5200000
21,"NA10836",108,128,21,2100000,10800001,12900000
21,"NA10837",0,50,51,5100000,1,5100000
21,"NA10837",109,128,20,2e+06,10900001,12900000
21,"NA10838",0,51,52,5200000,1,5200000
21,"NA10838",109,128,20,2e+06,10900001,12900000
21,"NA10839",0,51,52,5200000,1,5200000
21,"NA10839",108,128,21,2100000,10800001,12900000
21,"NA10840",0,51,52,5200000,1,5200000
21,"NA10840",109,128,20,2e+06,10900001,12900000
21,"NA10842",0,51,52,5200000,1,5200000
21,"NA10842",109,128,20,2e+06,10900001,12900000
21,"NA10843",0,51,52,5200000,1,5200000
21,"NA10843",109,128,20,2e+06,10900001,12900000
21,"NA10845",0,49,50,5e+06,1,5000000
21,"NA10845",109,128,20,2e+06,10900001,12900000
21,"NA10846",0,51,52,5200000,1,5200000
21,"NA10846",109,128,20,2e+06,10900001,12900000
21,"NA10847",0,50,51,5100000,1,5100000
21,"NA10847",109,128,20,2e+06,10900001,12900000
21,"NA10851",0,51,52,5200000,1,5200000
21,"NA10851",109,128,20,2e+06,10900001,12900000
21,"NA10852",0,51,52,5200000,1,5200000
21,"NA10852",109,128,20,2e+06,10900001,12900000
21,"NA10854",0,51,52,5200000,1,5200000
21,"NA10854",109,128,20,2e+06,10900001,12900000
21,"NA10855",0,49,50,5e+06,1,5000000
21,"NA10855",109,128,20,2e+06,10900001,12900000
21,"NA10856",0,51,52,5200000,1,5200000
21,"NA10856",109,128,20,2e+06,10900001,12900000
21,"NA10857",0,50,51,5100000,1,5100000
21,"NA10857",109,128,20,2e+06,10900001,12900000
21,"NA10859",0,50,51,5100000,1,5100000
21,"NA10859",109,128,20,2e+06,10900001,12900000
21,"NA10860",0,49,50,5e+06,1,5000000
21,"NA10860",109,128,20,2e+06,10900001,12900000
21,"NA10861",0,50,51,5100000,1,5100000
21,"NA10861",109,128,20,2e+06,10900001,12900000
21,"NA10863",0,50,51,5100000,1,5100000
21,"NA10863",108,128,21,2100000,10800001,12900000
21,"NA10864",0,51,52,5200000,1,5200000
21,"NA10864",109,128,20,2e+06,10900001,12900000
21,"NA10865",0,51,52,5200000,1,5200000
21,"NA10865",109,128,20,2e+06,10900001,12900000
21,"NA12329",0,51,52,5200000,1,5200000
21,"NA12329",108,128,21,2100000,10800001,12900000
21,"NA12335",0,51,52,5200000,1,5200000
21,"NA12335",109,128,20,2e+06,10900001,12900000
21,"NA12336",0,51,52,5200000,1,5200000
21,"NA12336",109,128,20,2e+06,10900001,12900000
21,"NA12344",0,51,52,5200000,1,5200000
21,"NA12344",109,128,20,2e+06,10900001,12900000
21,"NA12376",0,51,52,5200000,1,5200000
21,"NA12376",109,128,20,2e+06,10900001,12900000
21,"NA12386",0,51,52,5200000,1,5200000
21,"NA12386",108,128,21,2100000,10800001,12900000
21,"NA12485",0,51,52,5200000,1,5200000
21,"NA12485",109,128,20,2e+06,10900001,12900000
21,"NA12707",0,49,50,5e+06,1,5000000
21,"NA12707",109,128,20,2e+06,10900001,12900000
21,"NA12739",0,49,50,5e+06,1,5000000
21,"NA12739",109,128,20,2e+06,10900001,12900000
21,"NA12740",0,49,50,5e+06,1,5000000
21,"NA12740",109,128,20,2e+06,10900001,12900000
21,"NA12752",0,49,50,5e+06,1,5000000
21,"NA12752",109,128,20,2e+06,10900001,12900000
21,"NA12753",0,49,50,5e+06,1,5000000
21,"NA12753",109,128,20,2e+06,10900001,12900000
21,"NA12766",0,50,51,5100000,1,5100000
21,"NA12766",109,128,20,2e+06,10900001,12900000
21,"NA12767",0,50,51,5100000,1,5100000
21,"NA12767",109,128,20,2e+06,10900001,12900000
21,"NA12801",0,50,51,5100000,1,5100000
21,"NA12801",108,128,21,2100000,10800001,12900000
21,"NA12802",0,49,50,5e+06,1,5000000
21,"NA12802",109,128,20,2e+06,10900001,12900000
21,"NA12817",0,50,51,5100000,1,5100000
21,"NA12817",109,128,20,2e+06,10900001,12900000
21,"NA12818",0,51,52,5200000,1,5200000
21,"NA12818",109,128,20,2e+06,10900001,12900000
21,"NA12832",0,51,52,5200000,1,5200000
21,"NA12832",109,128,20,2e+06,10900001,12900000
21,"NA12864",0,51,52,5200000,1,5200000
21,"NA12864",109,128,20,2e+06,10900001,12900000
21,"NA12865",0,50,51,5100000,1,5100000
21,"NA12865",109,128,20,2e+06,10900001,12900000
21,"NA12877",0,51,52,5200000,1,5200000
21,"NA12877",109,128,20,2e+06,10900001,12900000
21,"NA12878",0,51,52,5200000,1,5200000
21,"NA12878",108,128,21,2100000,10800001,12900000
21,"NA18484",0,49,50,5e+06,1,5000000
21,"NA18484",109,128,20,2e+06,10900001,12900000
21,"NA18485",0,49,50,5e+06,1,5000000
21,"NA18485",109,128,20,2e+06,10900001,12900000
21,"NA18497",0,49,50,5e+06,1,5000000
21,"NA18497",109,128,20,2e+06,10900001,12900000
21,"NA18500",0,49,50,5e+06,1,5000000
21,"NA18500",108,128,21,2100000,10800001,12900000
21,"NA18503",0,51,52,5200000,1,5200000
21,"NA18503",109,128,20,2e+06,10900001,12900000
21,"NA18506",0,50,51,5100000,1,5100000
21,"NA18506",109,128,20,2e+06,10900001,12900000
21,"NA18515",0,50,51,5100000,1,5100000
21,"NA18515",109,128,20,2e+06,10900001,12900000
21,"NA18518",0,49,50,5e+06,1,5000000
21,"NA18518",109,128,20,2e+06,10900001,12900000
21,"NA18521",0,49,50,5e+06,1,5000000
21,"NA18521",109,128,20,2e+06,10900001,12900000
21,"NA18854",0,49,50,5e+06,1,5000000
21,"NA18854",109,128,20,2e+06,10900001,12900000
21,"NA18857",0,49,50,5e+06,1,5000000
21,"NA18857",109,128,20,2e+06,10900001,12900000
21,"NA18860",0,51,52,5200000,1,5200000
21,"NA18860",109,128,20,2e+06,10900001,12900000
21,"NA18863",0,49,50,5e+06,1,5000000
21,"NA18863",109,128,20,2e+06,10900001,12900000
21,"NA18869",0,51,52,5200000,1,5200000
21,"NA18869",109,128,20,2e+06,10900001,12900000
21,"NA18872",0,50,51,5100000,1,5100000
21,"NA18872",109,128,20,2e+06,10900001,12900000
21,"NA18875",0,51,52,5200000,1,5200000
21,"NA18875",109,128,20,2e+06,10900001,12900000
21,"NA18906",0,49,50,5e+06,1,5000000
21,"NA18906",109,128,20,2e+06,10900001,12900000
21,"NA18911",0,51,52,5200000,1,5200000
21,"NA18911",109,128,20,2e+06,10900001,12900000
21,"NA18914",0,49,50,5e+06,1,5000000
21,"NA18914",109,128,20,2e+06,10900001,12900000
21,"NA18925",0,50,51,5100000,1,5100000
21,"NA18925",109,128,20,2e+06,10900001,12900000
21,"NA18930",0,49,50,5e+06,1,5000000
21,"NA18930",109,128,20,2e+06,10900001,12900000
21,"NA18935",0,49,50,5e+06,1,5000000
21,"NA18935",109,128,20,2e+06,10900001,12900000
21,"NA19094",0,49,50,5e+06,1,5000000
21,"NA19094",109,128,20,2e+06,10900001,12900000
21,"NA19097",0,50,51,5100000,1,5100000
21,"NA19097",109,128,20,2e+06,10900001,12900000
21,"NA19100",0,49,50,5e+06,1,5000000
21,"NA19100",109,128,20,2e+06,10900001,12900000
21,"NA19103",0,49,50,5e+06,1,5000000
21,"NA19103",109,128,20,2e+06,10900001,12900000
21,"NA19109",0,50,51,5100000,1,5100000
21,"NA19109",109,128,20,2e+06,10900001,12900000
21,"NA19115",0,49,50,5e+06,1,5000000
21,"NA19115",109,128,20,2e+06,10900001,12900000
21,"NA19120",0,49,50,5e+06,1,5000000
21,"NA19120",108,128,21,2100000,10800001,12900000
21,"NA19123",0,49,50,5e+06,1,5000000
21,"NA19123",109,128,20,2e+06,10900001,12900000
21,"NA19129",0,51,52,5200000,1,5200000
21,"NA19129",108,128,21,2100000,10800001,12900000
21,"NA19132",0,49,50,5e+06,1,5000000
21,"NA19132",109,128,20,2e+06,10900001,12900000
21,"NA19139",0,49,50,5e+06,1,5000000
21,"NA19139",109,128,20,2e+06,10900001,12900000
21,"NA19142",0,49,50,5e+06,1,5000000
21,"NA19142",109,128,20,2e+06,10900001,12900000
21,"NA19145",0,49,50,5e+06,1,5000000
21,"NA19145",109,128,20,2e+06,10900001,12900000
21,"NA19148",0,50,51,5100000,1,5100000
21,"NA19148",109,128,20,2e+06,10900001,12900000
21,"NA19151",0,50,51,5100000,1,5100000
21,"NA19151",109,128,20,2e+06,10900001,12900000
21,"NA19154",0,50,51,5100000,1,5100000
21,"NA19154",109,128,20,2e+06,10900001,12900000
21,"NA19161",0,50,51,5100000,1,5100000
21,"NA19161",109,128,20,2e+06,10900001,12900000
21,"NA19173",0,49,50,5e+06,1,5000000
21,"NA19173",108,128,21,2100000,10800001,12900000
21,"NA19174",0,51,52,5200000,1,5200000
21,"NA19174",109,128,20,2e+06,10900001,12900000
21,"NA19177",0,51,52,5200000,1,5200000
21,"NA19177",109,128,20,2e+06,10900001,12900000
21,"NA19186",0,49,50,5e+06,1,5000000
21,"NA19186",109,128,20,2e+06,10900001,12900000
21,"NA19191",0,49,50,5e+06,1,5000000
21,"NA19191",109,128,20,2e+06,10900001,12900000
21,"NA19199",0,51,52,5200000,1,5200000
21,"NA19199",109,128,20,2e+06,10900001,12900000
21,"NA19202",0,51,52,5200000,1,5200000
21,"NA19202",109,128,20,2e+06,10900001,12900000
21,"NA19205",0,49,50,5e+06,1,5000000
21,"NA19205",109,128,20,2e+06,10900001,12900000
21,"NA19208",0,50,51,5100000,1,5100000
21,"NA19208",109,128,20,2e+06,10900001,12900000
21,"NA19211",0,49,50,5e+06,1,5000000
21,"NA19211",109,128,20,2e+06,10900001,12900000
21,"NA19215",0,49,50,5e+06,1,5000000
21,"NA19215",109,128,20,2e+06,10900001,12900000
21,"NA19221",0,49,50,5e+06,1,5000000
21,"NA19221",109,128,20,2e+06,10900001,12900000
21,"NA19224",0,51,52,5200000,1,5200000
21,"NA19224",108,128,21,2100000,10800001,12900000
21,"NA19237",0,49,50,5e+06,1,5000000
21,"NA19237",109,128,20,2e+06,10900001,12900000
21,"NA19240",0,49,50,5e+06,1,5000000
21,"NA19240",109,128,20,2e+06,10900001,12900000
21,"NA19249",0,50,51,5100000,1,5100000
21,"NA19249",109,128,20,2e+06,10900001,12900000
21,"NA19258",0,49,50,5e+06,1,5000000
21,"NA19258",109,128,20,2e+06,10900001,12900000
21,"NA19650",0,51,52,5200000,1,5200000
21,"NA19650",109,128,20,2e+06,10900001,12900000
21,"NA19653",0,51,52,5200000,1,5200000
21,"NA19653",109,128,20,2e+06,10900001,12900000
21,"NA19656",0,51,52,5200000,1,5200000
21,"NA19656",108,128,21,2100000,10800001,12900000
21,"NA19659",0,51,52,5200000,1,5200000
21,"NA19659",109,128,20,2e+06,10900001,12900000
21,"NA19662",0,51,52,5200000,1,5200000
21,"NA19662",108,128,21,2100000,10800001,12900000
21,"NA19665",0,50,51,5100000,1,5100000
21,"NA19665",109,128,20,2e+06,10900001,12900000
21,"NA19671",0,51,52,5200000,1,5200000
21,"NA19671",109,128,20,2e+06,10900001,12900000
21,"NA19675",0,50,51,5100000,1,5100000
21,"NA19675",109,128,20,2e+06,10900001,12900000
21,"NA19677",0,50,51,5100000,1,5100000
21,"NA19677",109,128,20,2e+06,10900001,12900000
21,"NA19680",0,51,52,5200000,1,5200000
21,"NA19680",109,128,20,2e+06,10900001,12900000
21,"NA19683",0,51,52,5200000,1,5200000
21,"NA19683",109,128,20,2e+06,10900001,12900000
21,"NA19685",0,51,52,5200000,1,5200000
21,"NA19685",109,128,20,2e+06,10900001,12900000
21,"NA19686",0,49,50,5e+06,1,5000000
21,"NA19686",109,128,20,2e+06,10900001,12900000
21,"NA19702",0,49,50,5e+06,1,5000000
21,"NA19702",109,128,20,2e+06,10900001,12900000
21,"NA19705",0,49,50,5e+06,1,5000000
21,"NA19705",109,128,20,2e+06,10900001,12900000
21,"NA19718",0,50,51,5100000,1,5100000
21,"NA19718",109,128,20,2e+06,10900001,12900000
21,"NA19721",0,50,51,5100000,1,5100000
21,"NA19721",109,128,20,2e+06,10900001,12900000
21,"NA19724",0,50,51,5100000,1,5100000
21,"NA19724",109,128,20,2e+06,10900001,12900000
21,"NA19727",0,49,50,5e+06,1,5000000
21,"NA19727",109,128,20,2e+06,10900001,12900000
21,"NA19730",0,51,52,5200000,1,5200000
21,"NA19730",109,128,20,2e+06,10900001,12900000
21,"NA19733",0,51,52,5200000,1,5200000
21,"NA19733",109,128,20,2e+06,10900001,12900000
21,"NA19748",0,50,51,5100000,1,5100000
21,"NA19748",109,128,20,2e+06,10900001,12900000
21,"NA19751",0,50,51,5100000,1,5100000
21,"NA19751",109,128,20,2e+06,10900001,12900000
21,"NA19757",0,50,51,5100000,1,5100000
21,"NA19757",109,128,20,2e+06,10900001,12900000
21,"NA19760",0,51,52,5200000,1,5200000
21,"NA19760",109,128,20,2e+06,10900001,12900000
21,"NA19763",0,50,51,5100000,1,5100000
21,"NA19763",109,128,20,2e+06,10900001,12900000
21,"NA19772",0,50,51,5100000,1,5100000
21,"NA19772",109,128,20,2e+06,10900001,12900000
21,"NA19775",0,50,51,5100000,1,5100000
21,"NA19775",109,128,20,2e+06,10900001,12900000
21,"NA19778",0,51,52,5200000,1,5200000
21,"NA19778",109,128,20,2e+06,10900001,12900000
21,"NA19781",0,50,51,5100000,1,5100000
21,"NA19781",109,128,20,2e+06,10900001,12900000
21,"NA19784",0,51,52,5200000,1,5200000
21,"NA19784",109,128,20,2e+06,10900001,12900000
21,"NA19787",0,51,52,5200000,1,5200000
21,"NA19787",109,128,20,2e+06,10900001,12900000
21,"NA19790",0,51,52,5200000,1,5200000
21,"NA19790",109,128,20,2e+06,10900001,12900000
21,"NA19796",0,51,52,5200000,1,5200000
21,"NA19796",109,128,20,2e+06,10900001,12900000
21,"NA19828",0,51,52,5200000,1,5200000
21,"NA19828",109,128,20,2e+06,10900001,12900000
21,"NA19836",0,51,52,5200000,1,5200000
21,"NA19836",108,128,21,2100000,10800001,12900000
21,"NA19902",0,51,52,5200000,1,5200000
21,"NA19902",109,128,20,2e+06,10900001,12900000
21,"NA19918",0,49,50,5e+06,1,5000000
21,"NA19918",109,128,20,2e+06,10900001,12900000
21,"NA19919",0,51,52,5200000,1,5200000
21,"NA19919",109,128,20,2e+06,10900001,12900000
21,"NA19924",0,49,50,5e+06,1,5000000
21,"NA19924",109,128,20,2e+06,10900001,12900000
21,"NA19983",0,51,52,5200000,1,5200000
21,"NA19983",109,128,20,2e+06,10900001,12900000
21,"NA20128",0,50,51,5100000,1,5100000
21,"NA20128",109,128,20,2e+06,10900001,12900000
21,"NA20129",0,49,50,5e+06,1,5000000
21,"NA20129",109,128,20,2e+06,10900001,12900000
21,"NA20279",0,51,52,5200000,1,5200000
21,"NA20279",109,128,20,2e+06,10900001,12900000
21,"NA20358",0,49,50,5e+06,1,5000000
21,"NA20358",109,128,20,2e+06,10900001,12900000
22,"HG00405",0,104,105,10500000,1,10500000
22,"HG00405",129,150,22,2200000,12900001,15100000
22,"HG00408",0,104,105,10500000,1,10500000
22,"HG00408",129,150,22,2200000,12900001,15100000
22,"HG00420",0,104,105,10500000,1,10500000
22,"HG00420",129,150,22,2200000,12900001,15100000
22,"HG00423",0,104,105,10500000,1,10500000
22,"HG00423",129,150,22,2200000,12900001,15100000
22,"HG00429",0,104,105,10500000,1,10500000
22,"HG00429",129,150,22,2200000,12900001,15100000
22,"HG00438",0,104,105,10500000,1,10500000
22,"HG00438",129,150,22,2200000,12900001,15100000
22,"HG00444",0,104,105,10500000,1,10500000
22,"HG00444",130,150,21,2100000,13000001,15100000
22,"HG00447",0,104,105,10500000,1,10500000
22,"HG00447",129,150,22,2200000,12900001,15100000
22,"HG00450",0,104,105,10500000,1,10500000
22,"HG00450",129,150,22,2200000,12900001,15100000
22,"HG00453",0,104,105,10500000,1,10500000
22,"HG00453",129,150,22,2200000,12900001,15100000
22,"HG00459",0,104,105,10500000,1,10500000
22,"HG00459",129,150,22,2200000,12900001,15100000
22,"HG00465",0,104,105,10500000,1,10500000
22,"HG00465",130,150,21,2100000,13000001,15100000
22,"HG00474",0,104,105,10500000,1,10500000
22,"HG00474",130,150,21,2100000,13000001,15100000
22,"HG00477",0,105,106,10600000,1,10600000
22,"HG00477",129,150,22,2200000,12900001,15100000
22,"HG00480",0,105,106,10600000,1,10600000
22,"HG00480",129,150,22,2200000,12900001,15100000
22,"HG00502",0,104,105,10500000,1,10500000
22,"HG00502",129,150,22,2200000,12900001,15100000
22,"HG00514",0,104,105,10500000,1,10500000
22,"HG00514",130,150,21,2100000,13000001,15100000
22,"HG00526",0,104,105,10500000,1,10500000
22,"HG00526",129,150,22,2200000,12900001,15100000
22,"HG00532",0,104,105,10500000,1,10500000
22,"HG00532",129,150,22,2200000,12900001,15100000
22,"HG00535",0,104,105,10500000,1,10500000
22,"HG00535",129,150,22,2200000,12900001,15100000
22,"HG00538",0,104,105,10500000,1,10500000
22,"HG00538",129,150,22,2200000,12900001,15100000
22,"HG00544",0,104,105,10500000,1,10500000
22,"HG00544",129,150,22,2200000,12900001,15100000
22,"HG00552",0,104,105,10500000,1,10500000
22,"HG00552",129,150,22,2200000,12900001,15100000
22,"HG00555",0,105,106,10600000,1,10600000
22,"HG00555",129,150,22,2200000,12900001,15100000
22,"HG00558",0,105,106,10600000,1,10600000
22,"HG00558",129,150,22,2200000,12900001,15100000
22,"HG00561",0,104,105,10500000,1,10500000
22,"HG00561",130,150,21,2100000,13000001,15100000
22,"HG00567",0,104,105,10500000,1,10500000
22,"HG00567",129,150,22,2200000,12900001,15100000
22,"HG00579",0,104,105,10500000,1,10500000
22,"HG00579",129,150,22,2200000,12900001,15100000
22,"HG00582",0,104,105,10500000,1,10500000
22,"HG00582",130,150,21,2100000,13000001,15100000
22,"HG00585",0,104,105,10500000,1,10500000
22,"HG00585",129,150,22,2200000,12900001,15100000
22,"HG00591",0,104,105,10500000,1,10500000
22,"HG00591",129,150,22,2200000,12900001,15100000
22,"HG00594",0,104,105,10500000,1,10500000
22,"HG00594",129,150,22,2200000,12900001,15100000
22,"HG00597",0,104,105,10500000,1,10500000
22,"HG00597",129,150,22,2200000,12900001,15100000
22,"HG00609",0,104,105,10500000,1,10500000
22,"HG00609",130,150,21,2100000,13000001,15100000
22,"HG00612",0,104,105,10500000,1,10500000
22,"HG00612",129,150,22,2200000,12900001,15100000
22,"HG00615",0,104,105,10500000,1,10500000
22,"HG00615",129,150,22,2200000,12900001,15100000
22,"HG00621",0,104,105,10500000,1,10500000
22,"HG00621",129,150,22,2200000,12900001,15100000
22,"HG00627",0,104,105,10500000,1,10500000
22,"HG00627",129,150,22,2200000,12900001,15100000
22,"HG00630",0,104,105,10500000,1,10500000
22,"HG00630",130,150,21,2100000,13000001,15100000
22,"HG00636",0,104,105,10500000,1,10500000
22,"HG00636",129,150,22,2200000,12900001,15100000
22,"HG00639",0,104,105,10500000,1,10500000
22,"HG00639",129,150,22,2200000,12900001,15100000
22,"HG00639",326,353,28,2800000,32600001,35400000
22,"HG00642",0,104,105,10500000,1,10500000
22,"HG00642",129,150,22,2200000,12900001,15100000
22,"HG00652",0,104,105,10500000,1,10500000
22,"HG00652",129,150,22,2200000,12900001,15100000
22,"HG00655",0,104,105,10500000,1,10500000
22,"HG00655",129,150,22,2200000,12900001,15100000
22,"HG00658",0,104,105,10500000,1,10500000
22,"HG00658",129,150,22,2200000,12900001,15100000
22,"HG00664",0,104,105,10500000,1,10500000
22,"HG00664",129,150,22,2200000,12900001,15100000
22,"HG00673",0,104,105,10500000,1,10500000
22,"HG00673",129,150,22,2200000,12900001,15100000
22,"HG00685",0,104,105,10500000,1,10500000
22,"HG00685",128,150,23,2300000,12800001,15100000
22,"HG00691",0,104,105,10500000,1,10500000
22,"HG00691",129,150,22,2200000,12900001,15100000
22,"HG00694",0,104,105,10500000,1,10500000
22,"HG00694",129,150,22,2200000,12900001,15100000
22,"HG00700",0,104,105,10500000,1,10500000
22,"HG00700",129,150,22,2200000,12900001,15100000
22,"HG00702",0,104,105,10500000,1,10500000
22,"HG00702",129,150,22,2200000,12900001,15100000
22,"HG00703",0,104,105,10500000,1,10500000
22,"HG00703",129,150,22,2200000,12900001,15100000
22,"HG00706",0,104,105,10500000,1,10500000
22,"HG00706",129,150,22,2200000,12900001,15100000
22,"HG00709",0,104,105,10500000,1,10500000
22,"HG00709",129,150,22,2200000,12900001,15100000
22,"HG00733",0,104,105,10500000,1,10500000
22,"HG00733",130,150,21,2100000,13000001,15100000
22,"HG00735",0,104,105,10500000,1,10500000
22,"HG00735",130,150,21,2100000,13000001,15100000
22,"HG00738",0,104,105,10500000,1,10500000
22,"HG00738",129,150,22,2200000,12900001,15100000
22,"HG00741",0,104,105,10500000,1,10500000
22,"HG00741",129,150,22,2200000,12900001,15100000
22,"HG01050",0,104,105,10500000,1,10500000
22,"HG01050",129,150,22,2200000,12900001,15100000
22,"HG01053",0,104,105,10500000,1,10500000
22,"HG01053",129,150,22,2200000,12900001,15100000
22,"HG01056",0,104,105,10500000,1,10500000
22,"HG01056",129,150,22,2200000,12900001,15100000
22,"HG01062",0,104,105,10500000,1,10500000
22,"HG01062",130,150,21,2100000,13000001,15100000
22,"HG01068",0,104,105,10500000,1,10500000
22,"HG01068",129,150,22,2200000,12900001,15100000
22,"HG01071",0,104,105,10500000,1,10500000
22,"HG01071",129,150,22,2200000,12900001,15100000
22,"HG01074",0,104,105,10500000,1,10500000
22,"HG01074",129,150,22,2200000,12900001,15100000
22,"HG01074",444,481,38,3800000,44400001,48200000
22,"HG01081",0,104,105,10500000,1,10500000
22,"HG01081",129,150,22,2200000,12900001,15100000
22,"HG01084",0,104,105,10500000,1,10500000
22,"HG01084",129,150,22,2200000,12900001,15100000
22,"HG01087",0,104,105,10500000,1,10500000
22,"HG01087",129,150,22,2200000,12900001,15100000
22,"HG01096",0,104,105,10500000,1,10500000
22,"HG01096",129,150,22,2200000,12900001,15100000
22,"HG01099",0,104,105,10500000,1,10500000
22,"HG01099",129,150,22,2200000,12900001,15100000
22,"HG01100",0,104,105,10500000,1,10500000
22,"HG01100",129,150,22,2200000,12900001,15100000
22,"HG01103",0,104,105,10500000,1,10500000
22,"HG01103",129,150,22,2200000,12900001,15100000
22,"HG01106",0,104,105,10500000,1,10500000
22,"HG01106",129,150,22,2200000,12900001,15100000
22,"HG01109",0,104,105,10500000,1,10500000
22,"HG01109",129,150,22,2200000,12900001,15100000
22,"HG01114",0,104,105,10500000,1,10500000
22,"HG01114",130,150,21,2100000,13000001,15100000
22,"HG01126",0,104,105,10500000,1,10500000
22,"HG01126",129,150,22,2200000,12900001,15100000
22,"HG01135",0,104,105,10500000,1,10500000
22,"HG01135",130,150,21,2100000,13000001,15100000
22,"HG01138",0,104,105,10500000,1,10500000
22,"HG01138",129,150,22,2200000,12900001,15100000
22,"HG01141",0,104,105,10500000,1,10500000
22,"HG01141",130,150,21,2100000,13000001,15100000
22,"HG01150",0,104,105,10500000,1,10500000
22,"HG01150",129,150,22,2200000,12900001,15100000
22,"HG01169",0,104,105,10500000,1,10500000
22,"HG01169",129,150,22,2200000,12900001,15100000
22,"HG01172",0,104,105,10500000,1,10500000
22,"HG01172",130,150,21,2100000,13000001,15100000
22,"HG01175",0,104,105,10500000,1,10500000
22,"HG01175",129,150,22,2200000,12900001,15100000
22,"HG01178",0,104,105,10500000,1,10500000
22,"HG01178",129,150,22,2200000,12900001,15100000
22,"HG01184",0,104,105,10500000,1,10500000
22,"HG01184",129,150,22,2200000,12900001,15100000
22,"HG01189",0,104,105,10500000,1,10500000
22,"HG01189",129,150,22,2200000,12900001,15100000
22,"HG01192",0,104,105,10500000,1,10500000
22,"HG01192",129,150,22,2200000,12900001,15100000
22,"HG01199",0,104,105,10500000,1,10500000
22,"HG01199",129,150,22,2200000,12900001,15100000
22,"HG01206",0,104,105,10500000,1,10500000
22,"HG01206",129,150,22,2200000,12900001,15100000
22,"HG01243",0,104,105,10500000,1,10500000
22,"HG01243",129,150,22,2200000,12900001,15100000
22,"HG01249",0,104,105,10500000,1,10500000
22,"HG01249",129,150,22,2200000,12900001,15100000
22,"HG01252",0,104,105,10500000,1,10500000
22,"HG01252",129,150,22,2200000,12900001,15100000
22,"HG01255",0,104,105,10500000,1,10500000
22,"HG01255",130,150,21,2100000,13000001,15100000
22,"HG01258",0,104,105,10500000,1,10500000
22,"HG01258",129,150,22,2200000,12900001,15100000
22,"HG01261",0,104,105,10500000,1,10500000
22,"HG01261",129,150,22,2200000,12900001,15100000
22,"HG01273",0,104,105,10500000,1,10500000
22,"HG01273",129,150,22,2200000,12900001,15100000
22,"HG01276",0,105,106,10600000,1,10600000
22,"HG01276",129,150,22,2200000,12900001,15100000
22,"HG01279",0,104,105,10500000,1,10500000
22,"HG01279",129,150,22,2200000,12900001,15100000
22,"HG01279",171,180,10,1e+06,17100001,18100000
22,"HG01279",190,202,13,1300000,19000001,20300000
22,"HG01343",0,104,105,10500000,1,10500000
22,"HG01343",129,150,22,2200000,12900001,15100000
22,"HG01346",0,104,105,10500000,1,10500000
22,"HG01346",129,150,22,2200000,12900001,15100000
22,"HG01349",0,105,106,10600000,1,10600000
22,"HG01349",129,150,22,2200000,12900001,15100000
22,"HG01352",0,104,105,10500000,1,10500000
22,"HG01352",129,150,22,2200000,12900001,15100000
22,"HG01355",0,104,105,10500000,1,10500000
22,"HG01355",129,150,22,2200000,12900001,15100000
22,"HG01358",0,105,106,10600000,1,10600000
22,"HG01358",129,150,22,2200000,12900001,15100000
22,"HG01361",0,104,105,10500000,1,10500000
22,"HG01361",129,150,22,2200000,12900001,15100000
22,"HG01367",0,104,105,10500000,1,10500000
22,"HG01367",129,150,22,2200000,12900001,15100000
22,"HG01376",0,104,105,10500000,1,10500000
22,"HG01376",129,150,22,2200000,12900001,15100000
22,"HG01379",0,104,105,10500000,1,10500000
22,"HG01379",130,150,21,2100000,13000001,15100000
22,"HG01385",0,104,105,10500000,1,10500000
22,"HG01385",130,150,21,2100000,13000001,15100000
22,"HG01391",0,105,106,10600000,1,10600000
22,"HG01391",129,150,22,2200000,12900001,15100000
22,"HG01433",0,104,105,10500000,1,10500000
22,"HG01433",129,150,22,2200000,12900001,15100000
22,"HG01439",0,104,105,10500000,1,10500000
22,"HG01439",130,150,21,2100000,13000001,15100000
22,"HG01457",0,104,105,10500000,1,10500000
22,"HG01457",130,150,21,2100000,13000001,15100000
22,"HG01463",0,104,105,10500000,1,10500000
22,"HG01463",130,150,21,2100000,13000001,15100000
22,"HG01466",0,104,105,10500000,1,10500000
22,"HG01466",129,150,22,2200000,12900001,15100000
22,"HG01490",0,104,105,10500000,1,10500000
22,"HG01490",130,150,21,2100000,13000001,15100000
22,"HG01493",0,104,105,10500000,1,10500000
22,"HG01493",129,150,22,2200000,12900001,15100000
22,"HG01496",0,104,105,10500000,1,10500000
22,"HG01496",129,150,22,2200000,12900001,15100000
22,"HG01499",0,104,105,10500000,1,10500000
22,"HG01499",129,150,22,2200000,12900001,15100000
22,"HG01552",0,104,105,10500000,1,10500000
22,"HG01552",129,150,22,2200000,12900001,15100000
22,"HG01567",0,106,107,10700000,1,10700000
22,"HG01567",129,150,22,2200000,12900001,15100000
22,"HG01573",0,104,105,10500000,1,10500000
22,"HG01573",129,150,22,2200000,12900001,15100000
22,"HG01579",0,104,105,10500000,1,10500000
22,"HG01579",129,150,22,2200000,12900001,15100000
22,"HG01881",0,104,105,10500000,1,10500000
22,"HG01881",129,150,22,2200000,12900001,15100000
22,"HG01884",0,104,105,10500000,1,10500000
22,"HG01884",130,150,21,2100000,13000001,15100000
22,"HG01887",0,104,105,10500000,1,10500000
22,"HG01887",130,150,21,2100000,13000001,15100000
22,"HG01888",0,104,105,10500000,1,10500000
22,"HG01888",129,150,22,2200000,12900001,15100000
22,"HG01891",0,104,105,10500000,1,10500000
22,"HG01891",130,150,21,2100000,13000001,15100000
22,"HG01895",0,104,105,10500000,1,10500000
22,"HG01895",130,150,21,2100000,13000001,15100000
22,"HG01897",0,104,105,10500000,1,10500000
22,"HG01897",129,150,22,2200000,12900001,15100000
22,"HG01898",0,104,105,10500000,1,10500000
22,"HG01898",129,150,22,2200000,12900001,15100000
22,"HG01916",0,104,105,10500000,1,10500000
22,"HG01916",130,150,21,2100000,13000001,15100000
22,"HG01919",0,104,105,10500000,1,10500000
22,"HG01919",129,150,22,2200000,12900001,15100000
22,"HG01922",0,104,105,10500000,1,10500000
22,"HG01922",129,150,22,2200000,12900001,15100000
22,"HG01925",0,104,105,10500000,1,10500000
22,"HG01925",129,150,22,2200000,12900001,15100000
22,"HG01928",0,104,105,10500000,1,10500000
22,"HG01928",129,150,22,2200000,12900001,15100000
22,"HG01934",0,104,105,10500000,1,10500000
22,"HG01934",130,150,21,2100000,13000001,15100000
22,"HG01937",0,104,105,10500000,1,10500000
22,"HG01937",129,150,22,2200000,12900001,15100000
22,"HG01940",0,104,105,10500000,1,10500000
22,"HG01940",129,150,22,2200000,12900001,15100000
22,"HG01943",0,104,105,10500000,1,10500000
22,"HG01943",129,150,22,2200000,12900001,15100000
22,"HG01946",0,104,105,10500000,1,10500000
22,"HG01946",129,150,22,2200000,12900001,15100000
22,"HG01949",0,104,105,10500000,1,10500000
22,"HG01949",129,150,22,2200000,12900001,15100000
22,"HG01952",0,104,105,10500000,1,10500000
22,"HG01952",129,150,22,2200000,12900001,15100000
22,"HG01955",0,104,105,10500000,1,10500000
22,"HG01955",129,150,22,2200000,12900001,15100000
22,"HG01959",0,104,105,10500000,1,10500000
22,"HG01959",130,150,21,2100000,13000001,15100000
22,"HG01960",0,104,105,10500000,1,10500000
22,"HG01960",129,150,22,2200000,12900001,15100000
22,"HG01969",0,104,105,10500000,1,10500000
22,"HG01969",129,150,22,2200000,12900001,15100000
22,"HG01972",0,104,105,10500000,1,10500000
22,"HG01972",130,150,21,2100000,13000001,15100000
22,"HG01975",0,104,105,10500000,1,10500000
22,"HG01975",129,151,23,2300000,12900001,15200000
22,"HG01978",0,104,105,10500000,1,10500000
22,"HG01978",129,150,22,2200000,12900001,15100000
22,"HG01981",0,104,105,10500000,1,10500000
22,"HG01981",129,150,22,2200000,12900001,15100000
22,"HG01984",0,104,105,10500000,1,10500000
22,"HG01984",129,150,22,2200000,12900001,15100000
22,"HG01987",0,104,105,10500000,1,10500000
22,"HG01987",130,150,21,2100000,13000001,15100000
22,"HG01993",0,104,105,10500000,1,10500000
22,"HG01993",129,150,22,2200000,12900001,15100000
22,"HG01998",0,104,105,10500000,1,10500000
22,"HG01998",129,150,22,2200000,12900001,15100000
22,"HG02004",0,104,105,10500000,1,10500000
22,"HG02004",129,151,23,2300000,12900001,15200000
22,"HG02011",0,104,105,10500000,1,10500000
22,"HG02011",130,150,21,2100000,13000001,15100000
22,"HG02055",0,104,105,10500000,1,10500000
22,"HG02055",130,150,21,2100000,13000001,15100000
22,"HG02091",0,104,105,10500000,1,10500000
22,"HG02091",129,150,22,2200000,12900001,15100000
22,"HG02106",0,104,105,10500000,1,10500000
22,"HG02106",130,150,21,2100000,13000001,15100000
22,"HG02145",0,104,105,10500000,1,10500000
22,"HG02145",129,150,22,2200000,12900001,15100000
22,"HG02148",0,104,105,10500000,1,10500000
22,"HG02148",129,150,22,2200000,12900001,15100000
22,"HG02257",0,104,105,10500000,1,10500000
22,"HG02257",129,150,22,2200000,12900001,15100000
22,"HG02258",0,104,105,10500000,1,10500000
22,"HG02258",129,150,22,2200000,12900001,15100000
22,"HG02261",0,104,105,10500000,1,10500000
22,"HG02261",129,150,22,2200000,12900001,15100000
22,"HG02273",0,104,105,10500000,1,10500000
22,"HG02273",129,150,22,2200000,12900001,15100000
22,"HG02279",0,104,105,10500000,1,10500000
22,"HG02279",129,150,22,2200000,12900001,15100000
22,"HG02280",0,104,105,10500000,1,10500000
22,"HG02280",130,150,21,2100000,13000001,15100000
22,"HG02287",0,105,106,10600000,1,10600000
22,"HG02287",130,150,21,2100000,13000001,15100000
22,"HG02293",0,105,106,10600000,1,10600000
22,"HG02293",129,150,22,2200000,12900001,15100000
22,"HG02300",0,104,105,10500000,1,10500000
22,"HG02300",129,150,22,2200000,12900001,15100000
22,"HG02303",0,104,105,10500000,1,10500000
22,"HG02303",129,150,22,2200000,12900001,15100000
22,"HG02316",0,104,105,10500000,1,10500000
22,"HG02316",130,150,21,2100000,13000001,15100000
22,"HG02321",0,104,105,10500000,1,10500000
22,"HG02321",130,150,21,2100000,13000001,15100000
22,"HG02451",0,104,105,10500000,1,10500000
22,"HG02451",130,150,21,2100000,13000001,15100000
22,"HG02924",0,104,105,10500000,1,10500000
22,"HG02924",129,150,22,2200000,12900001,15100000
22,"HG02945",0,104,105,10500000,1,10500000
22,"HG02945",129,150,22,2200000,12900001,15100000
22,"HG02948",0,104,105,10500000,1,10500000
22,"HG02948",130,150,21,2100000,13000001,15100000
22,"HG02954",0,104,105,10500000,1,10500000
22,"HG02954",130,150,21,2100000,13000001,15100000
22,"HG02966",0,104,105,10500000,1,10500000
22,"HG02966",130,150,21,2100000,13000001,15100000
22,"HG02972",0,104,105,10500000,1,10500000
22,"HG02972",130,150,21,2100000,13000001,15100000
22,"HG02975",0,104,105,10500000,1,10500000
22,"HG02975",129,150,22,2200000,12900001,15100000
22,"HG02978",0,104,105,10500000,1,10500000
22,"HG02978",130,150,21,2100000,13000001,15100000
22,"HG02980",0,104,105,10500000,1,10500000
22,"HG02980",129,150,22,2200000,12900001,15100000
22,"HG03101",0,104,105,10500000,1,10500000
22,"HG03101",130,150,21,2100000,13000001,15100000
22,"HG03101",272,292,21,2100000,27200001,29300000
22,"HG03110",0,104,105,10500000,1,10500000
22,"HG03110",129,150,22,2200000,12900001,15100000
22,"HG03113",0,105,106,10600000,1,10600000
22,"HG03113",130,150,21,2100000,13000001,15100000
22,"HG03116",0,104,105,10500000,1,10500000
22,"HG03116",130,150,21,2100000,13000001,15100000
22,"HG03116",400,410,11,1100000,40000001,41100000
22,"HG03119",0,104,105,10500000,1,10500000
22,"HG03119",129,150,22,2200000,12900001,15100000
22,"HG03122",0,104,105,10500000,1,10500000
22,"HG03122",129,150,22,2200000,12900001,15100000
22,"HG03125",0,104,105,10500000,1,10500000
22,"HG03125",130,150,21,2100000,13000001,15100000
22,"HG03128",0,104,105,10500000,1,10500000
22,"HG03128",129,150,22,2200000,12900001,15100000
22,"HG03131",0,104,105,10500000,1,10500000
22,"HG03131",129,150,22,2200000,12900001,15100000
22,"HG03134",0,104,105,10500000,1,10500000
22,"HG03134",129,150,22,2200000,12900001,15100000
22,"HG03137",0,104,105,10500000,1,10500000
22,"HG03137",129,150,22,2200000,12900001,15100000
22,"HG03161",0,104,105,10500000,1,10500000
22,"HG03161",130,150,21,2100000,13000001,15100000
22,"HG03164",0,104,105,10500000,1,10500000
22,"HG03164",129,150,22,2200000,12900001,15100000
22,"HG03170",0,104,105,10500000,1,10500000
22,"HG03170",129,150,22,2200000,12900001,15100000
22,"HG03191",0,104,105,10500000,1,10500000
22,"HG03191",130,150,21,2100000,13000001,15100000
22,"HG03197",0,104,105,10500000,1,10500000
22,"HG03197",129,150,22,2200000,12900001,15100000
22,"HG03200",0,104,105,10500000,1,10500000
22,"HG03200",129,150,22,2200000,12900001,15100000
22,"HG03269",0,104,105,10500000,1,10500000
22,"HG03269",129,150,22,2200000,12900001,15100000
22,"HG03272",0,104,105,10500000,1,10500000
22,"HG03272",129,150,22,2200000,12900001,15100000
22,"HG03296",0,104,105,10500000,1,10500000
22,"HG03296",130,150,21,2100000,13000001,15100000
22,"HG03299",0,104,105,10500000,1,10500000
22,"HG03299",129,150,22,2200000,12900001,15100000
22,"HG03302",0,104,105,10500000,1,10500000
22,"HG03302",130,150,21,2100000,13000001,15100000
22,"HG03305",0,104,105,10500000,1,10500000
22,"HG03305",130,150,21,2100000,13000001,15100000
22,"HG03308",0,104,105,10500000,1,10500000
22,"HG03308",130,150,21,2100000,13000001,15100000
22,"HG03310",0,104,105,10500000,1,10500000
22,"HG03310",129,150,22,2200000,12900001,15100000
22,"HG03314",0,104,105,10500000,1,10500000
22,"HG03314",130,150,21,2100000,13000001,15100000
22,"HG03344",0,104,105,10500000,1,10500000
22,"HG03344",130,150,21,2100000,13000001,15100000
22,"HG03350",0,104,105,10500000,1,10500000
22,"HG03350",129,150,22,2200000,12900001,15100000
22,"HG03368",0,104,105,10500000,1,10500000
22,"HG03368",129,150,22,2200000,12900001,15100000
22,"HG03371",0,104,105,10500000,1,10500000
22,"HG03371",130,150,21,2100000,13000001,15100000
22,"HG03374",0,104,105,10500000,1,10500000
22,"HG03374",129,150,22,2200000,12900001,15100000
22,"HG03516",0,104,105,10500000,1,10500000
22,"HG03516",129,150,22,2200000,12900001,15100000
22,"HG03519",0,104,105,10500000,1,10500000
22,"HG03519",130,150,21,2100000,13000001,15100000
22,"HG03522",0,104,105,10500000,1,10500000
22,"HG03522",129,150,22,2200000,12900001,15100000
22,"NA06991",0,104,105,10500000,1,10500000
22,"NA06991",129,150,22,2200000,12900001,15100000
22,"NA06995",0,104,105,10500000,1,10500000
22,"NA06995",129,150,22,2200000,12900001,15100000
22,"NA06997",0,104,105,10500000,1,10500000
22,"NA06997",129,150,22,2200000,12900001,15100000
22,"NA07014",0,104,105,10500000,1,10500000
22,"NA07014",129,150,22,2200000,12900001,15100000
22,"NA07019",0,104,105,10500000,1,10500000
22,"NA07019",130,150,21,2100000,13000001,15100000
22,"NA07029",0,104,105,10500000,1,10500000
22,"NA07029",130,150,21,2100000,13000001,15100000
22,"NA07048",0,104,105,10500000,1,10500000
22,"NA07048",130,150,21,2100000,13000001,15100000
22,"NA07348",0,104,105,10500000,1,10500000
22,"NA07348",129,150,22,2200000,12900001,15100000
22,"NA07349",0,104,105,10500000,1,10500000
22,"NA07349",129,150,22,2200000,12900001,15100000
22,"NA10830",0,104,105,10500000,1,10500000
22,"NA10830",129,150,22,2200000,12900001,15100000
22,"NA10831",0,104,105,10500000,1,10500000
22,"NA10831",129,150,22,2200000,12900001,15100000
22,"NA10835",0,104,105,10500000,1,10500000
22,"NA10835",129,150,22,2200000,12900001,15100000
22,"NA10836",0,104,105,10500000,1,10500000
22,"NA10836",129,150,22,2200000,12900001,15100000
22,"NA10837",0,104,105,10500000,1,10500000
22,"NA10837",129,150,22,2200000,12900001,15100000
22,"NA10838",0,104,105,10500000,1,10500000
22,"NA10838",129,150,22,2200000,12900001,15100000
22,"NA10839",0,104,105,10500000,1,10500000
22,"NA10839",129,150,22,2200000,12900001,15100000
22,"NA10840",0,104,105,10500000,1,10500000
22,"NA10840",130,150,21,2100000,13000001,15100000
22,"NA10842",0,104,105,10500000,1,10500000
22,"NA10842",129,150,22,2200000,12900001,15100000
22,"NA10843",0,104,105,10500000,1,10500000
22,"NA10843",129,150,22,2200000,12900001,15100000
22,"NA10845",0,104,105,10500000,1,10500000
22,"NA10845",129,150,22,2200000,12900001,15100000
22,"NA10846",0,104,105,10500000,1,10500000
22,"NA10846",129,150,22,2200000,12900001,15100000
22,"NA10847",0,104,105,10500000,1,10500000
22,"NA10847",129,150,22,2200000,12900001,15100000
22,"NA10851",0,104,105,10500000,1,10500000
22,"NA10851",129,150,22,2200000,12900001,15100000
22,"NA10852",0,104,105,10500000,1,10500000
22,"NA10852",130,150,21,2100000,13000001,15100000
22,"NA10854",0,104,105,10500000,1,10500000
22,"NA10854",129,150,22,2200000,12900001,15100000
22,"NA10855",0,104,105,10500000,1,10500000
22,"NA10855",129,150,22,2200000,12900001,15100000
22,"NA10856",0,104,105,10500000,1,10500000
22,"NA10856",129,150,22,2200000,12900001,15100000
22,"NA10857",0,105,106,10600000,1,10600000
22,"NA10857",130,150,21,2100000,13000001,15100000
22,"NA10859",0,104,105,10500000,1,10500000
22,"NA10859",129,150,22,2200000,12900001,15100000
22,"NA10860",0,104,105,10500000,1,10500000
22,"NA10860",129,150,22,2200000,12900001,15100000
22,"NA10861",0,104,105,10500000,1,10500000
22,"NA10861",130,150,21,2100000,13000001,15100000
22,"NA10863",0,104,105,10500000,1,10500000
22,"NA10863",129,150,22,2200000,12900001,15100000
22,"NA10864",0,104,105,10500000,1,10500000
22,"NA10864",129,150,22,2200000,12900001,15100000
22,"NA10865",0,104,105,10500000,1,10500000
22,"NA10865",129,150,22,2200000,12900001,15100000
22,"NA12329",0,104,105,10500000,1,10500000
22,"NA12329",129,150,22,2200000,12900001,15100000
22,"NA12335",0,104,105,10500000,1,10500000
22,"NA12335",129,150,22,2200000,12900001,15100000
22,"NA12336",0,104,105,10500000,1,10500000
22,"NA12336",129,150,22,2200000,12900001,15100000
22,"NA12344",0,104,105,10500000,1,10500000
22,"NA12344",129,150,22,2200000,12900001,15100000
22,"NA12376",0,105,106,10600000,1,10600000
22,"NA12376",129,150,22,2200000,12900001,15100000
22,"NA12386",0,104,105,10500000,1,10500000
22,"NA12386",129,150,22,2200000,12900001,15100000
22,"NA12485",0,105,106,10600000,1,10600000
22,"NA12485",129,150,22,2200000,12900001,15100000
22,"NA12707",0,104,105,10500000,1,10500000
22,"NA12707",130,150,21,2100000,13000001,15100000
22,"NA12739",0,104,105,10500000,1,10500000
22,"NA12739",130,150,21,2100000,13000001,15100000
22,"NA12740",0,104,105,10500000,1,10500000
22,"NA12740",129,150,22,2200000,12900001,15100000
22,"NA12752",0,104,105,10500000,1,10500000
22,"NA12752",129,150,22,2200000,12900001,15100000
22,"NA12753",0,104,105,10500000,1,10500000
22,"NA12753",129,150,22,2200000,12900001,15100000
22,"NA12766",0,104,105,10500000,1,10500000
22,"NA12766",129,150,22,2200000,12900001,15100000
22,"NA12767",0,104,105,10500000,1,10500000
22,"NA12767",129,150,22,2200000,12900001,15100000
22,"NA12801",0,104,105,10500000,1,10500000
22,"NA12801",129,150,22,2200000,12900001,15100000
22,"NA12802",0,104,105,10500000,1,10500000
22,"NA12802",129,150,22,2200000,12900001,15100000
22,"NA12817",0,104,105,10500000,1,10500000
22,"NA12817",129,150,22,2200000,12900001,15100000
22,"NA12818",0,104,105,10500000,1,10500000
22,"NA12818",129,150,22,2200000,12900001,15100000
22,"NA12832",0,104,105,10500000,1,10500000
22,"NA12832",129,150,22,2200000,12900001,15100000
22,"NA12864",0,105,106,10600000,1,10600000
22,"NA12864",129,150,22,2200000,12900001,15100000
22,"NA12865",0,104,105,10500000,1,10500000
22,"NA12865",129,150,22,2200000,12900001,15100000
22,"NA12877",0,104,105,10500000,1,10500000
22,"NA12877",129,150,22,2200000,12900001,15100000
22,"NA12878",0,104,105,10500000,1,10500000
22,"NA12878",129,150,22,2200000,12900001,15100000
22,"NA18484",0,104,105,10500000,1,10500000
22,"NA18484",130,150,21,2100000,13000001,15100000
22,"NA18485",0,104,105,10500000,1,10500000
22,"NA18485",130,150,21,2100000,13000001,15100000
22,"NA18497",0,104,105,10500000,1,10500000
22,"NA18497",130,150,21,2100000,13000001,15100000
22,"NA18500",0,104,105,10500000,1,10500000
22,"NA18500",129,150,22,2200000,12900001,15100000
22,"NA18503",0,104,105,10500000,1,10500000
22,"NA18503",130,150,21,2100000,13000001,15100000
22,"NA18506",0,104,105,10500000,1,10500000
22,"NA18506",129,150,22,2200000,12900001,15100000
22,"NA18515",0,104,105,10500000,1,10500000
22,"NA18515",130,150,21,2100000,13000001,15100000
22,"NA18518",0,104,105,10500000,1,10500000
22,"NA18518",130,150,21,2100000,13000001,15100000
22,"NA18521",0,104,105,10500000,1,10500000
22,"NA18521",130,150,21,2100000,13000001,15100000
22,"NA18854",0,104,105,10500000,1,10500000
22,"NA18854",130,150,21,2100000,13000001,15100000
22,"NA18857",0,104,105,10500000,1,10500000
22,"NA18857",130,150,21,2100000,13000001,15100000
22,"NA18860",0,104,105,10500000,1,10500000
22,"NA18860",129,150,22,2200000,12900001,15100000
22,"NA18863",0,104,105,10500000,1,10500000
22,"NA18863",130,150,21,2100000,13000001,15100000
22,"NA18869",0,104,105,10500000,1,10500000
22,"NA18869",129,150,22,2200000,12900001,15100000
22,"NA18872",0,104,105,10500000,1,10500000
22,"NA18872",129,150,22,2200000,12900001,15100000
22,"NA18875",0,104,105,10500000,1,10500000
22,"NA18875",129,150,22,2200000,12900001,15100000
22,"NA18906",0,104,105,10500000,1,10500000
22,"NA18906",130,150,21,2100000,13000001,15100000
22,"NA18911",0,104,105,10500000,1,10500000
22,"NA18911",130,150,21,2100000,13000001,15100000
22,"NA18914",0,104,105,10500000,1,10500000
22,"NA18914",130,150,21,2100000,13000001,15100000
22,"NA18925",0,104,105,10500000,1,10500000
22,"NA18925",130,150,21,2100000,13000001,15100000
22,"NA18930",0,104,105,10500000,1,10500000
22,"NA18930",129,150,22,2200000,12900001,15100000
22,"NA18935",0,104,105,10500000,1,10500000
22,"NA18935",130,150,21,2100000,13000001,15100000
22,"NA19094",0,104,105,10500000,1,10500000
22,"NA19094",130,150,21,2100000,13000001,15100000
22,"NA19097",0,104,105,10500000,1,10500000
22,"NA19097",130,150,21,2100000,13000001,15100000
22,"NA19097",310,323,14,1400000,31000001,32400000
22,"NA19100",0,104,105,10500000,1,10500000
22,"NA19100",129,150,22,2200000,12900001,15100000
22,"NA19103",0,104,105,10500000,1,10500000
22,"NA19103",130,150,21,2100000,13000001,15100000
22,"NA19109",0,104,105,10500000,1,10500000
22,"NA19109",129,150,22,2200000,12900001,15100000
22,"NA19115",0,104,105,10500000,1,10500000
22,"NA19115",129,150,22,2200000,12900001,15100000
22,"NA19120",0,104,105,10500000,1,10500000
22,"NA19120",130,150,21,2100000,13000001,15100000
22,"NA19123",0,104,105,10500000,1,10500000
22,"NA19123",129,150,22,2200000,12900001,15100000
22,"NA19129",0,104,105,10500000,1,10500000
22,"NA19129",130,150,21,2100000,13000001,15100000
22,"NA19132",0,104,105,10500000,1,10500000
22,"NA19132",130,150,21,2100000,13000001,15100000
22,"NA19139",0,104,105,10500000,1,10500000
22,"NA19139",130,150,21,2100000,13000001,15100000
22,"NA19142",0,104,105,10500000,1,10500000
22,"NA19142",129,150,22,2200000,12900001,15100000
22,"NA19145",0,104,105,10500000,1,10500000
22,"NA19145",129,150,22,2200000,12900001,15100000
22,"NA19148",0,104,105,10500000,1,10500000
22,"NA19148",129,150,22,2200000,12900001,15100000
22,"NA19151",0,104,105,10500000,1,10500000
22,"NA19151",129,150,22,2200000,12900001,15100000
22,"NA19154",0,104,105,10500000,1,10500000
22,"NA19154",130,150,21,2100000,13000001,15100000
22,"NA19161",0,104,105,10500000,1,10500000
22,"NA19161",129,150,22,2200000,12900001,15100000
22,"NA19173",0,104,105,10500000,1,10500000
22,"NA19173",130,150,21,2100000,13000001,15100000
22,"NA19174",0,104,105,10500000,1,10500000
22,"NA19174",130,150,21,2100000,13000001,15100000
22,"NA19177",0,104,105,10500000,1,10500000
22,"NA19177",129,150,22,2200000,12900001,15100000
22,"NA19186",0,104,105,10500000,1,10500000
22,"NA19186",129,150,22,2200000,12900001,15100000
22,"NA19191",0,104,105,10500000,1,10500000
22,"NA19191",129,150,22,2200000,12900001,15100000
22,"NA19199",0,104,105,10500000,1,10500000
22,"NA19199",130,150,21,2100000,13000001,15100000
22,"NA19202",0,104,105,10500000,1,10500000
22,"NA19202",130,150,21,2100000,13000001,15100000
22,"NA19205",0,104,105,10500000,1,10500000
22,"NA19205",129,150,22,2200000,12900001,15100000
22,"NA19208",0,104,105,10500000,1,10500000
22,"NA19208",130,150,21,2100000,13000001,15100000
22,"NA19211",0,104,105,10500000,1,10500000
22,"NA19211",130,150,21,2100000,13000001,15100000
22,"NA19215",0,105,106,10600000,1,10600000
22,"NA19215",129,150,22,2200000,12900001,15100000
22,"NA19221",0,104,105,10500000,1,10500000
22,"NA19221",129,150,22,2200000,12900001,15100000
22,"NA19224",0,104,105,10500000,1,10500000
22,"NA19224",130,150,21,2100000,13000001,15100000
22,"NA19237",0,104,105,10500000,1,10500000
22,"NA19237",130,150,21,2100000,13000001,15100000
22,"NA19240",0,104,105,10500000,1,10500000
22,"NA19240",130,150,21,2100000,13000001,15100000
22,"NA19249",0,104,105,10500000,1,10500000
22,"NA19249",129,150,22,2200000,12900001,15100000
22,"NA19258",0,104,105,10500000,1,10500000
22,"NA19258",130,150,21,2100000,13000001,15100000
22,"NA19650",0,104,105,10500000,1,10500000
22,"NA19650",129,150,22,2200000,12900001,15100000
22,"NA19653",0,104,105,10500000,1,10500000
22,"NA19653",129,150,22,2200000,12900001,15100000
22,"NA19656",0,104,105,10500000,1,10500000
22,"NA19656",130,150,21,2100000,13000001,15100000
22,"NA19659",0,104,105,10500000,1,10500000
22,"NA19659",129,150,22,2200000,12900001,15100000
22,"NA19662",0,104,105,10500000,1,10500000
22,"NA19662",129,150,22,2200000,12900001,15100000
22,"NA19665",0,104,105,10500000,1,10500000
22,"NA19665",129,150,22,2200000,12900001,15100000
22,"NA19671",0,104,105,10500000,1,10500000
22,"NA19671",130,150,21,2100000,13000001,15100000
22,"NA19675",0,104,105,10500000,1,10500000
22,"NA19675",129,150,22,2200000,12900001,15100000
22,"NA19677",0,104,105,10500000,1,10500000
22,"NA19677",129,150,22,2200000,12900001,15100000
22,"NA19680",0,104,105,10500000,1,10500000
22,"NA19680",129,150,22,2200000,12900001,15100000
22,"NA19683",0,104,105,10500000,1,10500000
22,"NA19683",129,150,22,2200000,12900001,15100000
22,"NA19685",0,104,105,10500000,1,10500000
22,"NA19685",129,150,22,2200000,12900001,15100000
22,"NA19686",0,104,105,10500000,1,10500000
22,"NA19686",130,150,21,2100000,13000001,15100000
22,"NA19702",0,104,105,10500000,1,10500000
22,"NA19702",130,150,21,2100000,13000001,15100000
22,"NA19705",0,104,105,10500000,1,10500000
22,"NA19705",130,150,21,2100000,13000001,15100000
22,"NA19718",0,104,105,10500000,1,10500000
22,"NA19718",129,150,22,2200000,12900001,15100000
22,"NA19721",0,104,105,10500000,1,10500000
22,"NA19721",129,150,22,2200000,12900001,15100000
22,"NA19724",0,104,105,10500000,1,10500000
22,"NA19724",129,150,22,2200000,12900001,15100000
22,"NA19727",0,104,105,10500000,1,10500000
22,"NA19727",130,150,21,2100000,13000001,15100000
22,"NA19730",0,104,105,10500000,1,10500000
22,"NA19730",129,151,23,2300000,12900001,15200000
22,"NA19733",0,104,105,10500000,1,10500000
22,"NA19733",129,150,22,2200000,12900001,15100000
22,"NA19748",0,105,106,10600000,1,10600000
22,"NA19748",129,150,22,2200000,12900001,15100000
22,"NA19751",0,104,105,10500000,1,10500000
22,"NA19751",129,150,22,2200000,12900001,15100000
22,"NA19757",0,104,105,10500000,1,10500000
22,"NA19757",129,150,22,2200000,12900001,15100000
22,"NA19760",0,104,105,10500000,1,10500000
22,"NA19760",130,150,21,2100000,13000001,15100000
22,"NA19763",0,104,105,10500000,1,10500000
22,"NA19763",129,150,22,2200000,12900001,15100000
22,"NA19772",0,104,105,10500000,1,10500000
22,"NA19772",129,150,22,2200000,12900001,15100000
22,"NA19775",0,104,105,10500000,1,10500000
22,"NA19775",129,150,22,2200000,12900001,15100000
22,"NA19778",0,104,105,10500000,1,10500000
22,"NA19778",130,150,21,2100000,13000001,15100000
22,"NA19781",0,104,105,10500000,1,10500000
22,"NA19781",130,150,21,2100000,13000001,15100000
22,"NA19784",0,104,105,10500000,1,10500000
22,"NA19784",129,150,22,2200000,12900001,15100000
22,"NA19787",0,104,105,10500000,1,10500000
22,"NA19787",129,150,22,2200000,12900001,15100000
22,"NA19790",0,104,105,10500000,1,10500000
22,"NA19790",129,150,22,2200000,12900001,15100000
22,"NA19796",0,104,105,10500000,1,10500000
22,"NA19796",129,150,22,2200000,12900001,15100000
22,"NA19828",0,104,105,10500000,1,10500000
22,"NA19828",130,150,21,2100000,13000001,15100000
22,"NA19836",0,104,105,10500000,1,10500000
22,"NA19836",130,150,21,2100000,13000001,15100000
22,"NA19902",0,104,105,10500000,1,10500000
22,"NA19902",129,150,22,2200000,12900001,15100000
22,"NA19918",0,104,105,10500000,1,10500000
22,"NA19918",130,150,21,2100000,13000001,15100000
22,"NA19919",0,104,105,10500000,1,10500000
22,"NA19919",129,150,22,2200000,12900001,15100000
22,"NA19924",0,104,105,10500000,1,10500000
22,"NA19924",130,150,21,2100000,13000001,15100000
22,"NA19983",0,105,106,10600000,1,10600000
22,"NA19983",130,150,21,2100000,13000001,15100000
22,"NA20128",0,104,105,10500000,1,10500000
22,"NA20128",129,150,22,2200000,12900001,15100000
22,"NA20129",0,104,105,10500000,1,10500000
22,"NA20129",130,150,21,2100000,13000001,15100000
22,"NA20279",0,104,105,10500000,1,10500000
22,"NA20279",129,150,22,2200000,12900001,15100000
22,"NA20358",0,104,105,10500000,1,10500000
22,"NA20358",130,150,21,2100000,13000001,15100000
