"sample_id","group_id","proportion","cor_pred","cor_each","status","input_variants","used_variants","dropped_variants","reversed_variants","flipped_variants","duplicate_variants","ambiguous_variants","unmatched_variants","invalid_variants","missing_variants","sum_to_one","min_cor","Population","Superpopulation"
"HG01881","Africa (East)",0,0.656599118293228,0.615222205287775,"ok",4883749,4883749,0,12772,0,0,0,0,0,0,TRUE,0.4,"ACB","AFR"
"HG01884","Africa (East)",0.0196276,0.694981475539111,0.623631191854484,"ok",4883749,4883749,0,12772,0,0,0,0,0,0,TRUE,0.4,"ACB","AFR"
"HG01887","Africa (East)",0,0.690607397835507,0.620216320516779,"ok",4883749,4883749,0,12772,0,0,0,0,0,0,TRUE,0.4,"ACB","AFR"
"HG01888","Africa (East)",0,0.68832326526942,0.619596723470851,"ok",4883749,4883749,0,12772,0,0,0,0,0,0,TRUE,0.4,"ACB","AFR"
"HG01891","Africa (East)",0,0.693423844691946,0.620700307875832,"ok",4883749,4883749,0,12772,0,0,0,0,0,0,TRUE,0.4,"ACB","AFR"
"HG01895","Africa (East)",0,0.691314868054015,0.619815482617751,"ok",4883749,4883749,0,12772,0,0,0,0,0,0,TRUE,0.4,"ACB","AFR"
"HG01897","Africa (East)",0,0.699436576775466,0.6159183935381,"ok",4883749,4883749,0,12772,0,0,0,0,0,0,TRUE,0.4,"ACB","AFR"
"HG01916","Africa (East)",0,0.688751399116613,0.621071748723293,"ok",4883749,4883749,0,12772,0,0,0,0,0,0,TRUE,0.4,"ACB","AFR"
"HG01959","Africa (East)",0,0.678784647359925,0.619050835169129,"ok",4883749,4883749,0,12772,0,0,0,0,0,0,TRUE,0.4,"ACB","AFR"
"HG01960","Africa (East)",0,0.656563352057773,0.617813331171122,"ok",4883749,4883749,0,12772,0,0,0,0,0,0,TRUE,0.4,"ACB","AFR"
"HG01987","Africa (East)",0,0.691919481079038,0.620867706426397,"ok",4883749,4883749,0,12772,0,0,0,0,0,0,TRUE,0.4,"ACB","AFR"
"HG02011","Africa (East)",0,0.675007122504664,0.617380115000086,"ok",4883749,4883749,0,12772,0,0,0,0,0,0,TRUE,0.4,"ACB","AFR"
"HG02055","Africa (East)",0,0.688302810463657,0.623258158027344,"ok",4883749,4883749,0,12772,0,0,0,0,0,0,TRUE,0.4,"ACB","AFR"
"HG02145","Africa (East)",0,0.683457597154513,0.619940741615061,"ok",4883749,4883749,0,12772,0,0,0,0,0,0,TRUE,0.4,"ACB","AFR"
"HG02257","Africa (East)",0.0150595,0.678195074103274,0.622008416015024,"ok",4883749,4883749,0,12772,0,0,0,0,0,0,TRUE,0.4,"ACB","AFR"
"HG02258","Africa (East)",0,0.688821925226683,0.619097407476395,"ok",4883749,4883749,0,12772,0,0,0,0,0,0,TRUE,0.4,"ACB","AFR"
"HG02280","Africa (East)",0,0.693343858031554,0.618814180560769,"ok",4883749,4883749,0,12772,0,0,0,0,0,0,TRUE,0.4,"ACB","AFR"
"HG02316","Africa (East)",0,0.695371825387395,0.617986375821122,"ok",4883749,4883749,0,12772,0,0,0,0,0,0,TRUE,0.4,"ACB","AFR"
"HG02321","Africa (East)",0,0.691051302112726,0.622136257494069,"ok",4883749,4883749,0,12772,0,0,0,0,0,0,TRUE,0.4,"ACB","AFR"
"HG02451","Africa (East)",0,0.697440144325479,0.618542473197559,"ok",4883749,4883749,0,12772,0,0,0,0,0,0,TRUE,0.4,"ACB","AFR"
"HG01881","Africa (North)",0,0.656599118293228,0.567177661548695,"ok",4883749,4883749,0,12772,0,0,0,0,0,0,TRUE,0.4,"ACB","AFR"
"HG01884","Africa (North)",0,0.694981475539111,0.552089612339945,"ok",4883749,4883749,0,12772,0,0,0,0,0,0,TRUE,0.4,"ACB","AFR"
"HG01887","Africa (North)",0,0.690607397835507,0.552059386249744,"ok",4883749,4883749,0,12772,0,0,0,0,0,0,TRUE,0.4,"ACB","AFR"
"HG01888","Africa (North)",0,0.68832326526942,0.550154513552605,"ok",4883749,4883749,0,12772,0,0,0,0,0,0,TRUE,0.4,"ACB","AFR"
"HG01891","Africa (North)",0,0.693423844691946,0.550621846349144,"ok",4883749,4883749,0,12772,0,0,0,0,0,0,TRUE,0.4,"ACB","AFR"
"HG01895","Africa (North)",0,0.691314868054015,0.551954018481945,"ok",4883749,4883749,0,12772,0,0,0,0,0,0,TRUE,0.4,"ACB","AFR"
"HG01897","Africa (North)",0,0.699436576775466,0.538793044932004,"ok",4883749,4883749,0,12772,0,0,0,0,0,0,TRUE,0.4,"ACB","AFR"
"HG01916","Africa (North)",0,0.688751399116613,0.553966120991862,"ok",4883749,4883749,0,12772,0,0,0,0,0,0,TRUE,0.4,"ACB","AFR"
"HG01959","Africa (North)",0,0.678784647359925,0.557806968669872,"ok",4883749,4883749,0,12772,0,0,0,0,0,0,TRUE,0.4,"ACB","AFR"
"HG01960","Africa (North)",0,0.656563352057773,0.576945821156022,"ok",4883749,4883749,0,12772,0,0,0,0,0,0,TRUE,0.4,"ACB","AFR"
"HG01987","Africa (North)",0,0.691919481079038,0.552056315438381,"ok",4883749,4883749,0,12772,0,0,0,0,0,0,TRUE,0.4,"ACB","AFR"
"HG02011","Africa (North)",0,0.675007122504664,0.559496624734059,"ok",4883749,4883749,0,12772,0,0,0,0,0,0,TRUE,0.4,"ACB","AFR"
"HG02055","Africa (North)",0,0.688302810463657,0.558021126703651,"ok",4883749,4883749,0,12772,0,0,0,0,0,0,TRUE,0.4,"ACB","AFR"
"HG02145","Africa (North)",0,0.683457597154513,0.557909384655646,"ok",4883749,4883749,0,12772,0,0,0,0,0,0,TRUE,0.4,"ACB","AFR"
"HG02257","Africa (North)",0,0.678195074103274,0.559702232969234,"ok",4883749,4883749,0,12772,0,0,0,0,0,0,TRUE,0.4,"ACB","AFR"
"HG02258","Africa (North)",0,0.688821925226683,0.550262714908019,"ok",4883749,4883749,0,12772,0,0,0,0,0,0,TRUE,0.4,"ACB","AFR"
"HG02280","Africa (North)",0,0.693343858031554,0.547926366958398,"ok",4883749,4883749,0,12772,0,0,0,0,0,0,TRUE,0.4,"ACB","AFR"
"HG02316","Africa (North)",0,0.695371825387395,0.544863289330322,"ok",4883749,4883749,0,12772,0,0,0,0,0,0,TRUE,0.4,"ACB","AFR"
"HG02321","Africa (North)",0,0.691051302112726,0.55471738333864,"ok",4883749,4883749,0,12772,0,0,0,0,0,0,TRUE,0.4,"ACB","AFR"
"HG02451","Africa (North)",0,0.697440144325479,0.545959990159022,"ok",4883749,4883749,0,12772,0,0,0,0,0,0,TRUE,0.4,"ACB","AFR"
"HG01881","Africa (South)",0.070368,0.656599118293228,0.637804888091553,"ok",4883749,4883749,0,12772,0,0,0,0,0,0,TRUE,0.4,"ACB","AFR"
"HG01884","Africa (South)",0.0685122,0.694981475539111,0.68881512640645,"ok",4883749,4883749,0,12772,0,0,0,0,0,0,TRUE,0.4,"ACB","AFR"
"HG01887","Africa (South)",0,0.690607397835507,0.68315785896201,"ok",4883749,4883749,0,12772,0,0,0,0,0,0,TRUE,0.4,"ACB","AFR"
"HG01888","Africa (South)",0.0699251,0.68832326526942,0.681955002922671,"ok",4883749,4883749,0,12772,0,0,0,0,0,0,TRUE,0.4,"ACB","AFR"
"HG01891","Africa (South)",0.085044,0.693423844691946,0.687427512930904,"ok",4883749,4883749,0,12772,0,0,0,0,0,0,TRUE,0.4,"ACB","AFR"
"HG01895","Africa (South)",0.0212107,0.691314868054015,0.684511530256395,"ok",4883749,4883749,0,12772,0,0,0,0,0,0,TRUE,0.4,"ACB","AFR"
"HG01897","Africa (South)",0.0396287,0.699436576775466,0.693689632010363,"ok",4883749,4883749,0,12772,0,0,0,0,0,0,TRUE,0.4,"ACB","AFR"
"HG01916","Africa (South)",0.0333108,0.688751399116613,0.681479823504254,"ok",4883749,4883749,0,12772,0,0,0,0,0,0,TRUE,0.4,"ACB","AFR"
"HG01959","Africa (South)",0.0538473,0.678784647359925,0.669750810229575,"ok",4883749,4883749,0,12772,0,0,0,0,0,0,TRUE,0.4,"ACB","AFR"
"HG01960","Africa (South)",0,0.656563352057773,0.634251683741647,"ok",4883749,4883749,0,12772,0,0,0,0,0,0,TRUE,0.4,"ACB","AFR"
"HG01987","Africa (South)",0.0182212,0.691919481079038,0.684531633377149,"ok",4883749,4883749,0,12772,0,0,0,0,0,0,TRUE,0.4,"ACB","AFR"
"HG02011","Africa (South)",0.0078439,0.675007122504664,0.664700706203095,"ok",4883749,4883749,0,12772,0,0,0,0,0,0,TRUE,0.4,"ACB","AFR"
"HG02055","Africa (South)",0.0202783,0.688302810463657,0.680449332476666,"ok",4883749,4883749,0,12772,0,0,0,0,0,0,TRUE,0.4,"ACB","AFR"
"HG02145","Africa (South)",0,0.683457597154513,0.674557309243501,"ok",4883749,4883749,0,12772,0,0,0,0,0,0,TRUE,0.4,"ACB","AFR"
"HG02257","Africa (South)",0.0770372,0.678195074103274,0.669470635402061,"ok",4883749,4883749,0,12772,0,0,0,0,0,0,TRUE,0.4,"ACB","AFR"
"HG02258","Africa (South)",0.0345036,0.688821925226683,0.681991033912183,"ok",4883749,4883749,0,12772,0,0,0,0,0,0,TRUE,0.4,"ACB","AFR"
"HG02280","Africa (South)",0.0163419,0.693343858031554,0.686305448265996,"ok",4883749,4883749,0,12772,0,0,0,0,0,0,TRUE,0.4,"ACB","AFR"
"HG02316","Africa (South)",0.0208655,0.695371825387395,0.688989696206386,"ok",4883749,4883749,0,12772,0,0,0,0,0,0,TRUE,0.4,"ACB","AFR"
"HG02321","Africa (South)",0,0.691051302112726,0.683749898180168,"ok",4883749,4883749,0,12772,0,0,0,0,0,0,TRUE,0.4,"ACB","AFR"
"HG02451","Africa (South)",0,0.697440144325479,0.690510173458758,"ok",4883749,4883749,0,12772,0,0,0,0,0,0,TRUE,0.4,"ACB","AFR"
"HG01881","Africa (West)",0.6440784,0.656599118293228,0.641322748694855,"ok",4883749,4883749,0,12772,0,0,0,0,0,0,TRUE,0.4,"ACB","AFR"
"HG01884","Africa (West)",0.8590972,0.694981475539111,0.693863918221787,"ok",4883749,4883749,0,12772,0,0,0,0,0,0,TRUE,0.4,"ACB","AFR"
"HG01887","Africa (West)",0.9112923,0.690607397835507,0.689106237225849,"ok",4883749,4883749,0,12772,0,0,0,0,0,0,TRUE,0.4,"ACB","AFR"
"HG01888","Africa (West)",0.8486428,0.68832326526942,0.686745813849716,"ok",4883749,4883749,0,12772,0,0,0,0,0,0,TRUE,0.4,"ACB","AFR"
"HG01891","Africa (West)",0.8496707,0.693423844691946,0.692339372004985,"ok",4883749,4883749,0,12772,0,0,0,0,0,0,TRUE,0.4,"ACB","AFR"
"HG01895","Africa (West)",0.9032233,0.691314868054015,0.689986648452636,"ok",4883749,4883749,0,12772,0,0,0,0,0,0,TRUE,0.4,"ACB","AFR"
"HG01897","Africa (West)",0.9371896,0.699436576775466,0.699260839117888,"ok",4883749,4883749,0,12772,0,0,0,0,0,0,TRUE,0.4,"ACB","AFR"
"HG01916","Africa (West)",0.8757341,0.688751399116613,0.686927490348207,"ok",4883749,4883749,0,12772,0,0,0,0,0,0,TRUE,0.4,"ACB","AFR"
"HG01959","Africa (West)",0.8146765,0.678784647359925,0.674840650512368,"ok",4883749,4883749,0,12772,0,0,0,0,0,0,TRUE,0.4,"ACB","AFR"
"HG01960","Africa (West)",0.7136385,0.656563352057773,0.639161476987111,"ok",4883749,4883749,0,12772,0,0,0,0,0,0,TRUE,0.4,"ACB","AFR"
"HG01987","Africa (West)",0.9015408,0.691919481079038,0.690590181139074,"ok",4883749,4883749,0,12772,0,0,0,0,0,0,TRUE,0.4,"ACB","AFR"
"HG02011","Africa (West)",0.8376356,0.675007122504664,0.670120246490675,"ok",4883749,4883749,0,12772,0,0,0,0,0,0,TRUE,0.4,"ACB","AFR"
"HG02055","Africa (West)",0.8777385,0.688302810463657,0.68579079992327,"ok",4883749,4883749,0,12772,0,0,0,0,0,0,TRUE,0.4,"ACB","AFR"
"HG02145","Africa (West)",0.8797555,0.683457597154513,0.68040016511314,"ok",4883749,4883749,0,12772,0,0,0,0,0,0,TRUE,0.4,"ACB","AFR"
"HG02257","Africa (West)",0.7716976,0.678195074103274,0.673480384596395,"ok",4883749,4883749,0,12772,0,0,0,0,0,0,TRUE,0.4,"ACB","AFR"
"HG02258","Africa (West)",0.878555,0.688821925226683,0.687198006564039,"ok",4883749,4883749,0,12772,0,0,0,0,0,0,TRUE,0.4,"ACB","AFR"
"HG02280","Africa (West)",0.9125027,0.693343858031554,0.692418073264176,"ok",4883749,4883749,0,12772,0,0,0,0,0,0,TRUE,0.4,"ACB","AFR"
"HG02316","Africa (West)",0.9299712,0.695371825387395,0.694824361624549,"ok",4883749,4883749,0,12772,0,0,0,0,0,0,TRUE,0.4,"ACB","AFR"
"HG02321","Africa (West)",0.9070572,0.691051302112726,0.689397739666915,"ok",4883749,4883749,0,12772,0,0,0,0,0,0,TRUE,0.4,"ACB","AFR"
"HG02451","Africa (West)",0.9567715,0.697440144325479,0.696973797161727,"ok",4883749,4883749,0,12772,0,0,0,0,0,0,TRUE,0.4,"ACB","AFR"
"HG01881","Ashkenazi",0,0.656599118293228,0.518964682849894,"ok",4883749,4883749,0,12772,0,0,0,0,0,0,TRUE,0.4,"ACB","AFR"
"HG01884","Ashkenazi",0.0088389,0.694981475539111,0.487995551714324,"ok",4883749,4883749,0,12772,0,0,0,0,0,0,TRUE,0.4,"ACB","AFR"
"HG01887","Ashkenazi",0,0.690607397835507,0.488510054935152,"ok",4883749,4883749,0,12772,0,0,0,0,0,0,TRUE,0.4,"ACB","AFR"
"HG01888","Ashkenazi",0,0.68832326526942,0.487110523241359,"ok",4883749,4883749,0,12772,0,0,0,0,0,0,TRUE,0.4,"ACB","AFR"
"HG01891","Ashkenazi",0,0.693423844691946,0.485173931037778,"ok",4883749,4883749,0,12772,0,0,0,0,0,0,TRUE,0.4,"ACB","AFR"
"HG01895","Ashkenazi",0,0.691314868054015,0.488573886614964,"ok",4883749,4883749,0,12772,0,0,0,0,0,0,TRUE,0.4,"ACB","AFR"
"HG01897","Ashkenazi",0,0.699436576775466,0.471118515421174,"ok",4883749,4883749,0,12772,0,0,0,0,0,0,TRUE,0.4,"ACB","AFR"
"HG01916","Ashkenazi",0,0.688751399116613,0.490835330546479,"ok",4883749,4883749,0,12772,0,0,0,0,0,0,TRUE,0.4,"ACB","AFR"
"HG01959","Ashkenazi",0,0.678784647359925,0.499321177317796,"ok",4883749,4883749,0,12772,0,0,0,0,0,0,TRUE,0.4,"ACB","AFR"
"HG01960","Ashkenazi",0,0.656563352057773,0.53022337563909,"ok",4883749,4883749,0,12772,0,0,0,0,0,0,TRUE,0.4,"ACB","AFR"
"HG01987","Ashkenazi",0,0.691919481079038,0.488757272402672,"ok",4883749,4883749,0,12772,0,0,0,0,0,0,TRUE,0.4,"ACB","AFR"
"HG02011","Ashkenazi",0,0.675007122504664,0.503196718522114,"ok",4883749,4883749,0,12772,0,0,0,0,0,0,TRUE,0.4,"ACB","AFR"
"HG02055","Ashkenazi",0,0.688302810463657,0.497175020690847,"ok",4883749,4883749,0,12772,0,0,0,0,0,0,TRUE,0.4,"ACB","AFR"
"HG02145","Ashkenazi",0,0.683457597154513,0.497659998672,"ok",4883749,4883749,0,12772,0,0,0,0,0,0,TRUE,0.4,"ACB","AFR"
"HG02257","Ashkenazi",0,0.678195074103274,0.502317432523076,"ok",4883749,4883749,0,12772,0,0,0,0,0,0,TRUE,0.4,"ACB","AFR"
"HG02258","Ashkenazi",0,0.688821925226683,0.488928180195134,"ok",4883749,4883749,0,12772,0,0,0,0,0,0,TRUE,0.4,"ACB","AFR"
"HG02280","Ashkenazi",0,0.693343858031554,0.484098208735133,"ok",4883749,4883749,0,12772,0,0,0,0,0,0,TRUE,0.4,"ACB","AFR"
"HG02316","Ashkenazi",0,0.695371825387395,0.478933912745223,"ok",4883749,4883749,0,12772,0,0,0,0,0,0,TRUE,0.4,"ACB","AFR"
"HG02321","Ashkenazi",0,0.691051302112726,0.490977540841011,"ok",4883749,4883749,0,12772,0,0,0,0,0,0,TRUE,0.4,"ACB","AFR"
"HG02451","Ashkenazi",0,0.697440144325479,0.481104051635614,"ok",4883749,4883749,0,12772,0,0,0,0,0,0,TRUE,0.4,"ACB","AFR"
"HG01881","Asia (East)",0.0091482,0.656599118293228,0.47476767347658,"ok",4883749,4883749,0,12772,0,0,0,0,0,0,TRUE,0.4,"ACB","AFR"
"HG01884","Asia (East)",0,0.694981475539111,0.432100274191247,"ok",4883749,4883749,0,12772,0,0,0,0,0,0,TRUE,0.4,"ACB","AFR"
"HG01887","Asia (East)",0,0.690607397835507,0.435086570848625,"ok",4883749,4883749,0,12772,0,0,0,0,0,0,TRUE,0.4,"ACB","AFR"
"HG01888","Asia (East)",0,0.68832326526942,0.437785781743329,"ok",4883749,4883749,0,12772,0,0,0,0,0,0,TRUE,0.4,"ACB","AFR"
"HG01891","Asia (East)",0,0.693423844691946,0.438389961197487,"ok",4883749,4883749,0,12772,0,0,0,0,0,0,TRUE,0.4,"ACB","AFR"
"HG01895","Asia (East)",0.0031866,0.691314868054015,0.436857137370289,"ok",4883749,4883749,0,12772,0,0,0,0,0,0,TRUE,0.4,"ACB","AFR"
"HG01897","Asia (East)",0,0.699436576775466,0.430551701859696,"ok",4883749,4883749,0,12772,0,0,0,0,0,0,TRUE,0.4,"ACB","AFR"
"HG01916","Asia (East)",0,0.688751399116613,0.439462348319062,"ok",4883749,4883749,0,12772,0,0,0,0,0,0,TRUE,0.4,"ACB","AFR"
"HG01959","Asia (East)",0.0028624,0.678784647359925,0.445643874599022,"ok",4883749,4883749,0,12772,0,0,0,0,0,0,TRUE,0.4,"ACB","AFR"
"HG01960","Asia (East)",0,0.656563352057773,0.456689126661401,"ok",4883749,4883749,0,12772,0,0,0,0,0,0,TRUE,0.4,"ACB","AFR"
"HG01987","Asia (East)",0,0.691919481079038,0.439089453977019,"ok",4883749,4883749,0,12772,0,0,0,0,0,0,TRUE,0.4,"ACB","AFR"
"HG02011","Asia (East)",0,0.675007122504664,0.442757764187078,"ok",4883749,4883749,0,12772,0,0,0,0,0,0,TRUE,0.4,"ACB","AFR"
"HG02055","Asia (East)",0,0.688302810463657,0.444153243042222,"ok",4883749,4883749,0,12772,0,0,0,0,0,0,TRUE,0.4,"ACB","AFR"
"HG02145","Asia (East)",0,0.683457597154513,0.442721912476904,"ok",4883749,4883749,0,12772,0,0,0,0,0,0,TRUE,0.4,"ACB","AFR"
"HG02257","Asia (East)",0.0005137,0.678195074103274,0.449290473613309,"ok",4883749,4883749,0,12772,0,0,0,0,0,0,TRUE,0.4,"ACB","AFR"
"HG02258","Asia (East)",0,0.688821925226683,0.43363033579793,"ok",4883749,4883749,0,12772,0,0,0,0,0,0,TRUE,0.4,"ACB","AFR"
"HG02280","Asia (East)",0,0.693343858031554,0.436681438354754,"ok",4883749,4883749,0,12772,0,0,0,0,0,0,TRUE,0.4,"ACB","AFR"
"HG02316","Asia (East)",0,0.695371825387395,0.432956968441995,"ok",4883749,4883749,0,12772,0,0,0,0,0,0,TRUE,0.4,"ACB","AFR"
"HG02321","Asia (East)",0,0.691051302112726,0.43874525315755,"ok",4883749,4883749,0,12772,0,0,0,0,0,0,TRUE,0.4,"ACB","AFR"
"HG02451","Asia (East)",0,0.697440144325479,0.431058031701141,"ok",4883749,4883749,0,12772,0,0,0,0,0,0,TRUE,0.4,"ACB","AFR"
"HG01881","Bangladesh",0.0672017,0.656599118293228,0.537275862920939,"ok",4883749,4883749,0,12772,0,0,0,0,0,0,TRUE,0.4,"ACB","AFR"
"HG01884","Bangladesh",0,0.694981475539111,0.491764500305237,"ok",4883749,4883749,0,12772,0,0,0,0,0,0,TRUE,0.4,"ACB","AFR"
"HG01887","Bangladesh",0,0.690607397835507,0.49479590518285,"ok",4883749,4883749,0,12772,0,0,0,0,0,0,TRUE,0.4,"ACB","AFR"
"HG01888","Bangladesh",0,0.68832326526942,0.494980399523976,"ok",4883749,4883749,0,12772,0,0,0,0,0,0,TRUE,0.4,"ACB","AFR"
"HG01891","Bangladesh",0,0.693423844691946,0.493801505780369,"ok",4883749,4883749,0,12772,0,0,0,0,0,0,TRUE,0.4,"ACB","AFR"
"HG01895","Bangladesh",0,0.691314868054015,0.494570862298822,"ok",4883749,4883749,0,12772,0,0,0,0,0,0,TRUE,0.4,"ACB","AFR"
"HG01897","Bangladesh",0,0.699436576775466,0.483337236462802,"ok",4883749,4883749,0,12772,0,0,0,0,0,0,TRUE,0.4,"ACB","AFR"
"HG01916","Bangladesh",0,0.688751399116613,0.497699769576672,"ok",4883749,4883749,0,12772,0,0,0,0,0,0,TRUE,0.4,"ACB","AFR"
"HG01959","Bangladesh",0,0.678784647359925,0.502218414399653,"ok",4883749,4883749,0,12772,0,0,0,0,0,0,TRUE,0.4,"ACB","AFR"
"HG01960","Bangladesh",0,0.656563352057773,0.524800137700982,"ok",4883749,4883749,0,12772,0,0,0,0,0,0,TRUE,0.4,"ACB","AFR"
"HG01987","Bangladesh",0,0.691919481079038,0.49525924525148,"ok",4883749,4883749,0,12772,0,0,0,0,0,0,TRUE,0.4,"ACB","AFR"
"HG02011","Bangladesh",0,0.675007122504664,0.503878039182707,"ok",4883749,4883749,0,12772,0,0,0,0,0,0,TRUE,0.4,"ACB","AFR"
"HG02055","Bangladesh",0,0.688302810463657,0.502473665894785,"ok",4883749,4883749,0,12772,0,0,0,0,0,0,TRUE,0.4,"ACB","AFR"
"HG02145","Bangladesh",0,0.683457597154513,0.503734850338683,"ok",4883749,4883749,0,12772,0,0,0,0,0,0,TRUE,0.4,"ACB","AFR"
"HG02257","Bangladesh",0,0.678195074103274,0.506997067564931,"ok",4883749,4883749,0,12772,0,0,0,0,0,0,TRUE,0.4,"ACB","AFR"
"HG02258","Bangladesh",0,0.688821925226683,0.494931665677654,"ok",4883749,4883749,0,12772,0,0,0,0,0,0,TRUE,0.4,"ACB","AFR"
"HG02280","Bangladesh",0,0.693343858031554,0.493626155684218,"ok",4883749,4883749,0,12772,0,0,0,0,0,0,TRUE,0.4,"ACB","AFR"
"HG02316","Bangladesh",0,0.695371825387395,0.487510459959348,"ok",4883749,4883749,0,12772,0,0,0,0,0,0,TRUE,0.4,"ACB","AFR"
"HG02321","Bangladesh",0,0.691051302112726,0.496016440635715,"ok",4883749,4883749,0,12772,0,0,0,0,0,0,TRUE,0.4,"ACB","AFR"
"HG02451","Bangladesh",0,0.697440144325479,0.488851552661702,"ok",4883749,4883749,0,12772,0,0,0,0,0,0,TRUE,0.4,"ACB","AFR"
"HG01881","Europe (North East)",0,0.656599118293228,0.50862494711777,"ok",4883749,4883749,0,12772,0,0,0,0,0,0,TRUE,0.4,"ACB","AFR"
"HG01884","Europe (North East)",0,0.694981475539111,0.473056616177208,"ok",4883749,4883749,0,12772,0,0,0,0,0,0,TRUE,0.4,"ACB","AFR"
"HG01887","Europe (North East)",0,0.690607397835507,0.476246638400319,"ok",4883749,4883749,0,12772,0,0,0,0,0,0,TRUE,0.4,"ACB","AFR"
"HG01888","Europe (North East)",0,0.68832326526942,0.473221980773937,"ok",4883749,4883749,0,12772,0,0,0,0,0,0,TRUE,0.4,"ACB","AFR"
"HG01891","Europe (North East)",0,0.693423844691946,0.470815635361178,"ok",4883749,4883749,0,12772,0,0,0,0,0,0,TRUE,0.4,"ACB","AFR"
"HG01895","Europe (North East)",0,0.691314868054015,0.474969898333001,"ok",4883749,4883749,0,12772,0,0,0,0,0,0,TRUE,0.4,"ACB","AFR"
"HG01897","Europe (North East)",0,0.699436576775466,0.456973269150143,"ok",4883749,4883749,0,12772,0,0,0,0,0,0,TRUE,0.4,"ACB","AFR"
"HG01916","Europe (North East)",0,0.688751399116613,0.477603492613862,"ok",4883749,4883749,0,12772,0,0,0,0,0,0,TRUE,0.4,"ACB","AFR"
"HG01959","Europe (North East)",0.0197802,0.678784647359925,0.487914355811197,"ok",4883749,4883749,0,12772,0,0,0,0,0,0,TRUE,0.4,"ACB","AFR"
"HG01960","Europe (North East)",0,0.656563352057773,0.52246956302314,"ok",4883749,4883749,0,12772,0,0,0,0,0,0,TRUE,0.4,"ACB","AFR"
"HG01987","Europe (North East)",0,0.691919481079038,0.474447621399147,"ok",4883749,4883749,0,12772,0,0,0,0,0,0,TRUE,0.4,"ACB","AFR"
"HG02011","Europe (North East)",0,0.675007122504664,0.490850146847415,"ok",4883749,4883749,0,12772,0,0,0,0,0,0,TRUE,0.4,"ACB","AFR"
"HG02055","Europe (North East)",0,0.688302810463657,0.483878919235602,"ok",4883749,4883749,0,12772,0,0,0,0,0,0,TRUE,0.4,"ACB","AFR"
"HG02145","Europe (North East)",0,0.683457597154513,0.485309933422404,"ok",4883749,4883749,0,12772,0,0,0,0,0,0,TRUE,0.4,"ACB","AFR"
"HG02257","Europe (North East)",0.0600073,0.678195074103274,0.491601503457261,"ok",4883749,4883749,0,12772,0,0,0,0,0,0,TRUE,0.4,"ACB","AFR"
"HG02258","Europe (North East)",0,0.688821925226683,0.475766412545658,"ok",4883749,4883749,0,12772,0,0,0,0,0,0,TRUE,0.4,"ACB","AFR"
"HG02280","Europe (North East)",0,0.693343858031554,0.470374781182696,"ok",4883749,4883749,0,12772,0,0,0,0,0,0,TRUE,0.4,"ACB","AFR"
"HG02316","Europe (North East)",0,0.695371825387395,0.465542025431714,"ok",4883749,4883749,0,12772,0,0,0,0,0,0,TRUE,0.4,"ACB","AFR"
"HG02321","Europe (North East)",0,0.691051302112726,0.477491027528753,"ok",4883749,4883749,0,12772,0,0,0,0,0,0,TRUE,0.4,"ACB","AFR"
"HG02451","Europe (North East)",0,0.697440144325479,0.465711593387653,"ok",4883749,4883749,0,12772,0,0,0,0,0,0,TRUE,0.4,"ACB","AFR"
"HG01881","Europe (South East)",0,0.656599118293228,0.513386083081959,"ok",4883749,4883749,0,12772,0,0,0,0,0,0,TRUE,0.4,"ACB","AFR"
"HG01884","Europe (South East)",0,0.694981475539111,0.478778827576649,"ok",4883749,4883749,0,12772,0,0,0,0,0,0,TRUE,0.4,"ACB","AFR"
"HG01887","Europe (South East)",0,0.690607397835507,0.481361240563827,"ok",4883749,4883749,0,12772,0,0,0,0,0,0,TRUE,0.4,"ACB","AFR"
"HG01888","Europe (South East)",0,0.68832326526942,0.478781993184827,"ok",4883749,4883749,0,12772,0,0,0,0,0,0,TRUE,0.4,"ACB","AFR"
"HG01891","Europe (South East)",0,0.693423844691946,0.476189157691869,"ok",4883749,4883749,0,12772,0,0,0,0,0,0,TRUE,0.4,"ACB","AFR"
"HG01895","Europe (South East)",0,0.691314868054015,0.480693556793176,"ok",4883749,4883749,0,12772,0,0,0,0,0,0,TRUE,0.4,"ACB","AFR"
"HG01897","Europe (South East)",0,0.699436576775466,0.462017527658154,"ok",4883749,4883749,0,12772,0,0,0,0,0,0,TRUE,0.4,"ACB","AFR"
"HG01916","Europe (South East)",0,0.688751399116613,0.482984675050535,"ok",4883749,4883749,0,12772,0,0,0,0,0,0,TRUE,0.4,"ACB","AFR"
"HG01959","Europe (South East)",0,0.678784647359925,0.492556403658909,"ok",4883749,4883749,0,12772,0,0,0,0,0,0,TRUE,0.4,"ACB","AFR"
"HG01960","Europe (South East)",0,0.656563352057773,0.526784102698871,"ok",4883749,4883749,0,12772,0,0,0,0,0,0,TRUE,0.4,"ACB","AFR"
"HG01987","Europe (South East)",0,0.691919481079038,0.479884514999269,"ok",4883749,4883749,0,12772,0,0,0,0,0,0,TRUE,0.4,"ACB","AFR"
"HG02011","Europe (South East)",0,0.675007122504664,0.495560411023315,"ok",4883749,4883749,0,12772,0,0,0,0,0,0,TRUE,0.4,"ACB","AFR"
"HG02055","Europe (South East)",0,0.688302810463657,0.489175823885133,"ok",4883749,4883749,0,12772,0,0,0,0,0,0,TRUE,0.4,"ACB","AFR"
"HG02145","Europe (South East)",0,0.683457597154513,0.490241543687505,"ok",4883749,4883749,0,12772,0,0,0,0,0,0,TRUE,0.4,"ACB","AFR"
"HG02257","Europe (South East)",0,0.678195074103274,0.496082003915077,"ok",4883749,4883749,0,12772,0,0,0,0,0,0,TRUE,0.4,"ACB","AFR"
"HG02258","Europe (South East)",0,0.688821925226683,0.480153597601632,"ok",4883749,4883749,0,12772,0,0,0,0,0,0,TRUE,0.4,"ACB","AFR"
"HG02280","Europe (South East)",0,0.693343858031554,0.475465036564514,"ok",4883749,4883749,0,12772,0,0,0,0,0,0,TRUE,0.4,"ACB","AFR"
"HG02316","Europe (South East)",0,0.695371825387395,0.47076017220411,"ok",4883749,4883749,0,12772,0,0,0,0,0,0,TRUE,0.4,"ACB","AFR"
"HG02321","Europe (South East)",0,0.691051302112726,0.482894146585879,"ok",4883749,4883749,0,12772,0,0,0,0,0,0,TRUE,0.4,"ACB","AFR"
"HG02451","Europe (South East)",0,0.697440144325479,0.471725851792952,"ok",4883749,4883749,0,12772,0,0,0,0,0,0,TRUE,0.4,"ACB","AFR"
"HG01881","Europe (South West)",0,0.656599118293228,0.517808110210599,"ok",4883749,4883749,0,12772,0,0,0,0,0,0,TRUE,0.4,"ACB","AFR"
"HG01884","Europe (South West)",0,0.694981475539111,0.485177521268666,"ok",4883749,4883749,0,12772,0,0,0,0,0,0,TRUE,0.4,"ACB","AFR"
"HG01887","Europe (South West)",0,0.690607397835507,0.488129778289385,"ok",4883749,4883749,0,12772,0,0,0,0,0,0,TRUE,0.4,"ACB","AFR"
"HG01888","Europe (South West)",0,0.68832326526942,0.485868079819667,"ok",4883749,4883749,0,12772,0,0,0,0,0,0,TRUE,0.4,"ACB","AFR"
"HG01891","Europe (South West)",0.024602,0.693423844691946,0.483605644036153,"ok",4883749,4883749,0,12772,0,0,0,0,0,0,TRUE,0.4,"ACB","AFR"
"HG01895","Europe (South West)",0.0244234,0.691314868054015,0.486983493877868,"ok",4883749,4883749,0,12772,0,0,0,0,0,0,TRUE,0.4,"ACB","AFR"
"HG01897","Europe (South West)",0,0.699436576775466,0.469200810217723,"ok",4883749,4883749,0,12772,0,0,0,0,0,0,TRUE,0.4,"ACB","AFR"
"HG01916","Europe (South West)",0,0.688751399116613,0.489751885184792,"ok",4883749,4883749,0,12772,0,0,0,0,0,0,TRUE,0.4,"ACB","AFR"
"HG01959","Europe (South West)",0.0141479,0.678784647359925,0.498785957137825,"ok",4883749,4883749,0,12772,0,0,0,0,0,0,TRUE,0.4,"ACB","AFR"
"HG01960","Europe (South West)",0,0.656563352057773,0.532838019326038,"ok",4883749,4883749,0,12772,0,0,0,0,0,0,TRUE,0.4,"ACB","AFR"
"HG01987","Europe (South West)",0,0.691919481079038,0.487098600541515,"ok",4883749,4883749,0,12772,0,0,0,0,0,0,TRUE,0.4,"ACB","AFR"
"HG02011","Europe (South West)",0.0224639,0.675007122504664,0.502120038401035,"ok",4883749,4883749,0,12772,0,0,0,0,0,0,TRUE,0.4,"ACB","AFR"
"HG02055","Europe (South West)",0,0.688302810463657,0.495839516843022,"ok",4883749,4883749,0,12772,0,0,0,0,0,0,TRUE,0.4,"ACB","AFR"
"HG02145","Europe (South West)",0.0030796,0.683457597154513,0.496701032316871,"ok",4883749,4883749,0,12772,0,0,0,0,0,0,TRUE,0.4,"ACB","AFR"
"HG02257","Europe (South West)",0,0.678195074103274,0.501588994366675,"ok",4883749,4883749,0,12772,0,0,0,0,0,0,TRUE,0.4,"ACB","AFR"
"HG02258","Europe (South West)",0,0.688821925226683,0.487189874711777,"ok",4883749,4883749,0,12772,0,0,0,0,0,0,TRUE,0.4,"ACB","AFR"
"HG02280","Europe (South West)",0,0.693343858031554,0.481944970249076,"ok",4883749,4883749,0,12772,0,0,0,0,0,0,TRUE,0.4,"ACB","AFR"
"HG02316","Europe (South West)",0,0.695371825387395,0.477640089716662,"ok",4883749,4883749,0,12772,0,0,0,0,0,0,TRUE,0.4,"ACB","AFR"
"HG02321","Europe (South West)",0,0.691051302112726,0.489836925791628,"ok",4883749,4883749,0,12772,0,0,0,0,0,0,TRUE,0.4,"ACB","AFR"
"HG02451","Europe (South West)",0,0.697440144325479,0.478428180501334,"ok",4883749,4883749,0,12772,0,0,0,0,0,0,TRUE,0.4,"ACB","AFR"
"HG01881","Finland",0,0.656599118293228,0.505754527151919,"ok",4883749,4883749,0,12772,0,0,0,0,0,0,TRUE,0.4,"ACB","AFR"
"HG01884","Finland",0,0.694981475539111,0.468666099179094,"ok",4883749,4883749,0,12772,0,0,0,0,0,0,TRUE,0.4,"ACB","AFR"
"HG01887","Finland",0,0.690607397835507,0.472542277638346,"ok",4883749,4883749,0,12772,0,0,0,0,0,0,TRUE,0.4,"ACB","AFR"
"HG01888","Finland",0,0.68832326526942,0.470476204390787,"ok",4883749,4883749,0,12772,0,0,0,0,0,0,TRUE,0.4,"ACB","AFR"
"HG01891","Finland",0,0.693423844691946,0.466683045072425,"ok",4883749,4883749,0,12772,0,0,0,0,0,0,TRUE,0.4,"ACB","AFR"
"HG01895","Finland",0,0.691314868054015,0.470213928459689,"ok",4883749,4883749,0,12772,0,0,0,0,0,0,TRUE,0.4,"ACB","AFR"
"HG01897","Finland",0.0095366,0.699436576775466,0.45399522027401,"ok",4883749,4883749,0,12772,0,0,0,0,0,0,TRUE,0.4,"ACB","AFR"
"HG01916","Finland",0,0.688751399116613,0.473441592127232,"ok",4883749,4883749,0,12772,0,0,0,0,0,0,TRUE,0.4,"ACB","AFR"
"HG01959","Finland",0,0.678784647359925,0.483151358833236,"ok",4883749,4883749,0,12772,0,0,0,0,0,0,TRUE,0.4,"ACB","AFR"
"HG01960","Finland",0,0.656563352057773,0.51932374104404,"ok",4883749,4883749,0,12772,0,0,0,0,0,0,TRUE,0.4,"ACB","AFR"
"HG01987","Finland",0,0.691919481079038,0.470074822926316,"ok",4883749,4883749,0,12772,0,0,0,0,0,0,TRUE,0.4,"ACB","AFR"
"HG02011","Finland",0,0.675007122504664,0.486364882330396,"ok",4883749,4883749,0,12772,0,0,0,0,0,0,TRUE,0.4,"ACB","AFR"
"HG02055","Finland",0.0025982,0.688302810463657,0.480010566719592,"ok",4883749,4883749,0,12772,0,0,0,0,0,0,TRUE,0.4,"ACB","AFR"
"HG02145","Finland",0,0.683457597154513,0.481225572952598,"ok",4883749,4883749,0,12772,0,0,0,0,0,0,TRUE,0.4,"ACB","AFR"
"HG02257","Finland",0,0.678195074103274,0.486478580226209,"ok",4883749,4883749,0,12772,0,0,0,0,0,0,TRUE,0.4,"ACB","AFR"
"HG02258","Finland",0,0.688821925226683,0.471695011362702,"ok",4883749,4883749,0,12772,0,0,0,0,0,0,TRUE,0.4,"ACB","AFR"
"HG02280","Finland",0,0.693343858031554,0.466552637581387,"ok",4883749,4883749,0,12772,0,0,0,0,0,0,TRUE,0.4,"ACB","AFR"
"HG02316","Finland",0,0.695371825387395,0.461852601490953,"ok",4883749,4883749,0,12772,0,0,0,0,0,0,TRUE,0.4,"ACB","AFR"
"HG02321","Finland",0,0.691051302112726,0.474209651310585,"ok",4883749,4883749,0,12772,0,0,0,0,0,0,TRUE,0.4,"ACB","AFR"
"HG02451","Finland",0,0.697440144325479,0.462035714118601,"ok",4883749,4883749,0,12772,0,0,0,0,0,0,TRUE,0.4,"ACB","AFR"
"HG01881","Ireland",0,0.656599118293228,0.508030698716408,"ok",4883749,4883749,0,12772,0,0,0,0,0,0,TRUE,0.4,"ACB","AFR"
"HG01884","Ireland",0.0439241,0.694981475539111,0.47215330249482,"ok",4883749,4883749,0,12772,0,0,0,0,0,0,TRUE,0.4,"ACB","AFR"
"HG01887","Ireland",0,0.690607397835507,0.475041903322387,"ok",4883749,4883749,0,12772,0,0,0,0,0,0,TRUE,0.4,"ACB","AFR"
"HG01888","Ireland",0.0234518,0.68832326526942,0.473580562835128,"ok",4883749,4883749,0,12772,0,0,0,0,0,0,TRUE,0.4,"ACB","AFR"
"HG01891","Ireland",0.028671,0.693423844691946,0.470482902743691,"ok",4883749,4883749,0,12772,0,0,0,0,0,0,TRUE,0.4,"ACB","AFR"
"HG01895","Ireland",0,0.691314868054015,0.473703440245578,"ok",4883749,4883749,0,12772,0,0,0,0,0,0,TRUE,0.4,"ACB","AFR"
"HG01897","Ireland",0,0.699436576775466,0.456198929990269,"ok",4883749,4883749,0,12772,0,0,0,0,0,0,TRUE,0.4,"ACB","AFR"
"HG01916","Ireland",0,0.688751399116613,0.476983514548205,"ok",4883749,4883749,0,12772,0,0,0,0,0,0,TRUE,0.4,"ACB","AFR"
"HG01959","Ireland",0,0.678784647359925,0.486794529198679,"ok",4883749,4883749,0,12772,0,0,0,0,0,0,TRUE,0.4,"ACB","AFR"
"HG01960","Ireland",0,0.656563352057773,0.523335646242695,"ok",4883749,4883749,0,12772,0,0,0,0,0,0,TRUE,0.4,"ACB","AFR"
"HG01987","Ireland",0.0765793,0.691919481079038,0.474191533172488,"ok",4883749,4883749,0,12772,0,0,0,0,0,0,TRUE,0.4,"ACB","AFR"
"HG02011","Ireland",0,0.675007122504664,0.490113342153445,"ok",4883749,4883749,0,12772,0,0,0,0,0,0,TRUE,0.4,"ACB","AFR"
"HG02055","Ireland",0,0.688302810463657,0.483158571281889,"ok",4883749,4883749,0,12772,0,0,0,0,0,0,TRUE,0.4,"ACB","AFR"
"HG02145","Ireland",0,0.683457597154513,0.484173092196048,"ok",4883749,4883749,0,12772,0,0,0,0,0,0,TRUE,0.4,"ACB","AFR"
"HG02257","Ireland",0,0.678195074103274,0.489741833307796,"ok",4883749,4883749,0,12772,0,0,0,0,0,0,TRUE,0.4,"ACB","AFR"
"HG02258","Ireland",0.0129953,0.688821925226683,0.475097148161773,"ok",4883749,4883749,0,12772,0,0,0,0,0,0,TRUE,0.4,"ACB","AFR"
"HG02280","Ireland",0.014323,0.693343858031554,0.469260402563651,"ok",4883749,4883749,0,12772,0,0,0,0,0,0,TRUE,0.4,"ACB","AFR"
"HG02316","Ireland",0,0.695371825387395,0.464495507593012,"ok",4883749,4883749,0,12772,0,0,0,0,0,0,TRUE,0.4,"ACB","AFR"
"HG02321","Ireland",0.0888905,0.691051302112726,0.477406859951076,"ok",4883749,4883749,0,12772,0,0,0,0,0,0,TRUE,0.4,"ACB","AFR"
"HG02451","Ireland",0,0.697440144325479,0.464932239854493,"ok",4883749,4883749,0,12772,0,0,0,0,0,0,TRUE,0.4,"ACB","AFR"
"HG01881","Italy",0,0.656599118293228,0.516124120682554,"ok",4883749,4883749,0,12772,0,0,0,0,0,0,TRUE,0.4,"ACB","AFR"
"HG01884","Italy",0,0.694981475539111,0.483218188210951,"ok",4883749,4883749,0,12772,0,0,0,0,0,0,TRUE,0.4,"ACB","AFR"
"HG01887","Italy",0,0.690607397835507,0.485350160060575,"ok",4883749,4883749,0,12772,0,0,0,0,0,0,TRUE,0.4,"ACB","AFR"
"HG01888","Italy",0,0.68832326526942,0.483320250647179,"ok",4883749,4883749,0,12772,0,0,0,0,0,0,TRUE,0.4,"ACB","AFR"
"HG01891","Italy",0,0.693423844691946,0.481057057945298,"ok",4883749,4883749,0,12772,0,0,0,0,0,0,TRUE,0.4,"ACB","AFR"
"HG01895","Italy",0,0.691314868054015,0.485253476671504,"ok",4883749,4883749,0,12772,0,0,0,0,0,0,TRUE,0.4,"ACB","AFR"
"HG01897","Italy",0,0.699436576775466,0.466522897387795,"ok",4883749,4883749,0,12772,0,0,0,0,0,0,TRUE,0.4,"ACB","AFR"
"HG01916","Italy",0.0405647,0.688751399116613,0.48757381353901,"ok",4883749,4883749,0,12772,0,0,0,0,0,0,TRUE,0.4,"ACB","AFR"
"HG01959","Italy",0,0.678784647359925,0.496472915452205,"ok",4883749,4883749,0,12772,0,0,0,0,0,0,TRUE,0.4,"ACB","AFR"
"HG01960","Italy",0.0059162,0.656563352057773,0.529873118438077,"ok",4883749,4883749,0,12772,0,0,0,0,0,0,TRUE,0.4,"ACB","AFR"
"HG01987","Italy",0,0.691919481079038,0.484459686448233,"ok",4883749,4883749,0,12772,0,0,0,0,0,0,TRUE,0.4,"ACB","AFR"
"HG02011","Italy",0,0.675007122504664,0.499665091837917,"ok",4883749,4883749,0,12772,0,0,0,0,0,0,TRUE,0.4,"ACB","AFR"
"HG02055","Italy",0.0158205,0.688302810463657,0.493856307570268,"ok",4883749,4883749,0,12772,0,0,0,0,0,0,TRUE,0.4,"ACB","AFR"
"HG02145","Italy",0,0.683457597154513,0.494063515705936,"ok",4883749,4883749,0,12772,0,0,0,0,0,0,TRUE,0.4,"ACB","AFR"
"HG02257","Italy",0,0.678195074103274,0.499706921110937,"ok",4883749,4883749,0,12772,0,0,0,0,0,0,TRUE,0.4,"ACB","AFR"
"HG02258","Italy",0,0.688821925226683,0.484496909614051,"ok",4883749,4883749,0,12772,0,0,0,0,0,0,TRUE,0.4,"ACB","AFR"
"HG02280","Italy",0,0.693343858031554,0.479806876176577,"ok",4883749,4883749,0,12772,0,0,0,0,0,0,TRUE,0.4,"ACB","AFR"
"HG02316","Italy",0,0.695371825387395,0.474987482508474,"ok",4883749,4883749,0,12772,0,0,0,0,0,0,TRUE,0.4,"ACB","AFR"
"HG02321","Italy",0,0.691051302112726,0.487251854784001,"ok",4883749,4883749,0,12772,0,0,0,0,0,0,TRUE,0.4,"ACB","AFR"
"HG02451","Italy",0.0088627,0.697440144325479,0.476414851827259,"ok",4883749,4883749,0,12772,0,0,0,0,0,0,TRUE,0.4,"ACB","AFR"
"HG01881","Japan",0.0048457,0.656599118293228,0.473115798670597,"ok",4883749,4883749,0,12772,0,0,0,0,0,0,TRUE,0.4,"ACB","AFR"
"HG01884","Japan",0,0.694981475539111,0.43094453596701,"ok",4883749,4883749,0,12772,0,0,0,0,0,0,TRUE,0.4,"ACB","AFR"
"HG01887","Japan",0,0.690607397835507,0.433583635085106,"ok",4883749,4883749,0,12772,0,0,0,0,0,0,TRUE,0.4,"ACB","AFR"
"HG01888","Japan",0.0042144,0.68832326526942,0.436912851624163,"ok",4883749,4883749,0,12772,0,0,0,0,0,0,TRUE,0.4,"ACB","AFR"
"HG01891","Japan",0,0.693423844691946,0.436059530310982,"ok",4883749,4883749,0,12772,0,0,0,0,0,0,TRUE,0.4,"ACB","AFR"
"HG01895","Japan",0,0.691314868054015,0.435230613566764,"ok",4883749,4883749,0,12772,0,0,0,0,0,0,TRUE,0.4,"ACB","AFR"
"HG01897","Japan",0,0.699436576775466,0.428954919391964,"ok",4883749,4883749,0,12772,0,0,0,0,0,0,TRUE,0.4,"ACB","AFR"
"HG01916","Japan",0,0.688751399116613,0.437247822988463,"ok",4883749,4883749,0,12772,0,0,0,0,0,0,TRUE,0.4,"ACB","AFR"
"HG01959","Japan",0,0.678784647359925,0.442846465538686,"ok",4883749,4883749,0,12772,0,0,0,0,0,0,TRUE,0.4,"ACB","AFR"
"HG01960","Japan",0,0.656563352057773,0.455523110946408,"ok",4883749,4883749,0,12772,0,0,0,0,0,0,TRUE,0.4,"ACB","AFR"
"HG01987","Japan",0,0.691919481079038,0.437793677547554,"ok",4883749,4883749,0,12772,0,0,0,0,0,0,TRUE,0.4,"ACB","AFR"
"HG02011","Japan",0,0.675007122504664,0.441946154871357,"ok",4883749,4883749,0,12772,0,0,0,0,0,0,TRUE,0.4,"ACB","AFR"
"HG02055","Japan",0,0.688302810463657,0.44257288394243,"ok",4883749,4883749,0,12772,0,0,0,0,0,0,TRUE,0.4,"ACB","AFR"
"HG02145","Japan",0,0.683457597154513,0.441450634682864,"ok",4883749,4883749,0,12772,0,0,0,0,0,0,TRUE,0.4,"ACB","AFR"
"HG02257","Japan",0,0.678195074103274,0.44762111879291,"ok",4883749,4883749,0,12772,0,0,0,0,0,0,TRUE,0.4,"ACB","AFR"
"HG02258","Japan",0,0.688821925226683,0.431137336884534,"ok",4883749,4883749,0,12772,0,0,0,0,0,0,TRUE,0.4,"ACB","AFR"
"HG02280","Japan",0,0.693343858031554,0.434686287406739,"ok",4883749,4883749,0,12772,0,0,0,0,0,0,TRUE,0.4,"ACB","AFR"
"HG02316","Japan",0,0.695371825387395,0.430188382183959,"ok",4883749,4883749,0,12772,0,0,0,0,0,0,TRUE,0.4,"ACB","AFR"
"HG02321","Japan",0,0.691051302112726,0.436514070041375,"ok",4883749,4883749,0,12772,0,0,0,0,0,0,TRUE,0.4,"ACB","AFR"
"HG02451","Japan",0,0.697440144325479,0.429291795474481,"ok",4883749,4883749,0,12772,0,0,0,0,0,0,TRUE,0.4,"ACB","AFR"
"HG01881","Middle East",0,0.656599118293228,0.529107676777313,"ok",4883749,4883749,0,12772,0,0,0,0,0,0,TRUE,0.4,"ACB","AFR"
"HG01884","Middle East",0,0.694981475539111,0.495746981701751,"ok",4883749,4883749,0,12772,0,0,0,0,0,0,TRUE,0.4,"ACB","AFR"
"HG01887","Middle East",0,0.690607397835507,0.497628884163748,"ok",4883749,4883749,0,12772,0,0,0,0,0,0,TRUE,0.4,"ACB","AFR"
"HG01888","Middle East",0,0.68832326526942,0.496332688264356,"ok",4883749,4883749,0,12772,0,0,0,0,0,0,TRUE,0.4,"ACB","AFR"
"HG01891","Middle East",0,0.693423844691946,0.493687142656153,"ok",4883749,4883749,0,12772,0,0,0,0,0,0,TRUE,0.4,"ACB","AFR"
"HG01895","Middle East",0,0.691314868054015,0.497092968817349,"ok",4883749,4883749,0,12772,0,0,0,0,0,0,TRUE,0.4,"ACB","AFR"
"HG01897","Middle East",0,0.699436576775466,0.48012631194718,"ok",4883749,4883749,0,12772,0,0,0,0,0,0,TRUE,0.4,"ACB","AFR"
"HG01916","Middle East",0.0001519,0.688751399116613,0.500331912565523,"ok",4883749,4883749,0,12772,0,0,0,0,0,0,TRUE,0.4,"ACB","AFR"
"HG01959","Middle East",0,0.678784647359925,0.506791535730671,"ok",4883749,4883749,0,12772,0,0,0,0,0,0,TRUE,0.4,"ACB","AFR"
"HG01960","Middle East",0,0.656563352057773,0.53729920534184,"ok",4883749,4883749,0,12772,0,0,0,0,0,0,TRUE,0.4,"ACB","AFR"
"HG01987","Middle East",0,0.691919481079038,0.496664348153283,"ok",4883749,4883749,0,12772,0,0,0,0,0,0,TRUE,0.4,"ACB","AFR"
"HG02011","Middle East",0,0.675007122504664,0.509755557253154,"ok",4883749,4883749,0,12772,0,0,0,0,0,0,TRUE,0.4,"ACB","AFR"
"HG02055","Middle East",0.0050301,0.688302810463657,0.505909225769119,"ok",4883749,4883749,0,12772,0,0,0,0,0,0,TRUE,0.4,"ACB","AFR"
"HG02145","Middle East",0,0.683457597154513,0.50564131857573,"ok",4883749,4883749,0,12772,0,0,0,0,0,0,TRUE,0.4,"ACB","AFR"
"HG02257","Middle East",0,0.678195074103274,0.511152247396985,"ok",4883749,4883749,0,12772,0,0,0,0,0,0,TRUE,0.4,"ACB","AFR"
"HG02258","Middle East",0,0.688821925226683,0.496361321772748,"ok",4883749,4883749,0,12772,0,0,0,0,0,0,TRUE,0.4,"ACB","AFR"
"HG02280","Middle East",0,0.693343858031554,0.493135815601508,"ok",4883749,4883749,0,12772,0,0,0,0,0,0,TRUE,0.4,"ACB","AFR"
"HG02316","Middle East",0,0.695371825387395,0.487483643930585,"ok",4883749,4883749,0,12772,0,0,0,0,0,0,TRUE,0.4,"ACB","AFR"
"HG02321","Middle East",0,0.691051302112726,0.499386062302406,"ok",4883749,4883749,0,12772,0,0,0,0,0,0,TRUE,0.4,"ACB","AFR"
"HG02451","Middle East",0.0023202,0.697440144325479,0.490135423591864,"ok",4883749,4883749,0,12772,0,0,0,0,0,0,TRUE,0.4,"ACB","AFR"
"HG01881","Pakistan",0,0.656599118293228,0.536543985339184,"ok",4883749,4883749,0,12772,0,0,0,0,0,0,TRUE,0.4,"ACB","AFR"
"HG01884","Pakistan",0,0.694981475539111,0.495515976195516,"ok",4883749,4883749,0,12772,0,0,0,0,0,0,TRUE,0.4,"ACB","AFR"
"HG01887","Pakistan",0,0.690607397835507,0.498031768161971,"ok",4883749,4883749,0,12772,0,0,0,0,0,0,TRUE,0.4,"ACB","AFR"
"HG01888","Pakistan",0,0.68832326526942,0.496499473340277,"ok",4883749,4883749,0,12772,0,0,0,0,0,0,TRUE,0.4,"ACB","AFR"
"HG01891","Pakistan",0,0.693423844691946,0.494689705120275,"ok",4883749,4883749,0,12772,0,0,0,0,0,0,TRUE,0.4,"ACB","AFR"
"HG01895","Pakistan",0,0.691314868054015,0.497397658813467,"ok",4883749,4883749,0,12772,0,0,0,0,0,0,TRUE,0.4,"ACB","AFR"
"HG01897","Pakistan",0,0.699436576775466,0.483150387257226,"ok",4883749,4883749,0,12772,0,0,0,0,0,0,TRUE,0.4,"ACB","AFR"
"HG01916","Pakistan",0,0.688751399116613,0.500003532761833,"ok",4883749,4883749,0,12772,0,0,0,0,0,0,TRUE,0.4,"ACB","AFR"
"HG01959","Pakistan",0,0.678784647359925,0.504889309711406,"ok",4883749,4883749,0,12772,0,0,0,0,0,0,TRUE,0.4,"ACB","AFR"
"HG01960","Pakistan",0,0.656563352057773,0.533349863633151,"ok",4883749,4883749,0,12772,0,0,0,0,0,0,TRUE,0.4,"ACB","AFR"
"HG01987","Pakistan",0,0.691919481079038,0.497468095266419,"ok",4883749,4883749,0,12772,0,0,0,0,0,0,TRUE,0.4,"ACB","AFR"
"HG02011","Pakistan",0,0.675007122504664,0.507744607805516,"ok",4883749,4883749,0,12772,0,0,0,0,0,0,TRUE,0.4,"ACB","AFR"
"HG02055","Pakistan",0,0.688302810463657,0.505496993155818,"ok",4883749,4883749,0,12772,0,0,0,0,0,0,TRUE,0.4,"ACB","AFR"
"HG02145","Pakistan",0,0.683457597154513,0.506257064382948,"ok",4883749,4883749,0,12772,0,0,0,0,0,0,TRUE,0.4,"ACB","AFR"
"HG02257","Pakistan",0,0.678195074103274,0.510954364648946,"ok",4883749,4883749,0,12772,0,0,0,0,0,0,TRUE,0.4,"ACB","AFR"
"HG02258","Pakistan",0,0.688821925226683,0.497553923448311,"ok",4883749,4883749,0,12772,0,0,0,0,0,0,TRUE,0.4,"ACB","AFR"
"HG02280","Pakistan",0.0147546,0.693343858031554,0.495359846557801,"ok",4883749,4883749,0,12772,0,0,0,0,0,0,TRUE,0.4,"ACB","AFR"
"HG02316","Pakistan",0,0.695371825387395,0.488718920730895,"ok",4883749,4883749,0,12772,0,0,0,0,0,0,TRUE,0.4,"ACB","AFR"
"HG02321","Pakistan",0,0.691051302112726,0.499166648523677,"ok",4883749,4883749,0,12772,0,0,0,0,0,0,TRUE,0.4,"ACB","AFR"
"HG02451","Pakistan",0,0.697440144325479,0.49119534487013,"ok",4883749,4883749,0,12772,0,0,0,0,0,0,TRUE,0.4,"ACB","AFR"
"HG01881","Philippines",0.0058102,0.656599118293228,0.476233787746913,"ok",4883749,4883749,0,12772,0,0,0,0,0,0,TRUE,0.4,"ACB","AFR"
"HG01884","Philippines",0,0.694981475539111,0.43521824470423,"ok",4883749,4883749,0,12772,0,0,0,0,0,0,TRUE,0.4,"ACB","AFR"
"HG01887","Philippines",0,0.690607397835507,0.437920526930184,"ok",4883749,4883749,0,12772,0,0,0,0,0,0,TRUE,0.4,"ACB","AFR"
"HG01888","Philippines",0,0.68832326526942,0.440602732159578,"ok",4883749,4883749,0,12772,0,0,0,0,0,0,TRUE,0.4,"ACB","AFR"
"HG01891","Philippines",0.0004831,0.693423844691946,0.441665150201072,"ok",4883749,4883749,0,12772,0,0,0,0,0,0,TRUE,0.4,"ACB","AFR"
"HG01895","Philippines",0,0.691314868054015,0.439570765212486,"ok",4883749,4883749,0,12772,0,0,0,0,0,0,TRUE,0.4,"ACB","AFR"
"HG01897","Philippines",0.0044035,0.699436576775466,0.43478796962325,"ok",4883749,4883749,0,12772,0,0,0,0,0,0,TRUE,0.4,"ACB","AFR"
"HG01916","Philippines",0.0028819,0.688751399116613,0.443522932985381,"ok",4883749,4883749,0,12772,0,0,0,0,0,0,TRUE,0.4,"ACB","AFR"
"HG01959","Philippines",0.0008492,0.678784647359925,0.448438879226612,"ok",4883749,4883749,0,12772,0,0,0,0,0,0,TRUE,0.4,"ACB","AFR"
"HG01960","Philippines",0,0.656563352057773,0.459804253982124,"ok",4883749,4883749,0,12772,0,0,0,0,0,0,TRUE,0.4,"ACB","AFR"
"HG01987","Philippines",0.0036588,0.691919481079038,0.441717704910328,"ok",4883749,4883749,0,12772,0,0,0,0,0,0,TRUE,0.4,"ACB","AFR"
"HG02011","Philippines",0.0016476,0.675007122504664,0.446346660999563,"ok",4883749,4883749,0,12772,0,0,0,0,0,0,TRUE,0.4,"ACB","AFR"
"HG02055","Philippines",0,0.688302810463657,0.447219016236119,"ok",4883749,4883749,0,12772,0,0,0,0,0,0,TRUE,0.4,"ACB","AFR"
"HG02145","Philippines",0,0.683457597154513,0.446438455058666,"ok",4883749,4883749,0,12772,0,0,0,0,0,0,TRUE,0.4,"ACB","AFR"
"HG02257","Philippines",0,0.678195074103274,0.451748492809963,"ok",4883749,4883749,0,12772,0,0,0,0,0,0,TRUE,0.4,"ACB","AFR"
"HG02258","Philippines",0,0.688821925226683,0.437006220868076,"ok",4883749,4883749,0,12772,0,0,0,0,0,0,TRUE,0.4,"ACB","AFR"
"HG02280","Philippines",0.000168,0.693343858031554,0.440515842460833,"ok",4883749,4883749,0,12772,0,0,0,0,0,0,TRUE,0.4,"ACB","AFR"
"HG02316","Philippines",0,0.695371825387395,0.435820158732188,"ok",4883749,4883749,0,12772,0,0,0,0,0,0,TRUE,0.4,"ACB","AFR"
"HG02321","Philippines",0.0040524,0.691051302112726,0.442330820061762,"ok",4883749,4883749,0,12772,0,0,0,0,0,0,TRUE,0.4,"ACB","AFR"
"HG02451","Philippines",0,0.697440144325479,0.434442805051887,"ok",4883749,4883749,0,12772,0,0,0,0,0,0,TRUE,0.4,"ACB","AFR"
"HG01881","Scandinavia",0.0827752,0.656599118293228,0.508036101149323,"ok",4883749,4883749,0,12772,0,0,0,0,0,0,TRUE,0.4,"ACB","AFR"
"HG01884","Scandinavia",0,0.694981475539111,0.471758639009872,"ok",4883749,4883749,0,12772,0,0,0,0,0,0,TRUE,0.4,"ACB","AFR"
"HG01887","Scandinavia",0.0834245,0.690607397835507,0.475253966541502,"ok",4883749,4883749,0,12772,0,0,0,0,0,0,TRUE,0.4,"ACB","AFR"
"HG01888","Scandinavia",0.0116302,0.68832326526942,0.47292004644337,"ok",4883749,4883749,0,12772,0,0,0,0,0,0,TRUE,0.4,"ACB","AFR"
"HG01891","Scandinavia",0,0.693423844691946,0.469396112017739,"ok",4883749,4883749,0,12772,0,0,0,0,0,0,TRUE,0.4,"ACB","AFR"
"HG01895","Scandinavia",0.047956,0.691314868054015,0.473292054554279,"ok",4883749,4883749,0,12772,0,0,0,0,0,0,TRUE,0.4,"ACB","AFR"
"HG01897","Scandinavia",0.0092416,0.699436576775466,0.455971268102367,"ok",4883749,4883749,0,12772,0,0,0,0,0,0,TRUE,0.4,"ACB","AFR"
"HG01916","Scandinavia",0,0.688751399116613,0.476472894656373,"ok",4883749,4883749,0,12772,0,0,0,0,0,0,TRUE,0.4,"ACB","AFR"
"HG01959","Scandinavia",0,0.678784647359925,0.48677266570824,"ok",4883749,4883749,0,12772,0,0,0,0,0,0,TRUE,0.4,"ACB","AFR"
"HG01960","Scandinavia",0.010534,0.656563352057773,0.523691046783619,"ok",4883749,4883749,0,12772,0,0,0,0,0,0,TRUE,0.4,"ACB","AFR"
"HG01987","Scandinavia",0,0.691919481079038,0.473717491152226,"ok",4883749,4883749,0,12772,0,0,0,0,0,0,TRUE,0.4,"ACB","AFR"
"HG02011","Scandinavia",0,0.675007122504664,0.490068795172517,"ok",4883749,4883749,0,12772,0,0,0,0,0,0,TRUE,0.4,"ACB","AFR"
"HG02055","Scandinavia",0,0.688302810463657,0.482779175215534,"ok",4883749,4883749,0,12772,0,0,0,0,0,0,TRUE,0.4,"ACB","AFR"
"HG02145","Scandinavia",0.027091,0.683457597154513,0.48410357464362,"ok",4883749,4883749,0,12772,0,0,0,0,0,0,TRUE,0.4,"ACB","AFR"
"HG02257","Scandinavia",0.0481802,0.678195074103274,0.489457820366803,"ok",4883749,4883749,0,12772,0,0,0,0,0,0,TRUE,0.4,"ACB","AFR"
"HG02258","Scandinavia",0.0539508,0.688821925226683,0.474704913235726,"ok",4883749,4883749,0,12772,0,0,0,0,0,0,TRUE,0.4,"ACB","AFR"
"HG02280","Scandinavia",0.0273742,0.693343858031554,0.469100377003736,"ok",4883749,4883749,0,12772,0,0,0,0,0,0,TRUE,0.4,"ACB","AFR"
"HG02316","Scandinavia",0.0491633,0.695371825387395,0.464659522077699,"ok",4883749,4883749,0,12772,0,0,0,0,0,0,TRUE,0.4,"ACB","AFR"
"HG02321","Scandinavia",0,0.691051302112726,0.477030651453926,"ok",4883749,4883749,0,12772,0,0,0,0,0,0,TRUE,0.4,"ACB","AFR"
"HG02451","Scandinavia",0.0320457,0.697440144325479,0.464949969953974,"ok",4883749,4883749,0,12772,0,0,0,0,0,0,TRUE,0.4,"ACB","AFR"
"HG01881","South America",0,0.656599118293228,0.520379719451983,"ok",4883749,4883749,0,12772,0,0,0,0,0,0,TRUE,0.4,"ACB","AFR"
"HG01884","South America",0,0.694981475539111,0.489522879657472,"ok",4883749,4883749,0,12772,0,0,0,0,0,0,TRUE,0.4,"ACB","AFR"
"HG01887","South America",0.0052832,0.690607397835507,0.491451105816975,"ok",4883749,4883749,0,12772,0,0,0,0,0,0,TRUE,0.4,"ACB","AFR"
"HG01888","South America",0,0.68832326526942,0.490596943231856,"ok",4883749,4883749,0,12772,0,0,0,0,0,0,TRUE,0.4,"ACB","AFR"
"HG01891","South America",0.0115292,0.693423844691946,0.489427914886798,"ok",4883749,4883749,0,12772,0,0,0,0,0,0,TRUE,0.4,"ACB","AFR"
"HG01895","South America",0,0.691314868054015,0.48938332167046,"ok",4883749,4883749,0,12772,0,0,0,0,0,0,TRUE,0.4,"ACB","AFR"
"HG01897","South America",0,0.699436576775466,0.476913252189486,"ok",4883749,4883749,0,12772,0,0,0,0,0,0,TRUE,0.4,"ACB","AFR"
"HG01916","South America",0,0.688751399116613,0.493017081136883,"ok",4883749,4883749,0,12772,0,0,0,0,0,0,TRUE,0.4,"ACB","AFR"
"HG01959","South America",0.0038652,0.678784647359925,0.499765916700772,"ok",4883749,4883749,0,12772,0,0,0,0,0,0,TRUE,0.4,"ACB","AFR"
"HG01960","South America",0.0004354,0.656563352057773,0.522567577061442,"ok",4883749,4883749,0,12772,0,0,0,0,0,0,TRUE,0.4,"ACB","AFR"
"HG01987","South America",0,0.691919481079038,0.489357210627737,"ok",4883749,4883749,0,12772,0,0,0,0,0,0,TRUE,0.4,"ACB","AFR"
"HG02011","South America",0,0.675007122504664,0.500044516219209,"ok",4883749,4883749,0,12772,0,0,0,0,0,0,TRUE,0.4,"ACB","AFR"
"HG02055","South America",0.0044589,0.688302810463657,0.498527669706043,"ok",4883749,4883749,0,12772,0,0,0,0,0,0,TRUE,0.4,"ACB","AFR"
"HG02145","South America",0.011338,0.683457597154513,0.498429458873574,"ok",4883749,4883749,0,12772,0,0,0,0,0,0,TRUE,0.4,"ACB","AFR"
"HG02257","South America",0.0275045,0.678195074103274,0.505752038249026,"ok",4883749,4883749,0,12772,0,0,0,0,0,0,TRUE,0.4,"ACB","AFR"
"HG02258","South America",0.0053737,0.688821925226683,0.491483713853324,"ok",4883749,4883749,0,12772,0,0,0,0,0,0,TRUE,0.4,"ACB","AFR"
"HG02280","South America",0.0145355,0.693343858031554,0.489518308227893,"ok",4883749,4883749,0,12772,0,0,0,0,0,0,TRUE,0.4,"ACB","AFR"
"HG02316","South America",0,0.695371825387395,0.481537229679918,"ok",4883749,4883749,0,12772,0,0,0,0,0,0,TRUE,0.4,"ACB","AFR"
"HG02321","South America",0,0.691051302112726,0.493323875089255,"ok",4883749,4883749,0,12772,0,0,0,0,0,0,TRUE,0.4,"ACB","AFR"
"HG02451","South America",0,0.697440144325479,0.482362796870903,"ok",4883749,4883749,0,12772,0,0,0,0,0,0,TRUE,0.4,"ACB","AFR"
"HG01881","Sri Lanka",0.1157727,0.656599118293228,0.535541605054791,"ok",4883749,4883749,0,12772,0,0,0,0,0,0,TRUE,0.4,"ACB","AFR"
"HG01884","Sri Lanka",0,0.694981475539111,0.491971731904647,"ok",4883749,4883749,0,12772,0,0,0,0,0,0,TRUE,0.4,"ACB","AFR"
"HG01887","Sri Lanka",0,0.690607397835507,0.493511537774353,"ok",4883749,4883749,0,12772,0,0,0,0,0,0,TRUE,0.4,"ACB","AFR"
"HG01888","Sri Lanka",0,0.68832326526942,0.493739814460325,"ok",4883749,4883749,0,12772,0,0,0,0,0,0,TRUE,0.4,"ACB","AFR"
"HG01891","Sri Lanka",0,0.693423844691946,0.492950283083923,"ok",4883749,4883749,0,12772,0,0,0,0,0,0,TRUE,0.4,"ACB","AFR"
"HG01895","Sri Lanka",0,0.691314868054015,0.493841783018262,"ok",4883749,4883749,0,12772,0,0,0,0,0,0,TRUE,0.4,"ACB","AFR"
"HG01897","Sri Lanka",0,0.699436576775466,0.482850663591254,"ok",4883749,4883749,0,12772,0,0,0,0,0,0,TRUE,0.4,"ACB","AFR"
"HG01916","Sri Lanka",0,0.688751399116613,0.496570109809727,"ok",4883749,4883749,0,12772,0,0,0,0,0,0,TRUE,0.4,"ACB","AFR"
"HG01959","Sri Lanka",0,0.678784647359925,0.500220997014874,"ok",4883749,4883749,0,12772,0,0,0,0,0,0,TRUE,0.4,"ACB","AFR"
"HG01960","Sri Lanka",0,0.656563352057773,0.522966486607564,"ok",4883749,4883749,0,12772,0,0,0,0,0,0,TRUE,0.4,"ACB","AFR"
"HG01987","Sri Lanka",0,0.691919481079038,0.493857264011392,"ok",4883749,4883749,0,12772,0,0,0,0,0,0,TRUE,0.4,"ACB","AFR"
"HG02011","Sri Lanka",0,0.675007122504664,0.503368979699558,"ok",4883749,4883749,0,12772,0,0,0,0,0,0,TRUE,0.4,"ACB","AFR"
"HG02055","Sri Lanka",0,0.688302810463657,0.501200594011688,"ok",4883749,4883749,0,12772,0,0,0,0,0,0,TRUE,0.4,"ACB","AFR"
"HG02145","Sri Lanka",0.0095155,0.683457597154513,0.503142670912146,"ok",4883749,4883749,0,12772,0,0,0,0,0,0,TRUE,0.4,"ACB","AFR"
"HG02257","Sri Lanka",0,0.678195074103274,0.50589199183126,"ok",4883749,4883749,0,12772,0,0,0,0,0,0,TRUE,0.4,"ACB","AFR"
"HG02258","Sri Lanka",0.0004148,0.688821925226683,0.494090816109151,"ok",4883749,4883749,0,12772,0,0,0,0,0,0,TRUE,0.4,"ACB","AFR"
"HG02280","Sri Lanka",0,0.693343858031554,0.492706389562068,"ok",4883749,4883749,0,12772,0,0,0,0,0,0,TRUE,0.4,"ACB","AFR"
"HG02316","Sri Lanka",0,0.695371825387395,0.486930141484025,"ok",4883749,4883749,0,12772,0,0,0,0,0,0,TRUE,0.4,"ACB","AFR"
"HG02321","Sri Lanka",0,0.691051302112726,0.494892540843546,"ok",4883749,4883749,0,12772,0,0,0,0,0,0,TRUE,0.4,"ACB","AFR"
"HG02451","Sri Lanka",0,0.697440144325479,0.488683860781128,"ok",4883749,4883749,0,12772,0,0,0,0,0,0,TRUE,0.4,"ACB","AFR"
"HG01881","United Kingdom",0,0.656599118293228,0.509809202407107,"ok",4883749,4883749,0,12772,0,0,0,0,0,0,TRUE,0.4,"ACB","AFR"
"HG01884","United Kingdom",0,0.694981475539111,0.473776304602017,"ok",4883749,4883749,0,12772,0,0,0,0,0,0,TRUE,0.4,"ACB","AFR"
"HG01887","United Kingdom",0,0.690607397835507,0.477164074268778,"ok",4883749,4883749,0,12772,0,0,0,0,0,0,TRUE,0.4,"ACB","AFR"
"HG01888","United Kingdom",0.0421357,0.68832326526942,0.475086870668758,"ok",4883749,4883749,0,12772,0,0,0,0,0,0,TRUE,0.4,"ACB","AFR"
"HG01891","United Kingdom",0,0.693423844691946,0.471784021410189,"ok",4883749,4883749,0,12772,0,0,0,0,0,0,TRUE,0.4,"ACB","AFR"
"HG01895","United Kingdom",0,0.691314868054015,0.475753128517374,"ok",4883749,4883749,0,12772,0,0,0,0,0,0,TRUE,0.4,"ACB","AFR"
"HG01897","United Kingdom",0,0.699436576775466,0.457893789181095,"ok",4883749,4883749,0,12772,0,0,0,0,0,0,TRUE,0.4,"ACB","AFR"
"HG01916","United Kingdom",0.0473567,0.688751399116613,0.478868996864031,"ok",4883749,4883749,0,12772,0,0,0,0,0,0,TRUE,0.4,"ACB","AFR"
"HG01959","United Kingdom",0.0899713,0.678784647359925,0.488730625864921,"ok",4883749,4883749,0,12772,0,0,0,0,0,0,TRUE,0.4,"ACB","AFR"
"HG01960","United Kingdom",0.2694759,0.656563352057773,0.525303342327086,"ok",4883749,4883749,0,12772,0,0,0,0,0,0,TRUE,0.4,"ACB","AFR"
"HG01987","United Kingdom",0,0.691919481079038,0.475754664769442,"ok",4883749,4883749,0,12772,0,0,0,0,0,0,TRUE,0.4,"ACB","AFR"
"HG02011","United Kingdom",0.1304091,0.675007122504664,0.492136463115767,"ok",4883749,4883749,0,12772,0,0,0,0,0,0,TRUE,0.4,"ACB","AFR"
"HG02055","United Kingdom",0.0740755,0.688302810463657,0.485036445591939,"ok",4883749,4883749,0,12772,0,0,0,0,0,0,TRUE,0.4,"ACB","AFR"
"HG02145","United Kingdom",0.0692205,0.683457597154513,0.486064996854489,"ok",4883749,4883749,0,12772,0,0,0,0,0,0,TRUE,0.4,"ACB","AFR"
"HG02257","United Kingdom",0,0.678195074103274,0.49172338610856,"ok",4883749,4883749,0,12772,0,0,0,0,0,0,TRUE,0.4,"ACB","AFR"
"HG02258","United Kingdom",0.0142068,0.688821925226683,0.476855523850831,"ok",4883749,4883749,0,12772,0,0,0,0,0,0,TRUE,0.4,"ACB","AFR"
"HG02280","United Kingdom",0,0.693343858031554,0.470898501586711,"ok",4883749,4883749,0,12772,0,0,0,0,0,0,TRUE,0.4,"ACB","AFR"
"HG02316","United Kingdom",0,0.695371825387395,0.466540906935794,"ok",4883749,4883749,0,12772,0,0,0,0,0,0,TRUE,0.4,"ACB","AFR"
"HG02321","United Kingdom",0,0.691051302112726,0.478928541532868,"ok",4883749,4883749,0,12772,0,0,0,0,0,0,TRUE,0.4,"ACB","AFR"
"HG02451","United Kingdom",0,0.697440144325479,0.466905469803141,"ok",4883749,4883749,0,12772,0,0,0,0,0,0,TRUE,0.4,"ACB","AFR"
"NA19702","Africa (East)",0,0.676477938559099,0.615564791727395,"ok",4883749,4883749,0,12772,0,0,0,0,0,0,TRUE,0.4,"ASW","AFR"
"NA19705","Africa (East)",0.0097536,0.682054077480084,0.620101195327424,"ok",4883749,4883749,0,12772,0,0,0,0,0,0,TRUE,0.4,"ASW","AFR"
"NA19828","Africa (East)",0,0.66363803890199,0.623855909328531,"ok",4883749,4883749,0,12772,0,0,0,0,0,0,TRUE,0.4,"ASW","AFR"
"NA19836","Africa (East)",0,0.668922379304031,0.618871832994827,"ok",4883749,4883749,0,12772,0,0,0,0,0,0,TRUE,0.4,"ASW","AFR"
"NA19902","Africa (East)",0.0035957,0.682005412044748,0.622045372008224,"ok",4883749,4883749,0,12772,0,0,0,0,0,0,TRUE,0.4,"ASW","AFR"
"NA19918","Africa (East)",0,0.685991281893156,0.619661892964771,"ok",4883749,4883749,0,12772,0,0,0,0,0,0,TRUE,0.4,"ASW","AFR"
"NA19919","Africa (East)",0,0.688046987855447,0.623282024315701,"ok",4883749,4883749,0,12772,0,0,0,0,0,0,TRUE,0.4,"ASW","AFR"
"NA19924","Africa (East)",0.0043991,0.651264875094837,0.619164310012425,"ok",4883749,4883749,0,12772,0,0,0,0,0,0,TRUE,0.4,"ASW","AFR"
"NA19983","Africa (East)",0,0.667449213347876,0.622208579410085,"ok",4883749,4883749,0,12772,0,0,0,0,0,0,TRUE,0.4,"ASW","AFR"
"NA20128","Africa (East)",0,0.669915662407996,0.616438686991949,"ok",4883749,4883749,0,12772,0,0,0,0,0,0,TRUE,0.4,"ASW","AFR"
"NA20129","Africa (East)",0,0.666086282365079,0.619488787208492,"ok",4883749,4883749,0,12772,0,0,0,0,0,0,TRUE,0.4,"ASW","AFR"
"NA20279","Africa (East)",0,0.646151915601475,0.6171816616531,"ok",4883749,4883749,0,12772,0,0,0,0,0,0,TRUE,0.4,"ASW","AFR"
"NA20358","Africa (East)",0,0.679991963469917,0.618465447604804,"ok",4883749,4883749,0,12772,0,0,0,0,0,0,TRUE,0.4,"ASW","AFR"
"NA19702","Africa (North)",0,0.676477938559099,0.556292385851116,"ok",4883749,4883749,0,12772,0,0,0,0,0,0,TRUE,0.4,"ASW","AFR"
"NA19705","Africa (North)",0.0063119,0.682054077480084,0.554699462983975,"ok",4883749,4883749,0,12772,0,0,0,0,0,0,TRUE,0.4,"ASW","AFR"
"NA19828","Africa (North)",0,0.66363803890199,0.577682221832494,"ok",4883749,4883749,0,12772,0,0,0,0,0,0,TRUE,0.4,"ASW","AFR"
"NA19836","Africa (North)",0,0.668922379304031,0.566463953832692,"ok",4883749,4883749,0,12772,0,0,0,0,0,0,TRUE,0.4,"ASW","AFR"
"NA19902","Africa (North)",0,0.682005412044748,0.558287143152201,"ok",4883749,4883749,0,12772,0,0,0,0,0,0,TRUE,0.4,"ASW","AFR"
"NA19918","Africa (North)",0,0.685991281893156,0.553908420859766,"ok",4883749,4883749,0,12772,0,0,0,0,0,0,TRUE,0.4,"ASW","AFR"
"NA19919","Africa (North)",0,0.688046987855447,0.557328875731605,"ok",4883749,4883749,0,12772,0,0,0,0,0,0,TRUE,0.4,"ASW","AFR"
"NA19924","Africa (North)",0,0.651264875094837,0.58424467812915,"ok",4883749,4883749,0,12772,0,0,0,0,0,0,TRUE,0.4,"ASW","AFR"
"NA19983","Africa (North)",0,0.667449213347876,0.570462988798711,"ok",4883749,4883749,0,12772,0,0,0,0,0,0,TRUE,0.4,"ASW","AFR"
"NA20128","Africa (North)",0,0.669915662407996,0.560506275798748,"ok",4883749,4883749,0,12772,0,0,0,0,0,0,TRUE,0.4,"ASW","AFR"
"NA20129","Africa (North)",0,0.666086282365079,0.56790822125411,"ok",4883749,4883749,0,12772,0,0,0,0,0,0,TRUE,0.4,"ASW","AFR"
"NA20279","Africa (North)",0,0.646151915601475,0.596768738171039,"ok",4883749,4883749,0,12772,0,0,0,0,0,0,TRUE,0.4,"ASW","AFR"
"NA20358","Africa (North)",0.0282758,0.679991963469917,0.555588543537134,"ok",4883749,4883749,0,12772,0,0,0,0,0,0,TRUE,0.4,"ASW","AFR"
"NA19702","Africa (South)",0.1920891,0.676477938559099,0.668605116479862,"ok",4883749,4883749,0,12772,0,0,0,0,0,0,TRUE,0.4,"ASW","AFR"
"NA19705","Africa (South)",0.1316613,0.682054077480084,0.674992714708202,"ok",4883749,4883749,0,12772,0,0,0,0,0,0,TRUE,0.4,"ASW","AFR"
"NA19828","Africa (South)",0.0946663,0.66363803890199,0.645182466718587,"ok",4883749,4883749,0,12772,0,0,0,0,0,0,TRUE,0.4,"ASW","AFR"
"NA19836","Africa (South)",0.180429,0.668922379304031,0.657215497504872,"ok",4883749,4883749,0,12772,0,0,0,0,0,0,TRUE,0.4,"ASW","AFR"
"NA19902","Africa (South)",0.1567276,0.682005412044748,0.67496108905001,"ok",4883749,4883749,0,12772,0,0,0,0,0,0,TRUE,0.4,"ASW","AFR"
"NA19918","Africa (South)",0.1663035,0.685991281893156,0.679722503828317,"ok",4883749,4883749,0,12772,0,0,0,0,0,0,TRUE,0.4,"ASW","AFR"
"NA19919","Africa (South)",0.1512829,0.688046987855447,0.681670417017758,"ok",4883749,4883749,0,12772,0,0,0,0,0,0,TRUE,0.4,"ASW","AFR"
"NA19924","Africa (South)",0.1509698,0.651264875094837,0.625706021518812,"ok",4883749,4883749,0,12772,0,0,0,0,0,0,TRUE,0.4,"ASW","AFR"
"NA19983","Africa (South)",0.1214798,0.667449213347876,0.653345353740429,"ok",4883749,4883749,0,12772,0,0,0,0,0,0,TRUE,0.4,"ASW","AFR"
"NA20128","Africa (South)",0.1791893,0.669915662407996,0.660279951870468,"ok",4883749,4883749,0,12772,0,0,0,0,0,0,TRUE,0.4,"ASW","AFR"
"NA20129","Africa (South)",0.0788304,0.666086282365079,0.651847901535831,"ok",4883749,4883749,0,12772,0,0,0,0,0,0,TRUE,0.4,"ASW","AFR"
"NA20279","Africa (South)",0.0673222,0.646151915601475,0.60272853691088,"ok",4883749,4883749,0,12772,0,0,0,0,0,0,TRUE,0.4,"ASW","AFR"
"NA20358","Africa (South)",0.1685204,0.679991963469917,0.67300343063074,"ok",4883749,4883749,0,12772,0,0,0,0,0,0,TRUE,0.4,"ASW","AFR"
"NA19702","Africa (West)",0.6539515,0.676477938559099,0.671676977157939,"ok",4883749,4883749,0,12772,0,0,0,0,0,0,TRUE,0.4,"ASW","AFR"
"NA19705","Africa (West)",0.741553,0.682054077480084,0.679133153458094,"ok",4883749,4883749,0,12772,0,0,0,0,0,0,TRUE,0.4,"ASW","AFR"
"NA19828","Africa (West)",0.626249,0.66363803890199,0.6484712468693,"ok",4883749,4883749,0,12772,0,0,0,0,0,0,TRUE,0.4,"ASW","AFR"
"NA19836","Africa (West)",0.6235267,0.668922379304031,0.659772134075361,"ok",4883749,4883749,0,12772,0,0,0,0,0,0,TRUE,0.4,"ASW","AFR"
"NA19902","Africa (West)",0.7149843,0.682005412044748,0.678361293646878,"ok",4883749,4883749,0,12772,0,0,0,0,0,0,TRUE,0.4,"ASW","AFR"
"NA19918","Africa (West)",0.7345847,0.685991281893156,0.683504596991984,"ok",4883749,4883749,0,12772,0,0,0,0,0,0,TRUE,0.4,"ASW","AFR"
"NA19919","Africa (West)",0.7386661,0.688046987855447,0.685393302900341,"ok",4883749,4883749,0,12772,0,0,0,0,0,0,TRUE,0.4,"ASW","AFR"
"NA19924","Africa (West)",0.5166425,0.651264875094837,0.627341660827894,"ok",4883749,4883749,0,12772,0,0,0,0,0,0,TRUE,0.4,"ASW","AFR"
"NA19983","Africa (West)",0.6507501,0.667449213347876,0.65703119552276,"ok",4883749,4883749,0,12772,0,0,0,0,0,0,TRUE,0.4,"ASW","AFR"
"NA20128","Africa (West)",0.640718,0.669915662407996,0.662902454412709,"ok",4883749,4883749,0,12772,0,0,0,0,0,0,TRUE,0.4,"ASW","AFR"
"NA20129","Africa (West)",0.6838477,0.666086282365079,0.655790154513744,"ok",4883749,4883749,0,12772,0,0,0,0,0,0,TRUE,0.4,"ASW","AFR"
"NA20279","Africa (West)",0.5261313,0.646151915601475,0.605875184923904,"ok",4883749,4883749,0,12772,0,0,0,0,0,0,TRUE,0.4,"ASW","AFR"
"NA20358","Africa (West)",0.696323,0.679991963469917,0.676521466033082,"ok",4883749,4883749,0,12772,0,0,0,0,0,0,TRUE,0.4,"ASW","AFR"
"NA19702","Ashkenazi",0,0.676477938559099,0.498736990531839,"ok",4883749,4883749,0,12772,0,0,0,0,0,0,TRUE,0.4,"ASW","AFR"
"NA19705","Ashkenazi",0.0001979,0.682054077480084,0.494500101120837,"ok",4883749,4883749,0,12772,0,0,0,0,0,0,TRUE,0.4,"ASW","AFR"
"NA19828","Ashkenazi",0,0.66363803890199,0.530275839563668,"ok",4883749,4883749,0,12772,0,0,0,0,0,0,TRUE,0.4,"ASW","AFR"
"NA19836","Ashkenazi",0,0.668922379304031,0.514050263864604,"ok",4883749,4883749,0,12772,0,0,0,0,0,0,TRUE,0.4,"ASW","AFR"
"NA19902","Ashkenazi",0,0.682005412044748,0.498775401809498,"ok",4883749,4883749,0,12772,0,0,0,0,0,0,TRUE,0.4,"ASW","AFR"
"NA19918","Ashkenazi",0.0073293,0.685991281893156,0.492846479074315,"ok",4883749,4883749,0,12772,0,0,0,0,0,0,TRUE,0.4,"ASW","AFR"
"NA19919","Ashkenazi",0,0.688046987855447,0.495563389334905,"ok",4883749,4883749,0,12772,0,0,0,0,0,0,TRUE,0.4,"ASW","AFR"
"NA19924","Ashkenazi",0,0.651264875094837,0.540747262553825,"ok",4883749,4883749,0,12772,0,0,0,0,0,0,TRUE,0.4,"ASW","AFR"
"NA19983","Ashkenazi",0.0198019,0.667449213347876,0.519934806088143,"ok",4883749,4883749,0,12772,0,0,0,0,0,0,TRUE,0.4,"ASW","AFR"
"NA20128","Ashkenazi",0,0.669915662407996,0.506215283792347,"ok",4883749,4883749,0,12772,0,0,0,0,0,0,TRUE,0.4,"ASW","AFR"
"NA20129","Ashkenazi",0.0020996,0.666086282365079,0.516280472177798,"ok",4883749,4883749,0,12772,0,0,0,0,0,0,TRUE,0.4,"ASW","AFR"
"NA20279","Ashkenazi",0,0.646151915601475,0.562798013725548,"ok",4883749,4883749,0,12772,0,0,0,0,0,0,TRUE,0.4,"ASW","AFR"
"NA20358","Ashkenazi",0,0.679991963469917,0.495354685732894,"ok",4883749,4883749,0,12772,0,0,0,0,0,0,TRUE,0.4,"ASW","AFR"
"NA19702","Asia (East)",0,0.676477938559099,0.443476631466767,"ok",4883749,4883749,0,12772,0,0,0,0,0,0,TRUE,0.4,"ASW","AFR"
"NA19705","Asia (East)",0,0.682054077480084,0.43814345654684,"ok",4883749,4883749,0,12772,0,0,0,0,0,0,TRUE,0.4,"ASW","AFR"
"NA19828","Asia (East)",0.0008064,0.66363803890199,0.461976788599117,"ok",4883749,4883749,0,12772,0,0,0,0,0,0,TRUE,0.4,"ASW","AFR"
"NA19836","Asia (East)",0,0.668922379304031,0.451760391752652,"ok",4883749,4883749,0,12772,0,0,0,0,0,0,TRUE,0.4,"ASW","AFR"
"NA19902","Asia (East)",0,0.682005412044748,0.441809741535913,"ok",4883749,4883749,0,12772,0,0,0,0,0,0,TRUE,0.4,"ASW","AFR"
"NA19918","Asia (East)",0,0.685991281893156,0.440240323289377,"ok",4883749,4883749,0,12772,0,0,0,0,0,0,TRUE,0.4,"ASW","AFR"
"NA19919","Asia (East)",0,0.688046987855447,0.441221599494104,"ok",4883749,4883749,0,12772,0,0,0,0,0,0,TRUE,0.4,"ASW","AFR"
"NA19924","Asia (East)",0,0.651264875094837,0.463236843562749,"ok",4883749,4883749,0,12772,0,0,0,0,0,0,TRUE,0.4,"ASW","AFR"
"NA19983","Asia (East)",0.0098833,0.667449213347876,0.455766738192569,"ok",4883749,4883749,0,12772,0,0,0,0,0,0,TRUE,0.4,"ASW","AFR"
"NA20128","Asia (East)",0,0.669915662407996,0.446946346720016,"ok",4883749,4883749,0,12772,0,0,0,0,0,0,TRUE,0.4,"ASW","AFR"
"NA20129","Asia (East)",0.0087434,0.666086282365079,0.463661858182705,"ok",4883749,4883749,0,12772,0,0,0,0,0,0,TRUE,0.4,"ASW","AFR"
"NA20279","Asia (East)",0,0.646151915601475,0.472915196783669,"ok",4883749,4883749,0,12772,0,0,0,0,0,0,TRUE,0.4,"ASW","AFR"
"NA20358","Asia (East)",0,0.679991963469917,0.445245254096106,"ok",4883749,4883749,0,12772,0,0,0,0,0,0,TRUE,0.4,"ASW","AFR"
"NA19702","Bangladesh",0,0.676477938559099,0.503553554074234,"ok",4883749,4883749,0,12772,0,0,0,0,0,0,TRUE,0.4,"ASW","AFR"
"NA19705","Bangladesh",0,0.682054077480084,0.499347629088368,"ok",4883749,4883749,0,12772,0,0,0,0,0,0,TRUE,0.4,"ASW","AFR"
"NA19828","Bangladesh",0,0.66363803890199,0.529963896904348,"ok",4883749,4883749,0,12772,0,0,0,0,0,0,TRUE,0.4,"ASW","AFR"
"NA19836","Bangladesh",0,0.668922379304031,0.515026884082378,"ok",4883749,4883749,0,12772,0,0,0,0,0,0,TRUE,0.4,"ASW","AFR"
"NA19902","Bangladesh",0,0.682005412044748,0.502164745859383,"ok",4883749,4883749,0,12772,0,0,0,0,0,0,TRUE,0.4,"ASW","AFR"
"NA19918","Bangladesh",0,0.685991281893156,0.498843277756801,"ok",4883749,4883749,0,12772,0,0,0,0,0,0,TRUE,0.4,"ASW","AFR"
"NA19919","Bangladesh",0,0.688046987855447,0.49956122556862,"ok",4883749,4883749,0,12772,0,0,0,0,0,0,TRUE,0.4,"ASW","AFR"
"NA19924","Bangladesh",0,0.651264875094837,0.533438746716724,"ok",4883749,4883749,0,12772,0,0,0,0,0,0,TRUE,0.4,"ASW","AFR"
"NA19983","Bangladesh",0,0.667449213347876,0.51719187296847,"ok",4883749,4883749,0,12772,0,0,0,0,0,0,TRUE,0.4,"ASW","AFR"
"NA20128","Bangladesh",0,0.669915662407996,0.506673665236358,"ok",4883749,4883749,0,12772,0,0,0,0,0,0,TRUE,0.4,"ASW","AFR"
"NA20129","Bangladesh",0,0.666086282365079,0.520234001851878,"ok",4883749,4883749,0,12772,0,0,0,0,0,0,TRUE,0.4,"ASW","AFR"
"NA20279","Bangladesh",0,0.646151915601475,0.54825390782622,"ok",4883749,4883749,0,12772,0,0,0,0,0,0,TRUE,0.4,"ASW","AFR"
"NA20358","Bangladesh",0.0198419,0.679991963469917,0.503501095367197,"ok",4883749,4883749,0,12772,0,0,0,0,0,0,TRUE,0.4,"ASW","AFR"
"NA19702","Europe (North East)",0,0.676477938559099,0.489192209236454,"ok",4883749,4883749,0,12772,0,0,0,0,0,0,TRUE,0.4,"ASW","AFR"
"NA19705","Europe (North East)",0.0404062,0.682054077480084,0.48170687223788,"ok",4883749,4883749,0,12772,0,0,0,0,0,0,TRUE,0.4,"ASW","AFR"
"NA19828","Europe (North East)",0,0.66363803890199,0.521406609903632,"ok",4883749,4883749,0,12772,0,0,0,0,0,0,TRUE,0.4,"ASW","AFR"
"NA19836","Europe (North East)",0.0609921,0.668922379304031,0.505327003042358,"ok",4883749,4883749,0,12772,0,0,0,0,0,0,TRUE,0.4,"ASW","AFR"
"NA19902","Europe (North East)",0,0.682005412044748,0.485168009702268,"ok",4883749,4883749,0,12772,0,0,0,0,0,0,TRUE,0.4,"ASW","AFR"
"NA19918","Europe (North East)",0,0.685991281893156,0.479651044198072,"ok",4883749,4883749,0,12772,0,0,0,0,0,0,TRUE,0.4,"ASW","AFR"
"NA19919","Europe (North East)",0.0216398,0.688046987855447,0.482624787403715,"ok",4883749,4883749,0,12772,0,0,0,0,0,0,TRUE,0.4,"ASW","AFR"
"NA19924","Europe (North East)",0,0.651264875094837,0.533773479054784,"ok",4883749,4883749,0,12772,0,0,0,0,0,0,TRUE,0.4,"ASW","AFR"
"NA19983","Europe (North East)",0,0.667449213347876,0.508994164439349,"ok",4883749,4883749,0,12772,0,0,0,0,0,0,TRUE,0.4,"ASW","AFR"
"NA20128","Europe (North East)",0,0.669915662407996,0.495986756385906,"ok",4883749,4883749,0,12772,0,0,0,0,0,0,TRUE,0.4,"ASW","AFR"
"NA20129","Europe (North East)",0,0.666086282365079,0.50592990044266,"ok",4883749,4883749,0,12772,0,0,0,0,0,0,TRUE,0.4,"ASW","AFR"
"NA20279","Europe (North East)",0,0.646151915601475,0.558096787760497,"ok",4883749,4883749,0,12772,0,0,0,0,0,0,TRUE,0.4,"ASW","AFR"
"NA20358","Europe (North East)",0,0.679991963469917,0.482218910594057,"ok",4883749,4883749,0,12772,0,0,0,0,0,0,TRUE,0.4,"ASW","AFR"
"NA19702","Europe (South East)",0,0.676477938559099,0.493546982847378,"ok",4883749,4883749,0,12772,0,0,0,0,0,0,TRUE,0.4,"ASW","AFR"
"NA19705","Europe (South East)",0,0.682054077480084,0.486433059852725,"ok",4883749,4883749,0,12772,0,0,0,0,0,0,TRUE,0.4,"ASW","AFR"
"NA19828","Europe (South East)",0,0.66363803890199,0.525718775541459,"ok",4883749,4883749,0,12772,0,0,0,0,0,0,TRUE,0.4,"ASW","AFR"
"NA19836","Europe (South East)",0,0.668922379304031,0.508739290127286,"ok",4883749,4883749,0,12772,0,0,0,0,0,0,TRUE,0.4,"ASW","AFR"
"NA19902","Europe (South East)",0,0.682005412044748,0.490633598642471,"ok",4883749,4883749,0,12772,0,0,0,0,0,0,TRUE,0.4,"ASW","AFR"
"NA19918","Europe (South East)",0,0.685991281893156,0.484377312052598,"ok",4883749,4883749,0,12772,0,0,0,0,0,0,TRUE,0.4,"ASW","AFR"
"NA19919","Europe (South East)",0,0.688046987855447,0.487614610238062,"ok",4883749,4883749,0,12772,0,0,0,0,0,0,TRUE,0.4,"ASW","AFR"
"NA19924","Europe (South East)",0,0.651264875094837,0.537904913006989,"ok",4883749,4883749,0,12772,0,0,0,0,0,0,TRUE,0.4,"ASW","AFR"
"NA19983","Europe (South East)",0,0.667449213347876,0.51376244299022,"ok",4883749,4883749,0,12772,0,0,0,0,0,0,TRUE,0.4,"ASW","AFR"
"NA20128","Europe (South East)",0,0.669915662407996,0.50015006253366,"ok",4883749,4883749,0,12772,0,0,0,0,0,0,TRUE,0.4,"ASW","AFR"
"NA20129","Europe (South East)",0,0.666086282365079,0.510530972486469,"ok",4883749,4883749,0,12772,0,0,0,0,0,0,TRUE,0.4,"ASW","AFR"
"NA20279","Europe (South East)",0,0.646151915601475,0.562477392851379,"ok",4883749,4883749,0,12772,0,0,0,0,0,0,TRUE,0.4,"ASW","AFR"
"NA20358","Europe (South East)",0,0.679991963469917,0.488001921294876,"ok",4883749,4883749,0,12772,0,0,0,0,0,0,TRUE,0.4,"ASW","AFR"
"NA19702","Europe (South West)",0,0.676477938559099,0.499281274396029,"ok",4883749,4883749,0,12772,0,0,0,0,0,0,TRUE,0.4,"ASW","AFR"
"NA19705","Europe (South West)",0,0.682054077480084,0.492886624344497,"ok",4883749,4883749,0,12772,0,0,0,0,0,0,TRUE,0.4,"ASW","AFR"
"NA19828","Europe (South West)",0,0.66363803890199,0.531054970317282,"ok",4883749,4883749,0,12772,0,0,0,0,0,0,TRUE,0.4,"ASW","AFR"
"NA19836","Europe (South West)",0,0.668922379304031,0.514510675823916,"ok",4883749,4883749,0,12772,0,0,0,0,0,0,TRUE,0.4,"ASW","AFR"
"NA19902","Europe (South West)",0.067431,0.682005412044748,0.497594757190098,"ok",4883749,4883749,0,12772,0,0,0,0,0,0,TRUE,0.4,"ASW","AFR"
"NA19918","Europe (South West)",0,0.685991281893156,0.490878442801748,"ok",4883749,4883749,0,12772,0,0,0,0,0,0,TRUE,0.4,"ASW","AFR"
"NA19919","Europe (South West)",0.0639042,0.688046987855447,0.494215281128803,"ok",4883749,4883749,0,12772,0,0,0,0,0,0,TRUE,0.4,"ASW","AFR"
"NA19924","Europe (South West)",0.0921123,0.651264875094837,0.543275565858325,"ok",4883749,4883749,0,12772,0,0,0,0,0,0,TRUE,0.4,"ASW","AFR"
"NA19983","Europe (South West)",0,0.667449213347876,0.519350298491831,"ok",4883749,4883749,0,12772,0,0,0,0,0,0,TRUE,0.4,"ASW","AFR"
"NA20128","Europe (South West)",0,0.669915662407996,0.506516900445189,"ok",4883749,4883749,0,12772,0,0,0,0,0,0,TRUE,0.4,"ASW","AFR"
"NA20129","Europe (South West)",0.039714,0.666086282365079,0.516042638267081,"ok",4883749,4883749,0,12772,0,0,0,0,0,0,TRUE,0.4,"ASW","AFR"
"NA20279","Europe (South West)",0,0.646151915601475,0.566876823277267,"ok",4883749,4883749,0,12772,0,0,0,0,0,0,TRUE,0.4,"ASW","AFR"
"NA20358","Europe (South West)",0,0.679991963469917,0.493848412784832,"ok",4883749,4883749,0,12772,0,0,0,0,0,0,TRUE,0.4,"ASW","AFR"
"NA19702","Finland",0.0079135,0.676477938559099,0.485295530401961,"ok",4883749,4883749,0,12772,0,0,0,0,0,0,TRUE,0.4,"ASW","AFR"
"NA19705","Finland",0.0127078,0.682054077480084,0.477665160481474,"ok",4883749,4883749,0,12772,0,0,0,0,0,0,TRUE,0.4,"ASW","AFR"
"NA19828","Finland",0,0.66363803890199,0.518016715051476,"ok",4883749,4883749,0,12772,0,0,0,0,0,0,TRUE,0.4,"ASW","AFR"
"NA19836","Finland",0,0.668922379304031,0.501322823658473,"ok",4883749,4883749,0,12772,0,0,0,0,0,0,TRUE,0.4,"ASW","AFR"
"NA19902","Finland",0,0.682005412044748,0.480701795151288,"ok",4883749,4883749,0,12772,0,0,0,0,0,0,TRUE,0.4,"ASW","AFR"
"NA19918","Finland",0.0226408,0.685991281893156,0.476179372226519,"ok",4883749,4883749,0,12772,0,0,0,0,0,0,TRUE,0.4,"ASW","AFR"
"NA19919","Finland",0,0.688046987855447,0.477815942585548,"ok",4883749,4883749,0,12772,0,0,0,0,0,0,TRUE,0.4,"ASW","AFR"
"NA19924","Finland",0.0285568,0.651264875094837,0.529614221600516,"ok",4883749,4883749,0,12772,0,0,0,0,0,0,TRUE,0.4,"ASW","AFR"
"NA19983","Finland",0,0.667449213347876,0.504550274268213,"ok",4883749,4883749,0,12772,0,0,0,0,0,0,TRUE,0.4,"ASW","AFR"
"NA20128","Finland",0,0.669915662407996,0.492223976132824,"ok",4883749,4883749,0,12772,0,0,0,0,0,0,TRUE,0.4,"ASW","AFR"
"NA20129","Finland",0.0084984,0.666086282365079,0.502084361302013,"ok",4883749,4883749,0,12772,0,0,0,0,0,0,TRUE,0.4,"ASW","AFR"
"NA20279","Finland",0.0188866,0.646151915601475,0.553673668378952,"ok",4883749,4883749,0,12772,0,0,0,0,0,0,TRUE,0.4,"ASW","AFR"
"NA20358","Finland",0,0.679991963469917,0.47891127138296,"ok",4883749,4883749,0,12772,0,0,0,0,0,0,TRUE,0.4,"ASW","AFR"
"NA19702","Ireland",0.0037832,0.676477938559099,0.488355837717919,"ok",4883749,4883749,0,12772,0,0,0,0,0,0,TRUE,0.4,"ASW","AFR"
"NA19705","Ireland",0.0574083,0.682054077480084,0.480606803273359,"ok",4883749,4883749,0,12772,0,0,0,0,0,0,TRUE,0.4,"ASW","AFR"
"NA19828","Ireland",0.0621039,0.66363803890199,0.52189882700819,"ok",4883749,4883749,0,12772,0,0,0,0,0,0,TRUE,0.4,"ASW","AFR"
"NA19836","Ireland",0.0678062,0.668922379304031,0.504520172276551,"ok",4883749,4883749,0,12772,0,0,0,0,0,0,TRUE,0.4,"ASW","AFR"
"NA19902","Ireland",0.0466147,0.682005412044748,0.485030349826314,"ok",4883749,4883749,0,12772,0,0,0,0,0,0,TRUE,0.4,"ASW","AFR"
"NA19918","Ireland",0.0258596,0.685991281893156,0.479107484516374,"ok",4883749,4883749,0,12772,0,0,0,0,0,0,TRUE,0.4,"ASW","AFR"
"NA19919","Ireland",0.013805,0.688046987855447,0.481759492777812,"ok",4883749,4883749,0,12772,0,0,0,0,0,0,TRUE,0.4,"ASW","AFR"
"NA19924","Ireland",0,0.651264875094837,0.533735176368497,"ok",4883749,4883749,0,12772,0,0,0,0,0,0,TRUE,0.4,"ASW","AFR"
"NA19983","Ireland",0.1388854,0.667449213347876,0.509486448154534,"ok",4883749,4883749,0,12772,0,0,0,0,0,0,TRUE,0.4,"ASW","AFR"
"NA20128","Ireland",0,0.669915662407996,0.495724442564837,"ok",4883749,4883749,0,12772,0,0,0,0,0,0,TRUE,0.4,"ASW","AFR"
"NA20129","Ireland",0.0678633,0.666086282365079,0.505287267850178,"ok",4883749,4883749,0,12772,0,0,0,0,0,0,TRUE,0.4,"ASW","AFR"
"NA20279","Ireland",0,0.646151915601475,0.559310854216241,"ok",4883749,4883749,0,12772,0,0,0,0,0,0,TRUE,0.4,"ASW","AFR"
"NA20358","Ireland",0,0.679991963469917,0.481633498044987,"ok",4883749,4883749,0,12772,0,0,0,0,0,0,TRUE,0.4,"ASW","AFR"
"NA19702","Italy",0,0.676477938559099,0.496647141143103,"ok",4883749,4883749,0,12772,0,0,0,0,0,0,TRUE,0.4,"ASW","AFR"
"NA19705","Italy",0,0.682054077480084,0.490383573854544,"ok",4883749,4883749,0,12772,0,0,0,0,0,0,TRUE,0.4,"ASW","AFR"
"NA19828","Italy",0,0.66363803890199,0.529158630254325,"ok",4883749,4883749,0,12772,0,0,0,0,0,0,TRUE,0.4,"ASW","AFR"
"NA19836","Italy",0,0.668922379304031,0.511307072813035,"ok",4883749,4883749,0,12772,0,0,0,0,0,0,TRUE,0.4,"ASW","AFR"
"NA19902","Italy",0,0.682005412044748,0.494657520604157,"ok",4883749,4883749,0,12772,0,0,0,0,0,0,TRUE,0.4,"ASW","AFR"
"NA19918","Italy",0,0.685991281893156,0.48870653516242,"ok",4883749,4883749,0,12772,0,0,0,0,0,0,TRUE,0.4,"ASW","AFR"
"NA19919","Italy",0,0.688046987855447,0.492161155733657,"ok",4883749,4883749,0,12772,0,0,0,0,0,0,TRUE,0.4,"ASW","AFR"
"NA19924","Italy",0,0.651264875094837,0.540753523110702,"ok",4883749,4883749,0,12772,0,0,0,0,0,0,TRUE,0.4,"ASW","AFR"
"NA19983","Italy",0,0.667449213347876,0.517171421010262,"ok",4883749,4883749,0,12772,0,0,0,0,0,0,TRUE,0.4,"ASW","AFR"
"NA20128","Italy",0,0.669915662407996,0.503803055058952,"ok",4883749,4883749,0,12772,0,0,0,0,0,0,TRUE,0.4,"ASW","AFR"
"NA20129","Italy",0,0.666086282365079,0.513668457741552,"ok",4883749,4883749,0,12772,0,0,0,0,0,0,TRUE,0.4,"ASW","AFR"
"NA20279","Italy",0,0.646151915601475,0.564155646998872,"ok",4883749,4883749,0,12772,0,0,0,0,0,0,TRUE,0.4,"ASW","AFR"
"NA20358","Italy",0,0.679991963469917,0.491959563402918,"ok",4883749,4883749,0,12772,0,0,0,0,0,0,TRUE,0.4,"ASW","AFR"
"NA19702","Japan",0,0.676477938559099,0.443227173160257,"ok",4883749,4883749,0,12772,0,0,0,0,0,0,TRUE,0.4,"ASW","AFR"
"NA19705","Japan",0,0.682054077480084,0.436204238300769,"ok",4883749,4883749,0,12772,0,0,0,0,0,0,TRUE,0.4,"ASW","AFR"
"NA19828","Japan",0,0.66363803890199,0.461542985424233,"ok",4883749,4883749,0,12772,0,0,0,0,0,0,TRUE,0.4,"ASW","AFR"
"NA19836","Japan",0,0.668922379304031,0.451207848871902,"ok",4883749,4883749,0,12772,0,0,0,0,0,0,TRUE,0.4,"ASW","AFR"
"NA19902","Japan",0,0.682005412044748,0.440875796610388,"ok",4883749,4883749,0,12772,0,0,0,0,0,0,TRUE,0.4,"ASW","AFR"
"NA19918","Japan",0,0.685991281893156,0.438886511638095,"ok",4883749,4883749,0,12772,0,0,0,0,0,0,TRUE,0.4,"ASW","AFR"
"NA19919","Japan",0,0.688046987855447,0.439129921005501,"ok",4883749,4883749,0,12772,0,0,0,0,0,0,TRUE,0.4,"ASW","AFR"
"NA19924","Japan",0,0.651264875094837,0.461612622226048,"ok",4883749,4883749,0,12772,0,0,0,0,0,0,TRUE,0.4,"ASW","AFR"
"NA19983","Japan",0,0.667449213347876,0.453840685348575,"ok",4883749,4883749,0,12772,0,0,0,0,0,0,TRUE,0.4,"ASW","AFR"
"NA20128","Japan",0,0.669915662407996,0.445271768979438,"ok",4883749,4883749,0,12772,0,0,0,0,0,0,TRUE,0.4,"ASW","AFR"
"NA20129","Japan",0.0057295,0.666086282365079,0.462515431572827,"ok",4883749,4883749,0,12772,0,0,0,0,0,0,TRUE,0.4,"ASW","AFR"
"NA20279","Japan",0.0014869,0.646151915601475,0.472036453398065,"ok",4883749,4883749,0,12772,0,0,0,0,0,0,TRUE,0.4,"ASW","AFR"
"NA20358","Japan",0.0067458,0.679991963469917,0.443808871396765,"ok",4883749,4883749,0,12772,0,0,0,0,0,0,TRUE,0.4,"ASW","AFR"
"NA19702","Middle East",0,0.676477938559099,0.506823153426591,"ok",4883749,4883749,0,12772,0,0,0,0,0,0,TRUE,0.4,"ASW","AFR"
"NA19705","Middle East",0,0.682054077480084,0.501835774403792,"ok",4883749,4883749,0,12772,0,0,0,0,0,0,TRUE,0.4,"ASW","AFR"
"NA19828","Middle East",0,0.66363803890199,0.537484340682952,"ok",4883749,4883749,0,12772,0,0,0,0,0,0,TRUE,0.4,"ASW","AFR"
"NA19836","Middle East",0,0.668922379304031,0.520264276916748,"ok",4883749,4883749,0,12772,0,0,0,0,0,0,TRUE,0.4,"ASW","AFR"
"NA19902","Middle East",0,0.682005412044748,0.506475998434825,"ok",4883749,4883749,0,12772,0,0,0,0,0,0,TRUE,0.4,"ASW","AFR"
"NA19918","Middle East",0,0.685991281893156,0.500560531667316,"ok",4883749,4883749,0,12772,0,0,0,0,0,0,TRUE,0.4,"ASW","AFR"
"NA19919","Middle East",0,0.688046987855447,0.503465322458468,"ok",4883749,4883749,0,12772,0,0,0,0,0,0,TRUE,0.4,"ASW","AFR"
"NA19924","Middle East",0,0.651264875094837,0.546708395424292,"ok",4883749,4883749,0,12772,0,0,0,0,0,0,TRUE,0.4,"ASW","AFR"
"NA19983","Middle East",0,0.667449213347876,0.526434171166056,"ok",4883749,4883749,0,12772,0,0,0,0,0,0,TRUE,0.4,"ASW","AFR"
"NA20128","Middle East",0,0.669915662407996,0.512887702140545,"ok",4883749,4883749,0,12772,0,0,0,0,0,0,TRUE,0.4,"ASW","AFR"
"NA20129","Middle East",0,0.666086282365079,0.523856390398677,"ok",4883749,4883749,0,12772,0,0,0,0,0,0,TRUE,0.4,"ASW","AFR"
"NA20279","Middle East",0,0.646151915601475,0.567846798451193,"ok",4883749,4883749,0,12772,0,0,0,0,0,0,TRUE,0.4,"ASW","AFR"
"NA20358","Middle East",0,0.679991963469917,0.503678179447172,"ok",4883749,4883749,0,12772,0,0,0,0,0,0,TRUE,0.4,"ASW","AFR"
"NA19702","Pakistan",0,0.676477938559099,0.507029570870484,"ok",4883749,4883749,0,12772,0,0,0,0,0,0,TRUE,0.4,"ASW","AFR"
"NA19705","Pakistan",0,0.682054077480084,0.502512806974424,"ok",4883749,4883749,0,12772,0,0,0,0,0,0,TRUE,0.4,"ASW","AFR"
"NA19828","Pakistan",0,0.66363803890199,0.536097968793617,"ok",4883749,4883749,0,12772,0,0,0,0,0,0,TRUE,0.4,"ASW","AFR"
"NA19836","Pakistan",0,0.668922379304031,0.520034026450293,"ok",4883749,4883749,0,12772,0,0,0,0,0,0,TRUE,0.4,"ASW","AFR"
"NA19902","Pakistan",0,0.682005412044748,0.505909695349723,"ok",4883749,4883749,0,12772,0,0,0,0,0,0,TRUE,0.4,"ASW","AFR"
"NA19918","Pakistan",0,0.685991281893156,0.500718423020849,"ok",4883749,4883749,0,12772,0,0,0,0,0,0,TRUE,0.4,"ASW","AFR"
"NA19919","Pakistan",0,0.688046987855447,0.502729602127557,"ok",4883749,4883749,0,12772,0,0,0,0,0,0,TRUE,0.4,"ASW","AFR"
"NA19924","Pakistan",0,0.651264875094837,0.542099268433405,"ok",4883749,4883749,0,12772,0,0,0,0,0,0,TRUE,0.4,"ASW","AFR"
"NA19983","Pakistan",0,0.667449213347876,0.523301140232299,"ok",4883749,4883749,0,12772,0,0,0,0,0,0,TRUE,0.4,"ASW","AFR"
"NA20128","Pakistan",0,0.669915662407996,0.511195318957,"ok",4883749,4883749,0,12772,0,0,0,0,0,0,TRUE,0.4,"ASW","AFR"
"NA20129","Pakistan",0,0.666086282365079,0.523730548451632,"ok",4883749,4883749,0,12772,0,0,0,0,0,0,TRUE,0.4,"ASW","AFR"
"NA20279","Pakistan",0,0.646151915601475,0.560937195753802,"ok",4883749,4883749,0,12772,0,0,0,0,0,0,TRUE,0.4,"ASW","AFR"
"NA20358","Pakistan",0,0.679991963469917,0.504898650439041,"ok",4883749,4883749,0,12772,0,0,0,0,0,0,TRUE,0.4,"ASW","AFR"
"NA19702","Philippines",0,0.676477938559099,0.445834336463933,"ok",4883749,4883749,0,12772,0,0,0,0,0,0,TRUE,0.4,"ASW","AFR"
"NA19705","Philippines",0,0.682054077480084,0.44170378922683,"ok",4883749,4883749,0,12772,0,0,0,0,0,0,TRUE,0.4,"ASW","AFR"
"NA19828","Philippines",0,0.66363803890199,0.464858389185134,"ok",4883749,4883749,0,12772,0,0,0,0,0,0,TRUE,0.4,"ASW","AFR"
"NA19836","Philippines",0.0060219,0.668922379304031,0.455768870407981,"ok",4883749,4883749,0,12772,0,0,0,0,0,0,TRUE,0.4,"ASW","AFR"
"NA19902","Philippines",0.0010736,0.682005412044748,0.445682561398893,"ok",4883749,4883749,0,12772,0,0,0,0,0,0,TRUE,0.4,"ASW","AFR"
"NA19918","Philippines",0.001364,0.685991281893156,0.443575289528469,"ok",4883749,4883749,0,12772,0,0,0,0,0,0,TRUE,0.4,"ASW","AFR"
"NA19919","Philippines",0.0007407,0.688046987855447,0.445353713456085,"ok",4883749,4883749,0,12772,0,0,0,0,0,0,TRUE,0.4,"ASW","AFR"
"NA19924","Philippines",0,0.651264875094837,0.465857483009326,"ok",4883749,4883749,0,12772,0,0,0,0,0,0,TRUE,0.4,"ASW","AFR"
"NA19983","Philippines",0,0.667449213347876,0.458741704872323,"ok",4883749,4883749,0,12772,0,0,0,0,0,0,TRUE,0.4,"ASW","AFR"
"NA20128","Philippines",0.0117731,0.669915662407996,0.450476277218295,"ok",4883749,4883749,0,12772,0,0,0,0,0,0,TRUE,0.4,"ASW","AFR"
"NA20129","Philippines",0,0.666086282365079,0.46556671134124,"ok",4883749,4883749,0,12772,0,0,0,0,0,0,TRUE,0.4,"ASW","AFR"
"NA20279","Philippines",0,0.646151915601475,0.474709822202664,"ok",4883749,4883749,0,12772,0,0,0,0,0,0,TRUE,0.4,"ASW","AFR"
"NA20358","Philippines",0,0.679991963469917,0.4476068911813,"ok",4883749,4883749,0,12772,0,0,0,0,0,0,TRUE,0.4,"ASW","AFR"
"NA19702","Scandinavia",0.1154617,0.676477938559099,0.488583586976164,"ok",4883749,4883749,0,12772,0,0,0,0,0,0,TRUE,0.4,"ASW","AFR"
"NA19705","Scandinavia",0,0.682054077480084,0.480619992594826,"ok",4883749,4883749,0,12772,0,0,0,0,0,0,TRUE,0.4,"ASW","AFR"
"NA19828","Scandinavia",0.085027,0.66363803890199,0.521842347904114,"ok",4883749,4883749,0,12772,0,0,0,0,0,0,TRUE,0.4,"ASW","AFR"
"NA19836","Scandinavia",0.061224,0.668922379304031,0.504307768763065,"ok",4883749,4883749,0,12772,0,0,0,0,0,0,TRUE,0.4,"ASW","AFR"
"NA19902","Scandinavia",0,0.682005412044748,0.484578290048318,"ok",4883749,4883749,0,12772,0,0,0,0,0,0,TRUE,0.4,"ASW","AFR"
"NA19918","Scandinavia",0.0398287,0.685991281893156,0.478857249346661,"ok",4883749,4883749,0,12772,0,0,0,0,0,0,TRUE,0.4,"ASW","AFR"
"NA19919","Scandinavia",0,0.688046987855447,0.481005711946141,"ok",4883749,4883749,0,12772,0,0,0,0,0,0,TRUE,0.4,"ASW","AFR"
"NA19924","Scandinavia",0.1391912,0.651264875094837,0.533909612345828,"ok",4883749,4883749,0,12772,0,0,0,0,0,0,TRUE,0.4,"ASW","AFR"
"NA19983","Scandinavia",0,0.667449213347876,0.508723033752172,"ok",4883749,4883749,0,12772,0,0,0,0,0,0,TRUE,0.4,"ASW","AFR"
"NA20128","Scandinavia",0.003625,0.669915662407996,0.495520003927171,"ok",4883749,4883749,0,12772,0,0,0,0,0,0,TRUE,0.4,"ASW","AFR"
"NA20129","Scandinavia",0,0.666086282365079,0.504616948175982,"ok",4883749,4883749,0,12772,0,0,0,0,0,0,TRUE,0.4,"ASW","AFR"
"NA20279","Scandinavia",0,0.646151915601475,0.559281902850518,"ok",4883749,4883749,0,12772,0,0,0,0,0,0,TRUE,0.4,"ASW","AFR"
"NA20358","Scandinavia",0.0199547,0.679991963469917,0.481679247572482,"ok",4883749,4883749,0,12772,0,0,0,0,0,0,TRUE,0.4,"ASW","AFR"
"NA19702","South America",0.026506,0.676477938559099,0.501547004416045,"ok",4883749,4883749,0,12772,0,0,0,0,0,0,TRUE,0.4,"ASW","AFR"
"NA19705","South America",0,0.682054077480084,0.494299476311355,"ok",4883749,4883749,0,12772,0,0,0,0,0,0,TRUE,0.4,"ASW","AFR"
"NA19828","South America",0.016528,0.66363803890199,0.526547759544552,"ok",4883749,4883749,0,12772,0,0,0,0,0,0,TRUE,0.4,"ASW","AFR"
"NA19836","South America",0,0.668922379304031,0.511468211244159,"ok",4883749,4883749,0,12772,0,0,0,0,0,0,TRUE,0.4,"ASW","AFR"
"NA19902","South America",0.0095731,0.682005412044748,0.498985440038197,"ok",4883749,4883749,0,12772,0,0,0,0,0,0,TRUE,0.4,"ASW","AFR"
"NA19918","South America",0.0020895,0.685991281893156,0.494775902293489,"ok",4883749,4883749,0,12772,0,0,0,0,0,0,TRUE,0.4,"ASW","AFR"
"NA19919","South America",0.0099613,0.688046987855447,0.498332238966666,"ok",4883749,4883749,0,12772,0,0,0,0,0,0,TRUE,0.4,"ASW","AFR"
"NA19924","South America",0.0084355,0.651264875094837,0.531172992949505,"ok",4883749,4883749,0,12772,0,0,0,0,0,0,TRUE,0.4,"ASW","AFR"
"NA19983","South America",0,0.667449213347876,0.514513977860394,"ok",4883749,4883749,0,12772,0,0,0,0,0,0,TRUE,0.4,"ASW","AFR"
"NA20128","South America",0,0.669915662407996,0.503248211646847,"ok",4883749,4883749,0,12772,0,0,0,0,0,0,TRUE,0.4,"ASW","AFR"
"NA20129","South America",0.0931722,0.666086282365079,0.522281389009762,"ok",4883749,4883749,0,12772,0,0,0,0,0,0,TRUE,0.4,"ASW","AFR"
"NA20279","South America",0.0060149,0.646151915601475,0.54828677352976,"ok",4883749,4883749,0,12772,0,0,0,0,0,0,TRUE,0.4,"ASW","AFR"
"NA20358","South America",0.0042102,0.679991963469917,0.49766122583755,"ok",4883749,4883749,0,12772,0,0,0,0,0,0,TRUE,0.4,"ASW","AFR"
"NA19702","Sri Lanka",0.000295,0.676477938559099,0.502291324950419,"ok",4883749,4883749,0,12772,0,0,0,0,0,0,TRUE,0.4,"ASW","AFR"
"NA19705","Sri Lanka",0,0.682054077480084,0.498197593055656,"ok",4883749,4883749,0,12772,0,0,0,0,0,0,TRUE,0.4,"ASW","AFR"
"NA19828","Sri Lanka",0.0213885,0.66363803890199,0.528010124609055,"ok",4883749,4883749,0,12772,0,0,0,0,0,0,TRUE,0.4,"ASW","AFR"
"NA19836","Sri Lanka",0,0.668922379304031,0.513608730736591,"ok",4883749,4883749,0,12772,0,0,0,0,0,0,TRUE,0.4,"ASW","AFR"
"NA19902","Sri Lanka",0,0.682005412044748,0.501704791106312,"ok",4883749,4883749,0,12772,0,0,0,0,0,0,TRUE,0.4,"ASW","AFR"
"NA19918","Sri Lanka",0,0.685991281893156,0.496796087551398,"ok",4883749,4883749,0,12772,0,0,0,0,0,0,TRUE,0.4,"ASW","AFR"
"NA19919","Sri Lanka",0,0.688046987855447,0.498305063561571,"ok",4883749,4883749,0,12772,0,0,0,0,0,0,TRUE,0.4,"ASW","AFR"
"NA19924","Sri Lanka",0,0.651264875094837,0.530142747662917,"ok",4883749,4883749,0,12772,0,0,0,0,0,0,TRUE,0.4,"ASW","AFR"
"NA19983","Sri Lanka",0,0.667449213347876,0.514811030468313,"ok",4883749,4883749,0,12772,0,0,0,0,0,0,TRUE,0.4,"ASW","AFR"
"NA20128","Sri Lanka",0,0.669915662407996,0.504594977746483,"ok",4883749,4883749,0,12772,0,0,0,0,0,0,TRUE,0.4,"ASW","AFR"
"NA20129","Sri Lanka",0,0.666086282365079,0.518202462716536,"ok",4883749,4883749,0,12772,0,0,0,0,0,0,TRUE,0.4,"ASW","AFR"
"NA20279","Sri Lanka",0,0.646151915601475,0.546212915512396,"ok",4883749,4883749,0,12772,0,0,0,0,0,0,TRUE,0.4,"ASW","AFR"
"NA20358","Sri Lanka",0,0.679991963469917,0.502931299023137,"ok",4883749,4883749,0,12772,0,0,0,0,0,0,TRUE,0.4,"ASW","AFR"
"NA19702","United Kingdom",0,0.676477938559099,0.490013911356576,"ok",4883749,4883749,0,12772,0,0,0,0,0,0,TRUE,0.4,"ASW","AFR"
"NA19705","United Kingdom",0,0.682054077480084,0.482350285309718,"ok",4883749,4883749,0,12772,0,0,0,0,0,0,TRUE,0.4,"ASW","AFR"
"NA19828","United Kingdom",0.093231,0.66363803890199,0.523569034538481,"ok",4883749,4883749,0,12772,0,0,0,0,0,0,TRUE,0.4,"ASW","AFR"
"NA19836","United Kingdom",0,0.668922379304031,0.505860980462451,"ok",4883749,4883749,0,12772,0,0,0,0,0,0,TRUE,0.4,"ASW","AFR"
"NA19902","United Kingdom",0,0.682005412044748,0.486757457470263,"ok",4883749,4883749,0,12772,0,0,0,0,0,0,TRUE,0.4,"ASW","AFR"
"NA19918","United Kingdom",0,0.685991281893156,0.480729211251628,"ok",4883749,4883749,0,12772,0,0,0,0,0,0,TRUE,0.4,"ASW","AFR"
"NA19919","United Kingdom",0,0.688046987855447,0.483294389884777,"ok",4883749,4883749,0,12772,0,0,0,0,0,0,TRUE,0.4,"ASW","AFR"
"NA19924","United Kingdom",0.0596928,0.651264875094837,0.535530353728441,"ok",4883749,4883749,0,12772,0,0,0,0,0,0,TRUE,0.4,"ASW","AFR"
"NA19983","United Kingdom",0.0591996,0.667449213347876,0.510897663562221,"ok",4883749,4883749,0,12772,0,0,0,0,0,0,TRUE,0.4,"ASW","AFR"
"NA20128","United Kingdom",0.1646947,0.669915662407996,0.497398718121288,"ok",4883749,4883749,0,12772,0,0,0,0,0,0,TRUE,0.4,"ASW","AFR"
"NA20129","United Kingdom",0.0115014,0.666086282365079,0.506776559207171,"ok",4883749,4883749,0,12772,0,0,0,0,0,0,TRUE,0.4,"ASW","AFR"
"NA20279","United Kingdom",0.380158,0.646151915601475,0.561181171244908,"ok",4883749,4883749,0,12772,0,0,0,0,0,0,TRUE,0.4,"ASW","AFR"
"NA20358","United Kingdom",0.0561281,0.679991963469917,0.483623632122166,"ok",4883749,4883749,0,12772,0,0,0,0,0,0,TRUE,0.4,"ASW","AFR"
"NA06991","Africa (East)",0.0076697,0.676944112821251,0.58727261469273,"ok",4883749,4883749,0,12772,0,0,0,0,0,0,TRUE,0.4,"CEU","EUR"
"NA06995","Africa (East)",0,0.679002209754741,0.588897818957747,"ok",4883749,4883749,0,12772,0,0,0,0,0,0,TRUE,0.4,"CEU","EUR"
"NA06997","Africa (East)",0,0.679405466049761,0.584207823851327,"ok",4883749,4883749,0,12772,0,0,0,0,0,0,TRUE,0.4,"CEU","EUR"
"NA07014","Africa (East)",0,0.678888038943354,0.585572914724411,"ok",4883749,4883749,0,12772,0,0,0,0,0,0,TRUE,0.4,"CEU","EUR"
"NA07019","Africa (East)",0.0082,0.679307948497449,0.58683167752565,"ok",4883749,4883749,0,12772,0,0,0,0,0,0,TRUE,0.4,"CEU","EUR"
"NA07029","Africa (East)",0,0.680522355559115,0.589403819811293,"ok",4883749,4883749,0,12772,0,0,0,0,0,0,TRUE,0.4,"CEU","EUR"
"NA07048","Africa (East)",0.0076824,0.676555454890678,0.587866539321451,"ok",4883749,4883749,0,12772,0,0,0,0,0,0,TRUE,0.4,"CEU","EUR"
"NA07348","Africa (East)",0,0.679617825328359,0.58659865707384,"ok",4883749,4883749,0,12772,0,0,0,0,0,0,TRUE,0.4,"CEU","EUR"
"NA07349","Africa (East)",0,0.67928870090448,0.585730658129992,"ok",4883749,4883749,0,12772,0,0,0,0,0,0,TRUE,0.4,"CEU","EUR"
"NA10830","Africa (East)",0,0.682331947943762,0.590366896152432,"ok",4883749,4883749,0,12772,0,0,0,0,0,0,TRUE,0.4,"CEU","EUR"
"NA10831","Africa (East)",0,0.68476687356208,0.590508516963045,"ok",4883749,4883749,0,12772,0,0,0,0,0,0,TRUE,0.4,"CEU","EUR"
"NA10835","Africa (East)",0,0.683328508861513,0.586228044795263,"ok",4883749,4883749,0,12772,0,0,0,0,0,0,TRUE,0.4,"CEU","EUR"
"NA10836","Africa (East)",0,0.677653357476557,0.587378660800571,"ok",4883749,4883749,0,12772,0,0,0,0,0,0,TRUE,0.4,"CEU","EUR"
"NA10837","Africa (East)",0,0.680741564707162,0.591320165129083,"ok",4883749,4883749,0,12772,0,0,0,0,0,0,TRUE,0.4,"CEU","EUR"
"NA10838","Africa (East)",0,0.679340559747165,0.586416742980333,"ok",4883749,4883749,0,12772,0,0,0,0,0,0,TRUE,0.4,"CEU","EUR"
"NA10839","Africa (East)",0,0.680932386142822,0.585656731232776,"ok",4883749,4883749,0,12772,0,0,0,0,0,0,TRUE,0.4,"CEU","EUR"
"NA10840","Africa (East)",0,0.681325932936814,0.590031374943813,"ok",4883749,4883749,0,12772,0,0,0,0,0,0,TRUE,0.4,"CEU","EUR"
"NA10842","Africa (East)",0,0.681457309912896,0.585220143104867,"ok",4883749,4883749,0,12772,0,0,0,0,0,0,TRUE,0.4,"CEU","EUR"
"NA10843","Africa (East)",0,0.682907068561652,0.592087737304098,"ok",4883749,4883749,0,12772,0,0,0,0,0,0,TRUE,0.4,"CEU","EUR"
"NA10845","Africa (East)",0,0.675888873826317,0.587796261720878,"ok",4883749,4883749,0,12772,0,0,0,0,0,0,TRUE,0.4,"CEU","EUR"
"NA10846","Africa (East)",0,0.678690106031698,0.5887585943604,"ok",4883749,4883749,0,12772,0,0,0,0,0,0,TRUE,0.4,"CEU","EUR"
"NA10847","Africa (East)",0,0.679100759964885,0.586453881951632,"ok",4883749,4883749,0,12772,0,0,0,0,0,0,TRUE,0.4,"CEU","EUR"
"NA10851","Africa (East)",0,0.680068168765894,0.585189578597602,"ok",4883749,4883749,0,12772,0,0,0,0,0,0,TRUE,0.4,"CEU","EUR"
"NA10852","Africa (East)",0,0.674694213531593,0.584802578588003,"ok",4883749,4883749,0,12772,0,0,0,0,0,0,TRUE,0.4,"CEU","EUR"
"NA10854","Africa (East)",0,0.678492472037672,0.58806117334992,"ok",4883749,4883749,0,12772,0,0,0,0,0,0,TRUE,0.4,"CEU","EUR"
"NA10855","Africa (East)",0,0.684274033087607,0.593933268025444,"ok",4883749,4883749,0,12772,0,0,0,0,0,0,TRUE,0.4,"CEU","EUR"
"NA10856","Africa (East)",0,0.680673525258844,0.588521057606183,"ok",4883749,4883749,0,12772,0,0,0,0,0,0,TRUE,0.4,"CEU","EUR"
"NA10857","Africa (East)",0,0.68308507053052,0.588167596363743,"ok",4883749,4883749,0,12772,0,0,0,0,0,0,TRUE,0.4,"CEU","EUR"
"NA10859","Africa (East)",0,0.682102099628988,0.589979643993077,"ok",4883749,4883749,0,12772,0,0,0,0,0,0,TRUE,0.4,"CEU","EUR"
"NA10860","Africa (East)",0,0.676454981942408,0.588998704618435,"ok",4883749,4883749,0,12772,0,0,0,0,0,0,TRUE,0.4,"CEU","EUR"
"NA10861","Africa (East)",0,0.676095538834036,0.586119640261136,"ok",4883749,4883749,0,12772,0,0,0,0,0,0,TRUE,0.4,"CEU","EUR"
"NA10863","Africa (East)",0,0.679068889352765,0.589741277434867,"ok",4883749,4883749,0,12772,0,0,0,0,0,0,TRUE,0.4,"CEU","EUR"
"NA10864","Africa (East)",0,0.682722642711057,0.5898138525562,"ok",4883749,4883749,0,12772,0,0,0,0,0,0,TRUE,0.4,"CEU","EUR"
"NA10865","Africa (East)",0,0.679577191934707,0.586127379192001,"ok",4883749,4883749,0,12772,0,0,0,0,0,0,TRUE,0.4,"CEU","EUR"
"NA12329","Africa (East)",0,0.678291620883859,0.58750966938132,"ok",4883749,4883749,0,12772,0,0,0,0,0,0,TRUE,0.4,"CEU","EUR"
"NA12335","Africa (East)",0,0.681042793271922,0.590775342635336,"ok",4883749,4883749,0,12772,0,0,0,0,0,0,TRUE,0.4,"CEU","EUR"
"NA12336","Africa (East)",0,0.683429792033861,0.590978791597176,"ok",4883749,4883749,0,12772,0,0,0,0,0,0,TRUE,0.4,"CEU","EUR"
"NA12344","Africa (East)",0,0.678210464912569,0.587330366884374,"ok",4883749,4883749,0,12772,0,0,0,0,0,0,TRUE,0.4,"CEU","EUR"
"NA12376","Africa (East)",0,0.680120918502536,0.58927448346914,"ok",4883749,4883749,0,12772,0,0,0,0,0,0,TRUE,0.4,"CEU","EUR"
"NA12386","Africa (East)",0,0.677387302263733,0.588388444870195,"ok",4883749,4883749,0,12772,0,0,0,0,0,0,TRUE,0.4,"CEU","EUR"
"NA12485","Africa (East)",0,0.679312253979948,0.589338386792504,"ok",4883749,4883749,0,12772,0,0,0,0,0,0,TRUE,0.4,"CEU","EUR"
"NA12707","Africa (East)",0,0.680112714513577,0.58905123846621,"ok",4883749,4883749,0,12772,0,0,0,0,0,0,TRUE,0.4,"CEU","EUR"
"NA12739","Africa (East)",0,0.680415604539052,0.587988363653362,"ok",4883749,4883749,0,12772,0,0,0,0,0,0,TRUE,0.4,"CEU","EUR"
"NA12740","Africa (East)",0,0.676141812084867,0.587493292267614,"ok",4883749,4883749,0,12772,0,0,0,0,0,0,TRUE,0.4,"CEU","EUR"
"NA12752","Africa (East)",0,0.678395730337377,0.586260697553752,"ok",4883749,4883749,0,12772,0,0,0,0,0,0,TRUE,0.4,"CEU","EUR"
"NA12753","Africa (East)",0,0.680028461877365,0.589520101937948,"ok",4883749,4883749,0,12772,0,0,0,0,0,0,TRUE,0.4,"CEU","EUR"
"NA12766","Africa (East)",0,0.680217504422127,0.5884692924643,"ok",4883749,4883749,0,12772,0,0,0,0,0,0,TRUE,0.4,"CEU","EUR"
"NA12767","Africa (East)",0,0.686729595532787,0.591882766286713,"ok",4883749,4883749,0,12772,0,0,0,0,0,0,TRUE,0.4,"CEU","EUR"
"NA12801","Africa (East)",0,0.681301806437172,0.588579895182835,"ok",4883749,4883749,0,12772,0,0,0,0,0,0,TRUE,0.4,"CEU","EUR"
"NA12802","Africa (East)",0,0.680380464988809,0.587208583534851,"ok",4883749,4883749,0,12772,0,0,0,0,0,0,TRUE,0.4,"CEU","EUR"
"NA12817","Africa (East)",0,0.68213999804578,0.590548639831735,"ok",4883749,4883749,0,12772,0,0,0,0,0,0,TRUE,0.4,"CEU","EUR"
"NA12818","Africa (East)",0,0.679273116771439,0.590588878249407,"ok",4883749,4883749,0,12772,0,0,0,0,0,0,TRUE,0.4,"CEU","EUR"
"NA12832","Africa (East)",0,0.680700137511833,0.586256354916221,"ok",4883749,4883749,0,12772,0,0,0,0,0,0,TRUE,0.4,"CEU","EUR"
"NA12864","Africa (East)",0,0.680733058875463,0.58678186779692,"ok",4883749,4883749,0,12772,0,0,0,0,0,0,TRUE,0.4,"CEU","EUR"
"NA12865","Africa (East)",0,0.681389284255118,0.586429312436691,"ok",4883749,4883749,0,12772,0,0,0,0,0,0,TRUE,0.4,"CEU","EUR"
"NA12877","Africa (East)",0,0.679111080925181,0.588183364842456,"ok",4883749,4883749,0,12772,0,0,0,0,0,0,TRUE,0.4,"CEU","EUR"
"NA12878","Africa (East)",0,0.675269772239951,0.583491507998708,"ok",4883749,4883749,0,12772,0,0,0,0,0,0,TRUE,0.4,"CEU","EUR"
"NA06991","Africa (North)",0.008294,0.676944112821251,0.645270658529857,"ok",4883749,4883749,0,12772,0,0,0,0,0,0,TRUE,0.4,"CEU","EUR"
"NA06995","Africa (North)",0,0.679002209754741,0.648268026344343,"ok",4883749,4883749,0,12772,0,0,0,0,0,0,TRUE,0.4,"CEU","EUR"
"NA06997","Africa (North)",0,0.679405466049761,0.646665342677046,"ok",4883749,4883749,0,12772,0,0,0,0,0,0,TRUE,0.4,"CEU","EUR"
"NA07014","Africa (North)",0,0.678888038943354,0.644822648495479,"ok",4883749,4883749,0,12772,0,0,0,0,0,0,TRUE,0.4,"CEU","EUR"
"NA07019","Africa (North)",0,0.679307948497449,0.646500999886576,"ok",4883749,4883749,0,12772,0,0,0,0,0,0,TRUE,0.4,"CEU","EUR"
"NA07029","Africa (North)",0,0.680522355559115,0.65017539566877,"ok",4883749,4883749,0,12772,0,0,0,0,0,0,TRUE,0.4,"CEU","EUR"
"NA07048","Africa (North)",0.0075479,0.676555454890678,0.646532100444552,"ok",4883749,4883749,0,12772,0,0,0,0,0,0,TRUE,0.4,"CEU","EUR"
"NA07348","Africa (North)",0,0.679617825328359,0.64555306705464,"ok",4883749,4883749,0,12772,0,0,0,0,0,0,TRUE,0.4,"CEU","EUR"
"NA07349","Africa (North)",0,0.67928870090448,0.646930924982215,"ok",4883749,4883749,0,12772,0,0,0,0,0,0,TRUE,0.4,"CEU","EUR"
"NA10830","Africa (North)",0.0123279,0.682331947943762,0.649204670545533,"ok",4883749,4883749,0,12772,0,0,0,0,0,0,TRUE,0.4,"CEU","EUR"
"NA10831","Africa (North)",0,0.68476687356208,0.652194585348868,"ok",4883749,4883749,0,12772,0,0,0,0,0,0,TRUE,0.4,"CEU","EUR"
"NA10835","Africa (North)",0,0.683328508861513,0.646184346571294,"ok",4883749,4883749,0,12772,0,0,0,0,0,0,TRUE,0.4,"CEU","EUR"
"NA10836","Africa (North)",0,0.677653357476557,0.646849171793739,"ok",4883749,4883749,0,12772,0,0,0,0,0,0,TRUE,0.4,"CEU","EUR"
"NA10837","Africa (North)",0,0.680741564707162,0.651420825186031,"ok",4883749,4883749,0,12772,0,0,0,0,0,0,TRUE,0.4,"CEU","EUR"
"NA10838","Africa (North)",0,0.679340559747165,0.646918793411863,"ok",4883749,4883749,0,12772,0,0,0,0,0,0,TRUE,0.4,"CEU","EUR"
"NA10839","Africa (North)",0,0.680932386142822,0.648081135668694,"ok",4883749,4883749,0,12772,0,0,0,0,0,0,TRUE,0.4,"CEU","EUR"
"NA10840","Africa (North)",0,0.681325932936814,0.650558597055766,"ok",4883749,4883749,0,12772,0,0,0,0,0,0,TRUE,0.4,"CEU","EUR"
"NA10842","Africa (North)",0,0.681457309912896,0.646923380465433,"ok",4883749,4883749,0,12772,0,0,0,0,0,0,TRUE,0.4,"CEU","EUR"
"NA10843","Africa (North)",0,0.682907068561652,0.65114393645833,"ok",4883749,4883749,0,12772,0,0,0,0,0,0,TRUE,0.4,"CEU","EUR"
"NA10845","Africa (North)",0,0.675888873826317,0.646166492807259,"ok",4883749,4883749,0,12772,0,0,0,0,0,0,TRUE,0.4,"CEU","EUR"
"NA10846","Africa (North)",0,0.678690106031698,0.648991282449193,"ok",4883749,4883749,0,12772,0,0,0,0,0,0,TRUE,0.4,"CEU","EUR"
"NA10847","Africa (North)",0,0.679100759964885,0.646946673971188,"ok",4883749,4883749,0,12772,0,0,0,0,0,0,TRUE,0.4,"CEU","EUR"
"NA10851","Africa (North)",0,0.680068168765894,0.646410510257427,"ok",4883749,4883749,0,12772,0,0,0,0,0,0,TRUE,0.4,"CEU","EUR"
"NA10852","Africa (North)",0,0.674694213531593,0.643517649954228,"ok",4883749,4883749,0,12772,0,0,0,0,0,0,TRUE,0.4,"CEU","EUR"
"NA10854","Africa (North)",0,0.678492472037672,0.646407856201632,"ok",4883749,4883749,0,12772,0,0,0,0,0,0,TRUE,0.4,"CEU","EUR"
"NA10855","Africa (North)",0,0.684274033087607,0.653122250149284,"ok",4883749,4883749,0,12772,0,0,0,0,0,0,TRUE,0.4,"CEU","EUR"
"NA10856","Africa (North)",0,0.680673525258844,0.647388712251552,"ok",4883749,4883749,0,12772,0,0,0,0,0,0,TRUE,0.4,"CEU","EUR"
"NA10857","Africa (North)",0,0.68308507053052,0.65019661512305,"ok",4883749,4883749,0,12772,0,0,0,0,0,0,TRUE,0.4,"CEU","EUR"
"NA10859","Africa (North)",0.0181595,0.682102099628988,0.651401910258453,"ok",4883749,4883749,0,12772,0,0,0,0,0,0,TRUE,0.4,"CEU","EUR"
"NA10860","Africa (North)",0.0099899,0.676454981942408,0.646886929246476,"ok",4883749,4883749,0,12772,0,0,0,0,0,0,TRUE,0.4,"CEU","EUR"
"NA10861","Africa (North)",0,0.676095538834036,0.644776537896356,"ok",4883749,4883749,0,12772,0,0,0,0,0,0,TRUE,0.4,"CEU","EUR"
"NA10863","Africa (North)",0,0.679068889352765,0.649251590315977,"ok",4883749,4883749,0,12772,0,0,0,0,0,0,TRUE,0.4,"CEU","EUR"
"NA10864","Africa (North)",0,0.682722642711057,0.649709831047688,"ok",4883749,4883749,0,12772,0,0,0,0,0,0,TRUE,0.4,"CEU","EUR"
"NA10865","Africa (North)",0.024065,0.679577191934707,0.647466380483321,"ok",4883749,4883749,0,12772,0,0,0,0,0,0,TRUE,0.4,"CEU","EUR"
"NA12329","Africa (North)",0,0.678291620883859,0.647293614114729,"ok",4883749,4883749,0,12772,0,0,0,0,0,0,TRUE,0.4,"CEU","EUR"
"NA12335","Africa (North)",0.0108866,0.681042793271922,0.649491750839989,"ok",4883749,4883749,0,12772,0,0,0,0,0,0,TRUE,0.4,"CEU","EUR"
"NA12336","Africa (North)",0,0.683429792033861,0.651192559660003,"ok",4883749,4883749,0,12772,0,0,0,0,0,0,TRUE,0.4,"CEU","EUR"
"NA12344","Africa (North)",0,0.678210464912569,0.64587744970464,"ok",4883749,4883749,0,12772,0,0,0,0,0,0,TRUE,0.4,"CEU","EUR"
"NA12376","Africa (North)",0,0.680120918502536,0.649038474580022,"ok",4883749,4883749,0,12772,0,0,0,0,0,0,TRUE,0.4,"CEU","EUR"
"NA12386","Africa (North)",0,0.677387302263733,0.646950641208112,"ok",4883749,4883749,0,12772,0,0,0,0,0,0,TRUE,0.4,"CEU","EUR"
"NA12485","Africa (North)",0,0.679312253979948,0.649146918001777,"ok",4883749,4883749,0,12772,0,0,0,0,0,0,TRUE,0.4,"CEU","EUR"
"NA12707","Africa (North)",0,0.680112714513577,0.647764582603766,"ok",4883749,4883749,0,12772,0,0,0,0,0,0,TRUE,0.4,"CEU","EUR"
"NA12739","Africa (North)",0,0.680415604539052,0.647189956151599,"ok",4883749,4883749,0,12772,0,0,0,0,0,0,TRUE,0.4,"CEU","EUR"
"NA12740","Africa (North)",0.0186385,0.676141812084867,0.64652965462132,"ok",4883749,4883749,0,12772,0,0,0,0,0,0,TRUE,0.4,"CEU","EUR"
"NA12752","Africa (North)",0,0.678395730337377,0.646920259048191,"ok",4883749,4883749,0,12772,0,0,0,0,0,0,TRUE,0.4,"CEU","EUR"
"NA12753","Africa (North)",0,0.680028461877365,0.650114039257904,"ok",4883749,4883749,0,12772,0,0,0,0,0,0,TRUE,0.4,"CEU","EUR"
"NA12766","Africa (North)",0,0.680217504422127,0.649521630564867,"ok",4883749,4883749,0,12772,0,0,0,0,0,0,TRUE,0.4,"CEU","EUR"
"NA12767","Africa (North)",0,0.686729595532787,0.653686275545398,"ok",4883749,4883749,0,12772,0,0,0,0,0,0,TRUE,0.4,"CEU","EUR"
"NA12801","Africa (North)",0,0.681301806437172,0.649050434562597,"ok",4883749,4883749,0,12772,0,0,0,0,0,0,TRUE,0.4,"CEU","EUR"
"NA12802","Africa (North)",0,0.680380464988809,0.647041174297043,"ok",4883749,4883749,0,12772,0,0,0,0,0,0,TRUE,0.4,"CEU","EUR"
"NA12817","Africa (North)",0,0.68213999804578,0.651624075957605,"ok",4883749,4883749,0,12772,0,0,0,0,0,0,TRUE,0.4,"CEU","EUR"
"NA12818","Africa (North)",0,0.679273116771439,0.64876191593771,"ok",4883749,4883749,0,12772,0,0,0,0,0,0,TRUE,0.4,"CEU","EUR"
"NA12832","Africa (North)",0.0016213,0.680700137511833,0.647498026000179,"ok",4883749,4883749,0,12772,0,0,0,0,0,0,TRUE,0.4,"CEU","EUR"
"NA12864","Africa (North)",0,0.680733058875463,0.648094034663974,"ok",4883749,4883749,0,12772,0,0,0,0,0,0,TRUE,0.4,"CEU","EUR"
"NA12865","Africa (North)",0,0.681389284255118,0.647369817977157,"ok",4883749,4883749,0,12772,0,0,0,0,0,0,TRUE,0.4,"CEU","EUR"
"NA12877","Africa (North)",0,0.679111080925181,0.648465713360686,"ok",4883749,4883749,0,12772,0,0,0,0,0,0,TRUE,0.4,"CEU","EUR"
"NA12878","Africa (North)",0.0053225,0.675269772239951,0.644025163462981,"ok",4883749,4883749,0,12772,0,0,0,0,0,0,TRUE,0.4,"CEU","EUR"
"NA06991","Africa (South)",0,0.676944112821251,0.439799452995059,"ok",4883749,4883749,0,12772,0,0,0,0,0,0,TRUE,0.4,"CEU","EUR"
"NA06995","Africa (South)",0,0.679002209754741,0.439213724252785,"ok",4883749,4883749,0,12772,0,0,0,0,0,0,TRUE,0.4,"CEU","EUR"
"NA06997","Africa (South)",0,0.679405466049761,0.435491665732786,"ok",4883749,4883749,0,12772,0,0,0,0,0,0,TRUE,0.4,"CEU","EUR"
"NA07014","Africa (South)",0,0.678888038943354,0.437622370356593,"ok",4883749,4883749,0,12772,0,0,0,0,0,0,TRUE,0.4,"CEU","EUR"
"NA07019","Africa (South)",0,0.679307948497449,0.437064253215965,"ok",4883749,4883749,0,12772,0,0,0,0,0,0,TRUE,0.4,"CEU","EUR"
"NA07029","Africa (South)",0,0.680522355559115,0.437430643122032,"ok",4883749,4883749,0,12772,0,0,0,0,0,0,TRUE,0.4,"CEU","EUR"
"NA07048","Africa (South)",0,0.676555454890678,0.439174781836881,"ok",4883749,4883749,0,12772,0,0,0,0,0,0,TRUE,0.4,"CEU","EUR"
"NA07348","Africa (South)",0,0.679617825328359,0.436989471637435,"ok",4883749,4883749,0,12772,0,0,0,0,0,0,TRUE,0.4,"CEU","EUR"
"NA07349","Africa (South)",0,0.67928870090448,0.435575136313005,"ok",4883749,4883749,0,12772,0,0,0,0,0,0,TRUE,0.4,"CEU","EUR"
"NA10830","Africa (South)",0,0.682331947943762,0.441299761193426,"ok",4883749,4883749,0,12772,0,0,0,0,0,0,TRUE,0.4,"CEU","EUR"
"NA10831","Africa (South)",0,0.68476687356208,0.440931015821552,"ok",4883749,4883749,0,12772,0,0,0,0,0,0,TRUE,0.4,"CEU","EUR"
"NA10835","Africa (South)",0,0.683328508861513,0.437695549348402,"ok",4883749,4883749,0,12772,0,0,0,0,0,0,TRUE,0.4,"CEU","EUR"
"NA10836","Africa (South)",0,0.677653357476557,0.437242003384556,"ok",4883749,4883749,0,12772,0,0,0,0,0,0,TRUE,0.4,"CEU","EUR"
"NA10837","Africa (South)",0.0002098,0.680741564707162,0.442294698551787,"ok",4883749,4883749,0,12772,0,0,0,0,0,0,TRUE,0.4,"CEU","EUR"
"NA10838","Africa (South)",0,0.679340559747165,0.43812324200069,"ok",4883749,4883749,0,12772,0,0,0,0,0,0,TRUE,0.4,"CEU","EUR"
"NA10839","Africa (South)",0,0.680932386142822,0.434443675455222,"ok",4883749,4883749,0,12772,0,0,0,0,0,0,TRUE,0.4,"CEU","EUR"
"NA10840","Africa (South)",0,0.681325932936814,0.437092654919946,"ok",4883749,4883749,0,12772,0,0,0,0,0,0,TRUE,0.4,"CEU","EUR"
"NA10842","Africa (South)",0,0.681457309912896,0.435856799833677,"ok",4883749,4883749,0,12772,0,0,0,0,0,0,TRUE,0.4,"CEU","EUR"
"NA10843","Africa (South)",0.0032792,0.682907068561652,0.442200847353524,"ok",4883749,4883749,0,12772,0,0,0,0,0,0,TRUE,0.4,"CEU","EUR"
"NA10845","Africa (South)",0,0.675888873826317,0.441212621182487,"ok",4883749,4883749,0,12772,0,0,0,0,0,0,TRUE,0.4,"CEU","EUR"
"NA10846","Africa (South)",0,0.678690106031698,0.439028893691451,"ok",4883749,4883749,0,12772,0,0,0,0,0,0,TRUE,0.4,"CEU","EUR"
"NA10847","Africa (South)",0,0.679100759964885,0.43866858986998,"ok",4883749,4883749,0,12772,0,0,0,0,0,0,TRUE,0.4,"CEU","EUR"
"NA10851","Africa (South)",0,0.680068168765894,0.433699531250516,"ok",4883749,4883749,0,12772,0,0,0,0,0,0,TRUE,0.4,"CEU","EUR"
"NA10852","Africa (South)",0,0.674694213531593,0.433536685716678,"ok",4883749,4883749,0,12772,0,0,0,0,0,0,TRUE,0.4,"CEU","EUR"
"NA10854","Africa (South)",0.0009775,0.678492472037672,0.438715745836945,"ok",4883749,4883749,0,12772,0,0,0,0,0,0,TRUE,0.4,"CEU","EUR"
"NA10855","Africa (South)",0,0.684274033087607,0.443203873589397,"ok",4883749,4883749,0,12772,0,0,0,0,0,0,TRUE,0.4,"CEU","EUR"
"NA10856","Africa (South)",0,0.680673525258844,0.439454916458392,"ok",4883749,4883749,0,12772,0,0,0,0,0,0,TRUE,0.4,"CEU","EUR"
"NA10857","Africa (South)",0,0.68308507053052,0.433154320820688,"ok",4883749,4883749,0,12772,0,0,0,0,0,0,TRUE,0.4,"CEU","EUR"
"NA10859","Africa (South)",0,0.682102099628988,0.438808934347313,"ok",4883749,4883749,0,12772,0,0,0,0,0,0,TRUE,0.4,"CEU","EUR"
"NA10860","Africa (South)",0.0087726,0.676454981942408,0.441433060298812,"ok",4883749,4883749,0,12772,0,0,0,0,0,0,TRUE,0.4,"CEU","EUR"
"NA10861","Africa (South)",0,0.676095538834036,0.436463533799698,"ok",4883749,4883749,0,12772,0,0,0,0,0,0,TRUE,0.4,"CEU","EUR"
"NA10863","Africa (South)",0,0.679068889352765,0.439307101745844,"ok",4883749,4883749,0,12772,0,0,0,0,0,0,TRUE,0.4,"CEU","EUR"
"NA10864","Africa (South)",0,0.682722642711057,0.439613397494187,"ok",4883749,4883749,0,12772,0,0,0,0,0,0,TRUE,0.4,"CEU","EUR"
"NA10865","Africa (South)",0,0.679577191934707,0.438650692524288,"ok",4883749,4883749,0,12772,0,0,0,0,0,0,TRUE,0.4,"CEU","EUR"
"NA12329","Africa (South)",0,0.678291620883859,0.436759633708208,"ok",4883749,4883749,0,12772,0,0,0,0,0,0,TRUE,0.4,"CEU","EUR"
"NA12335","Africa (South)",0,0.681042793271922,0.440739126390245,"ok",4883749,4883749,0,12772,0,0,0,0,0,0,TRUE,0.4,"CEU","EUR"
"NA12336","Africa (South)",0,0.683429792033861,0.43968519303737,"ok",4883749,4883749,0,12772,0,0,0,0,0,0,TRUE,0.4,"CEU","EUR"
"NA12344","Africa (South)",0,0.678210464912569,0.438665652733626,"ok",4883749,4883749,0,12772,0,0,0,0,0,0,TRUE,0.4,"CEU","EUR"
"NA12376","Africa (South)",0.0024415,0.680120918502536,0.440351345017277,"ok",4883749,4883749,0,12772,0,0,0,0,0,0,TRUE,0.4,"CEU","EUR"
"NA12386","Africa (South)",0,0.677387302263733,0.436534024710937,"ok",4883749,4883749,0,12772,0,0,0,0,0,0,TRUE,0.4,"CEU","EUR"
"NA12485","Africa (South)",0,0.679312253979948,0.438572788118101,"ok",4883749,4883749,0,12772,0,0,0,0,0,0,TRUE,0.4,"CEU","EUR"
"NA12707","Africa (South)",0,0.680112714513577,0.440292165127208,"ok",4883749,4883749,0,12772,0,0,0,0,0,0,TRUE,0.4,"CEU","EUR"
"NA12739","Africa (South)",0,0.680415604539052,0.435527152853938,"ok",4883749,4883749,0,12772,0,0,0,0,0,0,TRUE,0.4,"CEU","EUR"
"NA12740","Africa (South)",0,0.676141812084867,0.43815750681299,"ok",4883749,4883749,0,12772,0,0,0,0,0,0,TRUE,0.4,"CEU","EUR"
"NA12752","Africa (South)",0,0.678395730337377,0.438435154038508,"ok",4883749,4883749,0,12772,0,0,0,0,0,0,TRUE,0.4,"CEU","EUR"
"NA12753","Africa (South)",0.0002446,0.680028461877365,0.438621206953377,"ok",4883749,4883749,0,12772,0,0,0,0,0,0,TRUE,0.4,"CEU","EUR"
"NA12766","Africa (South)",0,0.680217504422127,0.437911936401564,"ok",4883749,4883749,0,12772,0,0,0,0,0,0,TRUE,0.4,"CEU","EUR"
"NA12767","Africa (South)",0,0.686729595532787,0.439801539073702,"ok",4883749,4883749,0,12772,0,0,0,0,0,0,TRUE,0.4,"CEU","EUR"
"NA12801","Africa (South)",0,0.681301806437172,0.437658430594827,"ok",4883749,4883749,0,12772,0,0,0,0,0,0,TRUE,0.4,"CEU","EUR"
"NA12802","Africa (South)",0,0.680380464988809,0.438168753052206,"ok",4883749,4883749,0,12772,0,0,0,0,0,0,TRUE,0.4,"CEU","EUR"
"NA12817","Africa (South)",0,0.68213999804578,0.439570836329532,"ok",4883749,4883749,0,12772,0,0,0,0,0,0,TRUE,0.4,"CEU","EUR"
"NA12818","Africa (South)",0,0.679273116771439,0.439992321814856,"ok",4883749,4883749,0,12772,0,0,0,0,0,0,TRUE,0.4,"CEU","EUR"
"NA12832","Africa (South)",0,0.680700137511833,0.434367595885784,"ok",4883749,4883749,0,12772,0,0,0,0,0,0,TRUE,0.4,"CEU","EUR"
"NA12864","Africa (South)",0,0.680733058875463,0.435977120873008,"ok",4883749,4883749,0,12772,0,0,0,0,0,0,TRUE,0.4,"CEU","EUR"
"NA12865","Africa (South)",0,0.681389284255118,0.436944060901348,"ok",4883749,4883749,0,12772,0,0,0,0,0,0,TRUE,0.4,"CEU","EUR"
"NA12877","Africa (South)",0,0.679111080925181,0.438293182091839,"ok",4883749,4883749,0,12772,0,0,0,0,0,0,TRUE,0.4,"CEU","EUR"
"NA12878","Africa (South)",0,0.675269772239951,0.434070430077105,"ok",4883749,4883749,0,12772,0,0,0,0,0,0,TRUE,0.4,"CEU","EUR"
"NA06991","Africa (West)",0.0021536,0.676944112821251,0.438351223261858,"ok",4883749,4883749,0,12772,0,0,0,0,0,0,TRUE,0.4,"CEU","EUR"
"NA06995","Africa (West)",0.0027368,0.679002209754741,0.437947512598336,"ok",4883749,4883749,0,12772,0,0,0,0,0,0,TRUE,0.4,"CEU","EUR"
"NA06997","Africa (West)",0,0.679405466049761,0.434368305732559,"ok",4883749,4883749,0,12772,0,0,0,0,0,0,TRUE,0.4,"CEU","EUR"
"NA07014","Africa (West)",0.0045963,0.678888038943354,0.436081249993049,"ok",4883749,4883749,0,12772,0,0,0,0,0,0,TRUE,0.4,"CEU","EUR"
"NA07019","Africa (West)",0,0.679307948497449,0.435242010899861,"ok",4883749,4883749,0,12772,0,0,0,0,0,0,TRUE,0.4,"CEU","EUR"
"NA07029","Africa (West)",0,0.680522355559115,0.436086242806873,"ok",4883749,4883749,0,12772,0,0,0,0,0,0,TRUE,0.4,"CEU","EUR"
"NA07048","Africa (West)",0.0044729,0.676555454890678,0.43839379114655,"ok",4883749,4883749,0,12772,0,0,0,0,0,0,TRUE,0.4,"CEU","EUR"
"NA07348","Africa (West)",0,0.679617825328359,0.435282231790521,"ok",4883749,4883749,0,12772,0,0,0,0,0,0,TRUE,0.4,"CEU","EUR"
"NA07349","Africa (West)",0,0.67928870090448,0.433979227073826,"ok",4883749,4883749,0,12772,0,0,0,0,0,0,TRUE,0.4,"CEU","EUR"
"NA10830","Africa (West)",0,0.682331947943762,0.439594550786962,"ok",4883749,4883749,0,12772,0,0,0,0,0,0,TRUE,0.4,"CEU","EUR"
"NA10831","Africa (West)",0,0.68476687356208,0.439462931153985,"ok",4883749,4883749,0,12772,0,0,0,0,0,0,TRUE,0.4,"CEU","EUR"
"NA10835","Africa (West)",0,0.683328508861513,0.436640467133366,"ok",4883749,4883749,0,12772,0,0,0,0,0,0,TRUE,0.4,"CEU","EUR"
"NA10836","Africa (West)",0,0.677653357476557,0.43462671124147,"ok",4883749,4883749,0,12772,0,0,0,0,0,0,TRUE,0.4,"CEU","EUR"
"NA10837","Africa (West)",0,0.680741564707162,0.440654984461425,"ok",4883749,4883749,0,12772,0,0,0,0,0,0,TRUE,0.4,"CEU","EUR"
"NA10838","Africa (West)",0,0.679340559747165,0.436731280486234,"ok",4883749,4883749,0,12772,0,0,0,0,0,0,TRUE,0.4,"CEU","EUR"
"NA10839","Africa (West)",0,0.680932386142822,0.433519062067243,"ok",4883749,4883749,0,12772,0,0,0,0,0,0,TRUE,0.4,"CEU","EUR"
"NA10840","Africa (West)",0,0.681325932936814,0.436168865631397,"ok",4883749,4883749,0,12772,0,0,0,0,0,0,TRUE,0.4,"CEU","EUR"
"NA10842","Africa (West)",0,0.681457309912896,0.434743481198763,"ok",4883749,4883749,0,12772,0,0,0,0,0,0,TRUE,0.4,"CEU","EUR"
"NA10843","Africa (West)",0,0.682907068561652,0.440688594329346,"ok",4883749,4883749,0,12772,0,0,0,0,0,0,TRUE,0.4,"CEU","EUR"
"NA10845","Africa (West)",0.0030768,0.675888873826317,0.439830819980386,"ok",4883749,4883749,0,12772,0,0,0,0,0,0,TRUE,0.4,"CEU","EUR"
"NA10846","Africa (West)",0,0.678690106031698,0.437981692504334,"ok",4883749,4883749,0,12772,0,0,0,0,0,0,TRUE,0.4,"CEU","EUR"
"NA10847","Africa (West)",0.0026444,0.679100759964885,0.437444240618697,"ok",4883749,4883749,0,12772,0,0,0,0,0,0,TRUE,0.4,"CEU","EUR"
"NA10851","Africa (West)",0,0.680068168765894,0.432553280696721,"ok",4883749,4883749,0,12772,0,0,0,0,0,0,TRUE,0.4,"CEU","EUR"
"NA10852","Africa (West)",0,0.674694213531593,0.431999741327735,"ok",4883749,4883749,0,12772,0,0,0,0,0,0,TRUE,0.4,"CEU","EUR"
"NA10854","Africa (West)",0,0.678492472037672,0.437277245681062,"ok",4883749,4883749,0,12772,0,0,0,0,0,0,TRUE,0.4,"CEU","EUR"
"NA10855","Africa (West)",0,0.684274033087607,0.441352366773097,"ok",4883749,4883749,0,12772,0,0,0,0,0,0,TRUE,0.4,"CEU","EUR"
"NA10856","Africa (West)",0.002472,0.680673525258844,0.437947431306299,"ok",4883749,4883749,0,12772,0,0,0,0,0,0,TRUE,0.4,"CEU","EUR"
"NA10857","Africa (West)",0,0.68308507053052,0.431687465099524,"ok",4883749,4883749,0,12772,0,0,0,0,0,0,TRUE,0.4,"CEU","EUR"
"NA10859","Africa (West)",0,0.682102099628988,0.437020535211878,"ok",4883749,4883749,0,12772,0,0,0,0,0,0,TRUE,0.4,"CEU","EUR"
"NA10860","Africa (West)",0,0.676454981942408,0.439905476149576,"ok",4883749,4883749,0,12772,0,0,0,0,0,0,TRUE,0.4,"CEU","EUR"
"NA10861","Africa (West)",0.005329,0.676095538834036,0.435312697455772,"ok",4883749,4883749,0,12772,0,0,0,0,0,0,TRUE,0.4,"CEU","EUR"
"NA10863","Africa (West)",0,0.679068889352765,0.437661445863301,"ok",4883749,4883749,0,12772,0,0,0,0,0,0,TRUE,0.4,"CEU","EUR"
"NA10864","Africa (West)",0,0.682722642711057,0.437725179083575,"ok",4883749,4883749,0,12772,0,0,0,0,0,0,TRUE,0.4,"CEU","EUR"
"NA10865","Africa (West)",0,0.679577191934707,0.437133883932618,"ok",4883749,4883749,0,12772,0,0,0,0,0,0,TRUE,0.4,"CEU","EUR"
"NA12329","Africa (West)",0,0.678291620883859,0.434944908911204,"ok",4883749,4883749,0,12772,0,0,0,0,0,0,TRUE,0.4,"CEU","EUR"
"NA12335","Africa (West)",0.0045049,0.681042793271922,0.439920157757776,"ok",4883749,4883749,0,12772,0,0,0,0,0,0,TRUE,0.4,"CEU","EUR"
"NA12336","Africa (West)",0,0.683429792033861,0.43857167832592,"ok",4883749,4883749,0,12772,0,0,0,0,0,0,TRUE,0.4,"CEU","EUR"
"NA12344","Africa (West)",0.0043675,0.678210464912569,0.437478084549662,"ok",4883749,4883749,0,12772,0,0,0,0,0,0,TRUE,0.4,"CEU","EUR"
"NA12376","Africa (West)",0,0.680120918502536,0.438860112240107,"ok",4883749,4883749,0,12772,0,0,0,0,0,0,TRUE,0.4,"CEU","EUR"
"NA12386","Africa (West)",0,0.677387302263733,0.435423362907156,"ok",4883749,4883749,0,12772,0,0,0,0,0,0,TRUE,0.4,"CEU","EUR"
"NA12485","Africa (West)",0,0.679312253979948,0.437472849871085,"ok",4883749,4883749,0,12772,0,0,0,0,0,0,TRUE,0.4,"CEU","EUR"
"NA12707","Africa (West)",0.0033231,0.680112714513577,0.43874695937354,"ok",4883749,4883749,0,12772,0,0,0,0,0,0,TRUE,0.4,"CEU","EUR"
"NA12739","Africa (West)",0,0.680415604539052,0.434337917960493,"ok",4883749,4883749,0,12772,0,0,0,0,0,0,TRUE,0.4,"CEU","EUR"
"NA12740","Africa (West)",0,0.676141812084867,0.437010735870031,"ok",4883749,4883749,0,12772,0,0,0,0,0,0,TRUE,0.4,"CEU","EUR"
"NA12752","Africa (West)",0,0.678395730337377,0.437080999378142,"ok",4883749,4883749,0,12772,0,0,0,0,0,0,TRUE,0.4,"CEU","EUR"
"NA12753","Africa (West)",0,0.680028461877365,0.43748873539677,"ok",4883749,4883749,0,12772,0,0,0,0,0,0,TRUE,0.4,"CEU","EUR"
"NA12766","Africa (West)",0,0.680217504422127,0.43678527544135,"ok",4883749,4883749,0,12772,0,0,0,0,0,0,TRUE,0.4,"CEU","EUR"
"NA12767","Africa (West)",0,0.686729595532787,0.439093507565329,"ok",4883749,4883749,0,12772,0,0,0,0,0,0,TRUE,0.4,"CEU","EUR"
"NA12801","Africa (West)",0,0.681301806437172,0.436421514200631,"ok",4883749,4883749,0,12772,0,0,0,0,0,0,TRUE,0.4,"CEU","EUR"
"NA12802","Africa (West)",0.0009862,0.680380464988809,0.437008093583283,"ok",4883749,4883749,0,12772,0,0,0,0,0,0,TRUE,0.4,"CEU","EUR"
"NA12817","Africa (West)",0,0.68213999804578,0.438368916927599,"ok",4883749,4883749,0,12772,0,0,0,0,0,0,TRUE,0.4,"CEU","EUR"
"NA12818","Africa (West)",0,0.679273116771439,0.437955822608876,"ok",4883749,4883749,0,12772,0,0,0,0,0,0,TRUE,0.4,"CEU","EUR"
"NA12832","Africa (West)",0,0.680700137511833,0.433618919236989,"ok",4883749,4883749,0,12772,0,0,0,0,0,0,TRUE,0.4,"CEU","EUR"
"NA12864","Africa (West)",0,0.680733058875463,0.434519965333457,"ok",4883749,4883749,0,12772,0,0,0,0,0,0,TRUE,0.4,"CEU","EUR"
"NA12865","Africa (West)",0,0.681389284255118,0.435418547365836,"ok",4883749,4883749,0,12772,0,0,0,0,0,0,TRUE,0.4,"CEU","EUR"
"NA12877","Africa (West)",0,0.679111080925181,0.437339571188741,"ok",4883749,4883749,0,12772,0,0,0,0,0,0,TRUE,0.4,"CEU","EUR"
"NA12878","Africa (West)",0,0.675269772239951,0.432193113872142,"ok",4883749,4883749,0,12772,0,0,0,0,0,0,TRUE,0.4,"CEU","EUR"
"NA06991","Ashkenazi",0.0115356,0.676944112821251,0.659772855366581,"ok",4883749,4883749,0,12772,0,0,0,0,0,0,TRUE,0.4,"CEU","EUR"
"NA06995","Ashkenazi",0,0.679002209754741,0.66272779845466,"ok",4883749,4883749,0,12772,0,0,0,0,0,0,TRUE,0.4,"CEU","EUR"
"NA06997","Ashkenazi",0,0.679405466049761,0.66183462648667,"ok",4883749,4883749,0,12772,0,0,0,0,0,0,TRUE,0.4,"CEU","EUR"
"NA07014","Ashkenazi",0,0.678888038943354,0.661325913773026,"ok",4883749,4883749,0,12772,0,0,0,0,0,0,TRUE,0.4,"CEU","EUR"
"NA07019","Ashkenazi",0,0.679307948497449,0.660750425595156,"ok",4883749,4883749,0,12772,0,0,0,0,0,0,TRUE,0.4,"CEU","EUR"
"NA07029","Ashkenazi",0.0114804,0.680522355559115,0.666349234988914,"ok",4883749,4883749,0,12772,0,0,0,0,0,0,TRUE,0.4,"CEU","EUR"
"NA07048","Ashkenazi",0.0079296,0.676555454890678,0.660827291494737,"ok",4883749,4883749,0,12772,0,0,0,0,0,0,TRUE,0.4,"CEU","EUR"
"NA07348","Ashkenazi",0.0047937,0.679617825328359,0.662396228226173,"ok",4883749,4883749,0,12772,0,0,0,0,0,0,TRUE,0.4,"CEU","EUR"
"NA07349","Ashkenazi",0,0.67928870090448,0.66260761015452,"ok",4883749,4883749,0,12772,0,0,0,0,0,0,TRUE,0.4,"CEU","EUR"
"NA10830","Ashkenazi",0,0.682331947943762,0.663803727080221,"ok",4883749,4883749,0,12772,0,0,0,0,0,0,TRUE,0.4,"CEU","EUR"
"NA10831","Ashkenazi",0,0.68476687356208,0.666225766142477,"ok",4883749,4883749,0,12772,0,0,0,0,0,0,TRUE,0.4,"CEU","EUR"
"NA10835","Ashkenazi",0,0.683328508861513,0.66296702729759,"ok",4883749,4883749,0,12772,0,0,0,0,0,0,TRUE,0.4,"CEU","EUR"
"NA10836","Ashkenazi",0.0013876,0.677653357476557,0.662340769511793,"ok",4883749,4883749,0,12772,0,0,0,0,0,0,TRUE,0.4,"CEU","EUR"
"NA10837","Ashkenazi",0.0134893,0.680741564707162,0.665794082619837,"ok",4883749,4883749,0,12772,0,0,0,0,0,0,TRUE,0.4,"CEU","EUR"
"NA10838","Ashkenazi",0,0.679340559747165,0.661128308209187,"ok",4883749,4883749,0,12772,0,0,0,0,0,0,TRUE,0.4,"CEU","EUR"
"NA10839","Ashkenazi",0,0.680932386142822,0.664551847119231,"ok",4883749,4883749,0,12772,0,0,0,0,0,0,TRUE,0.4,"CEU","EUR"
"NA10840","Ashkenazi",0.0059041,0.681325932936814,0.6666514986601,"ok",4883749,4883749,0,12772,0,0,0,0,0,0,TRUE,0.4,"CEU","EUR"
"NA10842","Ashkenazi",0,0.681457309912896,0.663041836076628,"ok",4883749,4883749,0,12772,0,0,0,0,0,0,TRUE,0.4,"CEU","EUR"
"NA10843","Ashkenazi",0.0045238,0.682907068561652,0.667004173188493,"ok",4883749,4883749,0,12772,0,0,0,0,0,0,TRUE,0.4,"CEU","EUR"
"NA10845","Ashkenazi",0,0.675888873826317,0.659759304103947,"ok",4883749,4883749,0,12772,0,0,0,0,0,0,TRUE,0.4,"CEU","EUR"
"NA10846","Ashkenazi",0,0.678690106031698,0.663403231000178,"ok",4883749,4883749,0,12772,0,0,0,0,0,0,TRUE,0.4,"CEU","EUR"
"NA10847","Ashkenazi",0.0237686,0.679100759964885,0.662913227047657,"ok",4883749,4883749,0,12772,0,0,0,0,0,0,TRUE,0.4,"CEU","EUR"
"NA10851","Ashkenazi",0,0.680068168765894,0.661592978656246,"ok",4883749,4883749,0,12772,0,0,0,0,0,0,TRUE,0.4,"CEU","EUR"
"NA10852","Ashkenazi",0.020237,0.674694213531593,0.659867026540653,"ok",4883749,4883749,0,12772,0,0,0,0,0,0,TRUE,0.4,"CEU","EUR"
"NA10854","Ashkenazi",0,0.678492472037672,0.661634649012583,"ok",4883749,4883749,0,12772,0,0,0,0,0,0,TRUE,0.4,"CEU","EUR"
"NA10855","Ashkenazi",0.0455709,0.684274033087607,0.669573923124476,"ok",4883749,4883749,0,12772,0,0,0,0,0,0,TRUE,0.4,"CEU","EUR"
"NA10856","Ashkenazi",0,0.680673525258844,0.66251028840818,"ok",4883749,4883749,0,12772,0,0,0,0,0,0,TRUE,0.4,"CEU","EUR"
"NA10857","Ashkenazi",0,0.68308507053052,0.665538279391151,"ok",4883749,4883749,0,12772,0,0,0,0,0,0,TRUE,0.4,"CEU","EUR"
"NA10859","Ashkenazi",0,0.682102099628988,0.666181550798033,"ok",4883749,4883749,0,12772,0,0,0,0,0,0,TRUE,0.4,"CEU","EUR"
"NA10860","Ashkenazi",0,0.676454981942408,0.660301637882544,"ok",4883749,4883749,0,12772,0,0,0,0,0,0,TRUE,0.4,"CEU","EUR"
"NA10861","Ashkenazi",0,0.676095538834036,0.65886584668544,"ok",4883749,4883749,0,12772,0,0,0,0,0,0,TRUE,0.4,"CEU","EUR"
"NA10863","Ashkenazi",0.0195978,0.679068889352765,0.665059959866402,"ok",4883749,4883749,0,12772,0,0,0,0,0,0,TRUE,0.4,"CEU","EUR"
"NA10864","Ashkenazi",0,0.682722642711057,0.665555777303846,"ok",4883749,4883749,0,12772,0,0,0,0,0,0,TRUE,0.4,"CEU","EUR"
"NA10865","Ashkenazi",0,0.679577191934707,0.661911656218521,"ok",4883749,4883749,0,12772,0,0,0,0,0,0,TRUE,0.4,"CEU","EUR"
"NA12329","Ashkenazi",0,0.678291620883859,0.662612874648803,"ok",4883749,4883749,0,12772,0,0,0,0,0,0,TRUE,0.4,"CEU","EUR"
"NA12335","Ashkenazi",0,0.681042793271922,0.66337797254257,"ok",4883749,4883749,0,12772,0,0,0,0,0,0,TRUE,0.4,"CEU","EUR"
"NA12336","Ashkenazi",0.02373,0.683429792033861,0.668141807902602,"ok",4883749,4883749,0,12772,0,0,0,0,0,0,TRUE,0.4,"CEU","EUR"
"NA12344","Ashkenazi",0,0.678210464912569,0.661105624221222,"ok",4883749,4883749,0,12772,0,0,0,0,0,0,TRUE,0.4,"CEU","EUR"
"NA12376","Ashkenazi",0,0.680120918502536,0.663848155496333,"ok",4883749,4883749,0,12772,0,0,0,0,0,0,TRUE,0.4,"CEU","EUR"
"NA12386","Ashkenazi",0,0.677387302263733,0.661597810183186,"ok",4883749,4883749,0,12772,0,0,0,0,0,0,TRUE,0.4,"CEU","EUR"
"NA12485","Ashkenazi",0.0263842,0.679312253979948,0.664524797488837,"ok",4883749,4883749,0,12772,0,0,0,0,0,0,TRUE,0.4,"CEU","EUR"
"NA12707","Ashkenazi",0.0147612,0.680112714513577,0.664244637653634,"ok",4883749,4883749,0,12772,0,0,0,0,0,0,TRUE,0.4,"CEU","EUR"
"NA12739","Ashkenazi",0.0189885,0.680415604539052,0.663726301350968,"ok",4883749,4883749,0,12772,0,0,0,0,0,0,TRUE,0.4,"CEU","EUR"
"NA12740","Ashkenazi",0,0.676141812084867,0.659361888239341,"ok",4883749,4883749,0,12772,0,0,0,0,0,0,TRUE,0.4,"CEU","EUR"
"NA12752","Ashkenazi",0,0.678395730337377,0.661105500571659,"ok",4883749,4883749,0,12772,0,0,0,0,0,0,TRUE,0.4,"CEU","EUR"
"NA12753","Ashkenazi",0,0.680028461877365,0.66430420918848,"ok",4883749,4883749,0,12772,0,0,0,0,0,0,TRUE,0.4,"CEU","EUR"
"NA12766","Ashkenazi",0,0.680217504422127,0.664182755678617,"ok",4883749,4883749,0,12772,0,0,0,0,0,0,TRUE,0.4,"CEU","EUR"
"NA12767","Ashkenazi",0,0.686729595532787,0.669511748301587,"ok",4883749,4883749,0,12772,0,0,0,0,0,0,TRUE,0.4,"CEU","EUR"
"NA12801","Ashkenazi",0.0078358,0.681301806437172,0.665513818522559,"ok",4883749,4883749,0,12772,0,0,0,0,0,0,TRUE,0.4,"CEU","EUR"
"NA12802","Ashkenazi",0,0.680380464988809,0.662872606966554,"ok",4883749,4883749,0,12772,0,0,0,0,0,0,TRUE,0.4,"CEU","EUR"
"NA12817","Ashkenazi",0,0.68213999804578,0.665959049608609,"ok",4883749,4883749,0,12772,0,0,0,0,0,0,TRUE,0.4,"CEU","EUR"
"NA12818","Ashkenazi",0.0021027,0.679273116771439,0.664851239786437,"ok",4883749,4883749,0,12772,0,0,0,0,0,0,TRUE,0.4,"CEU","EUR"
"NA12832","Ashkenazi",0,0.680700137511833,0.663106729510977,"ok",4883749,4883749,0,12772,0,0,0,0,0,0,TRUE,0.4,"CEU","EUR"
"NA12864","Ashkenazi",0,0.680733058875463,0.664203578885551,"ok",4883749,4883749,0,12772,0,0,0,0,0,0,TRUE,0.4,"CEU","EUR"
"NA12865","Ashkenazi",0,0.681389284255118,0.663244514316534,"ok",4883749,4883749,0,12772,0,0,0,0,0,0,TRUE,0.4,"CEU","EUR"
"NA12877","Ashkenazi",0.000125,0.679111080925181,0.663114062992535,"ok",4883749,4883749,0,12772,0,0,0,0,0,0,TRUE,0.4,"CEU","EUR"
"NA12878","Ashkenazi",0,0.675269772239951,0.658037096826384,"ok",4883749,4883749,0,12772,0,0,0,0,0,0,TRUE,0.4,"CEU","EUR"
"NA06991","Asia (East)",0,0.676944112821251,0.508279394373765,"ok",4883749,4883749,0,12772,0,0,0,0,0,0,TRUE,0.4,"CEU","EUR"
"NA06995","Asia (East)",0,0.679002209754741,0.510095912782261,"ok",4883749,4883749,0,12772,0,0,0,0,0,0,TRUE,0.4,"CEU","EUR"
"NA06997","Asia (East)",0,0.679405466049761,0.505414147503672,"ok",4883749,4883749,0,12772,0,0,0,0,0,0,TRUE,0.4,"CEU","EUR"
"NA07014","Asia (East)",0,0.678888038943354,0.511530069935244,"ok",4883749,4883749,0,12772,0,0,0,0,0,0,TRUE,0.4,"CEU","EUR"
"NA07019","Asia (East)",0,0.679307948497449,0.507889087411266,"ok",4883749,4883749,0,12772,0,0,0,0,0,0,TRUE,0.4,"CEU","EUR"
"NA07029","Asia (East)",0.0044454,0.680522355559115,0.514181614360066,"ok",4883749,4883749,0,12772,0,0,0,0,0,0,TRUE,0.4,"CEU","EUR"
"NA07048","Asia (East)",0.0016091,0.676555454890678,0.506828623027892,"ok",4883749,4883749,0,12772,0,0,0,0,0,0,TRUE,0.4,"CEU","EUR"
"NA07348","Asia (East)",0,0.679617825328359,0.51216191389685,"ok",4883749,4883749,0,12772,0,0,0,0,0,0,TRUE,0.4,"CEU","EUR"
"NA07349","Asia (East)",0,0.67928870090448,0.51142565983366,"ok",4883749,4883749,0,12772,0,0,0,0,0,0,TRUE,0.4,"CEU","EUR"
"NA10830","Asia (East)",0,0.682331947943762,0.513447856024157,"ok",4883749,4883749,0,12772,0,0,0,0,0,0,TRUE,0.4,"CEU","EUR"
"NA10831","Asia (East)",0,0.68476687356208,0.510991268993509,"ok",4883749,4883749,0,12772,0,0,0,0,0,0,TRUE,0.4,"CEU","EUR"
"NA10835","Asia (East)",0.0004692,0.683328508861513,0.516701429387849,"ok",4883749,4883749,0,12772,0,0,0,0,0,0,TRUE,0.4,"CEU","EUR"
"NA10836","Asia (East)",0,0.677653357476557,0.50578940930544,"ok",4883749,4883749,0,12772,0,0,0,0,0,0,TRUE,0.4,"CEU","EUR"
"NA10837","Asia (East)",0,0.680741564707162,0.512373988276405,"ok",4883749,4883749,0,12772,0,0,0,0,0,0,TRUE,0.4,"CEU","EUR"
"NA10838","Asia (East)",0.0057102,0.679340559747165,0.511663255079714,"ok",4883749,4883749,0,12772,0,0,0,0,0,0,TRUE,0.4,"CEU","EUR"
"NA10839","Asia (East)",0,0.680932386142822,0.508087761518292,"ok",4883749,4883749,0,12772,0,0,0,0,0,0,TRUE,0.4,"CEU","EUR"
"NA10840","Asia (East)",0,0.681325932936814,0.512746797251143,"ok",4883749,4883749,0,12772,0,0,0,0,0,0,TRUE,0.4,"CEU","EUR"
"NA10842","Asia (East)",0,0.681457309912896,0.510766320243478,"ok",4883749,4883749,0,12772,0,0,0,0,0,0,TRUE,0.4,"CEU","EUR"
"NA10843","Asia (East)",0,0.682907068561652,0.510963865901616,"ok",4883749,4883749,0,12772,0,0,0,0,0,0,TRUE,0.4,"CEU","EUR"
"NA10845","Asia (East)",0,0.675888873826317,0.510617369222316,"ok",4883749,4883749,0,12772,0,0,0,0,0,0,TRUE,0.4,"CEU","EUR"
"NA10846","Asia (East)",0,0.678690106031698,0.509460768333785,"ok",4883749,4883749,0,12772,0,0,0,0,0,0,TRUE,0.4,"CEU","EUR"
"NA10847","Asia (East)",0,0.679100759964885,0.505511367514075,"ok",4883749,4883749,0,12772,0,0,0,0,0,0,TRUE,0.4,"CEU","EUR"
"NA10851","Asia (East)",0,0.680068168765894,0.508514565645116,"ok",4883749,4883749,0,12772,0,0,0,0,0,0,TRUE,0.4,"CEU","EUR"
"NA10852","Asia (East)",0,0.674694213531593,0.50633904214205,"ok",4883749,4883749,0,12772,0,0,0,0,0,0,TRUE,0.4,"CEU","EUR"
"NA10854","Asia (East)",0.0073327,0.678492472037672,0.515678503369093,"ok",4883749,4883749,0,12772,0,0,0,0,0,0,TRUE,0.4,"CEU","EUR"
"NA10855","Asia (East)",0,0.684274033087607,0.512163338036889,"ok",4883749,4883749,0,12772,0,0,0,0,0,0,TRUE,0.4,"CEU","EUR"
"NA10856","Asia (East)",0,0.680673525258844,0.513993858397755,"ok",4883749,4883749,0,12772,0,0,0,0,0,0,TRUE,0.4,"CEU","EUR"
"NA10857","Asia (East)",0,0.68308507053052,0.510621004242189,"ok",4883749,4883749,0,12772,0,0,0,0,0,0,TRUE,0.4,"CEU","EUR"
"NA10859","Asia (East)",0,0.682102099628988,0.512439225872945,"ok",4883749,4883749,0,12772,0,0,0,0,0,0,TRUE,0.4,"CEU","EUR"
"NA10860","Asia (East)",0,0.676454981942408,0.505677958780739,"ok",4883749,4883749,0,12772,0,0,0,0,0,0,TRUE,0.4,"CEU","EUR"
"NA10861","Asia (East)",0.0005344,0.676095538834036,0.507138934298918,"ok",4883749,4883749,0,12772,0,0,0,0,0,0,TRUE,0.4,"CEU","EUR"
"NA10863","Asia (East)",0,0.679068889352765,0.510009062926463,"ok",4883749,4883749,0,12772,0,0,0,0,0,0,TRUE,0.4,"CEU","EUR"
"NA10864","Asia (East)",0,0.682722642711057,0.512800627842596,"ok",4883749,4883749,0,12772,0,0,0,0,0,0,TRUE,0.4,"CEU","EUR"
"NA10865","Asia (East)",0,0.679577191934707,0.510523585707739,"ok",4883749,4883749,0,12772,0,0,0,0,0,0,TRUE,0.4,"CEU","EUR"
"NA12329","Asia (East)",0,0.678291620883859,0.514109861905004,"ok",4883749,4883749,0,12772,0,0,0,0,0,0,TRUE,0.4,"CEU","EUR"
"NA12335","Asia (East)",0,0.681042793271922,0.510585324819375,"ok",4883749,4883749,0,12772,0,0,0,0,0,0,TRUE,0.4,"CEU","EUR"
"NA12336","Asia (East)",0,0.683429792033861,0.512385140252729,"ok",4883749,4883749,0,12772,0,0,0,0,0,0,TRUE,0.4,"CEU","EUR"
"NA12344","Asia (East)",0,0.678210464912569,0.509869869615466,"ok",4883749,4883749,0,12772,0,0,0,0,0,0,TRUE,0.4,"CEU","EUR"
"NA12376","Asia (East)",0,0.680120918502536,0.505974474610021,"ok",4883749,4883749,0,12772,0,0,0,0,0,0,TRUE,0.4,"CEU","EUR"
"NA12386","Asia (East)",0.0004611,0.677387302263733,0.508922153113067,"ok",4883749,4883749,0,12772,0,0,0,0,0,0,TRUE,0.4,"CEU","EUR"
"NA12485","Asia (East)",0,0.679312253979948,0.513441588271721,"ok",4883749,4883749,0,12772,0,0,0,0,0,0,TRUE,0.4,"CEU","EUR"
"NA12707","Asia (East)",0,0.680112714513577,0.511089064236847,"ok",4883749,4883749,0,12772,0,0,0,0,0,0,TRUE,0.4,"CEU","EUR"
"NA12739","Asia (East)",0,0.680415604539052,0.512843901043997,"ok",4883749,4883749,0,12772,0,0,0,0,0,0,TRUE,0.4,"CEU","EUR"
"NA12740","Asia (East)",0,0.676141812084867,0.508421093854716,"ok",4883749,4883749,0,12772,0,0,0,0,0,0,TRUE,0.4,"CEU","EUR"
"NA12752","Asia (East)",0,0.678395730337377,0.511518782086624,"ok",4883749,4883749,0,12772,0,0,0,0,0,0,TRUE,0.4,"CEU","EUR"
"NA12753","Asia (East)",0,0.680028461877365,0.513242386728489,"ok",4883749,4883749,0,12772,0,0,0,0,0,0,TRUE,0.4,"CEU","EUR"
"NA12766","Asia (East)",0,0.680217504422127,0.508953087861665,"ok",4883749,4883749,0,12772,0,0,0,0,0,0,TRUE,0.4,"CEU","EUR"
"NA12767","Asia (East)",0,0.686729595532787,0.513000438477574,"ok",4883749,4883749,0,12772,0,0,0,0,0,0,TRUE,0.4,"CEU","EUR"
"NA12801","Asia (East)",0,0.681301806437172,0.511573149457246,"ok",4883749,4883749,0,12772,0,0,0,0,0,0,TRUE,0.4,"CEU","EUR"
"NA12802","Asia (East)",0,0.680380464988809,0.509999730131689,"ok",4883749,4883749,0,12772,0,0,0,0,0,0,TRUE,0.4,"CEU","EUR"
"NA12817","Asia (East)",0,0.68213999804578,0.509375805696508,"ok",4883749,4883749,0,12772,0,0,0,0,0,0,TRUE,0.4,"CEU","EUR"
"NA12818","Asia (East)",0,0.679273116771439,0.510220735755458,"ok",4883749,4883749,0,12772,0,0,0,0,0,0,TRUE,0.4,"CEU","EUR"
"NA12832","Asia (East)",0,0.680700137511833,0.508708489076708,"ok",4883749,4883749,0,12772,0,0,0,0,0,0,TRUE,0.4,"CEU","EUR"
"NA12864","Asia (East)",0,0.680733058875463,0.515705327980172,"ok",4883749,4883749,0,12772,0,0,0,0,0,0,TRUE,0.4,"CEU","EUR"
"NA12865","Asia (East)",0,0.681389284255118,0.511570286150286,"ok",4883749,4883749,0,12772,0,0,0,0,0,0,TRUE,0.4,"CEU","EUR"
"NA12877","Asia (East)",0,0.679111080925181,0.510156112284592,"ok",4883749,4883749,0,12772,0,0,0,0,0,0,TRUE,0.4,"CEU","EUR"
"NA12878","Asia (East)",0,0.675269772239951,0.503679667324203,"ok",4883749,4883749,0,12772,0,0,0,0,0,0,TRUE,0.4,"CEU","EUR"
"NA06991","Bangladesh",0,0.676944112821251,0.61149294214081,"ok",4883749,4883749,0,12772,0,0,0,0,0,0,TRUE,0.4,"CEU","EUR"
"NA06995","Bangladesh",0,0.679002209754741,0.612556058873875,"ok",4883749,4883749,0,12772,0,0,0,0,0,0,TRUE,0.4,"CEU","EUR"
"NA06997","Bangladesh",0,0.679405466049761,0.611258481113791,"ok",4883749,4883749,0,12772,0,0,0,0,0,0,TRUE,0.4,"CEU","EUR"
"NA07014","Bangladesh",0,0.678888038943354,0.615100679043603,"ok",4883749,4883749,0,12772,0,0,0,0,0,0,TRUE,0.4,"CEU","EUR"
"NA07019","Bangladesh",0,0.679307948497449,0.609803705312604,"ok",4883749,4883749,0,12772,0,0,0,0,0,0,TRUE,0.4,"CEU","EUR"
"NA07029","Bangladesh",0,0.680522355559115,0.616683027425953,"ok",4883749,4883749,0,12772,0,0,0,0,0,0,TRUE,0.4,"CEU","EUR"
"NA07048","Bangladesh",0,0.676555454890678,0.609734491665055,"ok",4883749,4883749,0,12772,0,0,0,0,0,0,TRUE,0.4,"CEU","EUR"
"NA07348","Bangladesh",0,0.679617825328359,0.614193415368763,"ok",4883749,4883749,0,12772,0,0,0,0,0,0,TRUE,0.4,"CEU","EUR"
"NA07349","Bangladesh",0,0.67928870090448,0.612523292818647,"ok",4883749,4883749,0,12772,0,0,0,0,0,0,TRUE,0.4,"CEU","EUR"
"NA10830","Bangladesh",0,0.682331947943762,0.617269399678973,"ok",4883749,4883749,0,12772,0,0,0,0,0,0,TRUE,0.4,"CEU","EUR"
"NA10831","Bangladesh",0,0.68476687356208,0.615718552534765,"ok",4883749,4883749,0,12772,0,0,0,0,0,0,TRUE,0.4,"CEU","EUR"
"NA10835","Bangladesh",0,0.683328508861513,0.617239109086578,"ok",4883749,4883749,0,12772,0,0,0,0,0,0,TRUE,0.4,"CEU","EUR"
"NA10836","Bangladesh",0,0.677653357476557,0.610993463671709,"ok",4883749,4883749,0,12772,0,0,0,0,0,0,TRUE,0.4,"CEU","EUR"
"NA10837","Bangladesh",0,0.680741564707162,0.615742068661782,"ok",4883749,4883749,0,12772,0,0,0,0,0,0,TRUE,0.4,"CEU","EUR"
"NA10838","Bangladesh",0.0025096,0.679340559747165,0.613758055394695,"ok",4883749,4883749,0,12772,0,0,0,0,0,0,TRUE,0.4,"CEU","EUR"
"NA10839","Bangladesh",0,0.680932386142822,0.613173320315866,"ok",4883749,4883749,0,12772,0,0,0,0,0,0,TRUE,0.4,"CEU","EUR"
"NA10840","Bangladesh",0,0.681325932936814,0.616008013852854,"ok",4883749,4883749,0,12772,0,0,0,0,0,0,TRUE,0.4,"CEU","EUR"
"NA10842","Bangladesh",0,0.681457309912896,0.616422937577377,"ok",4883749,4883749,0,12772,0,0,0,0,0,0,TRUE,0.4,"CEU","EUR"
"NA10843","Bangladesh",0,0.682907068561652,0.617253705670185,"ok",4883749,4883749,0,12772,0,0,0,0,0,0,TRUE,0.4,"CEU","EUR"
"NA10845","Bangladesh",0,0.675888873826317,0.614956482812553,"ok",4883749,4883749,0,12772,0,0,0,0,0,0,TRUE,0.4,"CEU","EUR"
"NA10846","Bangladesh",0,0.678690106031698,0.614718334092121,"ok",4883749,4883749,0,12772,0,0,0,0,0,0,TRUE,0.4,"CEU","EUR"
"NA10847","Bangladesh",0,0.679100759964885,0.609718870991313,"ok",4883749,4883749,0,12772,0,0,0,0,0,0,TRUE,0.4,"CEU","EUR"
"NA10851","Bangladesh",0,0.680068168765894,0.612023930944588,"ok",4883749,4883749,0,12772,0,0,0,0,0,0,TRUE,0.4,"CEU","EUR"
"NA10852","Bangladesh",0,0.674694213531593,0.609620587247469,"ok",4883749,4883749,0,12772,0,0,0,0,0,0,TRUE,0.4,"CEU","EUR"
"NA10854","Bangladesh",0,0.678492472037672,0.615462353011862,"ok",4883749,4883749,0,12772,0,0,0,0,0,0,TRUE,0.4,"CEU","EUR"
"NA10855","Bangladesh",0,0.684274033087607,0.617638268732002,"ok",4883749,4883749,0,12772,0,0,0,0,0,0,TRUE,0.4,"CEU","EUR"
"NA10856","Bangladesh",0,0.680673525258844,0.618161887679913,"ok",4883749,4883749,0,12772,0,0,0,0,0,0,TRUE,0.4,"CEU","EUR"
"NA10857","Bangladesh",0,0.68308507053052,0.614692338868519,"ok",4883749,4883749,0,12772,0,0,0,0,0,0,TRUE,0.4,"CEU","EUR"
"NA10859","Bangladesh",0,0.682102099628988,0.620017227495386,"ok",4883749,4883749,0,12772,0,0,0,0,0,0,TRUE,0.4,"CEU","EUR"
"NA10860","Bangladesh",0,0.676454981942408,0.61009164245254,"ok",4883749,4883749,0,12772,0,0,0,0,0,0,TRUE,0.4,"CEU","EUR"
"NA10861","Bangladesh",0,0.676095538834036,0.607910757016083,"ok",4883749,4883749,0,12772,0,0,0,0,0,0,TRUE,0.4,"CEU","EUR"
"NA10863","Bangladesh",0,0.679068889352765,0.615326502890909,"ok",4883749,4883749,0,12772,0,0,0,0,0,0,TRUE,0.4,"CEU","EUR"
"NA10864","Bangladesh",0,0.682722642711057,0.615168589642548,"ok",4883749,4883749,0,12772,0,0,0,0,0,0,TRUE,0.4,"CEU","EUR"
"NA10865","Bangladesh",0,0.679577191934707,0.614166621889301,"ok",4883749,4883749,0,12772,0,0,0,0,0,0,TRUE,0.4,"CEU","EUR"
"NA12329","Bangladesh",0,0.678291620883859,0.614317990861547,"ok",4883749,4883749,0,12772,0,0,0,0,0,0,TRUE,0.4,"CEU","EUR"
"NA12335","Bangladesh",0,0.681042793271922,0.615737785945353,"ok",4883749,4883749,0,12772,0,0,0,0,0,0,TRUE,0.4,"CEU","EUR"
"NA12336","Bangladesh",0,0.683429792033861,0.616669408499258,"ok",4883749,4883749,0,12772,0,0,0,0,0,0,TRUE,0.4,"CEU","EUR"
"NA12344","Bangladesh",0,0.678210464912569,0.613174347130908,"ok",4883749,4883749,0,12772,0,0,0,0,0,0,TRUE,0.4,"CEU","EUR"
"NA12376","Bangladesh",0,0.680120918502536,0.612679147919761,"ok",4883749,4883749,0,12772,0,0,0,0,0,0,TRUE,0.4,"CEU","EUR"
"NA12386","Bangladesh",0,0.677387302263733,0.612954130176119,"ok",4883749,4883749,0,12772,0,0,0,0,0,0,TRUE,0.4,"CEU","EUR"
"NA12485","Bangladesh",0,0.679312253979948,0.616004923872217,"ok",4883749,4883749,0,12772,0,0,0,0,0,0,TRUE,0.4,"CEU","EUR"
"NA12707","Bangladesh",0,0.680112714513577,0.615637332679206,"ok",4883749,4883749,0,12772,0,0,0,0,0,0,TRUE,0.4,"CEU","EUR"
"NA12739","Bangladesh",0,0.680415604539052,0.615057942461102,"ok",4883749,4883749,0,12772,0,0,0,0,0,0,TRUE,0.4,"CEU","EUR"
"NA12740","Bangladesh",0,0.676141812084867,0.613622335664712,"ok",4883749,4883749,0,12772,0,0,0,0,0,0,TRUE,0.4,"CEU","EUR"
"NA12752","Bangladesh",0,0.678395730337377,0.612526984302526,"ok",4883749,4883749,0,12772,0,0,0,0,0,0,TRUE,0.4,"CEU","EUR"
"NA12753","Bangladesh",0,0.680028461877365,0.614965214144926,"ok",4883749,4883749,0,12772,0,0,0,0,0,0,TRUE,0.4,"CEU","EUR"
"NA12766","Bangladesh",0,0.680217504422127,0.614829787667359,"ok",4883749,4883749,0,12772,0,0,0,0,0,0,TRUE,0.4,"CEU","EUR"
"NA12767","Bangladesh",0,0.686729595532787,0.619208093736327,"ok",4883749,4883749,0,12772,0,0,0,0,0,0,TRUE,0.4,"CEU","EUR"
"NA12801","Bangladesh",0,0.681301806437172,0.615332694793956,"ok",4883749,4883749,0,12772,0,0,0,0,0,0,TRUE,0.4,"CEU","EUR"
"NA12802","Bangladesh",0,0.680380464988809,0.616161853802749,"ok",4883749,4883749,0,12772,0,0,0,0,0,0,TRUE,0.4,"CEU","EUR"
"NA12817","Bangladesh",0,0.68213999804578,0.614623497028281,"ok",4883749,4883749,0,12772,0,0,0,0,0,0,TRUE,0.4,"CEU","EUR"
"NA12818","Bangladesh",0,0.679273116771439,0.613907719286588,"ok",4883749,4883749,0,12772,0,0,0,0,0,0,TRUE,0.4,"CEU","EUR"
"NA12832","Bangladesh",0,0.680700137511833,0.611216188076276,"ok",4883749,4883749,0,12772,0,0,0,0,0,0,TRUE,0.4,"CEU","EUR"
"NA12864","Bangladesh",0,0.680733058875463,0.616834120523993,"ok",4883749,4883749,0,12772,0,0,0,0,0,0,TRUE,0.4,"CEU","EUR"
"NA12865","Bangladesh",0,0.681389284255118,0.616113223948936,"ok",4883749,4883749,0,12772,0,0,0,0,0,0,TRUE,0.4,"CEU","EUR"
"NA12877","Bangladesh",0,0.679111080925181,0.612414618398718,"ok",4883749,4883749,0,12772,0,0,0,0,0,0,TRUE,0.4,"CEU","EUR"
"NA12878","Bangladesh",0,0.675269772239951,0.608901719345332,"ok",4883749,4883749,0,12772,0,0,0,0,0,0,TRUE,0.4,"CEU","EUR"
"NA06991","Europe (North East)",0.0198197,0.676944112821251,0.671463175966277,"ok",4883749,4883749,0,12772,0,0,0,0,0,0,TRUE,0.4,"CEU","EUR"
"NA06995","Europe (North East)",0,0.679002209754741,0.6729146994362,"ok",4883749,4883749,0,12772,0,0,0,0,0,0,TRUE,0.4,"CEU","EUR"
"NA06997","Europe (North East)",0.0399872,0.679405466049761,0.674054827605856,"ok",4883749,4883749,0,12772,0,0,0,0,0,0,TRUE,0.4,"CEU","EUR"
"NA07014","Europe (North East)",0.0209732,0.678888038943354,0.67387796655638,"ok",4883749,4883749,0,12772,0,0,0,0,0,0,TRUE,0.4,"CEU","EUR"
"NA07019","Europe (North East)",0,0.679307948497449,0.674072005714485,"ok",4883749,4883749,0,12772,0,0,0,0,0,0,TRUE,0.4,"CEU","EUR"
"NA07029","Europe (North East)",0,0.680522355559115,0.676424501376927,"ok",4883749,4883749,0,12772,0,0,0,0,0,0,TRUE,0.4,"CEU","EUR"
"NA07048","Europe (North East)",0,0.676555454890678,0.670444965651785,"ok",4883749,4883749,0,12772,0,0,0,0,0,0,TRUE,0.4,"CEU","EUR"
"NA07348","Europe (North East)",0,0.679617825328359,0.673693939704282,"ok",4883749,4883749,0,12772,0,0,0,0,0,0,TRUE,0.4,"CEU","EUR"
"NA07349","Europe (North East)",0,0.67928870090448,0.673582606059122,"ok",4883749,4883749,0,12772,0,0,0,0,0,0,TRUE,0.4,"CEU","EUR"
"NA10830","Europe (North East)",0,0.682331947943762,0.676837631438416,"ok",4883749,4883749,0,12772,0,0,0,0,0,0,TRUE,0.4,"CEU","EUR"
"NA10831","Europe (North East)",0,0.68476687356208,0.677909210167285,"ok",4883749,4883749,0,12772,0,0,0,0,0,0,TRUE,0.4,"CEU","EUR"
"NA10835","Europe (North East)",0.0470074,0.683328508861513,0.679423661800236,"ok",4883749,4883749,0,12772,0,0,0,0,0,0,TRUE,0.4,"CEU","EUR"
"NA10836","Europe (North East)",0,0.677653357476557,0.67163593837057,"ok",4883749,4883749,0,12772,0,0,0,0,0,0,TRUE,0.4,"CEU","EUR"
"NA10837","Europe (North East)",0,0.680741564707162,0.676040043863963,"ok",4883749,4883749,0,12772,0,0,0,0,0,0,TRUE,0.4,"CEU","EUR"
"NA10838","Europe (North East)",0,0.679340559747165,0.674843152343646,"ok",4883749,4883749,0,12772,0,0,0,0,0,0,TRUE,0.4,"CEU","EUR"
"NA10839","Europe (North East)",0,0.680932386142822,0.675318182807473,"ok",4883749,4883749,0,12772,0,0,0,0,0,0,TRUE,0.4,"CEU","EUR"
"NA10840","Europe (North East)",0.0887946,0.681325932936814,0.677338313737101,"ok",4883749,4883749,0,12772,0,0,0,0,0,0,TRUE,0.4,"CEU","EUR"
"NA10842","Europe (North East)",0.1912533,0.681457309912896,0.67688377261061,"ok",4883749,4883749,0,12772,0,0,0,0,0,0,TRUE,0.4,"CEU","EUR"
"NA10843","Europe (North East)",0.0421486,0.682907068561652,0.677349060493949,"ok",4883749,4883749,0,12772,0,0,0,0,0,0,TRUE,0.4,"CEU","EUR"
"NA10845","Europe (North East)",0.0765294,0.675888873826317,0.671504873628211,"ok",4883749,4883749,0,12772,0,0,0,0,0,0,TRUE,0.4,"CEU","EUR"
"NA10846","Europe (North East)",0,0.678690106031698,0.673819052623084,"ok",4883749,4883749,0,12772,0,0,0,0,0,0,TRUE,0.4,"CEU","EUR"
"NA10847","Europe (North East)",0,0.679100759964885,0.674286022072384,"ok",4883749,4883749,0,12772,0,0,0,0,0,0,TRUE,0.4,"CEU","EUR"
"NA10851","Europe (North East)",0,0.680068168765894,0.674730858300123,"ok",4883749,4883749,0,12772,0,0,0,0,0,0,TRUE,0.4,"CEU","EUR"
"NA10852","Europe (North East)",0,0.674694213531593,0.668843649343969,"ok",4883749,4883749,0,12772,0,0,0,0,0,0,TRUE,0.4,"CEU","EUR"
"NA10854","Europe (North East)",0.0069416,0.678492472037672,0.673756360602738,"ok",4883749,4883749,0,12772,0,0,0,0,0,0,TRUE,0.4,"CEU","EUR"
"NA10855","Europe (North East)",0,0.684274033087607,0.677715037072594,"ok",4883749,4883749,0,12772,0,0,0,0,0,0,TRUE,0.4,"CEU","EUR"
"NA10856","Europe (North East)",0.0723464,0.680673525258844,0.676219490769633,"ok",4883749,4883749,0,12772,0,0,0,0,0,0,TRUE,0.4,"CEU","EUR"
"NA10857","Europe (North East)",0,0.68308507053052,0.676494413203019,"ok",4883749,4883749,0,12772,0,0,0,0,0,0,TRUE,0.4,"CEU","EUR"
"NA10859","Europe (North East)",0.0714579,0.682102099628988,0.677830212678006,"ok",4883749,4883749,0,12772,0,0,0,0,0,0,TRUE,0.4,"CEU","EUR"
"NA10860","Europe (North East)",0.0148834,0.676454981942408,0.671462714774295,"ok",4883749,4883749,0,12772,0,0,0,0,0,0,TRUE,0.4,"CEU","EUR"
"NA10861","Europe (North East)",0,0.676095538834036,0.670623805145507,"ok",4883749,4883749,0,12772,0,0,0,0,0,0,TRUE,0.4,"CEU","EUR"
"NA10863","Europe (North East)",0,0.679068889352765,0.673096928121103,"ok",4883749,4883749,0,12772,0,0,0,0,0,0,TRUE,0.4,"CEU","EUR"
"NA10864","Europe (North East)",0.0075206,0.682722642711057,0.677752645419819,"ok",4883749,4883749,0,12772,0,0,0,0,0,0,TRUE,0.4,"CEU","EUR"
"NA10865","Europe (North East)",0.0405631,0.679577191934707,0.675170253331491,"ok",4883749,4883749,0,12772,0,0,0,0,0,0,TRUE,0.4,"CEU","EUR"
"NA12329","Europe (North East)",0,0.678291620883859,0.673019187386721,"ok",4883749,4883749,0,12772,0,0,0,0,0,0,TRUE,0.4,"CEU","EUR"
"NA12335","Europe (North East)",0,0.681042793271922,0.674981902521871,"ok",4883749,4883749,0,12772,0,0,0,0,0,0,TRUE,0.4,"CEU","EUR"
"NA12336","Europe (North East)",0,0.683429792033861,0.677792787746989,"ok",4883749,4883749,0,12772,0,0,0,0,0,0,TRUE,0.4,"CEU","EUR"
"NA12344","Europe (North East)",0.0482928,0.678210464912569,0.673272471569991,"ok",4883749,4883749,0,12772,0,0,0,0,0,0,TRUE,0.4,"CEU","EUR"
"NA12376","Europe (North East)",0,0.680120918502536,0.673992270000749,"ok",4883749,4883749,0,12772,0,0,0,0,0,0,TRUE,0.4,"CEU","EUR"
"NA12386","Europe (North East)",0,0.677387302263733,0.67077799615948,"ok",4883749,4883749,0,12772,0,0,0,0,0,0,TRUE,0.4,"CEU","EUR"
"NA12485","Europe (North East)",0,0.679312253979948,0.674268193999636,"ok",4883749,4883749,0,12772,0,0,0,0,0,0,TRUE,0.4,"CEU","EUR"
"NA12707","Europe (North East)",0.0223425,0.680112714513577,0.674507259024746,"ok",4883749,4883749,0,12772,0,0,0,0,0,0,TRUE,0.4,"CEU","EUR"
"NA12739","Europe (North East)",0.0360217,0.680415604539052,0.674918692165607,"ok",4883749,4883749,0,12772,0,0,0,0,0,0,TRUE,0.4,"CEU","EUR"
"NA12740","Europe (North East)",0,0.676141812084867,0.66994836372622,"ok",4883749,4883749,0,12772,0,0,0,0,0,0,TRUE,0.4,"CEU","EUR"
"NA12752","Europe (North East)",0,0.678395730337377,0.672431109541152,"ok",4883749,4883749,0,12772,0,0,0,0,0,0,TRUE,0.4,"CEU","EUR"
"NA12753","Europe (North East)",0.0890861,0.680028461877365,0.675553935534887,"ok",4883749,4883749,0,12772,0,0,0,0,0,0,TRUE,0.4,"CEU","EUR"
"NA12766","Europe (North East)",0,0.680217504422127,0.674812173564632,"ok",4883749,4883749,0,12772,0,0,0,0,0,0,TRUE,0.4,"CEU","EUR"
"NA12767","Europe (North East)",0,0.686729595532787,0.680856448749585,"ok",4883749,4883749,0,12772,0,0,0,0,0,0,TRUE,0.4,"CEU","EUR"
"NA12801","Europe (North East)",0,0.681301806437172,0.674917120218245,"ok",4883749,4883749,0,12772,0,0,0,0,0,0,TRUE,0.4,"CEU","EUR"
"NA12802","Europe (North East)",0,0.680380464988809,0.674154744091481,"ok",4883749,4883749,0,12772,0,0,0,0,0,0,TRUE,0.4,"CEU","EUR"
"NA12817","Europe (North East)",0.0475724,0.68213999804578,0.67699437884241,"ok",4883749,4883749,0,12772,0,0,0,0,0,0,TRUE,0.4,"CEU","EUR"
"NA12818","Europe (North East)",0,0.679273116771439,0.672811376201854,"ok",4883749,4883749,0,12772,0,0,0,0,0,0,TRUE,0.4,"CEU","EUR"
"NA12832","Europe (North East)",0,0.680700137511833,0.675189613016864,"ok",4883749,4883749,0,12772,0,0,0,0,0,0,TRUE,0.4,"CEU","EUR"
"NA12864","Europe (North East)",0.0090521,0.680733058875463,0.675520194680124,"ok",4883749,4883749,0,12772,0,0,0,0,0,0,TRUE,0.4,"CEU","EUR"
"NA12865","Europe (North East)",0.0364049,0.681389284255118,0.676583109065601,"ok",4883749,4883749,0,12772,0,0,0,0,0,0,TRUE,0.4,"CEU","EUR"
"NA12877","Europe (North East)",0,0.679111080925181,0.672996612640175,"ok",4883749,4883749,0,12772,0,0,0,0,0,0,TRUE,0.4,"CEU","EUR"
"NA12878","Europe (North East)",0,0.675269772239951,0.668745763024541,"ok",4883749,4883749,0,12772,0,0,0,0,0,0,TRUE,0.4,"CEU","EUR"
"NA06991","Europe (South East)",0,0.676944112821251,0.671939563153206,"ok",4883749,4883749,0,12772,0,0,0,0,0,0,TRUE,0.4,"CEU","EUR"
"NA06995","Europe (South East)",0,0.679002209754741,0.675059637870344,"ok",4883749,4883749,0,12772,0,0,0,0,0,0,TRUE,0.4,"CEU","EUR"
"NA06997","Europe (South East)",0,0.679405466049761,0.675262047138487,"ok",4883749,4883749,0,12772,0,0,0,0,0,0,TRUE,0.4,"CEU","EUR"
"NA07014","Europe (South East)",0,0.678888038943354,0.674197083153153,"ok",4883749,4883749,0,12772,0,0,0,0,0,0,TRUE,0.4,"CEU","EUR"
"NA07019","Europe (South East)",0,0.679307948497449,0.675057532098452,"ok",4883749,4883749,0,12772,0,0,0,0,0,0,TRUE,0.4,"CEU","EUR"
"NA07029","Europe (South East)",0,0.680522355559115,0.677150581169106,"ok",4883749,4883749,0,12772,0,0,0,0,0,0,TRUE,0.4,"CEU","EUR"
"NA07048","Europe (South East)",0,0.676555454890678,0.672166837454001,"ok",4883749,4883749,0,12772,0,0,0,0,0,0,TRUE,0.4,"CEU","EUR"
"NA07348","Europe (South East)",0,0.679617825328359,0.674829348884255,"ok",4883749,4883749,0,12772,0,0,0,0,0,0,TRUE,0.4,"CEU","EUR"
"NA07349","Europe (South East)",0,0.67928870090448,0.675508935204284,"ok",4883749,4883749,0,12772,0,0,0,0,0,0,TRUE,0.4,"CEU","EUR"
"NA10830","Europe (South East)",0,0.682331947943762,0.677924060275591,"ok",4883749,4883749,0,12772,0,0,0,0,0,0,TRUE,0.4,"CEU","EUR"
"NA10831","Europe (South East)",0,0.68476687356208,0.679974513421401,"ok",4883749,4883749,0,12772,0,0,0,0,0,0,TRUE,0.4,"CEU","EUR"
"NA10835","Europe (South East)",0,0.683328508861513,0.678667155140509,"ok",4883749,4883749,0,12772,0,0,0,0,0,0,TRUE,0.4,"CEU","EUR"
"NA10836","Europe (South East)",0,0.677653357476557,0.67401734804324,"ok",4883749,4883749,0,12772,0,0,0,0,0,0,TRUE,0.4,"CEU","EUR"
"NA10837","Europe (South East)",0.1162487,0.680741564707162,0.678104016740677,"ok",4883749,4883749,0,12772,0,0,0,0,0,0,TRUE,0.4,"CEU","EUR"
"NA10838","Europe (South East)",0,0.679340559747165,0.675205658246172,"ok",4883749,4883749,0,12772,0,0,0,0,0,0,TRUE,0.4,"CEU","EUR"
"NA10839","Europe (South East)",0.0207468,0.680932386142822,0.67688986978731,"ok",4883749,4883749,0,12772,0,0,0,0,0,0,TRUE,0.4,"CEU","EUR"
"NA10840","Europe (South East)",0.2820798,0.681325932936814,0.678436197815973,"ok",4883749,4883749,0,12772,0,0,0,0,0,0,TRUE,0.4,"CEU","EUR"
"NA10842","Europe (South East)",0,0.681457309912896,0.677537785568442,"ok",4883749,4883749,0,12772,0,0,0,0,0,0,TRUE,0.4,"CEU","EUR"
"NA10843","Europe (South East)",0.0145757,0.682907068561652,0.67926620074805,"ok",4883749,4883749,0,12772,0,0,0,0,0,0,TRUE,0.4,"CEU","EUR"
"NA10845","Europe (South East)",0,0.675888873826317,0.673154023388541,"ok",4883749,4883749,0,12772,0,0,0,0,0,0,TRUE,0.4,"CEU","EUR"
"NA10846","Europe (South East)",0.0647833,0.678690106031698,0.676551507399672,"ok",4883749,4883749,0,12772,0,0,0,0,0,0,TRUE,0.4,"CEU","EUR"
"NA10847","Europe (South East)",0.0565136,0.679100759964885,0.675678145253925,"ok",4883749,4883749,0,12772,0,0,0,0,0,0,TRUE,0.4,"CEU","EUR"
"NA10851","Europe (South East)",0,0.680068168765894,0.675730193862155,"ok",4883749,4883749,0,12772,0,0,0,0,0,0,TRUE,0.4,"CEU","EUR"
"NA10852","Europe (South East)",0,0.674694213531593,0.670450373802815,"ok",4883749,4883749,0,12772,0,0,0,0,0,0,TRUE,0.4,"CEU","EUR"
"NA10854","Europe (South East)",0.0134771,0.678492472037672,0.67480475547847,"ok",4883749,4883749,0,12772,0,0,0,0,0,0,TRUE,0.4,"CEU","EUR"
"NA10855","Europe (South East)",0,0.684274033087607,0.680538525666374,"ok",4883749,4883749,0,12772,0,0,0,0,0,0,TRUE,0.4,"CEU","EUR"
"NA10856","Europe (South East)",0,0.680673525258844,0.676556945005769,"ok",4883749,4883749,0,12772,0,0,0,0,0,0,TRUE,0.4,"CEU","EUR"
"NA10857","Europe (South East)",0,0.68308507053052,0.678212134703993,"ok",4883749,4883749,0,12772,0,0,0,0,0,0,TRUE,0.4,"CEU","EUR"
"NA10859","Europe (South East)",0,0.682102099628988,0.677589256609819,"ok",4883749,4883749,0,12772,0,0,0,0,0,0,TRUE,0.4,"CEU","EUR"
"NA10860","Europe (South East)",0,0.676454981942408,0.67243847606968,"ok",4883749,4883749,0,12772,0,0,0,0,0,0,TRUE,0.4,"CEU","EUR"
"NA10861","Europe (South East)",0.0251707,0.676095538834036,0.671193303103104,"ok",4883749,4883749,0,12772,0,0,0,0,0,0,TRUE,0.4,"CEU","EUR"
"NA10863","Europe (South East)",0,0.679068889352765,0.675277098792409,"ok",4883749,4883749,0,12772,0,0,0,0,0,0,TRUE,0.4,"CEU","EUR"
"NA10864","Europe (South East)",0.0748085,0.682722642711057,0.678859201336518,"ok",4883749,4883749,0,12772,0,0,0,0,0,0,TRUE,0.4,"CEU","EUR"
"NA10865","Europe (South East)",0,0.679577191934707,0.674646505252715,"ok",4883749,4883749,0,12772,0,0,0,0,0,0,TRUE,0.4,"CEU","EUR"
"NA12329","Europe (South East)",0,0.678291620883859,0.674156904760824,"ok",4883749,4883749,0,12772,0,0,0,0,0,0,TRUE,0.4,"CEU","EUR"
"NA12335","Europe (South East)",0,0.681042793271922,0.675633094902857,"ok",4883749,4883749,0,12772,0,0,0,0,0,0,TRUE,0.4,"CEU","EUR"
"NA12336","Europe (South East)",0,0.683429792033861,0.679404938426373,"ok",4883749,4883749,0,12772,0,0,0,0,0,0,TRUE,0.4,"CEU","EUR"
"NA12344","Europe (South East)",0,0.678210464912569,0.673773604823149,"ok",4883749,4883749,0,12772,0,0,0,0,0,0,TRUE,0.4,"CEU","EUR"
"NA12376","Europe (South East)",0,0.680120918502536,0.675797446501056,"ok",4883749,4883749,0,12772,0,0,0,0,0,0,TRUE,0.4,"CEU","EUR"
"NA12386","Europe (South East)",0,0.677387302263733,0.673270446448936,"ok",4883749,4883749,0,12772,0,0,0,0,0,0,TRUE,0.4,"CEU","EUR"
"NA12485","Europe (South East)",0.0866045,0.679312253979948,0.676474612049562,"ok",4883749,4883749,0,12772,0,0,0,0,0,0,TRUE,0.4,"CEU","EUR"
"NA12707","Europe (South East)",0,0.680112714513577,0.675952938336852,"ok",4883749,4883749,0,12772,0,0,0,0,0,0,TRUE,0.4,"CEU","EUR"
"NA12739","Europe (South East)",0,0.680415604539052,0.675786002536597,"ok",4883749,4883749,0,12772,0,0,0,0,0,0,TRUE,0.4,"CEU","EUR"
"NA12740","Europe (South East)",0,0.676141812084867,0.671529396791254,"ok",4883749,4883749,0,12772,0,0,0,0,0,0,TRUE,0.4,"CEU","EUR"
"NA12752","Europe (South East)",0,0.678395730337377,0.674267580802624,"ok",4883749,4883749,0,12772,0,0,0,0,0,0,TRUE,0.4,"CEU","EUR"
"NA12753","Europe (South East)",0.0154712,0.680028461877365,0.677355089957198,"ok",4883749,4883749,0,12772,0,0,0,0,0,0,TRUE,0.4,"CEU","EUR"
"NA12766","Europe (South East)",0,0.680217504422127,0.676017998257231,"ok",4883749,4883749,0,12772,0,0,0,0,0,0,TRUE,0.4,"CEU","EUR"
"NA12767","Europe (South East)",0,0.686729595532787,0.682099048964325,"ok",4883749,4883749,0,12772,0,0,0,0,0,0,TRUE,0.4,"CEU","EUR"
"NA12801","Europe (South East)",0,0.681301806437172,0.676904846878477,"ok",4883749,4883749,0,12772,0,0,0,0,0,0,TRUE,0.4,"CEU","EUR"
"NA12802","Europe (South East)",0,0.680380464988809,0.67566768207782,"ok",4883749,4883749,0,12772,0,0,0,0,0,0,TRUE,0.4,"CEU","EUR"
"NA12817","Europe (South East)",0.0524905,0.68213999804578,0.67872154084677,"ok",4883749,4883749,0,12772,0,0,0,0,0,0,TRUE,0.4,"CEU","EUR"
"NA12818","Europe (South East)",0,0.679273116771439,0.675212853636225,"ok",4883749,4883749,0,12772,0,0,0,0,0,0,TRUE,0.4,"CEU","EUR"
"NA12832","Europe (South East)",0,0.680700137511833,0.676703045357458,"ok",4883749,4883749,0,12772,0,0,0,0,0,0,TRUE,0.4,"CEU","EUR"
"NA12864","Europe (South East)",0.0178851,0.680733058875463,0.67693822064788,"ok",4883749,4883749,0,12772,0,0,0,0,0,0,TRUE,0.4,"CEU","EUR"
"NA12865","Europe (South East)",0,0.681389284255118,0.676822167255673,"ok",4883749,4883749,0,12772,0,0,0,0,0,0,TRUE,0.4,"CEU","EUR"
"NA12877","Europe (South East)",0,0.679111080925181,0.674655863719803,"ok",4883749,4883749,0,12772,0,0,0,0,0,0,TRUE,0.4,"CEU","EUR"
"NA12878","Europe (South East)",0,0.675269772239951,0.670640580415168,"ok",4883749,4883749,0,12772,0,0,0,0,0,0,TRUE,0.4,"CEU","EUR"
"NA06991","Europe (South West)",0,0.676944112821251,0.67197684065996,"ok",4883749,4883749,0,12772,0,0,0,0,0,0,TRUE,0.4,"CEU","EUR"
"NA06995","Europe (South West)",0,0.679002209754741,0.67548998230157,"ok",4883749,4883749,0,12772,0,0,0,0,0,0,TRUE,0.4,"CEU","EUR"
"NA06997","Europe (South West)",0.1341535,0.679405466049761,0.675747207918665,"ok",4883749,4883749,0,12772,0,0,0,0,0,0,TRUE,0.4,"CEU","EUR"
"NA07014","Europe (South West)",0,0.678888038943354,0.673684105562438,"ok",4883749,4883749,0,12772,0,0,0,0,0,0,TRUE,0.4,"CEU","EUR"
"NA07019","Europe (South West)",0.0274488,0.679307948497449,0.67466967672522,"ok",4883749,4883749,0,12772,0,0,0,0,0,0,TRUE,0.4,"CEU","EUR"
"NA07029","Europe (South West)",0.1343749,0.680522355559115,0.676977639411911,"ok",4883749,4883749,0,12772,0,0,0,0,0,0,TRUE,0.4,"CEU","EUR"
"NA07048","Europe (South West)",0.0037199,0.676555454890678,0.672132562633032,"ok",4883749,4883749,0,12772,0,0,0,0,0,0,TRUE,0.4,"CEU","EUR"
"NA07348","Europe (South West)",0,0.679617825328359,0.675044759389053,"ok",4883749,4883749,0,12772,0,0,0,0,0,0,TRUE,0.4,"CEU","EUR"
"NA07349","Europe (South West)",0.1572653,0.67928870090448,0.675740625667667,"ok",4883749,4883749,0,12772,0,0,0,0,0,0,TRUE,0.4,"CEU","EUR"
"NA10830","Europe (South West)",0,0.682331947943762,0.676399311250149,"ok",4883749,4883749,0,12772,0,0,0,0,0,0,TRUE,0.4,"CEU","EUR"
"NA10831","Europe (South West)",0,0.68476687356208,0.680150836684009,"ok",4883749,4883749,0,12772,0,0,0,0,0,0,TRUE,0.4,"CEU","EUR"
"NA10835","Europe (South West)",0,0.683328508861513,0.676473987841494,"ok",4883749,4883749,0,12772,0,0,0,0,0,0,TRUE,0.4,"CEU","EUR"
"NA10836","Europe (South West)",0.101766,0.677653357476557,0.674008505175612,"ok",4883749,4883749,0,12772,0,0,0,0,0,0,TRUE,0.4,"CEU","EUR"
"NA10837","Europe (South West)",0.106491,0.680741564707162,0.67736492422241,"ok",4883749,4883749,0,12772,0,0,0,0,0,0,TRUE,0.4,"CEU","EUR"
"NA10838","Europe (South West)",0.1040166,0.679340559747165,0.675287758126005,"ok",4883749,4883749,0,12772,0,0,0,0,0,0,TRUE,0.4,"CEU","EUR"
"NA10839","Europe (South West)",0.057967,0.680932386142822,0.676628730955029,"ok",4883749,4883749,0,12772,0,0,0,0,0,0,TRUE,0.4,"CEU","EUR"
"NA10840","Europe (South West)",0,0.681325932936814,0.677635872527707,"ok",4883749,4883749,0,12772,0,0,0,0,0,0,TRUE,0.4,"CEU","EUR"
"NA10842","Europe (South West)",0,0.681457309912896,0.676746584805986,"ok",4883749,4883749,0,12772,0,0,0,0,0,0,TRUE,0.4,"CEU","EUR"
"NA10843","Europe (South West)",0,0.682907068561652,0.67892882270997,"ok",4883749,4883749,0,12772,0,0,0,0,0,0,TRUE,0.4,"CEU","EUR"
"NA10845","Europe (South West)",0.1686816,0.675888873826317,0.671492441752743,"ok",4883749,4883749,0,12772,0,0,0,0,0,0,TRUE,0.4,"CEU","EUR"
"NA10846","Europe (South West)",0.0352541,0.678690106031698,0.67546491636499,"ok",4883749,4883749,0,12772,0,0,0,0,0,0,TRUE,0.4,"CEU","EUR"
"NA10847","Europe (South West)",0,0.679100759964885,0.674881499687063,"ok",4883749,4883749,0,12772,0,0,0,0,0,0,TRUE,0.4,"CEU","EUR"
"NA10851","Europe (South West)",0,0.680068168765894,0.674459276332529,"ok",4883749,4883749,0,12772,0,0,0,0,0,0,TRUE,0.4,"CEU","EUR"
"NA10852","Europe (South West)",0,0.674694213531593,0.670498822951251,"ok",4883749,4883749,0,12772,0,0,0,0,0,0,TRUE,0.4,"CEU","EUR"
"NA10854","Europe (South West)",0.0523535,0.678492472037672,0.674093230453509,"ok",4883749,4883749,0,12772,0,0,0,0,0,0,TRUE,0.4,"CEU","EUR"
"NA10855","Europe (South West)",0.1190911,0.684274033087607,0.680178327494224,"ok",4883749,4883749,0,12772,0,0,0,0,0,0,TRUE,0.4,"CEU","EUR"
"NA10856","Europe (South West)",0,0.680673525258844,0.675013245430979,"ok",4883749,4883749,0,12772,0,0,0,0,0,0,TRUE,0.4,"CEU","EUR"
"NA10857","Europe (South West)",0.0417796,0.68308507053052,0.679035875337197,"ok",4883749,4883749,0,12772,0,0,0,0,0,0,TRUE,0.4,"CEU","EUR"
"NA10859","Europe (South West)",0.1384612,0.682102099628988,0.678007798900084,"ok",4883749,4883749,0,12772,0,0,0,0,0,0,TRUE,0.4,"CEU","EUR"
"NA10860","Europe (South West)",0.1364944,0.676454981942408,0.673114291278889,"ok",4883749,4883749,0,12772,0,0,0,0,0,0,TRUE,0.4,"CEU","EUR"
"NA10861","Europe (South West)",0,0.676095538834036,0.671750169586584,"ok",4883749,4883749,0,12772,0,0,0,0,0,0,TRUE,0.4,"CEU","EUR"
"NA10863","Europe (South West)",0,0.679068889352765,0.674966494044539,"ok",4883749,4883749,0,12772,0,0,0,0,0,0,TRUE,0.4,"CEU","EUR"
"NA10864","Europe (South West)",0.0335244,0.682722642711057,0.678447831487897,"ok",4883749,4883749,0,12772,0,0,0,0,0,0,TRUE,0.4,"CEU","EUR"
"NA10865","Europe (South West)",0,0.679577191934707,0.674626386554573,"ok",4883749,4883749,0,12772,0,0,0,0,0,0,TRUE,0.4,"CEU","EUR"
"NA12329","Europe (South West)",0.1409617,0.678291620883859,0.674563384156372,"ok",4883749,4883749,0,12772,0,0,0,0,0,0,TRUE,0.4,"CEU","EUR"
"NA12335","Europe (South West)",0,0.681042793271922,0.676348979731895,"ok",4883749,4883749,0,12772,0,0,0,0,0,0,TRUE,0.4,"CEU","EUR"
"NA12336","Europe (South West)",0.0840259,0.683429792033861,0.679669194594109,"ok",4883749,4883749,0,12772,0,0,0,0,0,0,TRUE,0.4,"CEU","EUR"
"NA12344","Europe (South West)",0,0.678210464912569,0.67337108174463,"ok",4883749,4883749,0,12772,0,0,0,0,0,0,TRUE,0.4,"CEU","EUR"
"NA12376","Europe (South West)",0.0976059,0.680120918502536,0.676405050142497,"ok",4883749,4883749,0,12772,0,0,0,0,0,0,TRUE,0.4,"CEU","EUR"
"NA12386","Europe (South West)",0.1622106,0.677387302263733,0.674066752633623,"ok",4883749,4883749,0,12772,0,0,0,0,0,0,TRUE,0.4,"CEU","EUR"
"NA12485","Europe (South West)",0.0225382,0.679312253979948,0.675720456666947,"ok",4883749,4883749,0,12772,0,0,0,0,0,0,TRUE,0.4,"CEU","EUR"
"NA12707","Europe (South West)",0,0.680112714513577,0.675654830637121,"ok",4883749,4883749,0,12772,0,0,0,0,0,0,TRUE,0.4,"CEU","EUR"
"NA12739","Europe (South West)",0,0.680415604539052,0.675984773957657,"ok",4883749,4883749,0,12772,0,0,0,0,0,0,TRUE,0.4,"CEU","EUR"
"NA12740","Europe (South West)",0.0936338,0.676141812084867,0.671471674853788,"ok",4883749,4883749,0,12772,0,0,0,0,0,0,TRUE,0.4,"CEU","EUR"
"NA12752","Europe (South West)",0.107978,0.678395730337377,0.674284581098064,"ok",4883749,4883749,0,12772,0,0,0,0,0,0,TRUE,0.4,"CEU","EUR"
"NA12753","Europe (South West)",0.1005787,0.680028461877365,0.676561263903595,"ok",4883749,4883749,0,12772,0,0,0,0,0,0,TRUE,0.4,"CEU","EUR"
"NA12766","Europe (South West)",0.0343959,0.680217504422127,0.676652417613591,"ok",4883749,4883749,0,12772,0,0,0,0,0,0,TRUE,0.4,"CEU","EUR"
"NA12767","Europe (South West)",0.0900407,0.686729595532787,0.682691746563086,"ok",4883749,4883749,0,12772,0,0,0,0,0,0,TRUE,0.4,"CEU","EUR"
"NA12801","Europe (South West)",0,0.681301806437172,0.677168056383979,"ok",4883749,4883749,0,12772,0,0,0,0,0,0,TRUE,0.4,"CEU","EUR"
"NA12802","Europe (South West)",0,0.680380464988809,0.674940659960736,"ok",4883749,4883749,0,12772,0,0,0,0,0,0,TRUE,0.4,"CEU","EUR"
"NA12817","Europe (South West)",0.0908582,0.68213999804578,0.678794130169063,"ok",4883749,4883749,0,12772,0,0,0,0,0,0,TRUE,0.4,"CEU","EUR"
"NA12818","Europe (South West)",0.1473843,0.679273116771439,0.676293878417428,"ok",4883749,4883749,0,12772,0,0,0,0,0,0,TRUE,0.4,"CEU","EUR"
"NA12832","Europe (South West)",0,0.680700137511833,0.675626499624141,"ok",4883749,4883749,0,12772,0,0,0,0,0,0,TRUE,0.4,"CEU","EUR"
"NA12864","Europe (South West)",0.0956995,0.680733058875463,0.677176916895342,"ok",4883749,4883749,0,12772,0,0,0,0,0,0,TRUE,0.4,"CEU","EUR"
"NA12865","Europe (South West)",0.0329694,0.681389284255118,0.676194059873039,"ok",4883749,4883749,0,12772,0,0,0,0,0,0,TRUE,0.4,"CEU","EUR"
"NA12877","Europe (South West)",0,0.679111080925181,0.674896542246343,"ok",4883749,4883749,0,12772,0,0,0,0,0,0,TRUE,0.4,"CEU","EUR"
"NA12878","Europe (South West)",0,0.675269772239951,0.670988794320374,"ok",4883749,4883749,0,12772,0,0,0,0,0,0,TRUE,0.4,"CEU","EUR"
"NA06991","Finland",0,0.676944112821251,0.665598320472024,"ok",4883749,4883749,0,12772,0,0,0,0,0,0,TRUE,0.4,"CEU","EUR"
"NA06995","Finland",0.0092359,0.679002209754741,0.667581744608736,"ok",4883749,4883749,0,12772,0,0,0,0,0,0,TRUE,0.4,"CEU","EUR"
"NA06997","Finland",0,0.679405466049761,0.667866118728066,"ok",4883749,4883749,0,12772,0,0,0,0,0,0,TRUE,0.4,"CEU","EUR"
"NA07014","Finland",0,0.678888038943354,0.667837963142456,"ok",4883749,4883749,0,12772,0,0,0,0,0,0,TRUE,0.4,"CEU","EUR"
"NA07019","Finland",0,0.679307948497449,0.668009649405547,"ok",4883749,4883749,0,12772,0,0,0,0,0,0,TRUE,0.4,"CEU","EUR"
"NA07029","Finland",0,0.680522355559115,0.670728737980452,"ok",4883749,4883749,0,12772,0,0,0,0,0,0,TRUE,0.4,"CEU","EUR"
"NA07048","Finland",0,0.676555454890678,0.66518459156605,"ok",4883749,4883749,0,12772,0,0,0,0,0,0,TRUE,0.4,"CEU","EUR"
"NA07348","Finland",0,0.679617825328359,0.668593673715313,"ok",4883749,4883749,0,12772,0,0,0,0,0,0,TRUE,0.4,"CEU","EUR"
"NA07349","Finland",0,0.67928870090448,0.667632837821469,"ok",4883749,4883749,0,12772,0,0,0,0,0,0,TRUE,0.4,"CEU","EUR"
"NA10830","Finland",0,0.682331947943762,0.671339099083891,"ok",4883749,4883749,0,12772,0,0,0,0,0,0,TRUE,0.4,"CEU","EUR"
"NA10831","Finland",0,0.68476687356208,0.671638614680465,"ok",4883749,4883749,0,12772,0,0,0,0,0,0,TRUE,0.4,"CEU","EUR"
"NA10835","Finland",0.0376811,0.683328508861513,0.675166120000335,"ok",4883749,4883749,0,12772,0,0,0,0,0,0,TRUE,0.4,"CEU","EUR"
"NA10836","Finland",0.0268511,0.677653357476557,0.665980061990183,"ok",4883749,4883749,0,12772,0,0,0,0,0,0,TRUE,0.4,"CEU","EUR"
"NA10837","Finland",0.0091963,0.680741564707162,0.669206145743303,"ok",4883749,4883749,0,12772,0,0,0,0,0,0,TRUE,0.4,"CEU","EUR"
"NA10838","Finland",0,0.679340559747165,0.6683388653157,"ok",4883749,4883749,0,12772,0,0,0,0,0,0,TRUE,0.4,"CEU","EUR"
"NA10839","Finland",0.0060136,0.680932386142822,0.668991754293939,"ok",4883749,4883749,0,12772,0,0,0,0,0,0,TRUE,0.4,"CEU","EUR"
"NA10840","Finland",0.025965,0.681325932936814,0.670929991146435,"ok",4883749,4883749,0,12772,0,0,0,0,0,0,TRUE,0.4,"CEU","EUR"
"NA10842","Finland",0,0.681457309912896,0.671173844964625,"ok",4883749,4883749,0,12772,0,0,0,0,0,0,TRUE,0.4,"CEU","EUR"
"NA10843","Finland",0,0.682907068561652,0.670821342602423,"ok",4883749,4883749,0,12772,0,0,0,0,0,0,TRUE,0.4,"CEU","EUR"
"NA10845","Finland",0.0204917,0.675888873826317,0.666539513381181,"ok",4883749,4883749,0,12772,0,0,0,0,0,0,TRUE,0.4,"CEU","EUR"
"NA10846","Finland",0.0303922,0.678690106031698,0.668147911074342,"ok",4883749,4883749,0,12772,0,0,0,0,0,0,TRUE,0.4,"CEU","EUR"
"NA10847","Finland",0,0.679100759964885,0.668405942188799,"ok",4883749,4883749,0,12772,0,0,0,0,0,0,TRUE,0.4,"CEU","EUR"
"NA10851","Finland",0,0.680068168765894,0.669261572951803,"ok",4883749,4883749,0,12772,0,0,0,0,0,0,TRUE,0.4,"CEU","EUR"
"NA10852","Finland",0.004919,0.674694213531593,0.663563070289585,"ok",4883749,4883749,0,12772,0,0,0,0,0,0,TRUE,0.4,"CEU","EUR"
"NA10854","Finland",0.0806745,0.678492472037672,0.66940015353495,"ok",4883749,4883749,0,12772,0,0,0,0,0,0,TRUE,0.4,"CEU","EUR"
"NA10855","Finland",0,0.684274033087607,0.671412850983072,"ok",4883749,4883749,0,12772,0,0,0,0,0,0,TRUE,0.4,"CEU","EUR"
"NA10856","Finland",0,0.680673525258844,0.67056542280405,"ok",4883749,4883749,0,12772,0,0,0,0,0,0,TRUE,0.4,"CEU","EUR"
"NA10857","Finland",0,0.68308507053052,0.670859737481822,"ok",4883749,4883749,0,12772,0,0,0,0,0,0,TRUE,0.4,"CEU","EUR"
"NA10859","Finland",0.0101367,0.682102099628988,0.672271223041764,"ok",4883749,4883749,0,12772,0,0,0,0,0,0,TRUE,0.4,"CEU","EUR"
"NA10860","Finland",0,0.676454981942408,0.66569860683268,"ok",4883749,4883749,0,12772,0,0,0,0,0,0,TRUE,0.4,"CEU","EUR"
"NA10861","Finland",0,0.676095538834036,0.663488999294725,"ok",4883749,4883749,0,12772,0,0,0,0,0,0,TRUE,0.4,"CEU","EUR"
"NA10863","Finland",0,0.679068889352765,0.666496874944605,"ok",4883749,4883749,0,12772,0,0,0,0,0,0,TRUE,0.4,"CEU","EUR"
"NA10864","Finland",0.0350986,0.682722642711057,0.671635278651289,"ok",4883749,4883749,0,12772,0,0,0,0,0,0,TRUE,0.4,"CEU","EUR"
"NA10865","Finland",0,0.679577191934707,0.66883728847009,"ok",4883749,4883749,0,12772,0,0,0,0,0,0,TRUE,0.4,"CEU","EUR"
"NA12329","Finland",0,0.678291620883859,0.667432762338614,"ok",4883749,4883749,0,12772,0,0,0,0,0,0,TRUE,0.4,"CEU","EUR"
"NA12335","Finland",0,0.681042793271922,0.66902022320023,"ok",4883749,4883749,0,12772,0,0,0,0,0,0,TRUE,0.4,"CEU","EUR"
"NA12336","Finland",0,0.683429792033861,0.671666234757954,"ok",4883749,4883749,0,12772,0,0,0,0,0,0,TRUE,0.4,"CEU","EUR"
"NA12344","Finland",0,0.678210464912569,0.666272771157276,"ok",4883749,4883749,0,12772,0,0,0,0,0,0,TRUE,0.4,"CEU","EUR"
"NA12376","Finland",0.0247371,0.680120918502536,0.668150574545771,"ok",4883749,4883749,0,12772,0,0,0,0,0,0,TRUE,0.4,"CEU","EUR"
"NA12386","Finland",0,0.677387302263733,0.663862119876374,"ok",4883749,4883749,0,12772,0,0,0,0,0,0,TRUE,0.4,"CEU","EUR"
"NA12485","Finland",0.0206444,0.679312253979948,0.668268786257178,"ok",4883749,4883749,0,12772,0,0,0,0,0,0,TRUE,0.4,"CEU","EUR"
"NA12707","Finland",0.0212706,0.680112714513577,0.668712453059986,"ok",4883749,4883749,0,12772,0,0,0,0,0,0,TRUE,0.4,"CEU","EUR"
"NA12739","Finland",0.0373149,0.680415604539052,0.670184267359092,"ok",4883749,4883749,0,12772,0,0,0,0,0,0,TRUE,0.4,"CEU","EUR"
"NA12740","Finland",0,0.676141812084867,0.664475756814696,"ok",4883749,4883749,0,12772,0,0,0,0,0,0,TRUE,0.4,"CEU","EUR"
"NA12752","Finland",0,0.678395730337377,0.666654610892268,"ok",4883749,4883749,0,12772,0,0,0,0,0,0,TRUE,0.4,"CEU","EUR"
"NA12753","Finland",0.0030333,0.680028461877365,0.668979784684618,"ok",4883749,4883749,0,12772,0,0,0,0,0,0,TRUE,0.4,"CEU","EUR"
"NA12766","Finland",0,0.680217504422127,0.668970639216586,"ok",4883749,4883749,0,12772,0,0,0,0,0,0,TRUE,0.4,"CEU","EUR"
"NA12767","Finland",0,0.686729595532787,0.674819307705699,"ok",4883749,4883749,0,12772,0,0,0,0,0,0,TRUE,0.4,"CEU","EUR"
"NA12801","Finland",0,0.681301806437172,0.668878996649056,"ok",4883749,4883749,0,12772,0,0,0,0,0,0,TRUE,0.4,"CEU","EUR"
"NA12802","Finland",0,0.680380464988809,0.668889813506668,"ok",4883749,4883749,0,12772,0,0,0,0,0,0,TRUE,0.4,"CEU","EUR"
"NA12817","Finland",0,0.68213999804578,0.670918292083573,"ok",4883749,4883749,0,12772,0,0,0,0,0,0,TRUE,0.4,"CEU","EUR"
"NA12818","Finland",0.0612949,0.679273116771439,0.66861629424066,"ok",4883749,4883749,0,12772,0,0,0,0,0,0,TRUE,0.4,"CEU","EUR"
"NA12832","Finland",0.0146333,0.680700137511833,0.669731680292063,"ok",4883749,4883749,0,12772,0,0,0,0,0,0,TRUE,0.4,"CEU","EUR"
"NA12864","Finland",0.0122831,0.680733058875463,0.669500649849098,"ok",4883749,4883749,0,12772,0,0,0,0,0,0,TRUE,0.4,"CEU","EUR"
"NA12865","Finland",0.0006645,0.681389284255118,0.671089463327513,"ok",4883749,4883749,0,12772,0,0,0,0,0,0,TRUE,0.4,"CEU","EUR"
"NA12877","Finland",0,0.679111080925181,0.66631531594166,"ok",4883749,4883749,0,12772,0,0,0,0,0,0,TRUE,0.4,"CEU","EUR"
"NA12878","Finland",0.0234463,0.675269772239951,0.663975207225245,"ok",4883749,4883749,0,12772,0,0,0,0,0,0,TRUE,0.4,"CEU","EUR"
"NA06991","Ireland",0.0714177,0.676944112821251,0.676309629080409,"ok",4883749,4883749,0,12772,0,0,0,0,0,0,TRUE,0.4,"CEU","EUR"
"NA06995","Ireland",0,0.679002209754741,0.677563417855218,"ok",4883749,4883749,0,12772,0,0,0,0,0,0,TRUE,0.4,"CEU","EUR"
"NA06997","Ireland",0.2675769,0.679405466049761,0.678422212422712,"ok",4883749,4883749,0,12772,0,0,0,0,0,0,TRUE,0.4,"CEU","EUR"
"NA07014","Ireland",0.1440119,0.678888038943354,0.678361198443566,"ok",4883749,4883749,0,12772,0,0,0,0,0,0,TRUE,0.4,"CEU","EUR"
"NA07019","Ireland",0,0.679307948497449,0.677794329135696,"ok",4883749,4883749,0,12772,0,0,0,0,0,0,TRUE,0.4,"CEU","EUR"
"NA07029","Ireland",0,0.680522355559115,0.678762150511605,"ok",4883749,4883749,0,12772,0,0,0,0,0,0,TRUE,0.4,"CEU","EUR"
"NA07048","Ireland",0,0.676555454890678,0.67512745324219,"ok",4883749,4883749,0,12772,0,0,0,0,0,0,TRUE,0.4,"CEU","EUR"
"NA07348","Ireland",0,0.679617825328359,0.6784052161177,"ok",4883749,4883749,0,12772,0,0,0,0,0,0,TRUE,0.4,"CEU","EUR"
"NA07349","Ireland",0,0.67928870090448,0.677565931769906,"ok",4883749,4883749,0,12772,0,0,0,0,0,0,TRUE,0.4,"CEU","EUR"
"NA10830","Ireland",0,0.682331947943762,0.680579928008597,"ok",4883749,4883749,0,12772,0,0,0,0,0,0,TRUE,0.4,"CEU","EUR"
"NA10831","Ireland",0.2694357,0.68476687356208,0.684233556885869,"ok",4883749,4883749,0,12772,0,0,0,0,0,0,TRUE,0.4,"CEU","EUR"
"NA10835","Ireland",0,0.683328508861513,0.680430244943029,"ok",4883749,4883749,0,12772,0,0,0,0,0,0,TRUE,0.4,"CEU","EUR"
"NA10836","Ireland",0,0.677653357476557,0.676325325555661,"ok",4883749,4883749,0,12772,0,0,0,0,0,0,TRUE,0.4,"CEU","EUR"
"NA10837","Ireland",0,0.680741564707162,0.678600253073471,"ok",4883749,4883749,0,12772,0,0,0,0,0,0,TRUE,0.4,"CEU","EUR"
"NA10838","Ireland",0,0.679340559747165,0.678182122783314,"ok",4883749,4883749,0,12772,0,0,0,0,0,0,TRUE,0.4,"CEU","EUR"
"NA10839","Ireland",0.2638429,0.680932386142822,0.680221213126717,"ok",4883749,4883749,0,12772,0,0,0,0,0,0,TRUE,0.4,"CEU","EUR"
"NA10840","Ireland",0.0697703,0.681325932936814,0.679785038026163,"ok",4883749,4883749,0,12772,0,0,0,0,0,0,TRUE,0.4,"CEU","EUR"
"NA10842","Ireland",0.0520561,0.681457309912896,0.680068567536918,"ok",4883749,4883749,0,12772,0,0,0,0,0,0,TRUE,0.4,"CEU","EUR"
"NA10843","Ireland",0.0078695,0.682907068561652,0.68175353805728,"ok",4883749,4883749,0,12772,0,0,0,0,0,0,TRUE,0.4,"CEU","EUR"
"NA10845","Ireland",0,0.675888873826317,0.674416838032628,"ok",4883749,4883749,0,12772,0,0,0,0,0,0,TRUE,0.4,"CEU","EUR"
"NA10846","Ireland",0,0.678690106031698,0.676227912048421,"ok",4883749,4883749,0,12772,0,0,0,0,0,0,TRUE,0.4,"CEU","EUR"
"NA10847","Ireland",0.0583905,0.679100759964885,0.67785027293447,"ok",4883749,4883749,0,12772,0,0,0,0,0,0,TRUE,0.4,"CEU","EUR"
"NA10851","Ireland",0.0430937,0.680068168765894,0.678419418226572,"ok",4883749,4883749,0,12772,0,0,0,0,0,0,TRUE,0.4,"CEU","EUR"
"NA10852","Ireland",0,0.674694213531593,0.673382721276216,"ok",4883749,4883749,0,12772,0,0,0,0,0,0,TRUE,0.4,"CEU","EUR"
"NA10854","Ireland",0,0.678492472037672,0.676635826176203,"ok",4883749,4883749,0,12772,0,0,0,0,0,0,TRUE,0.4,"CEU","EUR"
"NA10855","Ireland",0,0.684274033087607,0.682645715667978,"ok",4883749,4883749,0,12772,0,0,0,0,0,0,TRUE,0.4,"CEU","EUR"
"NA10856","Ireland",0.0157048,0.680673525258844,0.67886194400145,"ok",4883749,4883749,0,12772,0,0,0,0,0,0,TRUE,0.4,"CEU","EUR"
"NA10857","Ireland",0.0513219,0.68308507053052,0.682020327269675,"ok",4883749,4883749,0,12772,0,0,0,0,0,0,TRUE,0.4,"CEU","EUR"
"NA10859","Ireland",0.1704103,0.682102099628988,0.681106509863463,"ok",4883749,4883749,0,12772,0,0,0,0,0,0,TRUE,0.4,"CEU","EUR"
"NA10860","Ireland",0.094108,0.676454981942408,0.674889250532055,"ok",4883749,4883749,0,12772,0,0,0,0,0,0,TRUE,0.4,"CEU","EUR"
"NA10861","Ireland",0.0430083,0.676095538834036,0.675410001553537,"ok",4883749,4883749,0,12772,0,0,0,0,0,0,TRUE,0.4,"CEU","EUR"
"NA10863","Ireland",0.0130558,0.679068889352765,0.677420959601355,"ok",4883749,4883749,0,12772,0,0,0,0,0,0,TRUE,0.4,"CEU","EUR"
"NA10864","Ireland",0,0.682722642711057,0.681449798857768,"ok",4883749,4883749,0,12772,0,0,0,0,0,0,TRUE,0.4,"CEU","EUR"
"NA10865","Ireland",0.032369,0.679577191934707,0.677977732209766,"ok",4883749,4883749,0,12772,0,0,0,0,0,0,TRUE,0.4,"CEU","EUR"
"NA12329","Ireland",0,0.678291620883859,0.676595230621032,"ok",4883749,4883749,0,12772,0,0,0,0,0,0,TRUE,0.4,"CEU","EUR"
"NA12335","Ireland",0.0818115,0.681042793271922,0.679926864849445,"ok",4883749,4883749,0,12772,0,0,0,0,0,0,TRUE,0.4,"CEU","EUR"
"NA12336","Ireland",0,0.683429792033861,0.682009213145316,"ok",4883749,4883749,0,12772,0,0,0,0,0,0,TRUE,0.4,"CEU","EUR"
"NA12344","Ireland",0,0.678210464912569,0.676646177232357,"ok",4883749,4883749,0,12772,0,0,0,0,0,0,TRUE,0.4,"CEU","EUR"
"NA12376","Ireland",0.0163313,0.680120918502536,0.678938744421936,"ok",4883749,4883749,0,12772,0,0,0,0,0,0,TRUE,0.4,"CEU","EUR"
"NA12386","Ireland",0.2362837,0.677387302263733,0.676324402529088,"ok",4883749,4883749,0,12772,0,0,0,0,0,0,TRUE,0.4,"CEU","EUR"
"NA12485","Ireland",0.0673274,0.679312253979948,0.67802311366896,"ok",4883749,4883749,0,12772,0,0,0,0,0,0,TRUE,0.4,"CEU","EUR"
"NA12707","Ireland",0.0658289,0.680112714513577,0.678954763466906,"ok",4883749,4883749,0,12772,0,0,0,0,0,0,TRUE,0.4,"CEU","EUR"
"NA12739","Ireland",0.1951601,0.680415604539052,0.679666263150302,"ok",4883749,4883749,0,12772,0,0,0,0,0,0,TRUE,0.4,"CEU","EUR"
"NA12740","Ireland",0,0.676141812084867,0.674543271720998,"ok",4883749,4883749,0,12772,0,0,0,0,0,0,TRUE,0.4,"CEU","EUR"
"NA12752","Ireland",0,0.678395730337377,0.676950925827491,"ok",4883749,4883749,0,12772,0,0,0,0,0,0,TRUE,0.4,"CEU","EUR"
"NA12753","Ireland",0,0.680028461877365,0.67816660455199,"ok",4883749,4883749,0,12772,0,0,0,0,0,0,TRUE,0.4,"CEU","EUR"
"NA12766","Ireland",0,0.680217504422127,0.6783959124323,"ok",4883749,4883749,0,12772,0,0,0,0,0,0,TRUE,0.4,"CEU","EUR"
"NA12767","Ireland",0,0.686729595532787,0.685495285304438,"ok",4883749,4883749,0,12772,0,0,0,0,0,0,TRUE,0.4,"CEU","EUR"
"NA12801","Ireland",0.1343404,0.681301806437172,0.680759215626458,"ok",4883749,4883749,0,12772,0,0,0,0,0,0,TRUE,0.4,"CEU","EUR"
"NA12802","Ireland",0.1752175,0.680380464988809,0.679628172304728,"ok",4883749,4883749,0,12772,0,0,0,0,0,0,TRUE,0.4,"CEU","EUR"
"NA12817","Ireland",0.0405584,0.68213999804578,0.680827552271296,"ok",4883749,4883749,0,12772,0,0,0,0,0,0,TRUE,0.4,"CEU","EUR"
"NA12818","Ireland",0.0086306,0.679273116771439,0.677822873445447,"ok",4883749,4883749,0,12772,0,0,0,0,0,0,TRUE,0.4,"CEU","EUR"
"NA12832","Ireland",0,0.680700137511833,0.679454445060578,"ok",4883749,4883749,0,12772,0,0,0,0,0,0,TRUE,0.4,"CEU","EUR"
"NA12864","Ireland",0,0.680733058875463,0.679143649421386,"ok",4883749,4883749,0,12772,0,0,0,0,0,0,TRUE,0.4,"CEU","EUR"
"NA12865","Ireland",0.2077809,0.681389284255118,0.680069394156443,"ok",4883749,4883749,0,12772,0,0,0,0,0,0,TRUE,0.4,"CEU","EUR"
"NA12877","Ireland",0,0.679111080925181,0.677330789091782,"ok",4883749,4883749,0,12772,0,0,0,0,0,0,TRUE,0.4,"CEU","EUR"
"NA12878","Ireland",0,0.675269772239951,0.674263981068266,"ok",4883749,4883749,0,12772,0,0,0,0,0,0,TRUE,0.4,"CEU","EUR"
"NA06991","Italy",0,0.676944112821251,0.667814478073751,"ok",4883749,4883749,0,12772,0,0,0,0,0,0,TRUE,0.4,"CEU","EUR"
"NA06995","Italy",0.0641099,0.679002209754741,0.671740235010254,"ok",4883749,4883749,0,12772,0,0,0,0,0,0,TRUE,0.4,"CEU","EUR"
"NA06997","Italy",0,0.679405466049761,0.671156030254713,"ok",4883749,4883749,0,12772,0,0,0,0,0,0,TRUE,0.4,"CEU","EUR"
"NA07014","Italy",0,0.678888038943354,0.670289492324796,"ok",4883749,4883749,0,12772,0,0,0,0,0,0,TRUE,0.4,"CEU","EUR"
"NA07019","Italy",0,0.679307948497449,0.670898353938258,"ok",4883749,4883749,0,12772,0,0,0,0,0,0,TRUE,0.4,"CEU","EUR"
"NA07029","Italy",0,0.680522355559115,0.673913561972266,"ok",4883749,4883749,0,12772,0,0,0,0,0,0,TRUE,0.4,"CEU","EUR"
"NA07048","Italy",0.0064793,0.676555454890678,0.668703749646288,"ok",4883749,4883749,0,12772,0,0,0,0,0,0,TRUE,0.4,"CEU","EUR"
"NA07348","Italy",0,0.679617825328359,0.671893924457736,"ok",4883749,4883749,0,12772,0,0,0,0,0,0,TRUE,0.4,"CEU","EUR"
"NA07349","Italy",0.010752,0.67928870090448,0.673092035297215,"ok",4883749,4883749,0,12772,0,0,0,0,0,0,TRUE,0.4,"CEU","EUR"
"NA10830","Italy",0,0.682331947943762,0.672695396882847,"ok",4883749,4883749,0,12772,0,0,0,0,0,0,TRUE,0.4,"CEU","EUR"
"NA10831","Italy",0,0.68476687356208,0.675892828977428,"ok",4883749,4883749,0,12772,0,0,0,0,0,0,TRUE,0.4,"CEU","EUR"
"NA10835","Italy",0,0.683328508861513,0.672566230752193,"ok",4883749,4883749,0,12772,0,0,0,0,0,0,TRUE,0.4,"CEU","EUR"
"NA10836","Italy",0,0.677653357476557,0.670447276405548,"ok",4883749,4883749,0,12772,0,0,0,0,0,0,TRUE,0.4,"CEU","EUR"
"NA10837","Italy",0.0054033,0.680741564707162,0.67509629158122,"ok",4883749,4883749,0,12772,0,0,0,0,0,0,TRUE,0.4,"CEU","EUR"
"NA10838","Italy",0,0.679340559747165,0.670668433084312,"ok",4883749,4883749,0,12772,0,0,0,0,0,0,TRUE,0.4,"CEU","EUR"
"NA10839","Italy",0,0.680932386142822,0.673386649712535,"ok",4883749,4883749,0,12772,0,0,0,0,0,0,TRUE,0.4,"CEU","EUR"
"NA10840","Italy",0,0.681325932936814,0.674473870791835,"ok",4883749,4883749,0,12772,0,0,0,0,0,0,TRUE,0.4,"CEU","EUR"
"NA10842","Italy",0,0.681457309912896,0.672637429546101,"ok",4883749,4883749,0,12772,0,0,0,0,0,0,TRUE,0.4,"CEU","EUR"
"NA10843","Italy",0,0.682907068561652,0.6752257913669,"ok",4883749,4883749,0,12772,0,0,0,0,0,0,TRUE,0.4,"CEU","EUR"
"NA10845","Italy",0,0.675888873826317,0.668738284776666,"ok",4883749,4883749,0,12772,0,0,0,0,0,0,TRUE,0.4,"CEU","EUR"
"NA10846","Italy",0.1965652,0.678690106031698,0.673479091705337,"ok",4883749,4883749,0,12772,0,0,0,0,0,0,TRUE,0.4,"CEU","EUR"
"NA10847","Italy",0,0.679100759964885,0.671634272470768,"ok",4883749,4883749,0,12772,0,0,0,0,0,0,TRUE,0.4,"CEU","EUR"
"NA10851","Italy",0,0.680068168765894,0.67146126746697,"ok",4883749,4883749,0,12772,0,0,0,0,0,0,TRUE,0.4,"CEU","EUR"
"NA10852","Italy",0,0.674694213531593,0.66766580735541,"ok",4883749,4883749,0,12772,0,0,0,0,0,0,TRUE,0.4,"CEU","EUR"
"NA10854","Italy",0,0.678492472037672,0.671231240539844,"ok",4883749,4883749,0,12772,0,0,0,0,0,0,TRUE,0.4,"CEU","EUR"
"NA10855","Italy",0,0.684274033087607,0.678153299756435,"ok",4883749,4883749,0,12772,0,0,0,0,0,0,TRUE,0.4,"CEU","EUR"
"NA10856","Italy",0,0.680673525258844,0.671744361863316,"ok",4883749,4883749,0,12772,0,0,0,0,0,0,TRUE,0.4,"CEU","EUR"
"NA10857","Italy",0,0.68308507053052,0.675405939583348,"ok",4883749,4883749,0,12772,0,0,0,0,0,0,TRUE,0.4,"CEU","EUR"
"NA10859","Italy",0,0.682102099628988,0.674473745317953,"ok",4883749,4883749,0,12772,0,0,0,0,0,0,TRUE,0.4,"CEU","EUR"
"NA10860","Italy",0,0.676454981942408,0.668829363066549,"ok",4883749,4883749,0,12772,0,0,0,0,0,0,TRUE,0.4,"CEU","EUR"
"NA10861","Italy",0.0053218,0.676095538834036,0.668646943556979,"ok",4883749,4883749,0,12772,0,0,0,0,0,0,TRUE,0.4,"CEU","EUR"
"NA10863","Italy",0,0.679068889352765,0.672195969794847,"ok",4883749,4883749,0,12772,0,0,0,0,0,0,TRUE,0.4,"CEU","EUR"
"NA10864","Italy",0,0.682722642711057,0.674870868170852,"ok",4883749,4883749,0,12772,0,0,0,0,0,0,TRUE,0.4,"CEU","EUR"
"NA10865","Italy",0,0.679577191934707,0.671152107404085,"ok",4883749,4883749,0,12772,0,0,0,0,0,0,TRUE,0.4,"CEU","EUR"
"NA12329","Italy",0.0064246,0.678291620883859,0.67125076983722,"ok",4883749,4883749,0,12772,0,0,0,0,0,0,TRUE,0.4,"CEU","EUR"
"NA12335","Italy",0,0.681042793271922,0.672835101850409,"ok",4883749,4883749,0,12772,0,0,0,0,0,0,TRUE,0.4,"CEU","EUR"
"NA12336","Italy",0,0.683429792033861,0.676087065347665,"ok",4883749,4883749,0,12772,0,0,0,0,0,0,TRUE,0.4,"CEU","EUR"
"NA12344","Italy",0,0.678210464912569,0.67045680951057,"ok",4883749,4883749,0,12772,0,0,0,0,0,0,TRUE,0.4,"CEU","EUR"
"NA12376","Italy",0,0.680120918502536,0.672885812296813,"ok",4883749,4883749,0,12772,0,0,0,0,0,0,TRUE,0.4,"CEU","EUR"
"NA12386","Italy",0,0.677387302263733,0.670725561208326,"ok",4883749,4883749,0,12772,0,0,0,0,0,0,TRUE,0.4,"CEU","EUR"
"NA12485","Italy",0.0461851,0.679312253979948,0.672727811460335,"ok",4883749,4883749,0,12772,0,0,0,0,0,0,TRUE,0.4,"CEU","EUR"
"NA12707","Italy",0,0.680112714513577,0.672568509421194,"ok",4883749,4883749,0,12772,0,0,0,0,0,0,TRUE,0.4,"CEU","EUR"
"NA12739","Italy",0,0.680415604539052,0.67255372777112,"ok",4883749,4883749,0,12772,0,0,0,0,0,0,TRUE,0.4,"CEU","EUR"
"NA12740","Italy",0,0.676141812084867,0.668734345900747,"ok",4883749,4883749,0,12772,0,0,0,0,0,0,TRUE,0.4,"CEU","EUR"
"NA12752","Italy",0,0.678395730337377,0.670673060293072,"ok",4883749,4883749,0,12772,0,0,0,0,0,0,TRUE,0.4,"CEU","EUR"
"NA12753","Italy",0,0.680028461877365,0.673843070308836,"ok",4883749,4883749,0,12772,0,0,0,0,0,0,TRUE,0.4,"CEU","EUR"
"NA12766","Italy",0.0534922,0.680217504422127,0.672750719962958,"ok",4883749,4883749,0,12772,0,0,0,0,0,0,TRUE,0.4,"CEU","EUR"
"NA12767","Italy",0,0.686729595532787,0.678749735247614,"ok",4883749,4883749,0,12772,0,0,0,0,0,0,TRUE,0.4,"CEU","EUR"
"NA12801","Italy",0.0363058,0.681301806437172,0.673816767012731,"ok",4883749,4883749,0,12772,0,0,0,0,0,0,TRUE,0.4,"CEU","EUR"
"NA12802","Italy",0,0.680380464988809,0.671860534351675,"ok",4883749,4883749,0,12772,0,0,0,0,0,0,TRUE,0.4,"CEU","EUR"
"NA12817","Italy",0,0.68213999804578,0.675609701771371,"ok",4883749,4883749,0,12772,0,0,0,0,0,0,TRUE,0.4,"CEU","EUR"
"NA12818","Italy",0.0596508,0.679273116771439,0.672905031332423,"ok",4883749,4883749,0,12772,0,0,0,0,0,0,TRUE,0.4,"CEU","EUR"
"NA12832","Italy",0,0.680700137511833,0.672291615689039,"ok",4883749,4883749,0,12772,0,0,0,0,0,0,TRUE,0.4,"CEU","EUR"
"NA12864","Italy",0,0.680733058875463,0.673452356287718,"ok",4883749,4883749,0,12772,0,0,0,0,0,0,TRUE,0.4,"CEU","EUR"
"NA12865","Italy",0,0.681389284255118,0.672551886834325,"ok",4883749,4883749,0,12772,0,0,0,0,0,0,TRUE,0.4,"CEU","EUR"
"NA12877","Italy",0.1291845,0.679111080925181,0.672545220040553,"ok",4883749,4883749,0,12772,0,0,0,0,0,0,TRUE,0.4,"CEU","EUR"
"NA12878","Italy",0,0.675269772239951,0.667715744329216,"ok",4883749,4883749,0,12772,0,0,0,0,0,0,TRUE,0.4,"CEU","EUR"
"NA06991","Japan",0,0.676944112821251,0.507809644231608,"ok",4883749,4883749,0,12772,0,0,0,0,0,0,TRUE,0.4,"CEU","EUR"
"NA06995","Japan",0,0.679002209754741,0.510382392195299,"ok",4883749,4883749,0,12772,0,0,0,0,0,0,TRUE,0.4,"CEU","EUR"
"NA06997","Japan",0,0.679405466049761,0.505244454509753,"ok",4883749,4883749,0,12772,0,0,0,0,0,0,TRUE,0.4,"CEU","EUR"
"NA07014","Japan",0,0.678888038943354,0.511370606447219,"ok",4883749,4883749,0,12772,0,0,0,0,0,0,TRUE,0.4,"CEU","EUR"
"NA07019","Japan",0,0.679307948497449,0.507503593540197,"ok",4883749,4883749,0,12772,0,0,0,0,0,0,TRUE,0.4,"CEU","EUR"
"NA07029","Japan",0,0.680522355559115,0.514316333290655,"ok",4883749,4883749,0,12772,0,0,0,0,0,0,TRUE,0.4,"CEU","EUR"
"NA07048","Japan",0,0.676555454890678,0.506131117912126,"ok",4883749,4883749,0,12772,0,0,0,0,0,0,TRUE,0.4,"CEU","EUR"
"NA07348","Japan",0,0.679617825328359,0.511921384733557,"ok",4883749,4883749,0,12772,0,0,0,0,0,0,TRUE,0.4,"CEU","EUR"
"NA07349","Japan",0,0.67928870090448,0.51059903074862,"ok",4883749,4883749,0,12772,0,0,0,0,0,0,TRUE,0.4,"CEU","EUR"
"NA10830","Japan",0,0.682331947943762,0.512119171758775,"ok",4883749,4883749,0,12772,0,0,0,0,0,0,TRUE,0.4,"CEU","EUR"
"NA10831","Japan",0,0.68476687356208,0.510907601207119,"ok",4883749,4883749,0,12772,0,0,0,0,0,0,TRUE,0.4,"CEU","EUR"
"NA10835","Japan",0,0.683328508861513,0.51590904416977,"ok",4883749,4883749,0,12772,0,0,0,0,0,0,TRUE,0.4,"CEU","EUR"
"NA10836","Japan",0,0.677653357476557,0.506333508601269,"ok",4883749,4883749,0,12772,0,0,0,0,0,0,TRUE,0.4,"CEU","EUR"
"NA10837","Japan",0,0.680741564707162,0.511769227539299,"ok",4883749,4883749,0,12772,0,0,0,0,0,0,TRUE,0.4,"CEU","EUR"
"NA10838","Japan",0,0.679340559747165,0.510644060925257,"ok",4883749,4883749,0,12772,0,0,0,0,0,0,TRUE,0.4,"CEU","EUR"
"NA10839","Japan",0,0.680932386142822,0.50888966329778,"ok",4883749,4883749,0,12772,0,0,0,0,0,0,TRUE,0.4,"CEU","EUR"
"NA10840","Japan",0,0.681325932936814,0.513604782434306,"ok",4883749,4883749,0,12772,0,0,0,0,0,0,TRUE,0.4,"CEU","EUR"
"NA10842","Japan",0,0.681457309912896,0.5115196338452,"ok",4883749,4883749,0,12772,0,0,0,0,0,0,TRUE,0.4,"CEU","EUR"
"NA10843","Japan",0,0.682907068561652,0.511061035567968,"ok",4883749,4883749,0,12772,0,0,0,0,0,0,TRUE,0.4,"CEU","EUR"
"NA10845","Japan",0,0.675888873826317,0.508992398962827,"ok",4883749,4883749,0,12772,0,0,0,0,0,0,TRUE,0.4,"CEU","EUR"
"NA10846","Japan",0,0.678690106031698,0.509241588166425,"ok",4883749,4883749,0,12772,0,0,0,0,0,0,TRUE,0.4,"CEU","EUR"
"NA10847","Japan",0,0.679100759964885,0.506896193437726,"ok",4883749,4883749,0,12772,0,0,0,0,0,0,TRUE,0.4,"CEU","EUR"
"NA10851","Japan",0,0.680068168765894,0.50892069554956,"ok",4883749,4883749,0,12772,0,0,0,0,0,0,TRUE,0.4,"CEU","EUR"
"NA10852","Japan",0,0.674694213531593,0.505417804545903,"ok",4883749,4883749,0,12772,0,0,0,0,0,0,TRUE,0.4,"CEU","EUR"
"NA10854","Japan",0.0044676,0.678492472037672,0.516028146752682,"ok",4883749,4883749,0,12772,0,0,0,0,0,0,TRUE,0.4,"CEU","EUR"
"NA10855","Japan",0,0.684274033087607,0.513355026581365,"ok",4883749,4883749,0,12772,0,0,0,0,0,0,TRUE,0.4,"CEU","EUR"
"NA10856","Japan",0,0.680673525258844,0.514366849114692,"ok",4883749,4883749,0,12772,0,0,0,0,0,0,TRUE,0.4,"CEU","EUR"
"NA10857","Japan",0,0.68308507053052,0.509987576593144,"ok",4883749,4883749,0,12772,0,0,0,0,0,0,TRUE,0.4,"CEU","EUR"
"NA10859","Japan",0,0.682102099628988,0.513339024593909,"ok",4883749,4883749,0,12772,0,0,0,0,0,0,TRUE,0.4,"CEU","EUR"
"NA10860","Japan",0,0.676454981942408,0.506651975492723,"ok",4883749,4883749,0,12772,0,0,0,0,0,0,TRUE,0.4,"CEU","EUR"
"NA10861","Japan",0,0.676095538834036,0.507183104117906,"ok",4883749,4883749,0,12772,0,0,0,0,0,0,TRUE,0.4,"CEU","EUR"
"NA10863","Japan",0,0.679068889352765,0.509948993665749,"ok",4883749,4883749,0,12772,0,0,0,0,0,0,TRUE,0.4,"CEU","EUR"
"NA10864","Japan",0.0012767,0.682722642711057,0.513041042069868,"ok",4883749,4883749,0,12772,0,0,0,0,0,0,TRUE,0.4,"CEU","EUR"
"NA10865","Japan",0,0.679577191934707,0.509927213036265,"ok",4883749,4883749,0,12772,0,0,0,0,0,0,TRUE,0.4,"CEU","EUR"
"NA12329","Japan",0.0025129,0.678291620883859,0.514685648107696,"ok",4883749,4883749,0,12772,0,0,0,0,0,0,TRUE,0.4,"CEU","EUR"
"NA12335","Japan",0.0012742,0.681042793271922,0.511504184527284,"ok",4883749,4883749,0,12772,0,0,0,0,0,0,TRUE,0.4,"CEU","EUR"
"NA12336","Japan",0,0.683429792033861,0.512446466231712,"ok",4883749,4883749,0,12772,0,0,0,0,0,0,TRUE,0.4,"CEU","EUR"
"NA12344","Japan",0,0.678210464912569,0.509398225935147,"ok",4883749,4883749,0,12772,0,0,0,0,0,0,TRUE,0.4,"CEU","EUR"
"NA12376","Japan",0,0.680120918502536,0.507416538439915,"ok",4883749,4883749,0,12772,0,0,0,0,0,0,TRUE,0.4,"CEU","EUR"
"NA12386","Japan",0,0.677387302263733,0.507774220597233,"ok",4883749,4883749,0,12772,0,0,0,0,0,0,TRUE,0.4,"CEU","EUR"
"NA12485","Japan",0,0.679312253979948,0.513812207856802,"ok",4883749,4883749,0,12772,0,0,0,0,0,0,TRUE,0.4,"CEU","EUR"
"NA12707","Japan",0,0.680112714513577,0.512803241920976,"ok",4883749,4883749,0,12772,0,0,0,0,0,0,TRUE,0.4,"CEU","EUR"
"NA12739","Japan",0,0.680415604539052,0.513597366799874,"ok",4883749,4883749,0,12772,0,0,0,0,0,0,TRUE,0.4,"CEU","EUR"
"NA12740","Japan",0,0.676141812084867,0.508816923433749,"ok",4883749,4883749,0,12772,0,0,0,0,0,0,TRUE,0.4,"CEU","EUR"
"NA12752","Japan",0.0057545,0.678395730337377,0.511480849184539,"ok",4883749,4883749,0,12772,0,0,0,0,0,0,TRUE,0.4,"CEU","EUR"
"NA12753","Japan",0.0037619,0.680028461877365,0.514221497368627,"ok",4883749,4883749,0,12772,0,0,0,0,0,0,TRUE,0.4,"CEU","EUR"
"NA12766","Japan",0,0.680217504422127,0.508804917410617,"ok",4883749,4883749,0,12772,0,0,0,0,0,0,TRUE,0.4,"CEU","EUR"
"NA12767","Japan",0,0.686729595532787,0.514084437820055,"ok",4883749,4883749,0,12772,0,0,0,0,0,0,TRUE,0.4,"CEU","EUR"
"NA12801","Japan",0,0.681301806437172,0.511674272493124,"ok",4883749,4883749,0,12772,0,0,0,0,0,0,TRUE,0.4,"CEU","EUR"
"NA12802","Japan",0,0.680380464988809,0.509753966742499,"ok",4883749,4883749,0,12772,0,0,0,0,0,0,TRUE,0.4,"CEU","EUR"
"NA12817","Japan",0,0.68213999804578,0.510651078822477,"ok",4883749,4883749,0,12772,0,0,0,0,0,0,TRUE,0.4,"CEU","EUR"
"NA12818","Japan",0,0.679273116771439,0.511513579010597,"ok",4883749,4883749,0,12772,0,0,0,0,0,0,TRUE,0.4,"CEU","EUR"
"NA12832","Japan",0,0.680700137511833,0.50889718462382,"ok",4883749,4883749,0,12772,0,0,0,0,0,0,TRUE,0.4,"CEU","EUR"
"NA12864","Japan",0,0.680733058875463,0.515734398073427,"ok",4883749,4883749,0,12772,0,0,0,0,0,0,TRUE,0.4,"CEU","EUR"
"NA12865","Japan",0,0.681389284255118,0.512740866798451,"ok",4883749,4883749,0,12772,0,0,0,0,0,0,TRUE,0.4,"CEU","EUR"
"NA12877","Japan",0,0.679111080925181,0.509594782098159,"ok",4883749,4883749,0,12772,0,0,0,0,0,0,TRUE,0.4,"CEU","EUR"
"NA12878","Japan",0,0.675269772239951,0.502805797515111,"ok",4883749,4883749,0,12772,0,0,0,0,0,0,TRUE,0.4,"CEU","EUR"
"NA06991","Middle East",0,0.676944112821251,0.657292007151738,"ok",4883749,4883749,0,12772,0,0,0,0,0,0,TRUE,0.4,"CEU","EUR"
"NA06995","Middle East",0.0038387,0.679002209754741,0.661133535670525,"ok",4883749,4883749,0,12772,0,0,0,0,0,0,TRUE,0.4,"CEU","EUR"
"NA06997","Middle East",0,0.679405466049761,0.658713368331861,"ok",4883749,4883749,0,12772,0,0,0,0,0,0,TRUE,0.4,"CEU","EUR"
"NA07014","Middle East",0,0.678888038943354,0.659802131182035,"ok",4883749,4883749,0,12772,0,0,0,0,0,0,TRUE,0.4,"CEU","EUR"
"NA07019","Middle East",0,0.679307948497449,0.658120648576179,"ok",4883749,4883749,0,12772,0,0,0,0,0,0,TRUE,0.4,"CEU","EUR"
"NA07029","Middle East",0,0.680522355559115,0.662429429885545,"ok",4883749,4883749,0,12772,0,0,0,0,0,0,TRUE,0.4,"CEU","EUR"
"NA07048","Middle East",0,0.676555454890678,0.65820780669531,"ok",4883749,4883749,0,12772,0,0,0,0,0,0,TRUE,0.4,"CEU","EUR"
"NA07348","Middle East",0,0.679617825328359,0.660548043513017,"ok",4883749,4883749,0,12772,0,0,0,0,0,0,TRUE,0.4,"CEU","EUR"
"NA07349","Middle East",0,0.67928870090448,0.660958196128335,"ok",4883749,4883749,0,12772,0,0,0,0,0,0,TRUE,0.4,"CEU","EUR"
"NA10830","Middle East",0,0.682331947943762,0.66218687574047,"ok",4883749,4883749,0,12772,0,0,0,0,0,0,TRUE,0.4,"CEU","EUR"
"NA10831","Middle East",0,0.68476687356208,0.664944509452391,"ok",4883749,4883749,0,12772,0,0,0,0,0,0,TRUE,0.4,"CEU","EUR"
"NA10835","Middle East",0,0.683328508861513,0.661642988400912,"ok",4883749,4883749,0,12772,0,0,0,0,0,0,TRUE,0.4,"CEU","EUR"
"NA10836","Middle East",0,0.677653357476557,0.659226984884731,"ok",4883749,4883749,0,12772,0,0,0,0,0,0,TRUE,0.4,"CEU","EUR"
"NA10837","Middle East",0,0.680741564707162,0.663805897829254,"ok",4883749,4883749,0,12772,0,0,0,0,0,0,TRUE,0.4,"CEU","EUR"
"NA10838","Middle East",0,0.679340559747165,0.659683474018041,"ok",4883749,4883749,0,12772,0,0,0,0,0,0,TRUE,0.4,"CEU","EUR"
"NA10839","Middle East",0,0.680932386142822,0.662614718134795,"ok",4883749,4883749,0,12772,0,0,0,0,0,0,TRUE,0.4,"CEU","EUR"
"NA10840","Middle East",0,0.681325932936814,0.664061558624872,"ok",4883749,4883749,0,12772,0,0,0,0,0,0,TRUE,0.4,"CEU","EUR"
"NA10842","Middle East",0,0.681457309912896,0.661136745036969,"ok",4883749,4883749,0,12772,0,0,0,0,0,0,TRUE,0.4,"CEU","EUR"
"NA10843","Middle East",0.0278292,0.682907068561652,0.665345156467433,"ok",4883749,4883749,0,12772,0,0,0,0,0,0,TRUE,0.4,"CEU","EUR"
"NA10845","Middle East",0,0.675888873826317,0.658365746959592,"ok",4883749,4883749,0,12772,0,0,0,0,0,0,TRUE,0.4,"CEU","EUR"
"NA10846","Middle East",0,0.678690106031698,0.663104508860165,"ok",4883749,4883749,0,12772,0,0,0,0,0,0,TRUE,0.4,"CEU","EUR"
"NA10847","Middle East",0,0.679100759964885,0.659961123237609,"ok",4883749,4883749,0,12772,0,0,0,0,0,0,TRUE,0.4,"CEU","EUR"
"NA10851","Middle East",0,0.680068168765894,0.660132193664478,"ok",4883749,4883749,0,12772,0,0,0,0,0,0,TRUE,0.4,"CEU","EUR"
"NA10852","Middle East",0.036722,0.674694213531593,0.658465007175193,"ok",4883749,4883749,0,12772,0,0,0,0,0,0,TRUE,0.4,"CEU","EUR"
"NA10854","Middle East",0,0.678492472037672,0.659722915438051,"ok",4883749,4883749,0,12772,0,0,0,0,0,0,TRUE,0.4,"CEU","EUR"
"NA10855","Middle East",0,0.684274033087607,0.66636615727109,"ok",4883749,4883749,0,12772,0,0,0,0,0,0,TRUE,0.4,"CEU","EUR"
"NA10856","Middle East",0,0.680673525258844,0.661885992631588,"ok",4883749,4883749,0,12772,0,0,0,0,0,0,TRUE,0.4,"CEU","EUR"
"NA10857","Middle East",0,0.68308507053052,0.663358510562075,"ok",4883749,4883749,0,12772,0,0,0,0,0,0,TRUE,0.4,"CEU","EUR"
"NA10859","Middle East",0.0005669,0.682102099628988,0.665248020202629,"ok",4883749,4883749,0,12772,0,0,0,0,0,0,TRUE,0.4,"CEU","EUR"
"NA10860","Middle East",0,0.676454981942408,0.65869938500331,"ok",4883749,4883749,0,12772,0,0,0,0,0,0,TRUE,0.4,"CEU","EUR"
"NA10861","Middle East",0,0.676095538834036,0.657698703556608,"ok",4883749,4883749,0,12772,0,0,0,0,0,0,TRUE,0.4,"CEU","EUR"
"NA10863","Middle East",0.0614417,0.679068889352765,0.663081816906411,"ok",4883749,4883749,0,12772,0,0,0,0,0,0,TRUE,0.4,"CEU","EUR"
"NA10864","Middle East",0,0.682722642711057,0.663104672251037,"ok",4883749,4883749,0,12772,0,0,0,0,0,0,TRUE,0.4,"CEU","EUR"
"NA10865","Middle East",0,0.679577191934707,0.660204619245459,"ok",4883749,4883749,0,12772,0,0,0,0,0,0,TRUE,0.4,"CEU","EUR"
"NA12329","Middle East",0,0.678291620883859,0.659885453084313,"ok",4883749,4883749,0,12772,0,0,0,0,0,0,TRUE,0.4,"CEU","EUR"
"NA12335","Middle East",0,0.681042793271922,0.661242499818382,"ok",4883749,4883749,0,12772,0,0,0,0,0,0,TRUE,0.4,"CEU","EUR"
"NA12336","Middle East",0,0.683429792033861,0.664825670237658,"ok",4883749,4883749,0,12772,0,0,0,0,0,0,TRUE,0.4,"CEU","EUR"
"NA12344","Middle East",0,0.678210464912569,0.659640875437822,"ok",4883749,4883749,0,12772,0,0,0,0,0,0,TRUE,0.4,"CEU","EUR"
"NA12376","Middle East",0,0.680120918502536,0.661113838090929,"ok",4883749,4883749,0,12772,0,0,0,0,0,0,TRUE,0.4,"CEU","EUR"
"NA12386","Middle East",0,0.677387302263733,0.659783188483225,"ok",4883749,4883749,0,12772,0,0,0,0,0,0,TRUE,0.4,"CEU","EUR"
"NA12485","Middle East",0,0.679312253979948,0.662846614793398,"ok",4883749,4883749,0,12772,0,0,0,0,0,0,TRUE,0.4,"CEU","EUR"
"NA12707","Middle East",0,0.680112714513577,0.661763137307367,"ok",4883749,4883749,0,12772,0,0,0,0,0,0,TRUE,0.4,"CEU","EUR"
"NA12739","Middle East",0,0.680415604539052,0.660884613150088,"ok",4883749,4883749,0,12772,0,0,0,0,0,0,TRUE,0.4,"CEU","EUR"
"NA12740","Middle East",0,0.676141812084867,0.658729404077287,"ok",4883749,4883749,0,12772,0,0,0,0,0,0,TRUE,0.4,"CEU","EUR"
"NA12752","Middle East",0,0.678395730337377,0.659240082485798,"ok",4883749,4883749,0,12772,0,0,0,0,0,0,TRUE,0.4,"CEU","EUR"
"NA12753","Middle East",0.0286408,0.680028461877365,0.662810067404482,"ok",4883749,4883749,0,12772,0,0,0,0,0,0,TRUE,0.4,"CEU","EUR"
"NA12766","Middle East",0,0.680217504422127,0.661824045883238,"ok",4883749,4883749,0,12772,0,0,0,0,0,0,TRUE,0.4,"CEU","EUR"
"NA12767","Middle East",0,0.686729595532787,0.667399942683813,"ok",4883749,4883749,0,12772,0,0,0,0,0,0,TRUE,0.4,"CEU","EUR"
"NA12801","Middle East",0,0.681301806437172,0.663306049756461,"ok",4883749,4883749,0,12772,0,0,0,0,0,0,TRUE,0.4,"CEU","EUR"
"NA12802","Middle East",0,0.680380464988809,0.661521007549091,"ok",4883749,4883749,0,12772,0,0,0,0,0,0,TRUE,0.4,"CEU","EUR"
"NA12817","Middle East",0,0.68213999804578,0.664603581100924,"ok",4883749,4883749,0,12772,0,0,0,0,0,0,TRUE,0.4,"CEU","EUR"
"NA12818","Middle East",0,0.679273116771439,0.662501643315115,"ok",4883749,4883749,0,12772,0,0,0,0,0,0,TRUE,0.4,"CEU","EUR"
"NA12832","Middle East",0,0.680700137511833,0.66151199278396,"ok",4883749,4883749,0,12772,0,0,0,0,0,0,TRUE,0.4,"CEU","EUR"
"NA12864","Middle East",0,0.680733058875463,0.662089513422363,"ok",4883749,4883749,0,12772,0,0,0,0,0,0,TRUE,0.4,"CEU","EUR"
"NA12865","Middle East",0,0.681389284255118,0.661016748706826,"ok",4883749,4883749,0,12772,0,0,0,0,0,0,TRUE,0.4,"CEU","EUR"
"NA12877","Middle East",0,0.679111080925181,0.661306139278853,"ok",4883749,4883749,0,12772,0,0,0,0,0,0,TRUE,0.4,"CEU","EUR"
"NA12878","Middle East",0,0.675269772239951,0.656953950275482,"ok",4883749,4883749,0,12772,0,0,0,0,0,0,TRUE,0.4,"CEU","EUR"
"NA06991","Pakistan",0,0.676944112821251,0.639417302219885,"ok",4883749,4883749,0,12772,0,0,0,0,0,0,TRUE,0.4,"CEU","EUR"
"NA06995","Pakistan",0,0.679002209754741,0.641460438776161,"ok",4883749,4883749,0,12772,0,0,0,0,0,0,TRUE,0.4,"CEU","EUR"
"NA06997","Pakistan",0,0.679405466049761,0.63945121745957,"ok",4883749,4883749,0,12772,0,0,0,0,0,0,TRUE,0.4,"CEU","EUR"
"NA07014","Pakistan",0,0.678888038943354,0.642551754984993,"ok",4883749,4883749,0,12772,0,0,0,0,0,0,TRUE,0.4,"CEU","EUR"
"NA07019","Pakistan",0,0.679307948497449,0.637997507263875,"ok",4883749,4883749,0,12772,0,0,0,0,0,0,TRUE,0.4,"CEU","EUR"
"NA07029","Pakistan",0,0.680522355559115,0.644204922235456,"ok",4883749,4883749,0,12772,0,0,0,0,0,0,TRUE,0.4,"CEU","EUR"
"NA07048","Pakistan",0,0.676555454890678,0.637538436092364,"ok",4883749,4883749,0,12772,0,0,0,0,0,0,TRUE,0.4,"CEU","EUR"
"NA07348","Pakistan",0,0.679617825328359,0.641863100884004,"ok",4883749,4883749,0,12772,0,0,0,0,0,0,TRUE,0.4,"CEU","EUR"
"NA07349","Pakistan",0,0.67928870090448,0.640619560727147,"ok",4883749,4883749,0,12772,0,0,0,0,0,0,TRUE,0.4,"CEU","EUR"
"NA10830","Pakistan",0.011575,0.682331947943762,0.644997811345052,"ok",4883749,4883749,0,12772,0,0,0,0,0,0,TRUE,0.4,"CEU","EUR"
"NA10831","Pakistan",0,0.68476687356208,0.645696508898256,"ok",4883749,4883749,0,12772,0,0,0,0,0,0,TRUE,0.4,"CEU","EUR"
"NA10835","Pakistan",0,0.683328508861513,0.644921134433921,"ok",4883749,4883749,0,12772,0,0,0,0,0,0,TRUE,0.4,"CEU","EUR"
"NA10836","Pakistan",0,0.677653357476557,0.638154503997268,"ok",4883749,4883749,0,12772,0,0,0,0,0,0,TRUE,0.4,"CEU","EUR"
"NA10837","Pakistan",0,0.680741564707162,0.643974864994887,"ok",4883749,4883749,0,12772,0,0,0,0,0,0,TRUE,0.4,"CEU","EUR"
"NA10838","Pakistan",0,0.679340559747165,0.641510018521298,"ok",4883749,4883749,0,12772,0,0,0,0,0,0,TRUE,0.4,"CEU","EUR"
"NA10839","Pakistan",0,0.680932386142822,0.642401932140756,"ok",4883749,4883749,0,12772,0,0,0,0,0,0,TRUE,0.4,"CEU","EUR"
"NA10840","Pakistan",0,0.681325932936814,0.644083428181357,"ok",4883749,4883749,0,12772,0,0,0,0,0,0,TRUE,0.4,"CEU","EUR"
"NA10842","Pakistan",0,0.681457309912896,0.644461099767737,"ok",4883749,4883749,0,12772,0,0,0,0,0,0,TRUE,0.4,"CEU","EUR"
"NA10843","Pakistan",0,0.682907068561652,0.646102388871571,"ok",4883749,4883749,0,12772,0,0,0,0,0,0,TRUE,0.4,"CEU","EUR"
"NA10845","Pakistan",0,0.675888873826317,0.641095748085821,"ok",4883749,4883749,0,12772,0,0,0,0,0,0,TRUE,0.4,"CEU","EUR"
"NA10846","Pakistan",0,0.678690106031698,0.643278333615527,"ok",4883749,4883749,0,12772,0,0,0,0,0,0,TRUE,0.4,"CEU","EUR"
"NA10847","Pakistan",0,0.679100759964885,0.639308631040395,"ok",4883749,4883749,0,12772,0,0,0,0,0,0,TRUE,0.4,"CEU","EUR"
"NA10851","Pakistan",0,0.680068168765894,0.640488997593413,"ok",4883749,4883749,0,12772,0,0,0,0,0,0,TRUE,0.4,"CEU","EUR"
"NA10852","Pakistan",0,0.674694213531593,0.639005628408016,"ok",4883749,4883749,0,12772,0,0,0,0,0,0,TRUE,0.4,"CEU","EUR"
"NA10854","Pakistan",0,0.678492472037672,0.64152356391544,"ok",4883749,4883749,0,12772,0,0,0,0,0,0,TRUE,0.4,"CEU","EUR"
"NA10855","Pakistan",0,0.684274033087607,0.645881807129533,"ok",4883749,4883749,0,12772,0,0,0,0,0,0,TRUE,0.4,"CEU","EUR"
"NA10856","Pakistan",0,0.680673525258844,0.644866460607342,"ok",4883749,4883749,0,12772,0,0,0,0,0,0,TRUE,0.4,"CEU","EUR"
"NA10857","Pakistan",0,0.68308507053052,0.643183806327218,"ok",4883749,4883749,0,12772,0,0,0,0,0,0,TRUE,0.4,"CEU","EUR"
"NA10859","Pakistan",0.001611,0.682102099628988,0.646954133844076,"ok",4883749,4883749,0,12772,0,0,0,0,0,0,TRUE,0.4,"CEU","EUR"
"NA10860","Pakistan",0,0.676454981942408,0.638449173578485,"ok",4883749,4883749,0,12772,0,0,0,0,0,0,TRUE,0.4,"CEU","EUR"
"NA10861","Pakistan",0,0.676095538834036,0.636940874264242,"ok",4883749,4883749,0,12772,0,0,0,0,0,0,TRUE,0.4,"CEU","EUR"
"NA10863","Pakistan",0,0.679068889352765,0.643698448808537,"ok",4883749,4883749,0,12772,0,0,0,0,0,0,TRUE,0.4,"CEU","EUR"
"NA10864","Pakistan",0,0.682722642711057,0.643168793484925,"ok",4883749,4883749,0,12772,0,0,0,0,0,0,TRUE,0.4,"CEU","EUR"
"NA10865","Pakistan",0.001693,0.679577191934707,0.642170479199302,"ok",4883749,4883749,0,12772,0,0,0,0,0,0,TRUE,0.4,"CEU","EUR"
"NA12329","Pakistan",0,0.678291620883859,0.641151193684986,"ok",4883749,4883749,0,12772,0,0,0,0,0,0,TRUE,0.4,"CEU","EUR"
"NA12335","Pakistan",0.00117,0.681042793271922,0.643329301098029,"ok",4883749,4883749,0,12772,0,0,0,0,0,0,TRUE,0.4,"CEU","EUR"
"NA12336","Pakistan",0,0.683429792033861,0.644694954255044,"ok",4883749,4883749,0,12772,0,0,0,0,0,0,TRUE,0.4,"CEU","EUR"
"NA12344","Pakistan",0.0077112,0.678210464912569,0.640757144174597,"ok",4883749,4883749,0,12772,0,0,0,0,0,0,TRUE,0.4,"CEU","EUR"
"NA12376","Pakistan",0,0.680120918502536,0.640388479676176,"ok",4883749,4883749,0,12772,0,0,0,0,0,0,TRUE,0.4,"CEU","EUR"
"NA12386","Pakistan",0,0.677387302263733,0.640158316314642,"ok",4883749,4883749,0,12772,0,0,0,0,0,0,TRUE,0.4,"CEU","EUR"
"NA12485","Pakistan",0,0.679312253979948,0.643435907006833,"ok",4883749,4883749,0,12772,0,0,0,0,0,0,TRUE,0.4,"CEU","EUR"
"NA12707","Pakistan",0,0.680112714513577,0.643243691526005,"ok",4883749,4883749,0,12772,0,0,0,0,0,0,TRUE,0.4,"CEU","EUR"
"NA12739","Pakistan",0,0.680415604539052,0.642275142493512,"ok",4883749,4883749,0,12772,0,0,0,0,0,0,TRUE,0.4,"CEU","EUR"
"NA12740","Pakistan",0.0013579,0.676141812084867,0.640438950793653,"ok",4883749,4883749,0,12772,0,0,0,0,0,0,TRUE,0.4,"CEU","EUR"
"NA12752","Pakistan",0,0.678395730337377,0.639876108054224,"ok",4883749,4883749,0,12772,0,0,0,0,0,0,TRUE,0.4,"CEU","EUR"
"NA12753","Pakistan",0,0.680028461877365,0.64298174154803,"ok",4883749,4883749,0,12772,0,0,0,0,0,0,TRUE,0.4,"CEU","EUR"
"NA12766","Pakistan",0,0.680217504422127,0.643286734564719,"ok",4883749,4883749,0,12772,0,0,0,0,0,0,TRUE,0.4,"CEU","EUR"
"NA12767","Pakistan",0,0.686729595532787,0.64694314875446,"ok",4883749,4883749,0,12772,0,0,0,0,0,0,TRUE,0.4,"CEU","EUR"
"NA12801","Pakistan",0,0.681301806437172,0.644054091918777,"ok",4883749,4883749,0,12772,0,0,0,0,0,0,TRUE,0.4,"CEU","EUR"
"NA12802","Pakistan",0.0145909,0.680380464988809,0.644489849041246,"ok",4883749,4883749,0,12772,0,0,0,0,0,0,TRUE,0.4,"CEU","EUR"
"NA12817","Pakistan",0,0.68213999804578,0.643869829579657,"ok",4883749,4883749,0,12772,0,0,0,0,0,0,TRUE,0.4,"CEU","EUR"
"NA12818","Pakistan",0,0.679273116771439,0.642076762643463,"ok",4883749,4883749,0,12772,0,0,0,0,0,0,TRUE,0.4,"CEU","EUR"
"NA12832","Pakistan",0,0.680700137511833,0.641194411284976,"ok",4883749,4883749,0,12772,0,0,0,0,0,0,TRUE,0.4,"CEU","EUR"
"NA12864","Pakistan",0,0.680733058875463,0.644535488066682,"ok",4883749,4883749,0,12772,0,0,0,0,0,0,TRUE,0.4,"CEU","EUR"
"NA12865","Pakistan",0,0.681389284255118,0.643798637578682,"ok",4883749,4883749,0,12772,0,0,0,0,0,0,TRUE,0.4,"CEU","EUR"
"NA12877","Pakistan",0,0.679111080925181,0.640491280390655,"ok",4883749,4883749,0,12772,0,0,0,0,0,0,TRUE,0.4,"CEU","EUR"
"NA12878","Pakistan",0,0.675269772239951,0.63752906978847,"ok",4883749,4883749,0,12772,0,0,0,0,0,0,TRUE,0.4,"CEU","EUR"
"NA06991","Philippines",0,0.676944112821251,0.511937880920086,"ok",4883749,4883749,0,12772,0,0,0,0,0,0,TRUE,0.4,"CEU","EUR"
"NA06995","Philippines",0,0.679002209754741,0.513162490363522,"ok",4883749,4883749,0,12772,0,0,0,0,0,0,TRUE,0.4,"CEU","EUR"
"NA06997","Philippines",0,0.679405466049761,0.507384705010371,"ok",4883749,4883749,0,12772,0,0,0,0,0,0,TRUE,0.4,"CEU","EUR"
"NA07014","Philippines",0.0013444,0.678888038943354,0.514875910771881,"ok",4883749,4883749,0,12772,0,0,0,0,0,0,TRUE,0.4,"CEU","EUR"
"NA07019","Philippines",0,0.679307948497449,0.510275470416908,"ok",4883749,4883749,0,12772,0,0,0,0,0,0,TRUE,0.4,"CEU","EUR"
"NA07029","Philippines",0,0.680522355559115,0.515397583188005,"ok",4883749,4883749,0,12772,0,0,0,0,0,0,TRUE,0.4,"CEU","EUR"
"NA07048","Philippines",0,0.676555454890678,0.509906877126349,"ok",4883749,4883749,0,12772,0,0,0,0,0,0,TRUE,0.4,"CEU","EUR"
"NA07348","Philippines",0,0.679617825328359,0.515106182303946,"ok",4883749,4883749,0,12772,0,0,0,0,0,0,TRUE,0.4,"CEU","EUR"
"NA07349","Philippines",0,0.67928870090448,0.51404002734987,"ok",4883749,4883749,0,12772,0,0,0,0,0,0,TRUE,0.4,"CEU","EUR"
"NA10830","Philippines",0.0022422,0.682331947943762,0.517339086505224,"ok",4883749,4883749,0,12772,0,0,0,0,0,0,TRUE,0.4,"CEU","EUR"
"NA10831","Philippines",0,0.68476687356208,0.514333091758038,"ok",4883749,4883749,0,12772,0,0,0,0,0,0,TRUE,0.4,"CEU","EUR"
"NA10835","Philippines",0,0.683328508861513,0.518692852978095,"ok",4883749,4883749,0,12772,0,0,0,0,0,0,TRUE,0.4,"CEU","EUR"
"NA10836","Philippines",0,0.677653357476557,0.508493520194004,"ok",4883749,4883749,0,12772,0,0,0,0,0,0,TRUE,0.4,"CEU","EUR"
"NA10837","Philippines",0,0.680741564707162,0.515305252147601,"ok",4883749,4883749,0,12772,0,0,0,0,0,0,TRUE,0.4,"CEU","EUR"
"NA10838","Philippines",0,0.679340559747165,0.514690704274471,"ok",4883749,4883749,0,12772,0,0,0,0,0,0,TRUE,0.4,"CEU","EUR"
"NA10839","Philippines",0,0.680932386142822,0.512751649406771,"ok",4883749,4883749,0,12772,0,0,0,0,0,0,TRUE,0.4,"CEU","EUR"
"NA10840","Philippines",0,0.681325932936814,0.515423562438891,"ok",4883749,4883749,0,12772,0,0,0,0,0,0,TRUE,0.4,"CEU","EUR"
"NA10842","Philippines",0,0.681457309912896,0.515540808127222,"ok",4883749,4883749,0,12772,0,0,0,0,0,0,TRUE,0.4,"CEU","EUR"
"NA10843","Philippines",0,0.682907068561652,0.515978910537544,"ok",4883749,4883749,0,12772,0,0,0,0,0,0,TRUE,0.4,"CEU","EUR"
"NA10845","Philippines",0,0.675888873826317,0.513854673583675,"ok",4883749,4883749,0,12772,0,0,0,0,0,0,TRUE,0.4,"CEU","EUR"
"NA10846","Philippines",0,0.678690106031698,0.512193189421396,"ok",4883749,4883749,0,12772,0,0,0,0,0,0,TRUE,0.4,"CEU","EUR"
"NA10847","Philippines",0,0.679100759964885,0.508609413471921,"ok",4883749,4883749,0,12772,0,0,0,0,0,0,TRUE,0.4,"CEU","EUR"
"NA10851","Philippines",0,0.680068168765894,0.510086464687463,"ok",4883749,4883749,0,12772,0,0,0,0,0,0,TRUE,0.4,"CEU","EUR"
"NA10852","Philippines",0,0.674694213531593,0.509649351138602,"ok",4883749,4883749,0,12772,0,0,0,0,0,0,TRUE,0.4,"CEU","EUR"
"NA10854","Philippines",0,0.678492472037672,0.516647465652748,"ok",4883749,4883749,0,12772,0,0,0,0,0,0,TRUE,0.4,"CEU","EUR"
"NA10855","Philippines",0,0.684274033087607,0.514758180502073,"ok",4883749,4883749,0,12772,0,0,0,0,0,0,TRUE,0.4,"CEU","EUR"
"NA10856","Philippines",0,0.680673525258844,0.516330055952472,"ok",4883749,4883749,0,12772,0,0,0,0,0,0,TRUE,0.4,"CEU","EUR"
"NA10857","Philippines",0,0.68308507053052,0.513330466135168,"ok",4883749,4883749,0,12772,0,0,0,0,0,0,TRUE,0.4,"CEU","EUR"
"NA10859","Philippines",0,0.682102099628988,0.515186636671897,"ok",4883749,4883749,0,12772,0,0,0,0,0,0,TRUE,0.4,"CEU","EUR"
"NA10860","Philippines",0,0.676454981942408,0.509124942821619,"ok",4883749,4883749,0,12772,0,0,0,0,0,0,TRUE,0.4,"CEU","EUR"
"NA10861","Philippines",0,0.676095538834036,0.509623821715117,"ok",4883749,4883749,0,12772,0,0,0,0,0,0,TRUE,0.4,"CEU","EUR"
"NA10863","Philippines",0,0.679068889352765,0.512407789932453,"ok",4883749,4883749,0,12772,0,0,0,0,0,0,TRUE,0.4,"CEU","EUR"
"NA10864","Philippines",0,0.682722642711057,0.514165835202044,"ok",4883749,4883749,0,12772,0,0,0,0,0,0,TRUE,0.4,"CEU","EUR"
"NA10865","Philippines",0,0.679577191934707,0.512921740412718,"ok",4883749,4883749,0,12772,0,0,0,0,0,0,TRUE,0.4,"CEU","EUR"
"NA12329","Philippines",0,0.678291620883859,0.516695558448245,"ok",4883749,4883749,0,12772,0,0,0,0,0,0,TRUE,0.4,"CEU","EUR"
"NA12335","Philippines",0,0.681042793271922,0.512931442853759,"ok",4883749,4883749,0,12772,0,0,0,0,0,0,TRUE,0.4,"CEU","EUR"
"NA12336","Philippines",0,0.683429792033861,0.514771245343618,"ok",4883749,4883749,0,12772,0,0,0,0,0,0,TRUE,0.4,"CEU","EUR"
"NA12344","Philippines",0.0042017,0.678210464912569,0.513949256787724,"ok",4883749,4883749,0,12772,0,0,0,0,0,0,TRUE,0.4,"CEU","EUR"
"NA12376","Philippines",0,0.680120918502536,0.509811381551229,"ok",4883749,4883749,0,12772,0,0,0,0,0,0,TRUE,0.4,"CEU","EUR"
"NA12386","Philippines",0,0.677387302263733,0.512520251017686,"ok",4883749,4883749,0,12772,0,0,0,0,0,0,TRUE,0.4,"CEU","EUR"
"NA12485","Philippines",0,0.679312253979948,0.516764918506501,"ok",4883749,4883749,0,12772,0,0,0,0,0,0,TRUE,0.4,"CEU","EUR"
"NA12707","Philippines",0,0.680112714513577,0.5129412518225,"ok",4883749,4883749,0,12772,0,0,0,0,0,0,TRUE,0.4,"CEU","EUR"
"NA12739","Philippines",0,0.680415604539052,0.515316360397302,"ok",4883749,4883749,0,12772,0,0,0,0,0,0,TRUE,0.4,"CEU","EUR"
"NA12740","Philippines",0,0.676141812084867,0.51153254271645,"ok",4883749,4883749,0,12772,0,0,0,0,0,0,TRUE,0.4,"CEU","EUR"
"NA12752","Philippines",0,0.678395730337377,0.514025132733703,"ok",4883749,4883749,0,12772,0,0,0,0,0,0,TRUE,0.4,"CEU","EUR"
"NA12753","Philippines",0,0.680028461877365,0.516086045571732,"ok",4883749,4883749,0,12772,0,0,0,0,0,0,TRUE,0.4,"CEU","EUR"
"NA12766","Philippines",0,0.680217504422127,0.510925031003833,"ok",4883749,4883749,0,12772,0,0,0,0,0,0,TRUE,0.4,"CEU","EUR"
"NA12767","Philippines",0,0.686729595532787,0.516142776087311,"ok",4883749,4883749,0,12772,0,0,0,0,0,0,TRUE,0.4,"CEU","EUR"
"NA12801","Philippines",0,0.681301806437172,0.514452933056849,"ok",4883749,4883749,0,12772,0,0,0,0,0,0,TRUE,0.4,"CEU","EUR"
"NA12802","Philippines",0,0.680380464988809,0.51339410234206,"ok",4883749,4883749,0,12772,0,0,0,0,0,0,TRUE,0.4,"CEU","EUR"
"NA12817","Philippines",0,0.68213999804578,0.511860361406186,"ok",4883749,4883749,0,12772,0,0,0,0,0,0,TRUE,0.4,"CEU","EUR"
"NA12818","Philippines",0,0.679273116771439,0.513772415896995,"ok",4883749,4883749,0,12772,0,0,0,0,0,0,TRUE,0.4,"CEU","EUR"
"NA12832","Philippines",0,0.680700137511833,0.511336548809241,"ok",4883749,4883749,0,12772,0,0,0,0,0,0,TRUE,0.4,"CEU","EUR"
"NA12864","Philippines",0.0076181,0.680733058875463,0.51959810614909,"ok",4883749,4883749,0,12772,0,0,0,0,0,0,TRUE,0.4,"CEU","EUR"
"NA12865","Philippines",0,0.681389284255118,0.515906141465405,"ok",4883749,4883749,0,12772,0,0,0,0,0,0,TRUE,0.4,"CEU","EUR"
"NA12877","Philippines",0,0.679111080925181,0.513401920649991,"ok",4883749,4883749,0,12772,0,0,0,0,0,0,TRUE,0.4,"CEU","EUR"
"NA12878","Philippines",0,0.675269772239951,0.50683127272229,"ok",4883749,4883749,0,12772,0,0,0,0,0,0,TRUE,0.4,"CEU","EUR"
"NA06991","Scandinavia",0.3011494,0.676944112821251,0.675447015555817,"ok",4883749,4883749,0,12772,0,0,0,0,0,0,TRUE,0.4,"CEU","EUR"
"NA06995","Scandinavia",0.2584217,0.679002209754741,0.67765560551507,"ok",4883749,4883749,0,12772,0,0,0,0,0,0,TRUE,0.4,"CEU","EUR"
"NA06997","Scandinavia",0.3427659,0.679405466049761,0.677811806328552,"ok",4883749,4883749,0,12772,0,0,0,0,0,0,TRUE,0.4,"CEU","EUR"
"NA07014","Scandinavia",0.4905047,0.678888038943354,0.677742882645597,"ok",4883749,4883749,0,12772,0,0,0,0,0,0,TRUE,0.4,"CEU","EUR"
"NA07019","Scandinavia",0.3997429,0.679307948497449,0.678539060542784,"ok",4883749,4883749,0,12772,0,0,0,0,0,0,TRUE,0.4,"CEU","EUR"
"NA07029","Scandinavia",0.8416976,0.680522355559115,0.680013090886813,"ok",4883749,4883749,0,12772,0,0,0,0,0,0,TRUE,0.4,"CEU","EUR"
"NA07048","Scandinavia",0.2686834,0.676555454890678,0.675264838026158,"ok",4883749,4883749,0,12772,0,0,0,0,0,0,TRUE,0.4,"CEU","EUR"
"NA07348","Scandinavia",0.2780527,0.679617825328359,0.678166041824865,"ok",4883749,4883749,0,12772,0,0,0,0,0,0,TRUE,0.4,"CEU","EUR"
"NA07349","Scandinavia",0.5456835,0.67928870090448,0.678181701756388,"ok",4883749,4883749,0,12772,0,0,0,0,0,0,TRUE,0.4,"CEU","EUR"
"NA10830","Scandinavia",0.9738548,0.682331947943762,0.682285159840586,"ok",4883749,4883749,0,12772,0,0,0,0,0,0,TRUE,0.4,"CEU","EUR"
"NA10831","Scandinavia",0,0.68476687356208,0.682790548227895,"ok",4883749,4883749,0,12772,0,0,0,0,0,0,TRUE,0.4,"CEU","EUR"
"NA10835","Scandinavia",0.9148424,0.683328508861513,0.683120543105484,"ok",4883749,4883749,0,12772,0,0,0,0,0,0,TRUE,0.4,"CEU","EUR"
"NA10836","Scandinavia",0.0532277,0.677653357476557,0.675954832303483,"ok",4883749,4883749,0,12772,0,0,0,0,0,0,TRUE,0.4,"CEU","EUR"
"NA10837","Scandinavia",0.1237297,0.680741564707162,0.679355145302593,"ok",4883749,4883749,0,12772,0,0,0,0,0,0,TRUE,0.4,"CEU","EUR"
"NA10838","Scandinavia",0.6433337,0.679340559747165,0.67851387564608,"ok",4883749,4883749,0,12772,0,0,0,0,0,0,TRUE,0.4,"CEU","EUR"
"NA10839","Scandinavia",0,0.680932386142822,0.679016486717153,"ok",4883749,4883749,0,12772,0,0,0,0,0,0,TRUE,0.4,"CEU","EUR"
"NA10840","Scandinavia",0,0.681325932936814,0.679319334905853,"ok",4883749,4883749,0,12772,0,0,0,0,0,0,TRUE,0.4,"CEU","EUR"
"NA10842","Scandinavia",0.0760765,0.681457309912896,0.680249459481856,"ok",4883749,4883749,0,12772,0,0,0,0,0,0,TRUE,0.4,"CEU","EUR"
"NA10843","Scandinavia",0,0.682907068561652,0.68180059397131,"ok",4883749,4883749,0,12772,0,0,0,0,0,0,TRUE,0.4,"CEU","EUR"
"NA10845","Scandinavia",0.5256263,0.675888873826317,0.674903318257712,"ok",4883749,4883749,0,12772,0,0,0,0,0,0,TRUE,0.4,"CEU","EUR"
"NA10846","Scandinavia",0.6730052,0.678690106031698,0.677545305457933,"ok",4883749,4883749,0,12772,0,0,0,0,0,0,TRUE,0.4,"CEU","EUR"
"NA10847","Scandinavia",0.4405048,0.679100759964885,0.677856404908568,"ok",4883749,4883749,0,12772,0,0,0,0,0,0,TRUE,0.4,"CEU","EUR"
"NA10851","Scandinavia",0.795173,0.680068168765894,0.679678655233163,"ok",4883749,4883749,0,12772,0,0,0,0,0,0,TRUE,0.4,"CEU","EUR"
"NA10852","Scandinavia",0.1990343,0.674694213531593,0.673035729798107,"ok",4883749,4883749,0,12772,0,0,0,0,0,0,TRUE,0.4,"CEU","EUR"
"NA10854","Scandinavia",0.0673869,0.678492472037672,0.677236700295132,"ok",4883749,4883749,0,12772,0,0,0,0,0,0,TRUE,0.4,"CEU","EUR"
"NA10855","Scandinavia",0.3627716,0.684274033087607,0.68283058412626,"ok",4883749,4883749,0,12772,0,0,0,0,0,0,TRUE,0.4,"CEU","EUR"
"NA10856","Scandinavia",0.7435983,0.680673525258844,0.680160475414226,"ok",4883749,4883749,0,12772,0,0,0,0,0,0,TRUE,0.4,"CEU","EUR"
"NA10857","Scandinavia",0,0.68308507053052,0.681391664587504,"ok",4883749,4883749,0,12772,0,0,0,0,0,0,TRUE,0.4,"CEU","EUR"
"NA10859","Scandinavia",0.5891964,0.682102099628988,0.681111378945151,"ok",4883749,4883749,0,12772,0,0,0,0,0,0,TRUE,0.4,"CEU","EUR"
"NA10860","Scandinavia",0.3277119,0.676454981942408,0.675011519666686,"ok",4883749,4883749,0,12772,0,0,0,0,0,0,TRUE,0.4,"CEU","EUR"
"NA10861","Scandinavia",0,0.676095538834036,0.674981867844655,"ok",4883749,4883749,0,12772,0,0,0,0,0,0,TRUE,0.4,"CEU","EUR"
"NA10863","Scandinavia",0.1774748,0.679068889352765,0.677437380587575,"ok",4883749,4883749,0,12772,0,0,0,0,0,0,TRUE,0.4,"CEU","EUR"
"NA10864","Scandinavia",0.0153956,0.682722642711057,0.681688796851631,"ok",4883749,4883749,0,12772,0,0,0,0,0,0,TRUE,0.4,"CEU","EUR"
"NA10865","Scandinavia",0.5820873,0.679577191934707,0.678657274231705,"ok",4883749,4883749,0,12772,0,0,0,0,0,0,TRUE,0.4,"CEU","EUR"
"NA12329","Scandinavia",0.6086437,0.678291620883859,0.67732763275952,"ok",4883749,4883749,0,12772,0,0,0,0,0,0,TRUE,0.4,"CEU","EUR"
"NA12335","Scandinavia",0.1918662,0.681042793271922,0.679649338120496,"ok",4883749,4883749,0,12772,0,0,0,0,0,0,TRUE,0.4,"CEU","EUR"
"NA12336","Scandinavia",0.2424057,0.683429792033861,0.681973377089362,"ok",4883749,4883749,0,12772,0,0,0,0,0,0,TRUE,0.4,"CEU","EUR"
"NA12344","Scandinavia",0.5290838,0.678210464912569,0.677479079742431,"ok",4883749,4883749,0,12772,0,0,0,0,0,0,TRUE,0.4,"CEU","EUR"
"NA12376","Scandinavia",0,0.680120918502536,0.678349639045972,"ok",4883749,4883749,0,12772,0,0,0,0,0,0,TRUE,0.4,"CEU","EUR"
"NA12386","Scandinavia",0,0.677387302263733,0.674536718733123,"ok",4883749,4883749,0,12772,0,0,0,0,0,0,TRUE,0.4,"CEU","EUR"
"NA12485","Scandinavia",0,0.679312253979948,0.677817786698006,"ok",4883749,4883749,0,12772,0,0,0,0,0,0,TRUE,0.4,"CEU","EUR"
"NA12707","Scandinavia",0.1013006,0.680112714513577,0.678600921586138,"ok",4883749,4883749,0,12772,0,0,0,0,0,0,TRUE,0.4,"CEU","EUR"
"NA12739","Scandinavia",0,0.680415604539052,0.678945272717332,"ok",4883749,4883749,0,12772,0,0,0,0,0,0,TRUE,0.4,"CEU","EUR"
"NA12740","Scandinavia",0.3125897,0.676141812084867,0.674793400757045,"ok",4883749,4883749,0,12772,0,0,0,0,0,0,TRUE,0.4,"CEU","EUR"
"NA12752","Scandinavia",0.2483114,0.678395730337377,0.677154330385299,"ok",4883749,4883749,0,12772,0,0,0,0,0,0,TRUE,0.4,"CEU","EUR"
"NA12753","Scandinavia",0.3432398,0.680028461877365,0.678521777168124,"ok",4883749,4883749,0,12772,0,0,0,0,0,0,TRUE,0.4,"CEU","EUR"
"NA12766","Scandinavia",0.5430111,0.680217504422127,0.679188230159595,"ok",4883749,4883749,0,12772,0,0,0,0,0,0,TRUE,0.4,"CEU","EUR"
"NA12767","Scandinavia",0,0.686729595532787,0.685199673207385,"ok",4883749,4883749,0,12772,0,0,0,0,0,0,TRUE,0.4,"CEU","EUR"
"NA12801","Scandinavia",0,0.681301806437172,0.679657036811987,"ok",4883749,4883749,0,12772,0,0,0,0,0,0,TRUE,0.4,"CEU","EUR"
"NA12802","Scandinavia",0.6166189,0.680380464988809,0.67946578370922,"ok",4883749,4883749,0,12772,0,0,0,0,0,0,TRUE,0.4,"CEU","EUR"
"NA12817","Scandinavia",0,0.68213999804578,0.680316725046812,"ok",4883749,4883749,0,12772,0,0,0,0,0,0,TRUE,0.4,"CEU","EUR"
"NA12818","Scandinavia",0,0.679273116771439,0.677812424088473,"ok",4883749,4883749,0,12772,0,0,0,0,0,0,TRUE,0.4,"CEU","EUR"
"NA12832","Scandinavia",0.3381577,0.680700137511833,0.679366803053992,"ok",4883749,4883749,0,12772,0,0,0,0,0,0,TRUE,0.4,"CEU","EUR"
"NA12864","Scandinavia",0.3212509,0.680733058875463,0.679422117572805,"ok",4883749,4883749,0,12772,0,0,0,0,0,0,TRUE,0.4,"CEU","EUR"
"NA12865","Scandinavia",0.6004671,0.681389284255118,0.680732858509436,"ok",4883749,4883749,0,12772,0,0,0,0,0,0,TRUE,0.4,"CEU","EUR"
"NA12877","Scandinavia",0.3469162,0.679111080925181,0.67768880193801,"ok",4883749,4883749,0,12772,0,0,0,0,0,0,TRUE,0.4,"CEU","EUR"
"NA12878","Scandinavia",0.1778813,0.675269772239951,0.674051545439232,"ok",4883749,4883749,0,12772,0,0,0,0,0,0,TRUE,0.4,"CEU","EUR"
"NA06991","South America",0,0.676944112821251,0.61636971052682,"ok",4883749,4883749,0,12772,0,0,0,0,0,0,TRUE,0.4,"CEU","EUR"
"NA06995","South America",0,0.679002209754741,0.616713755051877,"ok",4883749,4883749,0,12772,0,0,0,0,0,0,TRUE,0.4,"CEU","EUR"
"NA06997","South America",0,0.679405466049761,0.618218158701046,"ok",4883749,4883749,0,12772,0,0,0,0,0,0,TRUE,0.4,"CEU","EUR"
"NA07014","South America",0,0.678888038943354,0.617315890434485,"ok",4883749,4883749,0,12772,0,0,0,0,0,0,TRUE,0.4,"CEU","EUR"
"NA07019","South America",0,0.679307948497449,0.617815969214304,"ok",4883749,4883749,0,12772,0,0,0,0,0,0,TRUE,0.4,"CEU","EUR"
"NA07029","South America",0.0080018,0.680522355559115,0.622573971141578,"ok",4883749,4883749,0,12772,0,0,0,0,0,0,TRUE,0.4,"CEU","EUR"
"NA07048","South America",0,0.676555454890678,0.611029380331692,"ok",4883749,4883749,0,12772,0,0,0,0,0,0,TRUE,0.4,"CEU","EUR"
"NA07348","South America",0.0174972,0.679617825328359,0.621435319906928,"ok",4883749,4883749,0,12772,0,0,0,0,0,0,TRUE,0.4,"CEU","EUR"
"NA07349","South America",0,0.67928870090448,0.618898773015844,"ok",4883749,4883749,0,12772,0,0,0,0,0,0,TRUE,0.4,"CEU","EUR"
"NA10830","South America",0,0.682331947943762,0.616706948004014,"ok",4883749,4883749,0,12772,0,0,0,0,0,0,TRUE,0.4,"CEU","EUR"
"NA10831","South America",0,0.68476687356208,0.621495408719041,"ok",4883749,4883749,0,12772,0,0,0,0,0,0,TRUE,0.4,"CEU","EUR"
"NA10835","South America",0,0.683328508861513,0.622454888339093,"ok",4883749,4883749,0,12772,0,0,0,0,0,0,TRUE,0.4,"CEU","EUR"
"NA10836","South America",0,0.677653357476557,0.61521031012123,"ok",4883749,4883749,0,12772,0,0,0,0,0,0,TRUE,0.4,"CEU","EUR"
"NA10837","South America",0,0.680741564707162,0.61863703361857,"ok",4883749,4883749,0,12772,0,0,0,0,0,0,TRUE,0.4,"CEU","EUR"
"NA10838","South America",0.0083735,0.679340559747165,0.619722010895961,"ok",4883749,4883749,0,12772,0,0,0,0,0,0,TRUE,0.4,"CEU","EUR"
"NA10839","South America",0,0.680932386142822,0.618815672036769,"ok",4883749,4883749,0,12772,0,0,0,0,0,0,TRUE,0.4,"CEU","EUR"
"NA10840","South America",0,0.681325932936814,0.621048422725663,"ok",4883749,4883749,0,12772,0,0,0,0,0,0,TRUE,0.4,"CEU","EUR"
"NA10842","South America",0.0029371,0.681457309912896,0.620025947004312,"ok",4883749,4883749,0,12772,0,0,0,0,0,0,TRUE,0.4,"CEU","EUR"
"NA10843","South America",0,0.682907068561652,0.619965770068032,"ok",4883749,4883749,0,12772,0,0,0,0,0,0,TRUE,0.4,"CEU","EUR"
"NA10845","South America",0,0.675888873826317,0.616429219623944,"ok",4883749,4883749,0,12772,0,0,0,0,0,0,TRUE,0.4,"CEU","EUR"
"NA10846","South America",0,0.678690106031698,0.616926822059796,"ok",4883749,4883749,0,12772,0,0,0,0,0,0,TRUE,0.4,"CEU","EUR"
"NA10847","South America",0,0.679100759964885,0.617766587787274,"ok",4883749,4883749,0,12772,0,0,0,0,0,0,TRUE,0.4,"CEU","EUR"
"NA10851","South America",0,0.680068168765894,0.619157447509454,"ok",4883749,4883749,0,12772,0,0,0,0,0,0,TRUE,0.4,"CEU","EUR"
"NA10852","South America",0,0.674694213531593,0.614580179253768,"ok",4883749,4883749,0,12772,0,0,0,0,0,0,TRUE,0.4,"CEU","EUR"
"NA10854","South America",0,0.678492472037672,0.618644078691644,"ok",4883749,4883749,0,12772,0,0,0,0,0,0,TRUE,0.4,"CEU","EUR"
"NA10855","South America",0,0.684274033087607,0.621142357256518,"ok",4883749,4883749,0,12772,0,0,0,0,0,0,TRUE,0.4,"CEU","EUR"
"NA10856","South America",0,0.680673525258844,0.620054322647081,"ok",4883749,4883749,0,12772,0,0,0,0,0,0,TRUE,0.4,"CEU","EUR"
"NA10857","South America",0,0.68308507053052,0.619679146905128,"ok",4883749,4883749,0,12772,0,0,0,0,0,0,TRUE,0.4,"CEU","EUR"
"NA10859","South America",0,0.682102099628988,0.621566897180983,"ok",4883749,4883749,0,12772,0,0,0,0,0,0,TRUE,0.4,"CEU","EUR"
"NA10860","South America",0,0.676454981942408,0.615777142891324,"ok",4883749,4883749,0,12772,0,0,0,0,0,0,TRUE,0.4,"CEU","EUR"
"NA10861","South America",0.0048715,0.676095538834036,0.615673069315463,"ok",4883749,4883749,0,12772,0,0,0,0,0,0,TRUE,0.4,"CEU","EUR"
"NA10863","South America",0,0.679068889352765,0.618014755572846,"ok",4883749,4883749,0,12772,0,0,0,0,0,0,TRUE,0.4,"CEU","EUR"
"NA10864","South America",0,0.682722642711057,0.619461302982147,"ok",4883749,4883749,0,12772,0,0,0,0,0,0,TRUE,0.4,"CEU","EUR"
"NA10865","South America",0,0.679577191934707,0.617382934972798,"ok",4883749,4883749,0,12772,0,0,0,0,0,0,TRUE,0.4,"CEU","EUR"
"NA12329","South America",2.98e-05,0.678291620883859,0.618351355070303,"ok",4883749,4883749,0,12772,0,0,0,0,0,0,TRUE,0.4,"CEU","EUR"
"NA12335","South America",0,0.681042793271922,0.619619300029059,"ok",4883749,4883749,0,12772,0,0,0,0,0,0,TRUE,0.4,"CEU","EUR"
"NA12336","South America",0,0.683429792033861,0.620421219563205,"ok",4883749,4883749,0,12772,0,0,0,0,0,0,TRUE,0.4,"CEU","EUR"
"NA12344","South America",0,0.678210464912569,0.616528338148222,"ok",4883749,4883749,0,12772,0,0,0,0,0,0,TRUE,0.4,"CEU","EUR"
"NA12376","South America",0.0017909,0.680120918502536,0.619216081944589,"ok",4883749,4883749,0,12772,0,0,0,0,0,0,TRUE,0.4,"CEU","EUR"
"NA12386","South America",0,0.677387302263733,0.617297166143226,"ok",4883749,4883749,0,12772,0,0,0,0,0,0,TRUE,0.4,"CEU","EUR"
"NA12485","South America",0.0143055,0.679312253979948,0.62142087562141,"ok",4883749,4883749,0,12772,0,0,0,0,0,0,TRUE,0.4,"CEU","EUR"
"NA12707","South America",0.0102915,0.680112714513577,0.621755327317567,"ok",4883749,4883749,0,12772,0,0,0,0,0,0,TRUE,0.4,"CEU","EUR"
"NA12739","South America",0,0.680415604539052,0.618618816964091,"ok",4883749,4883749,0,12772,0,0,0,0,0,0,TRUE,0.4,"CEU","EUR"
"NA12740","South America",0,0.676141812084867,0.615929791710061,"ok",4883749,4883749,0,12772,0,0,0,0,0,0,TRUE,0.4,"CEU","EUR"
"NA12752","South America",0,0.678395730337377,0.616444434024695,"ok",4883749,4883749,0,12772,0,0,0,0,0,0,TRUE,0.4,"CEU","EUR"
"NA12753","South America",0.0026486,0.680028461877365,0.620280341317944,"ok",4883749,4883749,0,12772,0,0,0,0,0,0,TRUE,0.4,"CEU","EUR"
"NA12766","South America",0.0164134,0.680217504422127,0.622301695900911,"ok",4883749,4883749,0,12772,0,0,0,0,0,0,TRUE,0.4,"CEU","EUR"
"NA12767","South America",0,0.686729595532787,0.624141128293282,"ok",4883749,4883749,0,12772,0,0,0,0,0,0,TRUE,0.4,"CEU","EUR"
"NA12801","South America",0,0.681301806437172,0.619178775700785,"ok",4883749,4883749,0,12772,0,0,0,0,0,0,TRUE,0.4,"CEU","EUR"
"NA12802","South America",0,0.680380464988809,0.619715827298643,"ok",4883749,4883749,0,12772,0,0,0,0,0,0,TRUE,0.4,"CEU","EUR"
"NA12817","South America",0,0.68213999804578,0.621037571295707,"ok",4883749,4883749,0,12772,0,0,0,0,0,0,TRUE,0.4,"CEU","EUR"
"NA12818","South America",0.0054168,0.679273116771439,0.62008472246347,"ok",4883749,4883749,0,12772,0,0,0,0,0,0,TRUE,0.4,"CEU","EUR"
"NA12832","South America",0,0.680700137511833,0.615094145238912,"ok",4883749,4883749,0,12772,0,0,0,0,0,0,TRUE,0.4,"CEU","EUR"
"NA12864","South America",0.0078175,0.680733058875463,0.62217400841563,"ok",4883749,4883749,0,12772,0,0,0,0,0,0,TRUE,0.4,"CEU","EUR"
"NA12865","South America",0.0079147,0.681389284255118,0.620962068183843,"ok",4883749,4883749,0,12772,0,0,0,0,0,0,TRUE,0.4,"CEU","EUR"
"NA12877","South America",0,0.679111080925181,0.617443976511698,"ok",4883749,4883749,0,12772,0,0,0,0,0,0,TRUE,0.4,"CEU","EUR"
"NA12878","South America",0.0137763,0.675269772239951,0.6152311258902,"ok",4883749,4883749,0,12772,0,0,0,0,0,0,TRUE,0.4,"CEU","EUR"
"NA06991","Sri Lanka",0.0033057,0.676944112821251,0.607340683898827,"ok",4883749,4883749,0,12772,0,0,0,0,0,0,TRUE,0.4,"CEU","EUR"
"NA06995","Sri Lanka",0,0.679002209754741,0.608955886180383,"ok",4883749,4883749,0,12772,0,0,0,0,0,0,TRUE,0.4,"CEU","EUR"
"NA06997","Sri Lanka",0,0.679405466049761,0.606620535903032,"ok",4883749,4883749,0,12772,0,0,0,0,0,0,TRUE,0.4,"CEU","EUR"
"NA07014","Sri Lanka",0.002038,0.678888038943354,0.610495033414891,"ok",4883749,4883749,0,12772,0,0,0,0,0,0,TRUE,0.4,"CEU","EUR"
"NA07019","Sri Lanka",0,0.679307948497449,0.604735122101054,"ok",4883749,4883749,0,12772,0,0,0,0,0,0,TRUE,0.4,"CEU","EUR"
"NA07029","Sri Lanka",0,0.680522355559115,0.612392928261538,"ok",4883749,4883749,0,12772,0,0,0,0,0,0,TRUE,0.4,"CEU","EUR"
"NA07048","Sri Lanka",0,0.676555454890678,0.605163707823652,"ok",4883749,4883749,0,12772,0,0,0,0,0,0,TRUE,0.4,"CEU","EUR"
"NA07348","Sri Lanka",0,0.679617825328359,0.609288139668032,"ok",4883749,4883749,0,12772,0,0,0,0,0,0,TRUE,0.4,"CEU","EUR"
"NA07349","Sri Lanka",0,0.67928870090448,0.607275795941452,"ok",4883749,4883749,0,12772,0,0,0,0,0,0,TRUE,0.4,"CEU","EUR"
"NA10830","Sri Lanka",0,0.682331947943762,0.613036424193995,"ok",4883749,4883749,0,12772,0,0,0,0,0,0,TRUE,0.4,"CEU","EUR"
"NA10831","Sri Lanka",0,0.68476687356208,0.611605647688768,"ok",4883749,4883749,0,12772,0,0,0,0,0,0,TRUE,0.4,"CEU","EUR"
"NA10835","Sri Lanka",0,0.683328508861513,0.612638211780849,"ok",4883749,4883749,0,12772,0,0,0,0,0,0,TRUE,0.4,"CEU","EUR"
"NA10836","Sri Lanka",0,0.677653357476557,0.606324258047585,"ok",4883749,4883749,0,12772,0,0,0,0,0,0,TRUE,0.4,"CEU","EUR"
"NA10837","Sri Lanka",0.0058768,0.680741564707162,0.61314712405168,"ok",4883749,4883749,0,12772,0,0,0,0,0,0,TRUE,0.4,"CEU","EUR"
"NA10838","Sri Lanka",0,0.679340559747165,0.609567649720881,"ok",4883749,4883749,0,12772,0,0,0,0,0,0,TRUE,0.4,"CEU","EUR"
"NA10839","Sri Lanka",0,0.680932386142822,0.608937443016022,"ok",4883749,4883749,0,12772,0,0,0,0,0,0,TRUE,0.4,"CEU","EUR"
"NA10840","Sri Lanka",0,0.681325932936814,0.611126011270048,"ok",4883749,4883749,0,12772,0,0,0,0,0,0,TRUE,0.4,"CEU","EUR"
"NA10842","Sri Lanka",0,0.681457309912896,0.611213764841142,"ok",4883749,4883749,0,12772,0,0,0,0,0,0,TRUE,0.4,"CEU","EUR"
"NA10843","Sri Lanka",0,0.682907068561652,0.613319592566311,"ok",4883749,4883749,0,12772,0,0,0,0,0,0,TRUE,0.4,"CEU","EUR"
"NA10845","Sri Lanka",0.0181816,0.675888873826317,0.611042928729123,"ok",4883749,4883749,0,12772,0,0,0,0,0,0,TRUE,0.4,"CEU","EUR"
"NA10846","Sri Lanka",0,0.678690106031698,0.609770784450865,"ok",4883749,4883749,0,12772,0,0,0,0,0,0,TRUE,0.4,"CEU","EUR"
"NA10847","Sri Lanka",0,0.679100759964885,0.606066000963402,"ok",4883749,4883749,0,12772,0,0,0,0,0,0,TRUE,0.4,"CEU","EUR"
"NA10851","Sri Lanka",0,0.680068168765894,0.607901598199697,"ok",4883749,4883749,0,12772,0,0,0,0,0,0,TRUE,0.4,"CEU","EUR"
"NA10852","Sri Lanka",0,0.674694213531593,0.605273787823764,"ok",4883749,4883749,0,12772,0,0,0,0,0,0,TRUE,0.4,"CEU","EUR"
"NA10854","Sri Lanka",0,0.678492472037672,0.610514753254243,"ok",4883749,4883749,0,12772,0,0,0,0,0,0,TRUE,0.4,"CEU","EUR"
"NA10855","Sri Lanka",0,0.684274033087607,0.612940932320607,"ok",4883749,4883749,0,12772,0,0,0,0,0,0,TRUE,0.4,"CEU","EUR"
"NA10856","Sri Lanka",0.0150243,0.680673525258844,0.613410821717567,"ok",4883749,4883749,0,12772,0,0,0,0,0,0,TRUE,0.4,"CEU","EUR"
"NA10857","Sri Lanka",0,0.68308507053052,0.609719896029765,"ok",4883749,4883749,0,12772,0,0,0,0,0,0,TRUE,0.4,"CEU","EUR"
"NA10859","Sri Lanka",0,0.682102099628988,0.614981401168147,"ok",4883749,4883749,0,12772,0,0,0,0,0,0,TRUE,0.4,"CEU","EUR"
"NA10860","Sri Lanka",0,0.676454981942408,0.606004376108886,"ok",4883749,4883749,0,12772,0,0,0,0,0,0,TRUE,0.4,"CEU","EUR"
"NA10861","Sri Lanka",0,0.676095538834036,0.604047630299368,"ok",4883749,4883749,0,12772,0,0,0,0,0,0,TRUE,0.4,"CEU","EUR"
"NA10863","Sri Lanka",0,0.679068889352765,0.611674402956524,"ok",4883749,4883749,0,12772,0,0,0,0,0,0,TRUE,0.4,"CEU","EUR"
"NA10864","Sri Lanka",0.0005617,0.682722642711057,0.611069551936193,"ok",4883749,4883749,0,12772,0,0,0,0,0,0,TRUE,0.4,"CEU","EUR"
"NA10865","Sri Lanka",0,0.679577191934707,0.610107158853865,"ok",4883749,4883749,0,12772,0,0,0,0,0,0,TRUE,0.4,"CEU","EUR"
"NA12329","Sri Lanka",0,0.678291620883859,0.609970288033835,"ok",4883749,4883749,0,12772,0,0,0,0,0,0,TRUE,0.4,"CEU","EUR"
"NA12335","Sri Lanka",0,0.681042793271922,0.611193988235906,"ok",4883749,4883749,0,12772,0,0,0,0,0,0,TRUE,0.4,"CEU","EUR"
"NA12336","Sri Lanka",0,0.683429792033861,0.612490054639367,"ok",4883749,4883749,0,12772,0,0,0,0,0,0,TRUE,0.4,"CEU","EUR"
"NA12344","Sri Lanka",0,0.678210464912569,0.608786344382473,"ok",4883749,4883749,0,12772,0,0,0,0,0,0,TRUE,0.4,"CEU","EUR"
"NA12376","Sri Lanka",0,0.680120918502536,0.60874403980821,"ok",4883749,4883749,0,12772,0,0,0,0,0,0,TRUE,0.4,"CEU","EUR"
"NA12386","Sri Lanka",0,0.677387302263733,0.609055503358172,"ok",4883749,4883749,0,12772,0,0,0,0,0,0,TRUE,0.4,"CEU","EUR"
"NA12485","Sri Lanka",9.55e-05,0.679312253979948,0.612185926945351,"ok",4883749,4883749,0,12772,0,0,0,0,0,0,TRUE,0.4,"CEU","EUR"
"NA12707","Sri Lanka",0,0.680112714513577,0.611149434942755,"ok",4883749,4883749,0,12772,0,0,0,0,0,0,TRUE,0.4,"CEU","EUR"
"NA12739","Sri Lanka",0,0.680415604539052,0.610137584581389,"ok",4883749,4883749,0,12772,0,0,0,0,0,0,TRUE,0.4,"CEU","EUR"
"NA12740","Sri Lanka",0.0089448,0.676141812084867,0.609385388145938,"ok",4883749,4883749,0,12772,0,0,0,0,0,0,TRUE,0.4,"CEU","EUR"
"NA12752","Sri Lanka",0,0.678395730337377,0.607393542800629,"ok",4883749,4883749,0,12772,0,0,0,0,0,0,TRUE,0.4,"CEU","EUR"
"NA12753","Sri Lanka",0,0.680028461877365,0.610869686798311,"ok",4883749,4883749,0,12772,0,0,0,0,0,0,TRUE,0.4,"CEU","EUR"
"NA12766","Sri Lanka",0,0.680217504422127,0.610469243743759,"ok",4883749,4883749,0,12772,0,0,0,0,0,0,TRUE,0.4,"CEU","EUR"
"NA12767","Sri Lanka",0,0.686729595532787,0.615068301709352,"ok",4883749,4883749,0,12772,0,0,0,0,0,0,TRUE,0.4,"CEU","EUR"
"NA12801","Sri Lanka",0,0.681301806437172,0.61199552542628,"ok",4883749,4883749,0,12772,0,0,0,0,0,0,TRUE,0.4,"CEU","EUR"
"NA12802","Sri Lanka",0,0.680380464988809,0.612219030632975,"ok",4883749,4883749,0,12772,0,0,0,0,0,0,TRUE,0.4,"CEU","EUR"
"NA12817","Sri Lanka",0,0.68213999804578,0.610147851857757,"ok",4883749,4883749,0,12772,0,0,0,0,0,0,TRUE,0.4,"CEU","EUR"
"NA12818","Sri Lanka",0,0.679273116771439,0.610137813293368,"ok",4883749,4883749,0,12772,0,0,0,0,0,0,TRUE,0.4,"CEU","EUR"
"NA12832","Sri Lanka",0,0.680700137511833,0.607198349942376,"ok",4883749,4883749,0,12772,0,0,0,0,0,0,TRUE,0.4,"CEU","EUR"
"NA12864","Sri Lanka",0,0.680733058875463,0.612379822297803,"ok",4883749,4883749,0,12772,0,0,0,0,0,0,TRUE,0.4,"CEU","EUR"
"NA12865","Sri Lanka",0.0083071,0.681389284255118,0.611787928340794,"ok",4883749,4883749,0,12772,0,0,0,0,0,0,TRUE,0.4,"CEU","EUR"
"NA12877","Sri Lanka",0,0.679111080925181,0.607583259001856,"ok",4883749,4883749,0,12772,0,0,0,0,0,0,TRUE,0.4,"CEU","EUR"
"NA12878","Sri Lanka",0,0.675269772239951,0.604714652919983,"ok",4883749,4883749,0,12772,0,0,0,0,0,0,TRUE,0.4,"CEU","EUR"
"NA06991","United Kingdom",0.5746547,0.676944112821251,0.676954621071481,"ok",4883749,4883749,0,12772,0,0,0,0,0,0,TRUE,0.4,"CEU","EUR"
"NA06995","United Kingdom",0.661657,0.679002209754741,0.678958734410029,"ok",4883749,4883749,0,12772,0,0,0,0,0,0,TRUE,0.4,"CEU","EUR"
"NA06997","United Kingdom",0.2155165,0.679405466049761,0.679515664726199,"ok",4883749,4883749,0,12772,0,0,0,0,0,0,TRUE,0.4,"CEU","EUR"
"NA07014","United Kingdom",0.3365315,0.678888038943354,0.678838698945322,"ok",4883749,4883749,0,12772,0,0,0,0,0,0,TRUE,0.4,"CEU","EUR"
"NA07019","United Kingdom",0.5646083,0.679307948497449,0.679091554527592,"ok",4883749,4883749,0,12772,0,0,0,0,0,0,TRUE,0.4,"CEU","EUR"
"NA07029","United Kingdom",0,0.680522355559115,0.681053704141441,"ok",4883749,4883749,0,12772,0,0,0,0,0,0,TRUE,0.4,"CEU","EUR"
"NA07048","United Kingdom",0.6918755,0.676555454890678,0.676489917792882,"ok",4883749,4883749,0,12772,0,0,0,0,0,0,TRUE,0.4,"CEU","EUR"
"NA07348","United Kingdom",0.6996564,0.679617825328359,0.679616012099228,"ok",4883749,4883749,0,12772,0,0,0,0,0,0,TRUE,0.4,"CEU","EUR"
"NA07349","United Kingdom",0.2862992,0.67928870090448,0.679407105450515,"ok",4883749,4883749,0,12772,0,0,0,0,0,0,TRUE,0.4,"CEU","EUR"
"NA10830","United Kingdom",0,0.682331947943762,0.681987765434702,"ok",4883749,4883749,0,12772,0,0,0,0,0,0,TRUE,0.4,"CEU","EUR"
"NA10831","United Kingdom",0.7305643,0.68476687356208,0.684561316782968,"ok",4883749,4883749,0,12772,0,0,0,0,0,0,TRUE,0.4,"CEU","EUR"
"NA10835","United Kingdom",0,0.683328508861513,0.682587102483379,"ok",4883749,4883749,0,12772,0,0,0,0,0,0,TRUE,0.4,"CEU","EUR"
"NA10836","United Kingdom",0.8167676,0.677653357476557,0.677592187912761,"ok",4883749,4883749,0,12772,0,0,0,0,0,0,TRUE,0.4,"CEU","EUR"
"NA10837","United Kingdom",0.6193552,0.680741564707162,0.680360713448376,"ok",4883749,4883749,0,12772,0,0,0,0,0,0,TRUE,0.4,"CEU","EUR"
"NA10838","United Kingdom",0.2360564,0.679340559747165,0.679624437312656,"ok",4883749,4883749,0,12772,0,0,0,0,0,0,TRUE,0.4,"CEU","EUR"
"NA10839","United Kingdom",0.6514297,0.680932386142822,0.680766932403445,"ok",4883749,4883749,0,12772,0,0,0,0,0,0,TRUE,0.4,"CEU","EUR"
"NA10840","United Kingdom",0.5274861,0.681325932936814,0.681052100512512,"ok",4883749,4883749,0,12772,0,0,0,0,0,0,TRUE,0.4,"CEU","EUR"
"NA10842","United Kingdom",0.6776771,0.681457309912896,0.681324417548763,"ok",4883749,4883749,0,12772,0,0,0,0,0,0,TRUE,0.4,"CEU","EUR"
"NA10843","United Kingdom",0.899774,0.682907068561652,0.682849041316921,"ok",4883749,4883749,0,12772,0,0,0,0,0,0,TRUE,0.4,"CEU","EUR"
"NA10845","United Kingdom",0.1874126,0.675888873826317,0.675961220498553,"ok",4883749,4883749,0,12772,0,0,0,0,0,0,TRUE,0.4,"CEU","EUR"
"NA10846","United Kingdom",0,0.678690106031698,0.678285391349152,"ok",4883749,4883749,0,12772,0,0,0,0,0,0,TRUE,0.4,"CEU","EUR"
"NA10847","United Kingdom",0.4181781,0.679100759964885,0.679170479879149,"ok",4883749,4883749,0,12772,0,0,0,0,0,0,TRUE,0.4,"CEU","EUR"
"NA10851","United Kingdom",0.1617333,0.680068168765894,0.680180757439077,"ok",4883749,4883749,0,12772,0,0,0,0,0,0,TRUE,0.4,"CEU","EUR"
"NA10852","United Kingdom",0.7390878,0.674694213531593,0.674616388919673,"ok",4883749,4883749,0,12772,0,0,0,0,0,0,TRUE,0.4,"CEU","EUR"
"NA10854","United Kingdom",0.7663887,0.678492472037672,0.678188596557484,"ok",4883749,4883749,0,12772,0,0,0,0,0,0,TRUE,0.4,"CEU","EUR"
"NA10855","United Kingdom",0.4725664,0.684274033087607,0.684347856254542,"ok",4883749,4883749,0,12772,0,0,0,0,0,0,TRUE,0.4,"CEU","EUR"
"NA10856","United Kingdom",0.1508543,0.680673525258844,0.6807729269418,"ok",4883749,4883749,0,12772,0,0,0,0,0,0,TRUE,0.4,"CEU","EUR"
"NA10857","United Kingdom",0.9068985,0.68308507053052,0.683052813769777,"ok",4883749,4883749,0,12772,0,0,0,0,0,0,TRUE,0.4,"CEU","EUR"
"NA10859","United Kingdom",0,0.682102099628988,0.682079612616036,"ok",4883749,4883749,0,12772,0,0,0,0,0,0,TRUE,0.4,"CEU","EUR"
"NA10860","United Kingdom",0.4080398,0.676454981942408,0.676341997636335,"ok",4883749,4883749,0,12772,0,0,0,0,0,0,TRUE,0.4,"CEU","EUR"
"NA10861","United Kingdom",0.9157643,0.676095538834036,0.676067415194124,"ok",4883749,4883749,0,12772,0,0,0,0,0,0,TRUE,0.4,"CEU","EUR"
"NA10863","United Kingdom",0.72843,0.679068889352765,0.678900418770438,"ok",4883749,4883749,0,12772,0,0,0,0,0,0,TRUE,0.4,"CEU","EUR"
"NA10864","United Kingdom",0.8318141,0.682722642711057,0.682645193600065,"ok",4883749,4883749,0,12772,0,0,0,0,0,0,TRUE,0.4,"CEU","EUR"
"NA10865","United Kingdom",0.3192226,0.679577191934707,0.679787792320476,"ok",4883749,4883749,0,12772,0,0,0,0,0,0,TRUE,0.4,"CEU","EUR"
"NA12329","United Kingdom",0.2414273,0.678291620883859,0.678508419544362,"ok",4883749,4883749,0,12772,0,0,0,0,0,0,TRUE,0.4,"CEU","EUR"
"NA12335","United Kingdom",0.7084867,0.681042793271922,0.680972558640388,"ok",4883749,4883749,0,12772,0,0,0,0,0,0,TRUE,0.4,"CEU","EUR"
"NA12336","United Kingdom",0.6498385,0.683429792033861,0.683349124123549,"ok",4883749,4883749,0,12772,0,0,0,0,0,0,TRUE,0.4,"CEU","EUR"
"NA12344","United Kingdom",0.406343,0.678210464912569,0.678046345239755,"ok",4883749,4883749,0,12772,0,0,0,0,0,0,TRUE,0.4,"CEU","EUR"
"NA12376","United Kingdom",0.8570933,0.680120918502536,0.68007218124807,"ok",4883749,4883749,0,12772,0,0,0,0,0,0,TRUE,0.4,"CEU","EUR"
"NA12386","United Kingdom",0.6010446,0.677387302263733,0.677243512427138,"ok",4883749,4883749,0,12772,0,0,0,0,0,0,TRUE,0.4,"CEU","EUR"
"NA12485","United Kingdom",0.7159151,0.679312253979948,0.67902722471789,"ok",4883749,4883749,0,12772,0,0,0,0,0,0,TRUE,0.4,"CEU","EUR"
"NA12707","United Kingdom",0.7608815,0.680112714513577,0.680011651488444,"ok",4883749,4883749,0,12772,0,0,0,0,0,0,TRUE,0.4,"CEU","EUR"
"NA12739","United Kingdom",0.7125148,0.680415604539052,0.680200894128579,"ok",4883749,4883749,0,12772,0,0,0,0,0,0,TRUE,0.4,"CEU","EUR"
"NA12740","United Kingdom",0.5648352,0.676141812084867,0.676201515012404,"ok",4883749,4883749,0,12772,0,0,0,0,0,0,TRUE,0.4,"CEU","EUR"
"NA12752","United Kingdom",0.6379561,0.678395730337377,0.678323214684527,"ok",4883749,4883749,0,12772,0,0,0,0,0,0,TRUE,0.4,"CEU","EUR"
"NA12753","United Kingdom",0.4132951,0.680028461877365,0.679901842964661,"ok",4883749,4883749,0,12772,0,0,0,0,0,0,TRUE,0.4,"CEU","EUR"
"NA12766","United Kingdom",0.3526875,0.680217504422127,0.680259578721351,"ok",4883749,4883749,0,12772,0,0,0,0,0,0,TRUE,0.4,"CEU","EUR"
"NA12767","United Kingdom",0.9099593,0.686729595532787,0.686720782589193,"ok",4883749,4883749,0,12772,0,0,0,0,0,0,TRUE,0.4,"CEU","EUR"
"NA12801","United Kingdom",0.821518,0.681301806437172,0.681161074785505,"ok",4883749,4883749,0,12772,0,0,0,0,0,0,TRUE,0.4,"CEU","EUR"
"NA12802","United Kingdom",0.1925864,0.680380464988809,0.680458476399905,"ok",4883749,4883749,0,12772,0,0,0,0,0,0,TRUE,0.4,"CEU","EUR"
"NA12817","United Kingdom",0.7685206,0.68213999804578,0.681972949448931,"ok",4883749,4883749,0,12772,0,0,0,0,0,0,TRUE,0.4,"CEU","EUR"
"NA12818","United Kingdom",0.7155201,0.679273116771439,0.678996358335423,"ok",4883749,4883749,0,12772,0,0,0,0,0,0,TRUE,0.4,"CEU","EUR"
"NA12832","United Kingdom",0.6455877,0.680700137511833,0.680768435765359,"ok",4883749,4883749,0,12772,0,0,0,0,0,0,TRUE,0.4,"CEU","EUR"
"NA12864","United Kingdom",0.5283937,0.680733058875463,0.680551477173221,"ok",4883749,4883749,0,12772,0,0,0,0,0,0,TRUE,0.4,"CEU","EUR"
"NA12865","United Kingdom",0.1054914,0.681389284255118,0.681152740975602,"ok",4883749,4883749,0,12772,0,0,0,0,0,0,TRUE,0.4,"CEU","EUR"
"NA12877","United Kingdom",0.5237743,0.679111080925181,0.679102042005096,"ok",4883749,4883749,0,12772,0,0,0,0,0,0,TRUE,0.4,"CEU","EUR"
"NA12878","United Kingdom",0.7795737,0.675269772239951,0.675200956564236,"ok",4883749,4883749,0,12772,0,0,0,0,0,0,TRUE,0.4,"CEU","EUR"
"HG00405","Africa (East)",0,0.712851074148392,0.523069320957308,"ok",4883749,4883749,0,12772,0,0,0,0,0,0,TRUE,0.4,"CHS","EAS"
"HG00408","Africa (East)",0,0.714682660612823,0.520783082360117,"ok",4883749,4883749,0,12772,0,0,0,0,0,0,TRUE,0.4,"CHS","EAS"
"HG00420","Africa (East)",0,0.71676396065674,0.52090969428706,"ok",4883749,4883749,0,12772,0,0,0,0,0,0,TRUE,0.4,"CHS","EAS"
"HG00423","Africa (East)",0,0.716586561055951,0.521711745177093,"ok",4883749,4883749,0,12772,0,0,0,0,0,0,TRUE,0.4,"CHS","EAS"
"HG00429","Africa (East)",0,0.714448946626795,0.51946938496615,"ok",4883749,4883749,0,12772,0,0,0,0,0,0,TRUE,0.4,"CHS","EAS"
"HG00438","Africa (East)",0,0.714668174330662,0.521302666390857,"ok",4883749,4883749,0,12772,0,0,0,0,0,0,TRUE,0.4,"CHS","EAS"
"HG00444","Africa (East)",0,0.717483504891216,0.52154819374318,"ok",4883749,4883749,0,12772,0,0,0,0,0,0,TRUE,0.4,"CHS","EAS"
"HG00447","Africa (East)",0,0.712013686856722,0.51940490531641,"ok",4883749,4883749,0,12772,0,0,0,0,0,0,TRUE,0.4,"CHS","EAS"
"HG00450","Africa (East)",0,0.70904653264316,0.519563995026849,"ok",4883749,4883749,0,12772,0,0,0,0,0,0,TRUE,0.4,"CHS","EAS"
"HG00453","Africa (East)",0,0.713607279260194,0.521679262610779,"ok",4883749,4883749,0,12772,0,0,0,0,0,0,TRUE,0.4,"CHS","EAS"
"HG00459","Africa (East)",0,0.713214449345277,0.521608132102541,"ok",4883749,4883749,0,12772,0,0,0,0,0,0,TRUE,0.4,"CHS","EAS"
"HG00465","Africa (East)",0,0.716004504189473,0.523762921928232,"ok",4883749,4883749,0,12772,0,0,0,0,0,0,TRUE,0.4,"CHS","EAS"
"HG00474","Africa (East)",0,0.714599596618317,0.518992457058987,"ok",4883749,4883749,0,12772,0,0,0,0,0,0,TRUE,0.4,"CHS","EAS"
"HG00477","Africa (East)",0,0.714732225313437,0.525982315081741,"ok",4883749,4883749,0,12772,0,0,0,0,0,0,TRUE,0.4,"CHS","EAS"
"HG00480","Africa (East)",0,0.71547979563432,0.523110040179293,"ok",4883749,4883749,0,12772,0,0,0,0,0,0,TRUE,0.4,"CHS","EAS"
"HG00502","Africa (East)",0,0.715162853226249,0.524636486992911,"ok",4883749,4883749,0,12772,0,0,0,0,0,0,TRUE,0.4,"CHS","EAS"
"HG00514","Africa (East)",0,0.712528990733236,0.520953775575549,"ok",4883749,4883749,0,12772,0,0,0,0,0,0,TRUE,0.4,"CHS","EAS"
"HG00526","Africa (East)",0,0.711356709155079,0.520583476156049,"ok",4883749,4883749,0,12772,0,0,0,0,0,0,TRUE,0.4,"CHS","EAS"
"HG00532","Africa (East)",0,0.714202502904015,0.524855200481218,"ok",4883749,4883749,0,12772,0,0,0,0,0,0,TRUE,0.4,"CHS","EAS"
"HG00535","Africa (East)",0,0.711921399358911,0.520653350251298,"ok",4883749,4883749,0,12772,0,0,0,0,0,0,TRUE,0.4,"CHS","EAS"
"HG00538","Africa (East)",0,0.711901820781846,0.519151490572718,"ok",4883749,4883749,0,12772,0,0,0,0,0,0,TRUE,0.4,"CHS","EAS"
"HG00544","Africa (East)",0,0.715104133611083,0.521625011674595,"ok",4883749,4883749,0,12772,0,0,0,0,0,0,TRUE,0.4,"CHS","EAS"
"HG00558","Africa (East)",0,0.714550095899922,0.52158317199085,"ok",4883749,4883749,0,12772,0,0,0,0,0,0,TRUE,0.4,"CHS","EAS"
"HG00561","Africa (East)",0,0.714692648962468,0.51939559961642,"ok",4883749,4883749,0,12772,0,0,0,0,0,0,TRUE,0.4,"CHS","EAS"
"HG00567","Africa (East)",0,0.713032385951462,0.517686775820818,"ok",4883749,4883749,0,12772,0,0,0,0,0,0,TRUE,0.4,"CHS","EAS"
"HG00579","Africa (East)",0,0.714945906393028,0.52197909604994,"ok",4883749,4883749,0,12772,0,0,0,0,0,0,TRUE,0.4,"CHS","EAS"
"HG00582","Africa (East)",0.0024047,0.715309615748991,0.527597468612237,"ok",4883749,4883749,0,12772,0,0,0,0,0,0,TRUE,0.4,"CHS","EAS"
"HG00585","Africa (East)",0,0.715142703698265,0.522723297598128,"ok",4883749,4883749,0,12772,0,0,0,0,0,0,TRUE,0.4,"CHS","EAS"
"HG00591","Africa (East)",0,0.712261445143963,0.522172070031101,"ok",4883749,4883749,0,12772,0,0,0,0,0,0,TRUE,0.4,"CHS","EAS"
"HG00594","Africa (East)",0,0.713495814259738,0.523625818644008,"ok",4883749,4883749,0,12772,0,0,0,0,0,0,TRUE,0.4,"CHS","EAS"
"HG00597","Africa (East)",0,0.713969934926353,0.520935881557803,"ok",4883749,4883749,0,12772,0,0,0,0,0,0,TRUE,0.4,"CHS","EAS"
"HG00609","Africa (East)",0,0.71579398389186,0.521789058177715,"ok",4883749,4883749,0,12772,0,0,0,0,0,0,TRUE,0.4,"CHS","EAS"
"HG00612","Africa (East)",0,0.714510174321365,0.526132428631017,"ok",4883749,4883749,0,12772,0,0,0,0,0,0,TRUE,0.4,"CHS","EAS"
"HG00615","Africa (East)",0,0.713270702029839,0.520138209377193,"ok",4883749,4883749,0,12772,0,0,0,0,0,0,TRUE,0.4,"CHS","EAS"
"HG00621","Africa (East)",0,0.716144007525593,0.522692564795194,"ok",4883749,4883749,0,12772,0,0,0,0,0,0,TRUE,0.4,"CHS","EAS"
"HG00627","Africa (East)",0,0.71485481554155,0.520716525135915,"ok",4883749,4883749,0,12772,0,0,0,0,0,0,TRUE,0.4,"CHS","EAS"
"HG00630","Africa (East)",0,0.712341356426684,0.522835990924315,"ok",4883749,4883749,0,12772,0,0,0,0,0,0,TRUE,0.4,"CHS","EAS"
"HG00636","Africa (East)",0,0.716731228851457,0.526588128212389,"ok",4883749,4883749,0,12772,0,0,0,0,0,0,TRUE,0.4,"CHS","EAS"
"HG00652","Africa (East)",0,0.718369990886476,0.520608576003356,"ok",4883749,4883749,0,12772,0,0,0,0,0,0,TRUE,0.4,"CHS","EAS"
"HG00655","Africa (East)",0,0.714701937150767,0.521769549470599,"ok",4883749,4883749,0,12772,0,0,0,0,0,0,TRUE,0.4,"CHS","EAS"
"HG00658","Africa (East)",0,0.714579992119255,0.522099216236837,"ok",4883749,4883749,0,12772,0,0,0,0,0,0,TRUE,0.4,"CHS","EAS"
"HG00664","Africa (East)",0,0.715589978299155,0.521474123805901,"ok",4883749,4883749,0,12772,0,0,0,0,0,0,TRUE,0.4,"CHS","EAS"
"HG00673","Africa (East)",0,0.715393786052234,0.519033930658215,"ok",4883749,4883749,0,12772,0,0,0,0,0,0,TRUE,0.4,"CHS","EAS"
"HG00685","Africa (East)",0,0.717061647864211,0.521565655703419,"ok",4883749,4883749,0,12772,0,0,0,0,0,0,TRUE,0.4,"CHS","EAS"
"HG00691","Africa (East)",0,0.715937155519853,0.522654154585293,"ok",4883749,4883749,0,12772,0,0,0,0,0,0,TRUE,0.4,"CHS","EAS"
"HG00694","Africa (East)",0,0.711371370657424,0.522618936170876,"ok",4883749,4883749,0,12772,0,0,0,0,0,0,TRUE,0.4,"CHS","EAS"
"HG00700","Africa (East)",0,0.713110602290062,0.518933067315195,"ok",4883749,4883749,0,12772,0,0,0,0,0,0,TRUE,0.4,"CHS","EAS"
"HG00702","Africa (East)",0,0.717149698831473,0.52372427518505,"ok",4883749,4883749,0,12772,0,0,0,0,0,0,TRUE,0.4,"CHS","EAS"
"HG00703","Africa (East)",0,0.713631885481449,0.522976668381416,"ok",4883749,4883749,0,12772,0,0,0,0,0,0,TRUE,0.4,"CHS","EAS"
"HG00706","Africa (East)",0,0.714686293079577,0.522837478735075,"ok",4883749,4883749,0,12772,0,0,0,0,0,0,TRUE,0.4,"CHS","EAS"
"HG00709","Africa (East)",0,0.717828882834079,0.522684910560428,"ok",4883749,4883749,0,12772,0,0,0,0,0,0,TRUE,0.4,"CHS","EAS"
"HG00405","Africa (North)",0,0.712851074148392,0.538390668255723,"ok",4883749,4883749,0,12772,0,0,0,0,0,0,TRUE,0.4,"CHS","EAS"
"HG00408","Africa (North)",0,0.714682660612823,0.53809608446311,"ok",4883749,4883749,0,12772,0,0,0,0,0,0,TRUE,0.4,"CHS","EAS"
"HG00420","Africa (North)",0,0.71676396065674,0.538322023706792,"ok",4883749,4883749,0,12772,0,0,0,0,0,0,TRUE,0.4,"CHS","EAS"
"HG00423","Africa (North)",0,0.716586561055951,0.538413657674519,"ok",4883749,4883749,0,12772,0,0,0,0,0,0,TRUE,0.4,"CHS","EAS"
"HG00429","Africa (North)",0,0.714448946626795,0.536436921624437,"ok",4883749,4883749,0,12772,0,0,0,0,0,0,TRUE,0.4,"CHS","EAS"
"HG00438","Africa (North)",0,0.714668174330662,0.536192662182789,"ok",4883749,4883749,0,12772,0,0,0,0,0,0,TRUE,0.4,"CHS","EAS"
"HG00444","Africa (North)",0,0.717483504891216,0.539023874606612,"ok",4883749,4883749,0,12772,0,0,0,0,0,0,TRUE,0.4,"CHS","EAS"
"HG00447","Africa (North)",0,0.712013686856722,0.536525613921096,"ok",4883749,4883749,0,12772,0,0,0,0,0,0,TRUE,0.4,"CHS","EAS"
"HG00450","Africa (North)",0,0.70904653264316,0.536266349541589,"ok",4883749,4883749,0,12772,0,0,0,0,0,0,TRUE,0.4,"CHS","EAS"
"HG00453","Africa (North)",0,0.713607279260194,0.537934531232314,"ok",4883749,4883749,0,12772,0,0,0,0,0,0,TRUE,0.4,"CHS","EAS"
"HG00459","Africa (North)",0,0.713214449345277,0.538562614759579,"ok",4883749,4883749,0,12772,0,0,0,0,0,0,TRUE,0.4,"CHS","EAS"
"HG00465","Africa (North)",0,0.716004504189473,0.53958847440269,"ok",4883749,4883749,0,12772,0,0,0,0,0,0,TRUE,0.4,"CHS","EAS"
"HG00474","Africa (North)",0,0.714599596618317,0.536905691394064,"ok",4883749,4883749,0,12772,0,0,0,0,0,0,TRUE,0.4,"CHS","EAS"
"HG00477","Africa (North)",0,0.714732225313437,0.542447958651463,"ok",4883749,4883749,0,12772,0,0,0,0,0,0,TRUE,0.4,"CHS","EAS"
"HG00480","Africa (North)",0,0.71547979563432,0.539390050719826,"ok",4883749,4883749,0,12772,0,0,0,0,0,0,TRUE,0.4,"CHS","EAS"
"HG00502","Africa (North)",0,0.715162853226249,0.541140694585295,"ok",4883749,4883749,0,12772,0,0,0,0,0,0,TRUE,0.4,"CHS","EAS"
"HG00514","Africa (North)",0,0.712528990733236,0.535443368111921,"ok",4883749,4883749,0,12772,0,0,0,0,0,0,TRUE,0.4,"CHS","EAS"
"HG00526","Africa (North)",0,0.711356709155079,0.53698132950842,"ok",4883749,4883749,0,12772,0,0,0,0,0,0,TRUE,0.4,"CHS","EAS"
"HG00532","Africa (North)",0,0.714202502904015,0.542766410159446,"ok",4883749,4883749,0,12772,0,0,0,0,0,0,TRUE,0.4,"CHS","EAS"
"HG00535","Africa (North)",0,0.711921399358911,0.537838811967262,"ok",4883749,4883749,0,12772,0,0,0,0,0,0,TRUE,0.4,"CHS","EAS"
"HG00538","Africa (North)",0,0.711901820781846,0.536509195708975,"ok",4883749,4883749,0,12772,0,0,0,0,0,0,TRUE,0.4,"CHS","EAS"
"HG00544","Africa (North)",0,0.715104133611083,0.53795381279068,"ok",4883749,4883749,0,12772,0,0,0,0,0,0,TRUE,0.4,"CHS","EAS"
"HG00558","Africa (North)",0,0.714550095899922,0.538425367242202,"ok",4883749,4883749,0,12772,0,0,0,0,0,0,TRUE,0.4,"CHS","EAS"
"HG00561","Africa (North)",0,0.714692648962468,0.536503210033111,"ok",4883749,4883749,0,12772,0,0,0,0,0,0,TRUE,0.4,"CHS","EAS"
"HG00567","Africa (North)",0,0.713032385951462,0.532966252441458,"ok",4883749,4883749,0,12772,0,0,0,0,0,0,TRUE,0.4,"CHS","EAS"
"HG00579","Africa (North)",0,0.714945906393028,0.538360387159367,"ok",4883749,4883749,0,12772,0,0,0,0,0,0,TRUE,0.4,"CHS","EAS"
"HG00582","Africa (North)",0,0.715309615748991,0.541824745994816,"ok",4883749,4883749,0,12772,0,0,0,0,0,0,TRUE,0.4,"CHS","EAS"
"HG00585","Africa (North)",0,0.715142703698265,0.538084025913383,"ok",4883749,4883749,0,12772,0,0,0,0,0,0,TRUE,0.4,"CHS","EAS"
"HG00591","Africa (North)",0,0.712261445143963,0.539335615411134,"ok",4883749,4883749,0,12772,0,0,0,0,0,0,TRUE,0.4,"CHS","EAS"
"HG00594","Africa (North)",0,0.713495814259738,0.539196978016853,"ok",4883749,4883749,0,12772,0,0,0,0,0,0,TRUE,0.4,"CHS","EAS"
"HG00597","Africa (North)",0,0.713969934926353,0.536515561634549,"ok",4883749,4883749,0,12772,0,0,0,0,0,0,TRUE,0.4,"CHS","EAS"
"HG00609","Africa (North)",0,0.71579398389186,0.537976072039507,"ok",4883749,4883749,0,12772,0,0,0,0,0,0,TRUE,0.4,"CHS","EAS"
"HG00612","Africa (North)",0,0.714510174321365,0.542967901672592,"ok",4883749,4883749,0,12772,0,0,0,0,0,0,TRUE,0.4,"CHS","EAS"
"HG00615","Africa (North)",0,0.713270702029839,0.536346063523555,"ok",4883749,4883749,0,12772,0,0,0,0,0,0,TRUE,0.4,"CHS","EAS"
"HG00621","Africa (North)",0,0.716144007525593,0.539562840251005,"ok",4883749,4883749,0,12772,0,0,0,0,0,0,TRUE,0.4,"CHS","EAS"
"HG00627","Africa (North)",0,0.71485481554155,0.536417322615206,"ok",4883749,4883749,0,12772,0,0,0,0,0,0,TRUE,0.4,"CHS","EAS"
"HG00630","Africa (North)",0,0.712341356426684,0.53930924443571,"ok",4883749,4883749,0,12772,0,0,0,0,0,0,TRUE,0.4,"CHS","EAS"
"HG00636","Africa (North)",0,0.716731228851457,0.543434905746024,"ok",4883749,4883749,0,12772,0,0,0,0,0,0,TRUE,0.4,"CHS","EAS"
"HG00652","Africa (North)",0,0.718369990886476,0.538763872306531,"ok",4883749,4883749,0,12772,0,0,0,0,0,0,TRUE,0.4,"CHS","EAS"
"HG00655","Africa (North)",0,0.714701937150767,0.535611578513154,"ok",4883749,4883749,0,12772,0,0,0,0,0,0,TRUE,0.4,"CHS","EAS"
"HG00658","Africa (North)",0,0.714579992119255,0.537605778725256,"ok",4883749,4883749,0,12772,0,0,0,0,0,0,TRUE,0.4,"CHS","EAS"
"HG00664","Africa (North)",0,0.715589978299155,0.53900644001294,"ok",4883749,4883749,0,12772,0,0,0,0,0,0,TRUE,0.4,"CHS","EAS"
"HG00673","Africa (North)",0,0.715393786052234,0.53581244788857,"ok",4883749,4883749,0,12772,0,0,0,0,0,0,TRUE,0.4,"CHS","EAS"
"HG00685","Africa (North)",0,0.717061647864211,0.538564921223734,"ok",4883749,4883749,0,12772,0,0,0,0,0,0,TRUE,0.4,"CHS","EAS"
"HG00691","Africa (North)",0,0.715937155519853,0.538349350761941,"ok",4883749,4883749,0,12772,0,0,0,0,0,0,TRUE,0.4,"CHS","EAS"
"HG00694","Africa (North)",0,0.711371370657424,0.539969655762165,"ok",4883749,4883749,0,12772,0,0,0,0,0,0,TRUE,0.4,"CHS","EAS"
"HG00700","Africa (North)",0,0.713110602290062,0.534937235487408,"ok",4883749,4883749,0,12772,0,0,0,0,0,0,TRUE,0.4,"CHS","EAS"
"HG00702","Africa (North)",0,0.717149698831473,0.540124165937355,"ok",4883749,4883749,0,12772,0,0,0,0,0,0,TRUE,0.4,"CHS","EAS"
"HG00703","Africa (North)",0,0.713631885481449,0.539942413196545,"ok",4883749,4883749,0,12772,0,0,0,0,0,0,TRUE,0.4,"CHS","EAS"
"HG00706","Africa (North)",0,0.714686293079577,0.539831366762022,"ok",4883749,4883749,0,12772,0,0,0,0,0,0,TRUE,0.4,"CHS","EAS"
"HG00709","Africa (North)",0,0.717828882834079,0.540221638104494,"ok",4883749,4883749,0,12772,0,0,0,0,0,0,TRUE,0.4,"CHS","EAS"
"HG00405","Africa (South)",0,0.712851074148392,0.431386670966736,"ok",4883749,4883749,0,12772,0,0,0,0,0,0,TRUE,0.4,"CHS","EAS"
"HG00408","Africa (South)",0,0.714682660612823,0.430172578643406,"ok",4883749,4883749,0,12772,0,0,0,0,0,0,TRUE,0.4,"CHS","EAS"
"HG00420","Africa (South)",0,0.71676396065674,0.429663897238048,"ok",4883749,4883749,0,12772,0,0,0,0,0,0,TRUE,0.4,"CHS","EAS"
"HG00423","Africa (South)",0,0.716586561055951,0.430686877853074,"ok",4883749,4883749,0,12772,0,0,0,0,0,0,TRUE,0.4,"CHS","EAS"
"HG00429","Africa (South)",0,0.714448946626795,0.427366663543072,"ok",4883749,4883749,0,12772,0,0,0,0,0,0,TRUE,0.4,"CHS","EAS"
"HG00438","Africa (South)",0,0.714668174330662,0.431078324292827,"ok",4883749,4883749,0,12772,0,0,0,0,0,0,TRUE,0.4,"CHS","EAS"
"HG00444","Africa (South)",0,0.717483504891216,0.431036937816816,"ok",4883749,4883749,0,12772,0,0,0,0,0,0,TRUE,0.4,"CHS","EAS"
"HG00447","Africa (South)",0,0.712013686856722,0.427361430931817,"ok",4883749,4883749,0,12772,0,0,0,0,0,0,TRUE,0.4,"CHS","EAS"
"HG00450","Africa (South)",0,0.70904653264316,0.430248668490044,"ok",4883749,4883749,0,12772,0,0,0,0,0,0,TRUE,0.4,"CHS","EAS"
"HG00453","Africa (South)",0,0.713607279260194,0.43061641263581,"ok",4883749,4883749,0,12772,0,0,0,0,0,0,TRUE,0.4,"CHS","EAS"
"HG00459","Africa (South)",0,0.713214449345277,0.429774038863802,"ok",4883749,4883749,0,12772,0,0,0,0,0,0,TRUE,0.4,"CHS","EAS"
"HG00465","Africa (South)",0,0.716004504189473,0.431769334549212,"ok",4883749,4883749,0,12772,0,0,0,0,0,0,TRUE,0.4,"CHS","EAS"
"HG00474","Africa (South)",0,0.714599596618317,0.429506397368605,"ok",4883749,4883749,0,12772,0,0,0,0,0,0,TRUE,0.4,"CHS","EAS"
"HG00477","Africa (South)",0,0.714732225313437,0.433256413100845,"ok",4883749,4883749,0,12772,0,0,0,0,0,0,TRUE,0.4,"CHS","EAS"
"HG00480","Africa (South)",0,0.71547979563432,0.433778305912016,"ok",4883749,4883749,0,12772,0,0,0,0,0,0,TRUE,0.4,"CHS","EAS"
"HG00502","Africa (South)",0,0.715162853226249,0.434486139122701,"ok",4883749,4883749,0,12772,0,0,0,0,0,0,TRUE,0.4,"CHS","EAS"
"HG00514","Africa (South)",0,0.712528990733236,0.428765431969446,"ok",4883749,4883749,0,12772,0,0,0,0,0,0,TRUE,0.4,"CHS","EAS"
"HG00526","Africa (South)",0,0.711356709155079,0.430178043994019,"ok",4883749,4883749,0,12772,0,0,0,0,0,0,TRUE,0.4,"CHS","EAS"
"HG00532","Africa (South)",0,0.714202502904015,0.432345143153857,"ok",4883749,4883749,0,12772,0,0,0,0,0,0,TRUE,0.4,"CHS","EAS"
"HG00535","Africa (South)",0,0.711921399358911,0.430075813315145,"ok",4883749,4883749,0,12772,0,0,0,0,0,0,TRUE,0.4,"CHS","EAS"
"HG00538","Africa (South)",0,0.711901820781846,0.430009103227929,"ok",4883749,4883749,0,12772,0,0,0,0,0,0,TRUE,0.4,"CHS","EAS"
"HG00544","Africa (South)",0,0.715104133611083,0.430554919488729,"ok",4883749,4883749,0,12772,0,0,0,0,0,0,TRUE,0.4,"CHS","EAS"
"HG00558","Africa (South)",0,0.714550095899922,0.430458314204535,"ok",4883749,4883749,0,12772,0,0,0,0,0,0,TRUE,0.4,"CHS","EAS"
"HG00561","Africa (South)",0,0.714692648962468,0.431233493420304,"ok",4883749,4883749,0,12772,0,0,0,0,0,0,TRUE,0.4,"CHS","EAS"
"HG00567","Africa (South)",0,0.713032385951462,0.430101121543846,"ok",4883749,4883749,0,12772,0,0,0,0,0,0,TRUE,0.4,"CHS","EAS"
"HG00579","Africa (South)",0,0.714945906393028,0.431558315408462,"ok",4883749,4883749,0,12772,0,0,0,0,0,0,TRUE,0.4,"CHS","EAS"
"HG00582","Africa (South)",0,0.715309615748991,0.435520483406057,"ok",4883749,4883749,0,12772,0,0,0,0,0,0,TRUE,0.4,"CHS","EAS"
"HG00585","Africa (South)",0,0.715142703698265,0.432268662210358,"ok",4883749,4883749,0,12772,0,0,0,0,0,0,TRUE,0.4,"CHS","EAS"
"HG00591","Africa (South)",0,0.712261445143963,0.431898540477354,"ok",4883749,4883749,0,12772,0,0,0,0,0,0,TRUE,0.4,"CHS","EAS"
"HG00594","Africa (South)",0,0.713495814259738,0.434653891100585,"ok",4883749,4883749,0,12772,0,0,0,0,0,0,TRUE,0.4,"CHS","EAS"
"HG00597","Africa (South)",0,0.713969934926353,0.431778648532328,"ok",4883749,4883749,0,12772,0,0,0,0,0,0,TRUE,0.4,"CHS","EAS"
"HG00609","Africa (South)",0,0.71579398389186,0.431269962980936,"ok",4883749,4883749,0,12772,0,0,0,0,0,0,TRUE,0.4,"CHS","EAS"
"HG00612","Africa (South)",0,0.714510174321365,0.435431076491795,"ok",4883749,4883749,0,12772,0,0,0,0,0,0,TRUE,0.4,"CHS","EAS"
"HG00615","Africa (South)",0,0.713270702029839,0.431946471579353,"ok",4883749,4883749,0,12772,0,0,0,0,0,0,TRUE,0.4,"CHS","EAS"
"HG00621","Africa (South)",0,0.716144007525593,0.432055095041921,"ok",4883749,4883749,0,12772,0,0,0,0,0,0,TRUE,0.4,"CHS","EAS"
"HG00627","Africa (South)",0,0.71485481554155,0.430922311047603,"ok",4883749,4883749,0,12772,0,0,0,0,0,0,TRUE,0.4,"CHS","EAS"
"HG00630","Africa (South)",0,0.712341356426684,0.433821132884265,"ok",4883749,4883749,0,12772,0,0,0,0,0,0,TRUE,0.4,"CHS","EAS"
"HG00636","Africa (South)",0,0.716731228851457,0.43336250957061,"ok",4883749,4883749,0,12772,0,0,0,0,0,0,TRUE,0.4,"CHS","EAS"
"HG00652","Africa (South)",0,0.718369990886476,0.429450927605735,"ok",4883749,4883749,0,12772,0,0,0,0,0,0,TRUE,0.4,"CHS","EAS"
"HG00655","Africa (South)",0,0.714701937150767,0.434692624352338,"ok",4883749,4883749,0,12772,0,0,0,0,0,0,TRUE,0.4,"CHS","EAS"
"HG00658","Africa (South)",0,0.714579992119255,0.433318767568591,"ok",4883749,4883749,0,12772,0,0,0,0,0,0,TRUE,0.4,"CHS","EAS"
"HG00664","Africa (South)",0,0.715589978299155,0.427729602008151,"ok",4883749,4883749,0,12772,0,0,0,0,0,0,TRUE,0.4,"CHS","EAS"
"HG00673","Africa (South)",0,0.715393786052234,0.429565849871595,"ok",4883749,4883749,0,12772,0,0,0,0,0,0,TRUE,0.4,"CHS","EAS"
"HG00685","Africa (South)",0,0.717061647864211,0.431624723345364,"ok",4883749,4883749,0,12772,0,0,0,0,0,0,TRUE,0.4,"CHS","EAS"
"HG00691","Africa (South)",0,0.715937155519853,0.432088240241133,"ok",4883749,4883749,0,12772,0,0,0,0,0,0,TRUE,0.4,"CHS","EAS"
"HG00694","Africa (South)",0,0.711371370657424,0.432084685048708,"ok",4883749,4883749,0,12772,0,0,0,0,0,0,TRUE,0.4,"CHS","EAS"
"HG00700","Africa (South)",0,0.713110602290062,0.430894059876605,"ok",4883749,4883749,0,12772,0,0,0,0,0,0,TRUE,0.4,"CHS","EAS"
"HG00702","Africa (South)",0,0.717149698831473,0.433092731727369,"ok",4883749,4883749,0,12772,0,0,0,0,0,0,TRUE,0.4,"CHS","EAS"
"HG00703","Africa (South)",0,0.713631885481449,0.434294112598523,"ok",4883749,4883749,0,12772,0,0,0,0,0,0,TRUE,0.4,"CHS","EAS"
"HG00706","Africa (South)",0,0.714686293079577,0.431537993227135,"ok",4883749,4883749,0,12772,0,0,0,0,0,0,TRUE,0.4,"CHS","EAS"
"HG00709","Africa (South)",0,0.717828882834079,0.43144993486887,"ok",4883749,4883749,0,12772,0,0,0,0,0,0,TRUE,0.4,"CHS","EAS"
"HG00405","Africa (West)",0,0.712851074148392,0.43071723774983,"ok",4883749,4883749,0,12772,0,0,0,0,0,0,TRUE,0.4,"CHS","EAS"
"HG00408","Africa (West)",0,0.714682660612823,0.428442763054569,"ok",4883749,4883749,0,12772,0,0,0,0,0,0,TRUE,0.4,"CHS","EAS"
"HG00420","Africa (West)",0,0.71676396065674,0.428726185754193,"ok",4883749,4883749,0,12772,0,0,0,0,0,0,TRUE,0.4,"CHS","EAS"
"HG00423","Africa (West)",0,0.716586561055951,0.429784180191556,"ok",4883749,4883749,0,12772,0,0,0,0,0,0,TRUE,0.4,"CHS","EAS"
"HG00429","Africa (West)",0,0.714448946626795,0.426606008929599,"ok",4883749,4883749,0,12772,0,0,0,0,0,0,TRUE,0.4,"CHS","EAS"
"HG00438","Africa (West)",0,0.714668174330662,0.429638594343588,"ok",4883749,4883749,0,12772,0,0,0,0,0,0,TRUE,0.4,"CHS","EAS"
"HG00444","Africa (West)",0,0.717483504891216,0.429331451397062,"ok",4883749,4883749,0,12772,0,0,0,0,0,0,TRUE,0.4,"CHS","EAS"
"HG00447","Africa (West)",0,0.712013686856722,0.426497452193743,"ok",4883749,4883749,0,12772,0,0,0,0,0,0,TRUE,0.4,"CHS","EAS"
"HG00450","Africa (West)",0,0.70904653264316,0.429126688614706,"ok",4883749,4883749,0,12772,0,0,0,0,0,0,TRUE,0.4,"CHS","EAS"
"HG00453","Africa (West)",0,0.713607279260194,0.429946438038632,"ok",4883749,4883749,0,12772,0,0,0,0,0,0,TRUE,0.4,"CHS","EAS"
"HG00459","Africa (West)",0,0.713214449345277,0.429098380881649,"ok",4883749,4883749,0,12772,0,0,0,0,0,0,TRUE,0.4,"CHS","EAS"
"HG00465","Africa (West)",0,0.716004504189473,0.431256592151855,"ok",4883749,4883749,0,12772,0,0,0,0,0,0,TRUE,0.4,"CHS","EAS"
"HG00474","Africa (West)",0,0.714599596618317,0.428295290638793,"ok",4883749,4883749,0,12772,0,0,0,0,0,0,TRUE,0.4,"CHS","EAS"
"HG00477","Africa (West)",0,0.714732225313437,0.431601001637727,"ok",4883749,4883749,0,12772,0,0,0,0,0,0,TRUE,0.4,"CHS","EAS"
"HG00480","Africa (West)",0,0.71547979563432,0.432219663556097,"ok",4883749,4883749,0,12772,0,0,0,0,0,0,TRUE,0.4,"CHS","EAS"
"HG00502","Africa (West)",0,0.715162853226249,0.432756519331505,"ok",4883749,4883749,0,12772,0,0,0,0,0,0,TRUE,0.4,"CHS","EAS"
"HG00514","Africa (West)",0,0.712528990733236,0.427904870323322,"ok",4883749,4883749,0,12772,0,0,0,0,0,0,TRUE,0.4,"CHS","EAS"
"HG00526","Africa (West)",0,0.711356709155079,0.428960918610996,"ok",4883749,4883749,0,12772,0,0,0,0,0,0,TRUE,0.4,"CHS","EAS"
"HG00532","Africa (West)",0,0.714202502904015,0.431345600869282,"ok",4883749,4883749,0,12772,0,0,0,0,0,0,TRUE,0.4,"CHS","EAS"
"HG00535","Africa (West)",0,0.711921399358911,0.428989149420688,"ok",4883749,4883749,0,12772,0,0,0,0,0,0,TRUE,0.4,"CHS","EAS"
"HG00538","Africa (West)",0,0.711901820781846,0.428652304638872,"ok",4883749,4883749,0,12772,0,0,0,0,0,0,TRUE,0.4,"CHS","EAS"
"HG00544","Africa (West)",0,0.715104133611083,0.429047833091994,"ok",4883749,4883749,0,12772,0,0,0,0,0,0,TRUE,0.4,"CHS","EAS"
"HG00558","Africa (West)",0,0.714550095899922,0.429237024654495,"ok",4883749,4883749,0,12772,0,0,0,0,0,0,TRUE,0.4,"CHS","EAS"
"HG00561","Africa (West)",0,0.714692648962468,0.430138518977532,"ok",4883749,4883749,0,12772,0,0,0,0,0,0,TRUE,0.4,"CHS","EAS"
"HG00567","Africa (West)",0,0.713032385951462,0.429040736686855,"ok",4883749,4883749,0,12772,0,0,0,0,0,0,TRUE,0.4,"CHS","EAS"
"HG00579","Africa (West)",0,0.714945906393028,0.430578425306389,"ok",4883749,4883749,0,12772,0,0,0,0,0,0,TRUE,0.4,"CHS","EAS"
"HG00582","Africa (West)",0,0.715309615748991,0.434287335454302,"ok",4883749,4883749,0,12772,0,0,0,0,0,0,TRUE,0.4,"CHS","EAS"
"HG00585","Africa (West)",0,0.715142703698265,0.430673487307336,"ok",4883749,4883749,0,12772,0,0,0,0,0,0,TRUE,0.4,"CHS","EAS"
"HG00591","Africa (West)",0,0.712261445143963,0.431359682284441,"ok",4883749,4883749,0,12772,0,0,0,0,0,0,TRUE,0.4,"CHS","EAS"
"HG00594","Africa (West)",0,0.713495814259738,0.433481787631134,"ok",4883749,4883749,0,12772,0,0,0,0,0,0,TRUE,0.4,"CHS","EAS"
"HG00597","Africa (West)",0,0.713969934926353,0.430358711802011,"ok",4883749,4883749,0,12772,0,0,0,0,0,0,TRUE,0.4,"CHS","EAS"
"HG00609","Africa (West)",0,0.71579398389186,0.430375586661079,"ok",4883749,4883749,0,12772,0,0,0,0,0,0,TRUE,0.4,"CHS","EAS"
"HG00612","Africa (West)",0,0.714510174321365,0.433437614374569,"ok",4883749,4883749,0,12772,0,0,0,0,0,0,TRUE,0.4,"CHS","EAS"
"HG00615","Africa (West)",0,0.713270702029839,0.430773048070289,"ok",4883749,4883749,0,12772,0,0,0,0,0,0,TRUE,0.4,"CHS","EAS"
"HG00621","Africa (West)",0,0.716144007525593,0.430367673336001,"ok",4883749,4883749,0,12772,0,0,0,0,0,0,TRUE,0.4,"CHS","EAS"
"HG00627","Africa (West)",0,0.71485481554155,0.429935374625095,"ok",4883749,4883749,0,12772,0,0,0,0,0,0,TRUE,0.4,"CHS","EAS"
"HG00630","Africa (West)",0,0.712341356426684,0.432662315950401,"ok",4883749,4883749,0,12772,0,0,0,0,0,0,TRUE,0.4,"CHS","EAS"
"HG00636","Africa (West)",0,0.716731228851457,0.431986579994249,"ok",4883749,4883749,0,12772,0,0,0,0,0,0,TRUE,0.4,"CHS","EAS"
"HG00652","Africa (West)",0,0.718369990886476,0.42849588802987,"ok",4883749,4883749,0,12772,0,0,0,0,0,0,TRUE,0.4,"CHS","EAS"
"HG00655","Africa (West)",0,0.714701937150767,0.433638537663341,"ok",4883749,4883749,0,12772,0,0,0,0,0,0,TRUE,0.4,"CHS","EAS"
"HG00658","Africa (West)",0,0.714579992119255,0.432350597129812,"ok",4883749,4883749,0,12772,0,0,0,0,0,0,TRUE,0.4,"CHS","EAS"
"HG00664","Africa (West)",0,0.715589978299155,0.426706124867887,"ok",4883749,4883749,0,12772,0,0,0,0,0,0,TRUE,0.4,"CHS","EAS"
"HG00673","Africa (West)",0,0.715393786052234,0.428225006559077,"ok",4883749,4883749,0,12772,0,0,0,0,0,0,TRUE,0.4,"CHS","EAS"
"HG00685","Africa (West)",0,0.717061647864211,0.430724824909333,"ok",4883749,4883749,0,12772,0,0,0,0,0,0,TRUE,0.4,"CHS","EAS"
"HG00691","Africa (West)",0,0.715937155519853,0.43128646833163,"ok",4883749,4883749,0,12772,0,0,0,0,0,0,TRUE,0.4,"CHS","EAS"
"HG00694","Africa (West)",0,0.711371370657424,0.431343503974776,"ok",4883749,4883749,0,12772,0,0,0,0,0,0,TRUE,0.4,"CHS","EAS"
"HG00700","Africa (West)",0,0.713110602290062,0.429644517872479,"ok",4883749,4883749,0,12772,0,0,0,0,0,0,TRUE,0.4,"CHS","EAS"
"HG00702","Africa (West)",0,0.717149698831473,0.432103763798347,"ok",4883749,4883749,0,12772,0,0,0,0,0,0,TRUE,0.4,"CHS","EAS"
"HG00703","Africa (West)",0,0.713631885481449,0.433161944406049,"ok",4883749,4883749,0,12772,0,0,0,0,0,0,TRUE,0.4,"CHS","EAS"
"HG00706","Africa (West)",0,0.714686293079577,0.430640505283102,"ok",4883749,4883749,0,12772,0,0,0,0,0,0,TRUE,0.4,"CHS","EAS"
"HG00709","Africa (West)",0,0.717828882834079,0.430218307470636,"ok",4883749,4883749,0,12772,0,0,0,0,0,0,TRUE,0.4,"CHS","EAS"
"HG00405","Ashkenazi",0,0.712851074148392,0.535530564345376,"ok",4883749,4883749,0,12772,0,0,0,0,0,0,TRUE,0.4,"CHS","EAS"
"HG00408","Ashkenazi",0,0.714682660612823,0.53779717845132,"ok",4883749,4883749,0,12772,0,0,0,0,0,0,TRUE,0.4,"CHS","EAS"
"HG00420","Ashkenazi",0,0.71676396065674,0.536566900048384,"ok",4883749,4883749,0,12772,0,0,0,0,0,0,TRUE,0.4,"CHS","EAS"
"HG00423","Ashkenazi",0,0.716586561055951,0.53692823203583,"ok",4883749,4883749,0,12772,0,0,0,0,0,0,TRUE,0.4,"CHS","EAS"
"HG00429","Ashkenazi",0,0.714448946626795,0.5355629335548,"ok",4883749,4883749,0,12772,0,0,0,0,0,0,TRUE,0.4,"CHS","EAS"
"HG00438","Ashkenazi",0,0.714668174330662,0.534394621280828,"ok",4883749,4883749,0,12772,0,0,0,0,0,0,TRUE,0.4,"CHS","EAS"
"HG00444","Ashkenazi",0,0.717483504891216,0.537666418138194,"ok",4883749,4883749,0,12772,0,0,0,0,0,0,TRUE,0.4,"CHS","EAS"
"HG00447","Ashkenazi",0,0.712013686856722,0.536543322260737,"ok",4883749,4883749,0,12772,0,0,0,0,0,0,TRUE,0.4,"CHS","EAS"
"HG00450","Ashkenazi",0,0.70904653264316,0.533728863719186,"ok",4883749,4883749,0,12772,0,0,0,0,0,0,TRUE,0.4,"CHS","EAS"
"HG00453","Ashkenazi",0,0.713607279260194,0.537448524246461,"ok",4883749,4883749,0,12772,0,0,0,0,0,0,TRUE,0.4,"CHS","EAS"
"HG00459","Ashkenazi",0,0.713214449345277,0.537229858494494,"ok",4883749,4883749,0,12772,0,0,0,0,0,0,TRUE,0.4,"CHS","EAS"
"HG00465","Ashkenazi",0,0.716004504189473,0.53654773555777,"ok",4883749,4883749,0,12772,0,0,0,0,0,0,TRUE,0.4,"CHS","EAS"
"HG00474","Ashkenazi",0,0.714599596618317,0.536048679433575,"ok",4883749,4883749,0,12772,0,0,0,0,0,0,TRUE,0.4,"CHS","EAS"
"HG00477","Ashkenazi",0,0.714732225313437,0.539937134090428,"ok",4883749,4883749,0,12772,0,0,0,0,0,0,TRUE,0.4,"CHS","EAS"
"HG00480","Ashkenazi",0,0.71547979563432,0.537549357096912,"ok",4883749,4883749,0,12772,0,0,0,0,0,0,TRUE,0.4,"CHS","EAS"
"HG00502","Ashkenazi",0,0.715162853226249,0.538421445399843,"ok",4883749,4883749,0,12772,0,0,0,0,0,0,TRUE,0.4,"CHS","EAS"
"HG00514","Ashkenazi",0,0.712528990733236,0.53328348028034,"ok",4883749,4883749,0,12772,0,0,0,0,0,0,TRUE,0.4,"CHS","EAS"
"HG00526","Ashkenazi",0,0.711356709155079,0.536949372781085,"ok",4883749,4883749,0,12772,0,0,0,0,0,0,TRUE,0.4,"CHS","EAS"
"HG00532","Ashkenazi",0,0.714202502904015,0.539957408169999,"ok",4883749,4883749,0,12772,0,0,0,0,0,0,TRUE,0.4,"CHS","EAS"
"HG00535","Ashkenazi",0,0.711921399358911,0.5373906212467,"ok",4883749,4883749,0,12772,0,0,0,0,0,0,TRUE,0.4,"CHS","EAS"
"HG00538","Ashkenazi",0,0.711901820781846,0.535111921817869,"ok",4883749,4883749,0,12772,0,0,0,0,0,0,TRUE,0.4,"CHS","EAS"
"HG00544","Ashkenazi",0,0.715104133611083,0.537562474140694,"ok",4883749,4883749,0,12772,0,0,0,0,0,0,TRUE,0.4,"CHS","EAS"
"HG00558","Ashkenazi",0,0.714550095899922,0.536586269738245,"ok",4883749,4883749,0,12772,0,0,0,0,0,0,TRUE,0.4,"CHS","EAS"
"HG00561","Ashkenazi",0,0.714692648962468,0.534894892815625,"ok",4883749,4883749,0,12772,0,0,0,0,0,0,TRUE,0.4,"CHS","EAS"
"HG00567","Ashkenazi",0,0.713032385951462,0.530232360096053,"ok",4883749,4883749,0,12772,0,0,0,0,0,0,TRUE,0.4,"CHS","EAS"
"HG00579","Ashkenazi",0,0.714945906393028,0.537767806605021,"ok",4883749,4883749,0,12772,0,0,0,0,0,0,TRUE,0.4,"CHS","EAS"
"HG00582","Ashkenazi",0,0.715309615748991,0.541333000352847,"ok",4883749,4883749,0,12772,0,0,0,0,0,0,TRUE,0.4,"CHS","EAS"
"HG00585","Ashkenazi",0,0.715142703698265,0.537753013236437,"ok",4883749,4883749,0,12772,0,0,0,0,0,0,TRUE,0.4,"CHS","EAS"
"HG00591","Ashkenazi",0,0.712261445143963,0.537237951686898,"ok",4883749,4883749,0,12772,0,0,0,0,0,0,TRUE,0.4,"CHS","EAS"
"HG00594","Ashkenazi",0,0.713495814259738,0.538511247768653,"ok",4883749,4883749,0,12772,0,0,0,0,0,0,TRUE,0.4,"CHS","EAS"
"HG00597","Ashkenazi",0,0.713969934926353,0.534371635894683,"ok",4883749,4883749,0,12772,0,0,0,0,0,0,TRUE,0.4,"CHS","EAS"
"HG00609","Ashkenazi",0,0.71579398389186,0.537237667853198,"ok",4883749,4883749,0,12772,0,0,0,0,0,0,TRUE,0.4,"CHS","EAS"
"HG00612","Ashkenazi",0,0.714510174321365,0.541010802955643,"ok",4883749,4883749,0,12772,0,0,0,0,0,0,TRUE,0.4,"CHS","EAS"
"HG00615","Ashkenazi",0,0.713270702029839,0.535519050028322,"ok",4883749,4883749,0,12772,0,0,0,0,0,0,TRUE,0.4,"CHS","EAS"
"HG00621","Ashkenazi",0,0.716144007525593,0.538951048256024,"ok",4883749,4883749,0,12772,0,0,0,0,0,0,TRUE,0.4,"CHS","EAS"
"HG00627","Ashkenazi",0,0.71485481554155,0.534606452395704,"ok",4883749,4883749,0,12772,0,0,0,0,0,0,TRUE,0.4,"CHS","EAS"
"HG00630","Ashkenazi",0,0.712341356426684,0.536651308579585,"ok",4883749,4883749,0,12772,0,0,0,0,0,0,TRUE,0.4,"CHS","EAS"
"HG00636","Ashkenazi",0,0.716731228851457,0.542250521933672,"ok",4883749,4883749,0,12772,0,0,0,0,0,0,TRUE,0.4,"CHS","EAS"
"HG00652","Ashkenazi",0,0.718369990886476,0.536872629337499,"ok",4883749,4883749,0,12772,0,0,0,0,0,0,TRUE,0.4,"CHS","EAS"
"HG00655","Ashkenazi",0,0.714701937150767,0.532719895428019,"ok",4883749,4883749,0,12772,0,0,0,0,0,0,TRUE,0.4,"CHS","EAS"
"HG00658","Ashkenazi",0,0.714579992119255,0.535786411195523,"ok",4883749,4883749,0,12772,0,0,0,0,0,0,TRUE,0.4,"CHS","EAS"
"HG00664","Ashkenazi",0,0.715589978299155,0.538569196928037,"ok",4883749,4883749,0,12772,0,0,0,0,0,0,TRUE,0.4,"CHS","EAS"
"HG00673","Ashkenazi",0,0.715393786052234,0.536137220278614,"ok",4883749,4883749,0,12772,0,0,0,0,0,0,TRUE,0.4,"CHS","EAS"
"HG00685","Ashkenazi",0,0.717061647864211,0.536388502488259,"ok",4883749,4883749,0,12772,0,0,0,0,0,0,TRUE,0.4,"CHS","EAS"
"HG00691","Ashkenazi",0,0.715937155519853,0.536454522833188,"ok",4883749,4883749,0,12772,0,0,0,0,0,0,TRUE,0.4,"CHS","EAS"
"HG00694","Ashkenazi",0,0.711371370657424,0.538623067983331,"ok",4883749,4883749,0,12772,0,0,0,0,0,0,TRUE,0.4,"CHS","EAS"
"HG00700","Ashkenazi",0,0.713110602290062,0.532658513192914,"ok",4883749,4883749,0,12772,0,0,0,0,0,0,TRUE,0.4,"CHS","EAS"
"HG00702","Ashkenazi",0,0.717149698831473,0.538328691685101,"ok",4883749,4883749,0,12772,0,0,0,0,0,0,TRUE,0.4,"CHS","EAS"
"HG00703","Ashkenazi",0,0.713631885481449,0.538138908268943,"ok",4883749,4883749,0,12772,0,0,0,0,0,0,TRUE,0.4,"CHS","EAS"
"HG00706","Ashkenazi",0,0.714686293079577,0.538384779905669,"ok",4883749,4883749,0,12772,0,0,0,0,0,0,TRUE,0.4,"CHS","EAS"
"HG00709","Ashkenazi",0,0.717828882834079,0.53852006705831,"ok",4883749,4883749,0,12772,0,0,0,0,0,0,TRUE,0.4,"CHS","EAS"
"HG00405","Asia (East)",0.8308266,0.712851074148392,0.712294050462321,"ok",4883749,4883749,0,12772,0,0,0,0,0,0,TRUE,0.4,"CHS","EAS"
"HG00408","Asia (East)",0.8959511,0.714682660612823,0.714533581814719,"ok",4883749,4883749,0,12772,0,0,0,0,0,0,TRUE,0.4,"CHS","EAS"
"HG00420","Asia (East)",0.8763017,0.71676396065674,0.716412258233878,"ok",4883749,4883749,0,12772,0,0,0,0,0,0,TRUE,0.4,"CHS","EAS"
"HG00423","Asia (East)",0.8414129,0.716586561055951,0.716078208111468,"ok",4883749,4883749,0,12772,0,0,0,0,0,0,TRUE,0.4,"CHS","EAS"
"HG00429","Asia (East)",0.8695342,0.714448946626795,0.714156869258113,"ok",4883749,4883749,0,12772,0,0,0,0,0,0,TRUE,0.4,"CHS","EAS"
"HG00438","Asia (East)",0.8549851,0.714668174330662,0.714353859830978,"ok",4883749,4883749,0,12772,0,0,0,0,0,0,TRUE,0.4,"CHS","EAS"
"HG00444","Asia (East)",0.9144395,0.717483504891216,0.717338883224569,"ok",4883749,4883749,0,12772,0,0,0,0,0,0,TRUE,0.4,"CHS","EAS"
"HG00447","Asia (East)",0.8274223,0.712013686856722,0.711409104579113,"ok",4883749,4883749,0,12772,0,0,0,0,0,0,TRUE,0.4,"CHS","EAS"
"HG00450","Asia (East)",0.9059297,0.70904653264316,0.708940053456197,"ok",4883749,4883749,0,12772,0,0,0,0,0,0,TRUE,0.4,"CHS","EAS"
"HG00453","Asia (East)",0.8795253,0.713607279260194,0.713395674834159,"ok",4883749,4883749,0,12772,0,0,0,0,0,0,TRUE,0.4,"CHS","EAS"
"HG00459","Asia (East)",0.9136819,0.713214449345277,0.713065619654014,"ok",4883749,4883749,0,12772,0,0,0,0,0,0,TRUE,0.4,"CHS","EAS"
"HG00465","Asia (East)",0.8563591,0.716004504189473,0.715855936098305,"ok",4883749,4883749,0,12772,0,0,0,0,0,0,TRUE,0.4,"CHS","EAS"
"HG00474","Asia (East)",0.9200219,0.714599596618317,0.714462716755688,"ok",4883749,4883749,0,12772,0,0,0,0,0,0,TRUE,0.4,"CHS","EAS"
"HG00477","Asia (East)",0.8338879,0.714732225313437,0.714254889372168,"ok",4883749,4883749,0,12772,0,0,0,0,0,0,TRUE,0.4,"CHS","EAS"
"HG00480","Asia (East)",0.8982511,0.71547979563432,0.71530479819744,"ok",4883749,4883749,0,12772,0,0,0,0,0,0,TRUE,0.4,"CHS","EAS"
"HG00502","Asia (East)",0.8746819,0.715162853226249,0.714877450174477,"ok",4883749,4883749,0,12772,0,0,0,0,0,0,TRUE,0.4,"CHS","EAS"
"HG00514","Asia (East)",0.8549024,0.712528990733236,0.712129737601424,"ok",4883749,4883749,0,12772,0,0,0,0,0,0,TRUE,0.4,"CHS","EAS"
"HG00526","Asia (East)",0.8458043,0.711356709155079,0.71085214811864,"ok",4883749,4883749,0,12772,0,0,0,0,0,0,TRUE,0.4,"CHS","EAS"
"HG00532","Asia (East)",0.8902866,0.714202502904015,0.713964588154537,"ok",4883749,4883749,0,12772,0,0,0,0,0,0,TRUE,0.4,"CHS","EAS"
"HG00535","Asia (East)",0.8247036,0.711921399358911,0.711360679856723,"ok",4883749,4883749,0,12772,0,0,0,0,0,0,TRUE,0.4,"CHS","EAS"
"HG00538","Asia (East)",0.8526415,0.711901820781846,0.711587462595735,"ok",4883749,4883749,0,12772,0,0,0,0,0,0,TRUE,0.4,"CHS","EAS"
"HG00544","Asia (East)",0.9193379,0.715104133611083,0.71495497233708,"ok",4883749,4883749,0,12772,0,0,0,0,0,0,TRUE,0.4,"CHS","EAS"
"HG00558","Asia (East)",0.8625633,0.714550095899922,0.714113861107272,"ok",4883749,4883749,0,12772,0,0,0,0,0,0,TRUE,0.4,"CHS","EAS"
"HG00561","Asia (East)",0.8075423,0.714692648962468,0.713956298238893,"ok",4883749,4883749,0,12772,0,0,0,0,0,0,TRUE,0.4,"CHS","EAS"
"HG00567","Asia (East)",0.8581568,0.713032385951462,0.71271496803404,"ok",4883749,4883749,0,12772,0,0,0,0,0,0,TRUE,0.4,"CHS","EAS"
"HG00579","Asia (East)",0.8866633,0.714945906393028,0.71476394829671,"ok",4883749,4883749,0,12772,0,0,0,0,0,0,TRUE,0.4,"CHS","EAS"
"HG00582","Asia (East)",0.8348122,0.715309615748991,0.71483138508294,"ok",4883749,4883749,0,12772,0,0,0,0,0,0,TRUE,0.4,"CHS","EAS"
"HG00585","Asia (East)",0.8879991,0.715142703698265,0.714789786084208,"ok",4883749,4883749,0,12772,0,0,0,0,0,0,TRUE,0.4,"CHS","EAS"
"HG00591","Asia (East)",0.8214482,0.712261445143963,0.711672286143701,"ok",4883749,4883749,0,12772,0,0,0,0,0,0,TRUE,0.4,"CHS","EAS"
"HG00594","Asia (East)",0.7360317,0.713495814259738,0.712529535505445,"ok",4883749,4883749,0,12772,0,0,0,0,0,0,TRUE,0.4,"CHS","EAS"
"HG00597","Asia (East)",0.8689162,0.713969934926353,0.713603053398404,"ok",4883749,4883749,0,12772,0,0,0,0,0,0,TRUE,0.4,"CHS","EAS"
"HG00609","Asia (East)",0.8634913,0.71579398389186,0.715470374591418,"ok",4883749,4883749,0,12772,0,0,0,0,0,0,TRUE,0.4,"CHS","EAS"
"HG00612","Asia (East)",0.8221,0.714510174321365,0.713792339913917,"ok",4883749,4883749,0,12772,0,0,0,0,0,0,TRUE,0.4,"CHS","EAS"
"HG00615","Asia (East)",0.8431289,0.713270702029839,0.712745739747736,"ok",4883749,4883749,0,12772,0,0,0,0,0,0,TRUE,0.4,"CHS","EAS"
"HG00621","Asia (East)",0.8774789,0.716144007525593,0.715990924938639,"ok",4883749,4883749,0,12772,0,0,0,0,0,0,TRUE,0.4,"CHS","EAS"
"HG00627","Asia (East)",0.9020073,0.71485481554155,0.714649416087293,"ok",4883749,4883749,0,12772,0,0,0,0,0,0,TRUE,0.4,"CHS","EAS"
"HG00630","Asia (East)",0.8789649,0.712341356426684,0.711960332933179,"ok",4883749,4883749,0,12772,0,0,0,0,0,0,TRUE,0.4,"CHS","EAS"
"HG00636","Asia (East)",0.8823709,0.716731228851457,0.71651067668342,"ok",4883749,4883749,0,12772,0,0,0,0,0,0,TRUE,0.4,"CHS","EAS"
"HG00652","Asia (East)",1,0.718369990886476,0.718369990886515,"ok",4883749,4883749,0,12772,0,0,0,0,0,0,TRUE,0.4,"CHS","EAS"
"HG00655","Asia (East)",0.9620173,0.714701937150767,0.714646234126811,"ok",4883749,4883749,0,12772,0,0,0,0,0,0,TRUE,0.4,"CHS","EAS"
"HG00658","Asia (East)",0.9798261,0.714579992119255,0.714567821035277,"ok",4883749,4883749,0,12772,0,0,0,0,0,0,TRUE,0.4,"CHS","EAS"
"HG00664","Asia (East)",0.9981966,0.715589978299155,0.715587111083622,"ok",4883749,4883749,0,12772,0,0,0,0,0,0,TRUE,0.4,"CHS","EAS"
"HG00673","Asia (East)",0.962787,0.715393786052234,0.715369630983142,"ok",4883749,4883749,0,12772,0,0,0,0,0,0,TRUE,0.4,"CHS","EAS"
"HG00685","Asia (East)",0.9426539,0.717061647864211,0.717006269695754,"ok",4883749,4883749,0,12772,0,0,0,0,0,0,TRUE,0.4,"CHS","EAS"
"HG00691","Asia (East)",0.9837784,0.715937155519853,0.715925915854253,"ok",4883749,4883749,0,12772,0,0,0,0,0,0,TRUE,0.4,"CHS","EAS"
"HG00694","Asia (East)",0.9538213,0.711371370657424,0.711303519875673,"ok",4883749,4883749,0,12772,0,0,0,0,0,0,TRUE,0.4,"CHS","EAS"
"HG00700","Asia (East)",0.9509341,0.713110602290062,0.713047958895621,"ok",4883749,4883749,0,12772,0,0,0,0,0,0,TRUE,0.4,"CHS","EAS"
"HG00702","Asia (East)",0.9846757,0.717149698831473,0.717131869004929,"ok",4883749,4883749,0,12772,0,0,0,0,0,0,TRUE,0.4,"CHS","EAS"
"HG00703","Asia (East)",0.978611,0.713631885481449,0.713606166830281,"ok",4883749,4883749,0,12772,0,0,0,0,0,0,TRUE,0.4,"CHS","EAS"
"HG00706","Asia (East)",0.9760636,0.714686293079577,0.714647073819148,"ok",4883749,4883749,0,12772,0,0,0,0,0,0,TRUE,0.4,"CHS","EAS"
"HG00709","Asia (East)",0.9973596,0.717828882834079,0.717829426003165,"ok",4883749,4883749,0,12772,0,0,0,0,0,0,TRUE,0.4,"CHS","EAS"
"HG00405","Bangladesh",0,0.712851074148392,0.621825456659394,"ok",4883749,4883749,0,12772,0,0,0,0,0,0,TRUE,0.4,"CHS","EAS"
"HG00408","Bangladesh",0,0.714682660612823,0.624737506580728,"ok",4883749,4883749,0,12772,0,0,0,0,0,0,TRUE,0.4,"CHS","EAS"
"HG00420","Bangladesh",0,0.71676396065674,0.625441389210415,"ok",4883749,4883749,0,12772,0,0,0,0,0,0,TRUE,0.4,"CHS","EAS"
"HG00423","Bangladesh",0,0.716586561055951,0.622863067818172,"ok",4883749,4883749,0,12772,0,0,0,0,0,0,TRUE,0.4,"CHS","EAS"
"HG00429","Bangladesh",0,0.714448946626795,0.620504805272571,"ok",4883749,4883749,0,12772,0,0,0,0,0,0,TRUE,0.4,"CHS","EAS"
"HG00438","Bangladesh",0,0.714668174330662,0.619637308484971,"ok",4883749,4883749,0,12772,0,0,0,0,0,0,TRUE,0.4,"CHS","EAS"
"HG00444","Bangladesh",0,0.717483504891216,0.62576446939924,"ok",4883749,4883749,0,12772,0,0,0,0,0,0,TRUE,0.4,"CHS","EAS"
"HG00447","Bangladesh",0,0.712013686856722,0.622085549779007,"ok",4883749,4883749,0,12772,0,0,0,0,0,0,TRUE,0.4,"CHS","EAS"
"HG00450","Bangladesh",0,0.70904653264316,0.618545139377083,"ok",4883749,4883749,0,12772,0,0,0,0,0,0,TRUE,0.4,"CHS","EAS"
"HG00453","Bangladesh",0,0.713607279260194,0.621852917415992,"ok",4883749,4883749,0,12772,0,0,0,0,0,0,TRUE,0.4,"CHS","EAS"
"HG00459","Bangladesh",0,0.713214449345277,0.621651910658448,"ok",4883749,4883749,0,12772,0,0,0,0,0,0,TRUE,0.4,"CHS","EAS"
"HG00465","Bangladesh",0,0.716004504189473,0.62403390550412,"ok",4883749,4883749,0,12772,0,0,0,0,0,0,TRUE,0.4,"CHS","EAS"
"HG00474","Bangladesh",0,0.714599596618317,0.619880166672047,"ok",4883749,4883749,0,12772,0,0,0,0,0,0,TRUE,0.4,"CHS","EAS"
"HG00477","Bangladesh",0,0.714732225313437,0.626327104833405,"ok",4883749,4883749,0,12772,0,0,0,0,0,0,TRUE,0.4,"CHS","EAS"
"HG00480","Bangladesh",0,0.71547979563432,0.62430131279795,"ok",4883749,4883749,0,12772,0,0,0,0,0,0,TRUE,0.4,"CHS","EAS"
"HG00502","Bangladesh",0,0.715162853226249,0.624823389327112,"ok",4883749,4883749,0,12772,0,0,0,0,0,0,TRUE,0.4,"CHS","EAS"
"HG00514","Bangladesh",0,0.712528990733236,0.62223072017454,"ok",4883749,4883749,0,12772,0,0,0,0,0,0,TRUE,0.4,"CHS","EAS"
"HG00526","Bangladesh",0,0.711356709155079,0.620897696739998,"ok",4883749,4883749,0,12772,0,0,0,0,0,0,TRUE,0.4,"CHS","EAS"
"HG00532","Bangladesh",0,0.714202502904015,0.62432645534434,"ok",4883749,4883749,0,12772,0,0,0,0,0,0,TRUE,0.4,"CHS","EAS"
"HG00535","Bangladesh",0,0.711921399358911,0.620410978168931,"ok",4883749,4883749,0,12772,0,0,0,0,0,0,TRUE,0.4,"CHS","EAS"
"HG00538","Bangladesh",0,0.711901820781846,0.618680523789602,"ok",4883749,4883749,0,12772,0,0,0,0,0,0,TRUE,0.4,"CHS","EAS"
"HG00544","Bangladesh",0,0.715104133611083,0.623684556458997,"ok",4883749,4883749,0,12772,0,0,0,0,0,0,TRUE,0.4,"CHS","EAS"
"HG00558","Bangladesh",0,0.714550095899922,0.621948657650818,"ok",4883749,4883749,0,12772,0,0,0,0,0,0,TRUE,0.4,"CHS","EAS"
"HG00561","Bangladesh",0,0.714692648962468,0.620807982785463,"ok",4883749,4883749,0,12772,0,0,0,0,0,0,TRUE,0.4,"CHS","EAS"
"HG00567","Bangladesh",0,0.713032385951462,0.617457980651019,"ok",4883749,4883749,0,12772,0,0,0,0,0,0,TRUE,0.4,"CHS","EAS"
"HG00579","Bangladesh",0,0.714945906393028,0.623122577882001,"ok",4883749,4883749,0,12772,0,0,0,0,0,0,TRUE,0.4,"CHS","EAS"
"HG00582","Bangladesh",0,0.715309615748991,0.626783810677142,"ok",4883749,4883749,0,12772,0,0,0,0,0,0,TRUE,0.4,"CHS","EAS"
"HG00585","Bangladesh",0,0.715142703698265,0.623218862600698,"ok",4883749,4883749,0,12772,0,0,0,0,0,0,TRUE,0.4,"CHS","EAS"
"HG00591","Bangladesh",0,0.712261445143963,0.623764121442861,"ok",4883749,4883749,0,12772,0,0,0,0,0,0,TRUE,0.4,"CHS","EAS"
"HG00594","Bangladesh",0,0.713495814259738,0.623992170122881,"ok",4883749,4883749,0,12772,0,0,0,0,0,0,TRUE,0.4,"CHS","EAS"
"HG00597","Bangladesh",0,0.713969934926353,0.62190433087082,"ok",4883749,4883749,0,12772,0,0,0,0,0,0,TRUE,0.4,"CHS","EAS"
"HG00609","Bangladesh",0,0.71579398389186,0.622009523551991,"ok",4883749,4883749,0,12772,0,0,0,0,0,0,TRUE,0.4,"CHS","EAS"
"HG00612","Bangladesh",0,0.714510174321365,0.624842267600123,"ok",4883749,4883749,0,12772,0,0,0,0,0,0,TRUE,0.4,"CHS","EAS"
"HG00615","Bangladesh",0,0.713270702029839,0.624592503928642,"ok",4883749,4883749,0,12772,0,0,0,0,0,0,TRUE,0.4,"CHS","EAS"
"HG00621","Bangladesh",0,0.716144007525593,0.6233814288078,"ok",4883749,4883749,0,12772,0,0,0,0,0,0,TRUE,0.4,"CHS","EAS"
"HG00627","Bangladesh",0,0.71485481554155,0.622172090612462,"ok",4883749,4883749,0,12772,0,0,0,0,0,0,TRUE,0.4,"CHS","EAS"
"HG00630","Bangladesh",0,0.712341356426684,0.62205603957222,"ok",4883749,4883749,0,12772,0,0,0,0,0,0,TRUE,0.4,"CHS","EAS"
"HG00636","Bangladesh",0,0.716731228851457,0.627937631423416,"ok",4883749,4883749,0,12772,0,0,0,0,0,0,TRUE,0.4,"CHS","EAS"
"HG00652","Bangladesh",0,0.718369990886476,0.621457810419947,"ok",4883749,4883749,0,12772,0,0,0,0,0,0,TRUE,0.4,"CHS","EAS"
"HG00655","Bangladesh",0,0.714701937150767,0.621083347264203,"ok",4883749,4883749,0,12772,0,0,0,0,0,0,TRUE,0.4,"CHS","EAS"
"HG00658","Bangladesh",0,0.714579992119255,0.622098844003644,"ok",4883749,4883749,0,12772,0,0,0,0,0,0,TRUE,0.4,"CHS","EAS"
"HG00664","Bangladesh",0,0.715589978299155,0.623253641312186,"ok",4883749,4883749,0,12772,0,0,0,0,0,0,TRUE,0.4,"CHS","EAS"
"HG00673","Bangladesh",0,0.715393786052234,0.623459957248388,"ok",4883749,4883749,0,12772,0,0,0,0,0,0,TRUE,0.4,"CHS","EAS"
"HG00685","Bangladesh",0,0.717061647864211,0.623945726639422,"ok",4883749,4883749,0,12772,0,0,0,0,0,0,TRUE,0.4,"CHS","EAS"
"HG00691","Bangladesh",0,0.715937155519853,0.622369643114033,"ok",4883749,4883749,0,12772,0,0,0,0,0,0,TRUE,0.4,"CHS","EAS"
"HG00694","Bangladesh",0,0.711371370657424,0.624840840306591,"ok",4883749,4883749,0,12772,0,0,0,0,0,0,TRUE,0.4,"CHS","EAS"
"HG00700","Bangladesh",0,0.713110602290062,0.618716094834321,"ok",4883749,4883749,0,12772,0,0,0,0,0,0,TRUE,0.4,"CHS","EAS"
"HG00702","Bangladesh",0,0.717149698831473,0.624826094238846,"ok",4883749,4883749,0,12772,0,0,0,0,0,0,TRUE,0.4,"CHS","EAS"
"HG00703","Bangladesh",0,0.713631885481449,0.624882806301681,"ok",4883749,4883749,0,12772,0,0,0,0,0,0,TRUE,0.4,"CHS","EAS"
"HG00706","Bangladesh",0,0.714686293079577,0.624827283937872,"ok",4883749,4883749,0,12772,0,0,0,0,0,0,TRUE,0.4,"CHS","EAS"
"HG00709","Bangladesh",0,0.717828882834079,0.623385191385918,"ok",4883749,4883749,0,12772,0,0,0,0,0,0,TRUE,0.4,"CHS","EAS"
"HG00405","Europe (North East)",0,0.712851074148392,0.538659079689156,"ok",4883749,4883749,0,12772,0,0,0,0,0,0,TRUE,0.4,"CHS","EAS"
"HG00408","Europe (North East)",0,0.714682660612823,0.540199879304906,"ok",4883749,4883749,0,12772,0,0,0,0,0,0,TRUE,0.4,"CHS","EAS"
"HG00420","Europe (North East)",0,0.71676396065674,0.541133534509734,"ok",4883749,4883749,0,12772,0,0,0,0,0,0,TRUE,0.4,"CHS","EAS"
"HG00423","Europe (North East)",0,0.716586561055951,0.539290837482112,"ok",4883749,4883749,0,12772,0,0,0,0,0,0,TRUE,0.4,"CHS","EAS"
"HG00429","Europe (North East)",0,0.714448946626795,0.537871150997077,"ok",4883749,4883749,0,12772,0,0,0,0,0,0,TRUE,0.4,"CHS","EAS"
"HG00438","Europe (North East)",0,0.714668174330662,0.53663045908342,"ok",4883749,4883749,0,12772,0,0,0,0,0,0,TRUE,0.4,"CHS","EAS"
"HG00444","Europe (North East)",0,0.717483504891216,0.541064100413407,"ok",4883749,4883749,0,12772,0,0,0,0,0,0,TRUE,0.4,"CHS","EAS"
"HG00447","Europe (North East)",0,0.712013686856722,0.540117269739645,"ok",4883749,4883749,0,12772,0,0,0,0,0,0,TRUE,0.4,"CHS","EAS"
"HG00450","Europe (North East)",0,0.70904653264316,0.53669210037035,"ok",4883749,4883749,0,12772,0,0,0,0,0,0,TRUE,0.4,"CHS","EAS"
"HG00453","Europe (North East)",0,0.713607279260194,0.539320631029091,"ok",4883749,4883749,0,12772,0,0,0,0,0,0,TRUE,0.4,"CHS","EAS"
"HG00459","Europe (North East)",0,0.713214449345277,0.539843288876034,"ok",4883749,4883749,0,12772,0,0,0,0,0,0,TRUE,0.4,"CHS","EAS"
"HG00465","Europe (North East)",0,0.716004504189473,0.539714046906225,"ok",4883749,4883749,0,12772,0,0,0,0,0,0,TRUE,0.4,"CHS","EAS"
"HG00474","Europe (North East)",0,0.714599596618317,0.538374608121252,"ok",4883749,4883749,0,12772,0,0,0,0,0,0,TRUE,0.4,"CHS","EAS"
"HG00477","Europe (North East)",0,0.714732225313437,0.542171038904124,"ok",4883749,4883749,0,12772,0,0,0,0,0,0,TRUE,0.4,"CHS","EAS"
"HG00480","Europe (North East)",0,0.71547979563432,0.539979411971368,"ok",4883749,4883749,0,12772,0,0,0,0,0,0,TRUE,0.4,"CHS","EAS"
"HG00502","Europe (North East)",0,0.715162853226249,0.542518788196048,"ok",4883749,4883749,0,12772,0,0,0,0,0,0,TRUE,0.4,"CHS","EAS"
"HG00514","Europe (North East)",0,0.712528990733236,0.537914955993237,"ok",4883749,4883749,0,12772,0,0,0,0,0,0,TRUE,0.4,"CHS","EAS"
"HG00526","Europe (North East)",0,0.711356709155079,0.540623775518484,"ok",4883749,4883749,0,12772,0,0,0,0,0,0,TRUE,0.4,"CHS","EAS"
"HG00532","Europe (North East)",0,0.714202502904015,0.542790993226238,"ok",4883749,4883749,0,12772,0,0,0,0,0,0,TRUE,0.4,"CHS","EAS"
"HG00535","Europe (North East)",0,0.711921399358911,0.541620353435802,"ok",4883749,4883749,0,12772,0,0,0,0,0,0,TRUE,0.4,"CHS","EAS"
"HG00538","Europe (North East)",0,0.711901820781846,0.538207389612676,"ok",4883749,4883749,0,12772,0,0,0,0,0,0,TRUE,0.4,"CHS","EAS"
"HG00544","Europe (North East)",0,0.715104133611083,0.538678669711844,"ok",4883749,4883749,0,12772,0,0,0,0,0,0,TRUE,0.4,"CHS","EAS"
"HG00558","Europe (North East)",0,0.714550095899922,0.541324951925964,"ok",4883749,4883749,0,12772,0,0,0,0,0,0,TRUE,0.4,"CHS","EAS"
"HG00561","Europe (North East)",0,0.714692648962468,0.537694133573066,"ok",4883749,4883749,0,12772,0,0,0,0,0,0,TRUE,0.4,"CHS","EAS"
"HG00567","Europe (North East)",0,0.713032385951462,0.534700390933557,"ok",4883749,4883749,0,12772,0,0,0,0,0,0,TRUE,0.4,"CHS","EAS"
"HG00579","Europe (North East)",0,0.714945906393028,0.540728866292994,"ok",4883749,4883749,0,12772,0,0,0,0,0,0,TRUE,0.4,"CHS","EAS"
"HG00582","Europe (North East)",0,0.715309615748991,0.543948251394111,"ok",4883749,4883749,0,12772,0,0,0,0,0,0,TRUE,0.4,"CHS","EAS"
"HG00585","Europe (North East)",0,0.715142703698265,0.539683048909764,"ok",4883749,4883749,0,12772,0,0,0,0,0,0,TRUE,0.4,"CHS","EAS"
"HG00591","Europe (North East)",0,0.712261445143963,0.542296781258754,"ok",4883749,4883749,0,12772,0,0,0,0,0,0,TRUE,0.4,"CHS","EAS"
"HG00594","Europe (North East)",0,0.713495814259738,0.542808815892184,"ok",4883749,4883749,0,12772,0,0,0,0,0,0,TRUE,0.4,"CHS","EAS"
"HG00597","Europe (North East)",0,0.713969934926353,0.537308679683759,"ok",4883749,4883749,0,12772,0,0,0,0,0,0,TRUE,0.4,"CHS","EAS"
"HG00609","Europe (North East)",0,0.71579398389186,0.54024518051196,"ok",4883749,4883749,0,12772,0,0,0,0,0,0,TRUE,0.4,"CHS","EAS"
"HG00612","Europe (North East)",0,0.714510174321365,0.54371529718436,"ok",4883749,4883749,0,12772,0,0,0,0,0,0,TRUE,0.4,"CHS","EAS"
"HG00615","Europe (North East)",0,0.713270702029839,0.539704053401223,"ok",4883749,4883749,0,12772,0,0,0,0,0,0,TRUE,0.4,"CHS","EAS"
"HG00621","Europe (North East)",0,0.716144007525593,0.542178268427115,"ok",4883749,4883749,0,12772,0,0,0,0,0,0,TRUE,0.4,"CHS","EAS"
"HG00627","Europe (North East)",0,0.71485481554155,0.538157243672135,"ok",4883749,4883749,0,12772,0,0,0,0,0,0,TRUE,0.4,"CHS","EAS"
"HG00630","Europe (North East)",0,0.712341356426684,0.54048748287818,"ok",4883749,4883749,0,12772,0,0,0,0,0,0,TRUE,0.4,"CHS","EAS"
"HG00636","Europe (North East)",0,0.716731228851457,0.545128627273532,"ok",4883749,4883749,0,12772,0,0,0,0,0,0,TRUE,0.4,"CHS","EAS"
"HG00652","Europe (North East)",0,0.718369990886476,0.540729703092428,"ok",4883749,4883749,0,12772,0,0,0,0,0,0,TRUE,0.4,"CHS","EAS"
"HG00655","Europe (North East)",0,0.714701937150767,0.534530210302094,"ok",4883749,4883749,0,12772,0,0,0,0,0,0,TRUE,0.4,"CHS","EAS"
"HG00658","Europe (North East)",0,0.714579992119255,0.538775861090436,"ok",4883749,4883749,0,12772,0,0,0,0,0,0,TRUE,0.4,"CHS","EAS"
"HG00664","Europe (North East)",0,0.715589978299155,0.541738080446866,"ok",4883749,4883749,0,12772,0,0,0,0,0,0,TRUE,0.4,"CHS","EAS"
"HG00673","Europe (North East)",0,0.715393786052234,0.539610083411107,"ok",4883749,4883749,0,12772,0,0,0,0,0,0,TRUE,0.4,"CHS","EAS"
"HG00685","Europe (North East)",0,0.717061647864211,0.538739932389877,"ok",4883749,4883749,0,12772,0,0,0,0,0,0,TRUE,0.4,"CHS","EAS"
"HG00691","Europe (North East)",0,0.715937155519853,0.53958846250617,"ok",4883749,4883749,0,12772,0,0,0,0,0,0,TRUE,0.4,"CHS","EAS"
"HG00694","Europe (North East)",0,0.711371370657424,0.542831691816604,"ok",4883749,4883749,0,12772,0,0,0,0,0,0,TRUE,0.4,"CHS","EAS"
"HG00700","Europe (North East)",0,0.713110602290062,0.535461201415862,"ok",4883749,4883749,0,12772,0,0,0,0,0,0,TRUE,0.4,"CHS","EAS"
"HG00702","Europe (North East)",0,0.717149698831473,0.542439008597877,"ok",4883749,4883749,0,12772,0,0,0,0,0,0,TRUE,0.4,"CHS","EAS"
"HG00703","Europe (North East)",0,0.713631885481449,0.541790769565708,"ok",4883749,4883749,0,12772,0,0,0,0,0,0,TRUE,0.4,"CHS","EAS"
"HG00706","Europe (North East)",0,0.714686293079577,0.541829387744172,"ok",4883749,4883749,0,12772,0,0,0,0,0,0,TRUE,0.4,"CHS","EAS"
"HG00709","Europe (North East)",0,0.717828882834079,0.54130529387355,"ok",4883749,4883749,0,12772,0,0,0,0,0,0,TRUE,0.4,"CHS","EAS"
"HG00405","Europe (South East)",0,0.712851074148392,0.537116129184676,"ok",4883749,4883749,0,12772,0,0,0,0,0,0,TRUE,0.4,"CHS","EAS"
"HG00408","Europe (South East)",0,0.714682660612823,0.5389071589946,"ok",4883749,4883749,0,12772,0,0,0,0,0,0,TRUE,0.4,"CHS","EAS"
"HG00420","Europe (South East)",0,0.71676396065674,0.539318813916578,"ok",4883749,4883749,0,12772,0,0,0,0,0,0,TRUE,0.4,"CHS","EAS"
"HG00423","Europe (South East)",0,0.716586561055951,0.537894111037382,"ok",4883749,4883749,0,12772,0,0,0,0,0,0,TRUE,0.4,"CHS","EAS"
"HG00429","Europe (South East)",0,0.714448946626795,0.536551857604859,"ok",4883749,4883749,0,12772,0,0,0,0,0,0,TRUE,0.4,"CHS","EAS"
"HG00438","Europe (South East)",0,0.714668174330662,0.535101905699734,"ok",4883749,4883749,0,12772,0,0,0,0,0,0,TRUE,0.4,"CHS","EAS"
"HG00444","Europe (South East)",0,0.717483504891216,0.539044648686095,"ok",4883749,4883749,0,12772,0,0,0,0,0,0,TRUE,0.4,"CHS","EAS"
"HG00447","Europe (South East)",0,0.712013686856722,0.538120965070716,"ok",4883749,4883749,0,12772,0,0,0,0,0,0,TRUE,0.4,"CHS","EAS"
"HG00450","Europe (South East)",0,0.70904653264316,0.534823084107978,"ok",4883749,4883749,0,12772,0,0,0,0,0,0,TRUE,0.4,"CHS","EAS"
"HG00453","Europe (South East)",0,0.713607279260194,0.538303846633964,"ok",4883749,4883749,0,12772,0,0,0,0,0,0,TRUE,0.4,"CHS","EAS"
"HG00459","Europe (South East)",0,0.713214449345277,0.538649413928347,"ok",4883749,4883749,0,12772,0,0,0,0,0,0,TRUE,0.4,"CHS","EAS"
"HG00465","Europe (South East)",0,0.716004504189473,0.538000991824947,"ok",4883749,4883749,0,12772,0,0,0,0,0,0,TRUE,0.4,"CHS","EAS"
"HG00474","Europe (South East)",0,0.714599596618317,0.53684697428828,"ok",4883749,4883749,0,12772,0,0,0,0,0,0,TRUE,0.4,"CHS","EAS"
"HG00477","Europe (South East)",0,0.714732225313437,0.540914267160534,"ok",4883749,4883749,0,12772,0,0,0,0,0,0,TRUE,0.4,"CHS","EAS"
"HG00480","Europe (South East)",0,0.71547979563432,0.538522118725422,"ok",4883749,4883749,0,12772,0,0,0,0,0,0,TRUE,0.4,"CHS","EAS"
"HG00502","Europe (South East)",0,0.715162853226249,0.541162934704921,"ok",4883749,4883749,0,12772,0,0,0,0,0,0,TRUE,0.4,"CHS","EAS"
"HG00514","Europe (South East)",0,0.712528990733236,0.53639376870714,"ok",4883749,4883749,0,12772,0,0,0,0,0,0,TRUE,0.4,"CHS","EAS"
"HG00526","Europe (South East)",0,0.711356709155079,0.538494306424924,"ok",4883749,4883749,0,12772,0,0,0,0,0,0,TRUE,0.4,"CHS","EAS"
"HG00532","Europe (South East)",0,0.714202502904015,0.542007086165085,"ok",4883749,4883749,0,12772,0,0,0,0,0,0,TRUE,0.4,"CHS","EAS"
"HG00535","Europe (South East)",0,0.711921399358911,0.539318569020405,"ok",4883749,4883749,0,12772,0,0,0,0,0,0,TRUE,0.4,"CHS","EAS"
"HG00538","Europe (South East)",0,0.711901820781846,0.536490961822141,"ok",4883749,4883749,0,12772,0,0,0,0,0,0,TRUE,0.4,"CHS","EAS"
"HG00544","Europe (South East)",0,0.715104133611083,0.537426176172878,"ok",4883749,4883749,0,12772,0,0,0,0,0,0,TRUE,0.4,"CHS","EAS"
"HG00558","Europe (South East)",0,0.714550095899922,0.539636889559554,"ok",4883749,4883749,0,12772,0,0,0,0,0,0,TRUE,0.4,"CHS","EAS"
"HG00561","Europe (South East)",0,0.714692648962468,0.536120864239896,"ok",4883749,4883749,0,12772,0,0,0,0,0,0,TRUE,0.4,"CHS","EAS"
"HG00567","Europe (South East)",0,0.713032385951462,0.533142227186526,"ok",4883749,4883749,0,12772,0,0,0,0,0,0,TRUE,0.4,"CHS","EAS"
"HG00579","Europe (South East)",0,0.714945906393028,0.538980470713065,"ok",4883749,4883749,0,12772,0,0,0,0,0,0,TRUE,0.4,"CHS","EAS"
"HG00582","Europe (South East)",0,0.715309615748991,0.542322301525919,"ok",4883749,4883749,0,12772,0,0,0,0,0,0,TRUE,0.4,"CHS","EAS"
"HG00585","Europe (South East)",0,0.715142703698265,0.538830324354613,"ok",4883749,4883749,0,12772,0,0,0,0,0,0,TRUE,0.4,"CHS","EAS"
"HG00591","Europe (South East)",0,0.712261445143963,0.540758349321678,"ok",4883749,4883749,0,12772,0,0,0,0,0,0,TRUE,0.4,"CHS","EAS"
"HG00594","Europe (South East)",0,0.713495814259738,0.540920694510424,"ok",4883749,4883749,0,12772,0,0,0,0,0,0,TRUE,0.4,"CHS","EAS"
"HG00597","Europe (South East)",0,0.713969934926353,0.535456983542127,"ok",4883749,4883749,0,12772,0,0,0,0,0,0,TRUE,0.4,"CHS","EAS"
"HG00609","Europe (South East)",0,0.71579398389186,0.538618658906497,"ok",4883749,4883749,0,12772,0,0,0,0,0,0,TRUE,0.4,"CHS","EAS"
"HG00612","Europe (South East)",0,0.714510174321365,0.542579524965932,"ok",4883749,4883749,0,12772,0,0,0,0,0,0,TRUE,0.4,"CHS","EAS"
"HG00615","Europe (South East)",0,0.713270702029839,0.537185153763254,"ok",4883749,4883749,0,12772,0,0,0,0,0,0,TRUE,0.4,"CHS","EAS"
"HG00621","Europe (South East)",0,0.716144007525593,0.54052836060065,"ok",4883749,4883749,0,12772,0,0,0,0,0,0,TRUE,0.4,"CHS","EAS"
"HG00627","Europe (South East)",0,0.71485481554155,0.536575902088071,"ok",4883749,4883749,0,12772,0,0,0,0,0,0,TRUE,0.4,"CHS","EAS"
"HG00630","Europe (South East)",0,0.712341356426684,0.538448723701744,"ok",4883749,4883749,0,12772,0,0,0,0,0,0,TRUE,0.4,"CHS","EAS"
"HG00636","Europe (South East)",0,0.716731228851457,0.543207496303384,"ok",4883749,4883749,0,12772,0,0,0,0,0,0,TRUE,0.4,"CHS","EAS"
"HG00652","Europe (South East)",0,0.718369990886476,0.538727989163797,"ok",4883749,4883749,0,12772,0,0,0,0,0,0,TRUE,0.4,"CHS","EAS"
"HG00655","Europe (South East)",0,0.714701937150767,0.533348112458081,"ok",4883749,4883749,0,12772,0,0,0,0,0,0,TRUE,0.4,"CHS","EAS"
"HG00658","Europe (South East)",0,0.714579992119255,0.536781768572571,"ok",4883749,4883749,0,12772,0,0,0,0,0,0,TRUE,0.4,"CHS","EAS"
"HG00664","Europe (South East)",0,0.715589978299155,0.540344038052139,"ok",4883749,4883749,0,12772,0,0,0,0,0,0,TRUE,0.4,"CHS","EAS"
"HG00673","Europe (South East)",0,0.715393786052234,0.538103138449336,"ok",4883749,4883749,0,12772,0,0,0,0,0,0,TRUE,0.4,"CHS","EAS"
"HG00685","Europe (South East)",0,0.717061647864211,0.537699650468926,"ok",4883749,4883749,0,12772,0,0,0,0,0,0,TRUE,0.4,"CHS","EAS"
"HG00691","Europe (South East)",0,0.715937155519853,0.538161144062521,"ok",4883749,4883749,0,12772,0,0,0,0,0,0,TRUE,0.4,"CHS","EAS"
"HG00694","Europe (South East)",0,0.711371370657424,0.540944179340835,"ok",4883749,4883749,0,12772,0,0,0,0,0,0,TRUE,0.4,"CHS","EAS"
"HG00700","Europe (South East)",0,0.713110602290062,0.533683494548527,"ok",4883749,4883749,0,12772,0,0,0,0,0,0,TRUE,0.4,"CHS","EAS"
"HG00702","Europe (South East)",0,0.717149698831473,0.540117627104241,"ok",4883749,4883749,0,12772,0,0,0,0,0,0,TRUE,0.4,"CHS","EAS"
"HG00703","Europe (South East)",0,0.713631885481449,0.540035791557464,"ok",4883749,4883749,0,12772,0,0,0,0,0,0,TRUE,0.4,"CHS","EAS"
"HG00706","Europe (South East)",0,0.714686293079577,0.540255695489709,"ok",4883749,4883749,0,12772,0,0,0,0,0,0,TRUE,0.4,"CHS","EAS"
"HG00709","Europe (South East)",0,0.717828882834079,0.539916616896164,"ok",4883749,4883749,0,12772,0,0,0,0,0,0,TRUE,0.4,"CHS","EAS"
"HG00405","Europe (South West)",0,0.712851074148392,0.533435069741099,"ok",4883749,4883749,0,12772,0,0,0,0,0,0,TRUE,0.4,"CHS","EAS"
"HG00408","Europe (South West)",0,0.714682660612823,0.535353992584121,"ok",4883749,4883749,0,12772,0,0,0,0,0,0,TRUE,0.4,"CHS","EAS"
"HG00420","Europe (South West)",0,0.71676396065674,0.535520309901847,"ok",4883749,4883749,0,12772,0,0,0,0,0,0,TRUE,0.4,"CHS","EAS"
"HG00423","Europe (South West)",0,0.716586561055951,0.535325148771206,"ok",4883749,4883749,0,12772,0,0,0,0,0,0,TRUE,0.4,"CHS","EAS"
"HG00429","Europe (South West)",0,0.714448946626795,0.53332998649178,"ok",4883749,4883749,0,12772,0,0,0,0,0,0,TRUE,0.4,"CHS","EAS"
"HG00438","Europe (South West)",0,0.714668174330662,0.531450518200645,"ok",4883749,4883749,0,12772,0,0,0,0,0,0,TRUE,0.4,"CHS","EAS"
"HG00444","Europe (South West)",0,0.717483504891216,0.535536391346704,"ok",4883749,4883749,0,12772,0,0,0,0,0,0,TRUE,0.4,"CHS","EAS"
"HG00447","Europe (South West)",0,0.712013686856722,0.533905893706609,"ok",4883749,4883749,0,12772,0,0,0,0,0,0,TRUE,0.4,"CHS","EAS"
"HG00450","Europe (South West)",0,0.70904653264316,0.531662709258932,"ok",4883749,4883749,0,12772,0,0,0,0,0,0,TRUE,0.4,"CHS","EAS"
"HG00453","Europe (South West)",0,0.713607279260194,0.534648727606851,"ok",4883749,4883749,0,12772,0,0,0,0,0,0,TRUE,0.4,"CHS","EAS"
"HG00459","Europe (South West)",0,0.713214449345277,0.535340466555334,"ok",4883749,4883749,0,12772,0,0,0,0,0,0,TRUE,0.4,"CHS","EAS"
"HG00465","Europe (South West)",0,0.716004504189473,0.53471528044571,"ok",4883749,4883749,0,12772,0,0,0,0,0,0,TRUE,0.4,"CHS","EAS"
"HG00474","Europe (South West)",0,0.714599596618317,0.533420007363771,"ok",4883749,4883749,0,12772,0,0,0,0,0,0,TRUE,0.4,"CHS","EAS"
"HG00477","Europe (South West)",0,0.714732225313437,0.538304632087301,"ok",4883749,4883749,0,12772,0,0,0,0,0,0,TRUE,0.4,"CHS","EAS"
"HG00480","Europe (South West)",0,0.71547979563432,0.534875239182138,"ok",4883749,4883749,0,12772,0,0,0,0,0,0,TRUE,0.4,"CHS","EAS"
"HG00502","Europe (South West)",0,0.715162853226249,0.537154766477147,"ok",4883749,4883749,0,12772,0,0,0,0,0,0,TRUE,0.4,"CHS","EAS"
"HG00514","Europe (South West)",0,0.712528990733236,0.53223874356792,"ok",4883749,4883749,0,12772,0,0,0,0,0,0,TRUE,0.4,"CHS","EAS"
"HG00526","Europe (South West)",0,0.711356709155079,0.534728778493258,"ok",4883749,4883749,0,12772,0,0,0,0,0,0,TRUE,0.4,"CHS","EAS"
"HG00532","Europe (South West)",0,0.714202502904015,0.538917610476063,"ok",4883749,4883749,0,12772,0,0,0,0,0,0,TRUE,0.4,"CHS","EAS"
"HG00535","Europe (South West)",0,0.711921399358911,0.535540493771372,"ok",4883749,4883749,0,12772,0,0,0,0,0,0,TRUE,0.4,"CHS","EAS"
"HG00538","Europe (South West)",0,0.711901820781846,0.533092263504785,"ok",4883749,4883749,0,12772,0,0,0,0,0,0,TRUE,0.4,"CHS","EAS"
"HG00544","Europe (South West)",0,0.715104133611083,0.534299005871755,"ok",4883749,4883749,0,12772,0,0,0,0,0,0,TRUE,0.4,"CHS","EAS"
"HG00558","Europe (South West)",0,0.714550095899922,0.535284858081815,"ok",4883749,4883749,0,12772,0,0,0,0,0,0,TRUE,0.4,"CHS","EAS"
"HG00561","Europe (South West)",0,0.714692648962468,0.533051463445729,"ok",4883749,4883749,0,12772,0,0,0,0,0,0,TRUE,0.4,"CHS","EAS"
"HG00567","Europe (South West)",0,0.713032385951462,0.529901908959512,"ok",4883749,4883749,0,12772,0,0,0,0,0,0,TRUE,0.4,"CHS","EAS"
"HG00579","Europe (South West)",0,0.714945906393028,0.535746677747546,"ok",4883749,4883749,0,12772,0,0,0,0,0,0,TRUE,0.4,"CHS","EAS"
"HG00582","Europe (South West)",0,0.715309615748991,0.539170507582463,"ok",4883749,4883749,0,12772,0,0,0,0,0,0,TRUE,0.4,"CHS","EAS"
"HG00585","Europe (South West)",0,0.715142703698265,0.535547401803499,"ok",4883749,4883749,0,12772,0,0,0,0,0,0,TRUE,0.4,"CHS","EAS"
"HG00591","Europe (South West)",0,0.712261445143963,0.53655736161803,"ok",4883749,4883749,0,12772,0,0,0,0,0,0,TRUE,0.4,"CHS","EAS"
"HG00594","Europe (South West)",0,0.713495814259738,0.537064142270155,"ok",4883749,4883749,0,12772,0,0,0,0,0,0,TRUE,0.4,"CHS","EAS"
"HG00597","Europe (South West)",0,0.713969934926353,0.531962016729905,"ok",4883749,4883749,0,12772,0,0,0,0,0,0,TRUE,0.4,"CHS","EAS"
"HG00609","Europe (South West)",0,0.71579398389186,0.535165891935734,"ok",4883749,4883749,0,12772,0,0,0,0,0,0,TRUE,0.4,"CHS","EAS"
"HG00612","Europe (South West)",0,0.714510174321365,0.539071239179103,"ok",4883749,4883749,0,12772,0,0,0,0,0,0,TRUE,0.4,"CHS","EAS"
"HG00615","Europe (South West)",0,0.713270702029839,0.533699196122,"ok",4883749,4883749,0,12772,0,0,0,0,0,0,TRUE,0.4,"CHS","EAS"
"HG00621","Europe (South West)",0,0.716144007525593,0.536698641404133,"ok",4883749,4883749,0,12772,0,0,0,0,0,0,TRUE,0.4,"CHS","EAS"
"HG00627","Europe (South West)",0,0.71485481554155,0.532915654487914,"ok",4883749,4883749,0,12772,0,0,0,0,0,0,TRUE,0.4,"CHS","EAS"
"HG00630","Europe (South West)",0,0.712341356426684,0.535295388892574,"ok",4883749,4883749,0,12772,0,0,0,0,0,0,TRUE,0.4,"CHS","EAS"
"HG00636","Europe (South West)",0,0.716731228851457,0.540015850224946,"ok",4883749,4883749,0,12772,0,0,0,0,0,0,TRUE,0.4,"CHS","EAS"
"HG00652","Europe (South West)",0,0.718369990886476,0.535998067062827,"ok",4883749,4883749,0,12772,0,0,0,0,0,0,TRUE,0.4,"CHS","EAS"
"HG00655","Europe (South West)",0,0.714701937150767,0.529943350994919,"ok",4883749,4883749,0,12772,0,0,0,0,0,0,TRUE,0.4,"CHS","EAS"
"HG00658","Europe (South West)",0,0.714579992119255,0.53261402429986,"ok",4883749,4883749,0,12772,0,0,0,0,0,0,TRUE,0.4,"CHS","EAS"
"HG00664","Europe (South West)",0,0.715589978299155,0.53726810157731,"ok",4883749,4883749,0,12772,0,0,0,0,0,0,TRUE,0.4,"CHS","EAS"
"HG00673","Europe (South West)",0,0.715393786052234,0.534148960984928,"ok",4883749,4883749,0,12772,0,0,0,0,0,0,TRUE,0.4,"CHS","EAS"
"HG00685","Europe (South West)",0,0.717061647864211,0.533868353437769,"ok",4883749,4883749,0,12772,0,0,0,0,0,0,TRUE,0.4,"CHS","EAS"
"HG00691","Europe (South West)",0,0.715937155519853,0.534416249616348,"ok",4883749,4883749,0,12772,0,0,0,0,0,0,TRUE,0.4,"CHS","EAS"
"HG00694","Europe (South West)",0,0.711371370657424,0.537352081913619,"ok",4883749,4883749,0,12772,0,0,0,0,0,0,TRUE,0.4,"CHS","EAS"
"HG00700","Europe (South West)",0,0.713110602290062,0.5307596419556,"ok",4883749,4883749,0,12772,0,0,0,0,0,0,TRUE,0.4,"CHS","EAS"
"HG00702","Europe (South West)",0,0.717149698831473,0.536216418472884,"ok",4883749,4883749,0,12772,0,0,0,0,0,0,TRUE,0.4,"CHS","EAS"
"HG00703","Europe (South West)",0,0.713631885481449,0.536293547651526,"ok",4883749,4883749,0,12772,0,0,0,0,0,0,TRUE,0.4,"CHS","EAS"
"HG00706","Europe (South West)",0,0.714686293079577,0.536459056292194,"ok",4883749,4883749,0,12772,0,0,0,0,0,0,TRUE,0.4,"CHS","EAS"
"HG00709","Europe (South West)",0,0.717828882834079,0.536751044819239,"ok",4883749,4883749,0,12772,0,0,0,0,0,0,TRUE,0.4,"CHS","EAS"
"HG00405","Finland",0,0.712851074148392,0.547281735787036,"ok",4883749,4883749,0,12772,0,0,0,0,0,0,TRUE,0.4,"CHS","EAS"
"HG00408","Finland",0,0.714682660612823,0.547872218554737,"ok",4883749,4883749,0,12772,0,0,0,0,0,0,TRUE,0.4,"CHS","EAS"
"HG00420","Finland",0,0.71676396065674,0.549087505548402,"ok",4883749,4883749,0,12772,0,0,0,0,0,0,TRUE,0.4,"CHS","EAS"
"HG00423","Finland",0,0.716586561055951,0.548493365478505,"ok",4883749,4883749,0,12772,0,0,0,0,0,0,TRUE,0.4,"CHS","EAS"
"HG00429","Finland",0,0.714448946626795,0.545280252745246,"ok",4883749,4883749,0,12772,0,0,0,0,0,0,TRUE,0.4,"CHS","EAS"
"HG00438","Finland",0,0.714668174330662,0.545287883187602,"ok",4883749,4883749,0,12772,0,0,0,0,0,0,TRUE,0.4,"CHS","EAS"
"HG00444","Finland",0,0.717483504891216,0.549122160936095,"ok",4883749,4883749,0,12772,0,0,0,0,0,0,TRUE,0.4,"CHS","EAS"
"HG00447","Finland",0,0.712013686856722,0.548549474886468,"ok",4883749,4883749,0,12772,0,0,0,0,0,0,TRUE,0.4,"CHS","EAS"
"HG00450","Finland",0,0.70904653264316,0.5445207723429,"ok",4883749,4883749,0,12772,0,0,0,0,0,0,TRUE,0.4,"CHS","EAS"
"HG00453","Finland",0,0.713607279260194,0.54809383005213,"ok",4883749,4883749,0,12772,0,0,0,0,0,0,TRUE,0.4,"CHS","EAS"
"HG00459","Finland",0,0.713214449345277,0.547212154234103,"ok",4883749,4883749,0,12772,0,0,0,0,0,0,TRUE,0.4,"CHS","EAS"
"HG00465","Finland",0,0.716004504189473,0.547107999296034,"ok",4883749,4883749,0,12772,0,0,0,0,0,0,TRUE,0.4,"CHS","EAS"
"HG00474","Finland",0,0.714599596618317,0.54556818151989,"ok",4883749,4883749,0,12772,0,0,0,0,0,0,TRUE,0.4,"CHS","EAS"
"HG00477","Finland",0,0.714732225313437,0.550516687541863,"ok",4883749,4883749,0,12772,0,0,0,0,0,0,TRUE,0.4,"CHS","EAS"
"HG00480","Finland",0,0.71547979563432,0.547619050477519,"ok",4883749,4883749,0,12772,0,0,0,0,0,0,TRUE,0.4,"CHS","EAS"
"HG00502","Finland",0,0.715162853226249,0.550676429027292,"ok",4883749,4883749,0,12772,0,0,0,0,0,0,TRUE,0.4,"CHS","EAS"
"HG00514","Finland",0,0.712528990733236,0.54610791317929,"ok",4883749,4883749,0,12772,0,0,0,0,0,0,TRUE,0.4,"CHS","EAS"
"HG00526","Finland",0,0.711356709155079,0.547891117584095,"ok",4883749,4883749,0,12772,0,0,0,0,0,0,TRUE,0.4,"CHS","EAS"
"HG00532","Finland",0,0.714202502904015,0.551181403450744,"ok",4883749,4883749,0,12772,0,0,0,0,0,0,TRUE,0.4,"CHS","EAS"
"HG00535","Finland",0,0.711921399358911,0.550840301811839,"ok",4883749,4883749,0,12772,0,0,0,0,0,0,TRUE,0.4,"CHS","EAS"
"HG00538","Finland",0,0.711901820781846,0.545768285881379,"ok",4883749,4883749,0,12772,0,0,0,0,0,0,TRUE,0.4,"CHS","EAS"
"HG00544","Finland",0,0.715104133611083,0.54609479584846,"ok",4883749,4883749,0,12772,0,0,0,0,0,0,TRUE,0.4,"CHS","EAS"
"HG00558","Finland",0,0.714550095899922,0.549417768295537,"ok",4883749,4883749,0,12772,0,0,0,0,0,0,TRUE,0.4,"CHS","EAS"
"HG00561","Finland",0,0.714692648962468,0.546111417585647,"ok",4883749,4883749,0,12772,0,0,0,0,0,0,TRUE,0.4,"CHS","EAS"
"HG00567","Finland",0,0.713032385951462,0.543224165079964,"ok",4883749,4883749,0,12772,0,0,0,0,0,0,TRUE,0.4,"CHS","EAS"
"HG00579","Finland",0,0.714945906393028,0.549798432151501,"ok",4883749,4883749,0,12772,0,0,0,0,0,0,TRUE,0.4,"CHS","EAS"
"HG00582","Finland",0,0.715309615748991,0.55268870666542,"ok",4883749,4883749,0,12772,0,0,0,0,0,0,TRUE,0.4,"CHS","EAS"
"HG00585","Finland",0,0.715142703698265,0.548097463339355,"ok",4883749,4883749,0,12772,0,0,0,0,0,0,TRUE,0.4,"CHS","EAS"
"HG00591","Finland",0.0036123,0.712261445143963,0.55058910996717,"ok",4883749,4883749,0,12772,0,0,0,0,0,0,TRUE,0.4,"CHS","EAS"
"HG00594","Finland",0,0.713495814259738,0.550343926369927,"ok",4883749,4883749,0,12772,0,0,0,0,0,0,TRUE,0.4,"CHS","EAS"
"HG00597","Finland",0,0.713969934926353,0.544428769006116,"ok",4883749,4883749,0,12772,0,0,0,0,0,0,TRUE,0.4,"CHS","EAS"
"HG00609","Finland",0,0.71579398389186,0.548257526061352,"ok",4883749,4883749,0,12772,0,0,0,0,0,0,TRUE,0.4,"CHS","EAS"
"HG00612","Finland",0,0.714510174321365,0.551818811646434,"ok",4883749,4883749,0,12772,0,0,0,0,0,0,TRUE,0.4,"CHS","EAS"
"HG00615","Finland",0,0.713270702029839,0.548725120741201,"ok",4883749,4883749,0,12772,0,0,0,0,0,0,TRUE,0.4,"CHS","EAS"
"HG00621","Finland",0,0.716144007525593,0.549660742937182,"ok",4883749,4883749,0,12772,0,0,0,0,0,0,TRUE,0.4,"CHS","EAS"
"HG00627","Finland",0,0.71485481554155,0.547272639094731,"ok",4883749,4883749,0,12772,0,0,0,0,0,0,TRUE,0.4,"CHS","EAS"
"HG00630","Finland",0,0.712341356426684,0.549262627729114,"ok",4883749,4883749,0,12772,0,0,0,0,0,0,TRUE,0.4,"CHS","EAS"
"HG00636","Finland",0,0.716731228851457,0.55297524615292,"ok",4883749,4883749,0,12772,0,0,0,0,0,0,TRUE,0.4,"CHS","EAS"
"HG00652","Finland",0,0.718369990886476,0.548697250106276,"ok",4883749,4883749,0,12772,0,0,0,0,0,0,TRUE,0.4,"CHS","EAS"
"HG00655","Finland",0,0.714701937150767,0.542133401449436,"ok",4883749,4883749,0,12772,0,0,0,0,0,0,TRUE,0.4,"CHS","EAS"
"HG00658","Finland",0,0.714579992119255,0.546543446892356,"ok",4883749,4883749,0,12772,0,0,0,0,0,0,TRUE,0.4,"CHS","EAS"
"HG00664","Finland",0,0.715589978299155,0.54942314560774,"ok",4883749,4883749,0,12772,0,0,0,0,0,0,TRUE,0.4,"CHS","EAS"
"HG00673","Finland",0,0.715393786052234,0.548121111320356,"ok",4883749,4883749,0,12772,0,0,0,0,0,0,TRUE,0.4,"CHS","EAS"
"HG00685","Finland",0,0.717061647864211,0.546372927362316,"ok",4883749,4883749,0,12772,0,0,0,0,0,0,TRUE,0.4,"CHS","EAS"
"HG00691","Finland",0,0.715937155519853,0.547088250325232,"ok",4883749,4883749,0,12772,0,0,0,0,0,0,TRUE,0.4,"CHS","EAS"
"HG00694","Finland",0,0.711371370657424,0.550720343357731,"ok",4883749,4883749,0,12772,0,0,0,0,0,0,TRUE,0.4,"CHS","EAS"
"HG00700","Finland",0,0.713110602290062,0.542908444664349,"ok",4883749,4883749,0,12772,0,0,0,0,0,0,TRUE,0.4,"CHS","EAS"
"HG00702","Finland",0,0.717149698831473,0.550191601475133,"ok",4883749,4883749,0,12772,0,0,0,0,0,0,TRUE,0.4,"CHS","EAS"
"HG00703","Finland",0,0.713631885481449,0.549053411177487,"ok",4883749,4883749,0,12772,0,0,0,0,0,0,TRUE,0.4,"CHS","EAS"
"HG00706","Finland",0,0.714686293079577,0.549939236104123,"ok",4883749,4883749,0,12772,0,0,0,0,0,0,TRUE,0.4,"CHS","EAS"
"HG00709","Finland",0,0.717828882834079,0.548467868110753,"ok",4883749,4883749,0,12772,0,0,0,0,0,0,TRUE,0.4,"CHS","EAS"
"HG00405","Ireland",0,0.712851074148392,0.532423419375805,"ok",4883749,4883749,0,12772,0,0,0,0,0,0,TRUE,0.4,"CHS","EAS"
"HG00408","Ireland",0,0.714682660612823,0.534186877148988,"ok",4883749,4883749,0,12772,0,0,0,0,0,0,TRUE,0.4,"CHS","EAS"
"HG00420","Ireland",0,0.71676396065674,0.535097499658943,"ok",4883749,4883749,0,12772,0,0,0,0,0,0,TRUE,0.4,"CHS","EAS"
"HG00423","Ireland",0,0.716586561055951,0.534270926220234,"ok",4883749,4883749,0,12772,0,0,0,0,0,0,TRUE,0.4,"CHS","EAS"
"HG00429","Ireland",0,0.714448946626795,0.532126259115331,"ok",4883749,4883749,0,12772,0,0,0,0,0,0,TRUE,0.4,"CHS","EAS"
"HG00438","Ireland",0,0.714668174330662,0.530507483571288,"ok",4883749,4883749,0,12772,0,0,0,0,0,0,TRUE,0.4,"CHS","EAS"
"HG00444","Ireland",0,0.717483504891216,0.534991796626411,"ok",4883749,4883749,0,12772,0,0,0,0,0,0,TRUE,0.4,"CHS","EAS"
"HG00447","Ireland",0,0.712013686856722,0.533612741414609,"ok",4883749,4883749,0,12772,0,0,0,0,0,0,TRUE,0.4,"CHS","EAS"
"HG00450","Ireland",0,0.70904653264316,0.530903631930658,"ok",4883749,4883749,0,12772,0,0,0,0,0,0,TRUE,0.4,"CHS","EAS"
"HG00453","Ireland",0,0.713607279260194,0.533424246060668,"ok",4883749,4883749,0,12772,0,0,0,0,0,0,TRUE,0.4,"CHS","EAS"
"HG00459","Ireland",0,0.713214449345277,0.534174108125416,"ok",4883749,4883749,0,12772,0,0,0,0,0,0,TRUE,0.4,"CHS","EAS"
"HG00465","Ireland",0,0.716004504189473,0.533158501171294,"ok",4883749,4883749,0,12772,0,0,0,0,0,0,TRUE,0.4,"CHS","EAS"
"HG00474","Ireland",0,0.714599596618317,0.531999754100262,"ok",4883749,4883749,0,12772,0,0,0,0,0,0,TRUE,0.4,"CHS","EAS"
"HG00477","Ireland",0,0.714732225313437,0.536544565263295,"ok",4883749,4883749,0,12772,0,0,0,0,0,0,TRUE,0.4,"CHS","EAS"
"HG00480","Ireland",0,0.71547979563432,0.533370939828496,"ok",4883749,4883749,0,12772,0,0,0,0,0,0,TRUE,0.4,"CHS","EAS"
"HG00502","Ireland",0,0.715162853226249,0.53651370217158,"ok",4883749,4883749,0,12772,0,0,0,0,0,0,TRUE,0.4,"CHS","EAS"
"HG00514","Ireland",0,0.712528990733236,0.531868923434964,"ok",4883749,4883749,0,12772,0,0,0,0,0,0,TRUE,0.4,"CHS","EAS"
"HG00526","Ireland",0,0.711356709155079,0.534110263314304,"ok",4883749,4883749,0,12772,0,0,0,0,0,0,TRUE,0.4,"CHS","EAS"
"HG00532","Ireland",0,0.714202502904015,0.537002087310073,"ok",4883749,4883749,0,12772,0,0,0,0,0,0,TRUE,0.4,"CHS","EAS"
"HG00535","Ireland",0,0.711921399358911,0.535326429390189,"ok",4883749,4883749,0,12772,0,0,0,0,0,0,TRUE,0.4,"CHS","EAS"
"HG00538","Ireland",0,0.711901820781846,0.532332439894127,"ok",4883749,4883749,0,12772,0,0,0,0,0,0,TRUE,0.4,"CHS","EAS"
"HG00544","Ireland",0,0.715104133611083,0.533303004478603,"ok",4883749,4883749,0,12772,0,0,0,0,0,0,TRUE,0.4,"CHS","EAS"
"HG00558","Ireland",0,0.714550095899922,0.534680856482789,"ok",4883749,4883749,0,12772,0,0,0,0,0,0,TRUE,0.4,"CHS","EAS"
"HG00561","Ireland",0,0.714692648962468,0.532111182556699,"ok",4883749,4883749,0,12772,0,0,0,0,0,0,TRUE,0.4,"CHS","EAS"
"HG00567","Ireland",0,0.713032385951462,0.528740111285416,"ok",4883749,4883749,0,12772,0,0,0,0,0,0,TRUE,0.4,"CHS","EAS"
"HG00579","Ireland",0,0.714945906393028,0.535375112053102,"ok",4883749,4883749,0,12772,0,0,0,0,0,0,TRUE,0.4,"CHS","EAS"
"HG00582","Ireland",0,0.715309615748991,0.538193362626148,"ok",4883749,4883749,0,12772,0,0,0,0,0,0,TRUE,0.4,"CHS","EAS"
"HG00585","Ireland",0,0.715142703698265,0.533684348802953,"ok",4883749,4883749,0,12772,0,0,0,0,0,0,TRUE,0.4,"CHS","EAS"
"HG00591","Ireland",0,0.712261445143963,0.535800710922675,"ok",4883749,4883749,0,12772,0,0,0,0,0,0,TRUE,0.4,"CHS","EAS"
"HG00594","Ireland",0,0.713495814259738,0.53658012465202,"ok",4883749,4883749,0,12772,0,0,0,0,0,0,TRUE,0.4,"CHS","EAS"
"HG00597","Ireland",0,0.713969934926353,0.530549644745998,"ok",4883749,4883749,0,12772,0,0,0,0,0,0,TRUE,0.4,"CHS","EAS"
"HG00609","Ireland",0,0.71579398389186,0.534423243933703,"ok",4883749,4883749,0,12772,0,0,0,0,0,0,TRUE,0.4,"CHS","EAS"
"HG00612","Ireland",0,0.714510174321365,0.538316731959514,"ok",4883749,4883749,0,12772,0,0,0,0,0,0,TRUE,0.4,"CHS","EAS"
"HG00615","Ireland",0,0.713270702029839,0.533011221622511,"ok",4883749,4883749,0,12772,0,0,0,0,0,0,TRUE,0.4,"CHS","EAS"
"HG00621","Ireland",0,0.716144007525593,0.536106087010105,"ok",4883749,4883749,0,12772,0,0,0,0,0,0,TRUE,0.4,"CHS","EAS"
"HG00627","Ireland",0,0.71485481554155,0.531550365165659,"ok",4883749,4883749,0,12772,0,0,0,0,0,0,TRUE,0.4,"CHS","EAS"
"HG00630","Ireland",0,0.712341356426684,0.534099046340409,"ok",4883749,4883749,0,12772,0,0,0,0,0,0,TRUE,0.4,"CHS","EAS"
"HG00636","Ireland",0,0.716731228851457,0.538758889998524,"ok",4883749,4883749,0,12772,0,0,0,0,0,0,TRUE,0.4,"CHS","EAS"
"HG00652","Ireland",0,0.718369990886476,0.534855980632347,"ok",4883749,4883749,0,12772,0,0,0,0,0,0,TRUE,0.4,"CHS","EAS"
"HG00655","Ireland",0,0.714701937150767,0.527768975373707,"ok",4883749,4883749,0,12772,0,0,0,0,0,0,TRUE,0.4,"CHS","EAS"
"HG00658","Ireland",0,0.714579992119255,0.531215447400717,"ok",4883749,4883749,0,12772,0,0,0,0,0,0,TRUE,0.4,"CHS","EAS"
"HG00664","Ireland",0,0.715589978299155,0.535416664220514,"ok",4883749,4883749,0,12772,0,0,0,0,0,0,TRUE,0.4,"CHS","EAS"
"HG00673","Ireland",0,0.715393786052234,0.533271721963128,"ok",4883749,4883749,0,12772,0,0,0,0,0,0,TRUE,0.4,"CHS","EAS"
"HG00685","Ireland",0,0.717061647864211,0.531802015211492,"ok",4883749,4883749,0,12772,0,0,0,0,0,0,TRUE,0.4,"CHS","EAS"
"HG00691","Ireland",0,0.715937155519853,0.533450844637029,"ok",4883749,4883749,0,12772,0,0,0,0,0,0,TRUE,0.4,"CHS","EAS"
"HG00694","Ireland",0,0.711371370657424,0.536993079032907,"ok",4883749,4883749,0,12772,0,0,0,0,0,0,TRUE,0.4,"CHS","EAS"
"HG00700","Ireland",0,0.713110602290062,0.528947102911922,"ok",4883749,4883749,0,12772,0,0,0,0,0,0,TRUE,0.4,"CHS","EAS"
"HG00702","Ireland",0,0.717149698831473,0.535709745636865,"ok",4883749,4883749,0,12772,0,0,0,0,0,0,TRUE,0.4,"CHS","EAS"
"HG00703","Ireland",0,0.713631885481449,0.535503015804061,"ok",4883749,4883749,0,12772,0,0,0,0,0,0,TRUE,0.4,"CHS","EAS"
"HG00706","Ireland",0,0.714686293079577,0.535287693378897,"ok",4883749,4883749,0,12772,0,0,0,0,0,0,TRUE,0.4,"CHS","EAS"
"HG00709","Ireland",0,0.717828882834079,0.535577546656773,"ok",4883749,4883749,0,12772,0,0,0,0,0,0,TRUE,0.4,"CHS","EAS"
"HG00405","Italy",0,0.712851074148392,0.533580761633492,"ok",4883749,4883749,0,12772,0,0,0,0,0,0,TRUE,0.4,"CHS","EAS"
"HG00408","Italy",0,0.714682660612823,0.535314746146934,"ok",4883749,4883749,0,12772,0,0,0,0,0,0,TRUE,0.4,"CHS","EAS"
"HG00420","Italy",0,0.71676396065674,0.535397776940012,"ok",4883749,4883749,0,12772,0,0,0,0,0,0,TRUE,0.4,"CHS","EAS"
"HG00423","Italy",0,0.716586561055951,0.535044135804072,"ok",4883749,4883749,0,12772,0,0,0,0,0,0,TRUE,0.4,"CHS","EAS"
"HG00429","Italy",0,0.714448946626795,0.533538409255063,"ok",4883749,4883749,0,12772,0,0,0,0,0,0,TRUE,0.4,"CHS","EAS"
"HG00438","Italy",0,0.714668174330662,0.531619426209487,"ok",4883749,4883749,0,12772,0,0,0,0,0,0,TRUE,0.4,"CHS","EAS"
"HG00444","Italy",0,0.717483504891216,0.535371818348219,"ok",4883749,4883749,0,12772,0,0,0,0,0,0,TRUE,0.4,"CHS","EAS"
"HG00447","Italy",0,0.712013686856722,0.53390030424937,"ok",4883749,4883749,0,12772,0,0,0,0,0,0,TRUE,0.4,"CHS","EAS"
"HG00450","Italy",0,0.70904653264316,0.531771253091119,"ok",4883749,4883749,0,12772,0,0,0,0,0,0,TRUE,0.4,"CHS","EAS"
"HG00453","Italy",0,0.713607279260194,0.53479011181269,"ok",4883749,4883749,0,12772,0,0,0,0,0,0,TRUE,0.4,"CHS","EAS"
"HG00459","Italy",0,0.713214449345277,0.535761057081746,"ok",4883749,4883749,0,12772,0,0,0,0,0,0,TRUE,0.4,"CHS","EAS"
"HG00465","Italy",0,0.716004504189473,0.535082811467381,"ok",4883749,4883749,0,12772,0,0,0,0,0,0,TRUE,0.4,"CHS","EAS"
"HG00474","Italy",0,0.714599596618317,0.533466613655799,"ok",4883749,4883749,0,12772,0,0,0,0,0,0,TRUE,0.4,"CHS","EAS"
"HG00477","Italy",0,0.714732225313437,0.538179155904929,"ok",4883749,4883749,0,12772,0,0,0,0,0,0,TRUE,0.4,"CHS","EAS"
"HG00480","Italy",0,0.71547979563432,0.535438011629368,"ok",4883749,4883749,0,12772,0,0,0,0,0,0,TRUE,0.4,"CHS","EAS"
"HG00502","Italy",0,0.715162853226249,0.537415630654946,"ok",4883749,4883749,0,12772,0,0,0,0,0,0,TRUE,0.4,"CHS","EAS"
"HG00514","Italy",0,0.712528990733236,0.531989376991043,"ok",4883749,4883749,0,12772,0,0,0,0,0,0,TRUE,0.4,"CHS","EAS"
"HG00526","Italy",0,0.711356709155079,0.534758088810537,"ok",4883749,4883749,0,12772,0,0,0,0,0,0,TRUE,0.4,"CHS","EAS"
"HG00532","Italy",0,0.714202502904015,0.53868824372329,"ok",4883749,4883749,0,12772,0,0,0,0,0,0,TRUE,0.4,"CHS","EAS"
"HG00535","Italy",0,0.711921399358911,0.535585972379004,"ok",4883749,4883749,0,12772,0,0,0,0,0,0,TRUE,0.4,"CHS","EAS"
"HG00538","Italy",0,0.711901820781846,0.533127242978748,"ok",4883749,4883749,0,12772,0,0,0,0,0,0,TRUE,0.4,"CHS","EAS"
"HG00544","Italy",0,0.715104133611083,0.53438636694267,"ok",4883749,4883749,0,12772,0,0,0,0,0,0,TRUE,0.4,"CHS","EAS"
"HG00558","Italy",0,0.714550095899922,0.535194477938786,"ok",4883749,4883749,0,12772,0,0,0,0,0,0,TRUE,0.4,"CHS","EAS"
"HG00561","Italy",0,0.714692648962468,0.532758557039301,"ok",4883749,4883749,0,12772,0,0,0,0,0,0,TRUE,0.4,"CHS","EAS"
"HG00567","Italy",0,0.713032385951462,0.529442700686711,"ok",4883749,4883749,0,12772,0,0,0,0,0,0,TRUE,0.4,"CHS","EAS"
"HG00579","Italy",0,0.714945906393028,0.534944874440811,"ok",4883749,4883749,0,12772,0,0,0,0,0,0,TRUE,0.4,"CHS","EAS"
"HG00582","Italy",0,0.715309615748991,0.539265248657834,"ok",4883749,4883749,0,12772,0,0,0,0,0,0,TRUE,0.4,"CHS","EAS"
"HG00585","Italy",0,0.715142703698265,0.535646655258236,"ok",4883749,4883749,0,12772,0,0,0,0,0,0,TRUE,0.4,"CHS","EAS"
"HG00591","Italy",0,0.712261445143963,0.536688159228849,"ok",4883749,4883749,0,12772,0,0,0,0,0,0,TRUE,0.4,"CHS","EAS"
"HG00594","Italy",0,0.713495814259738,0.53675830546708,"ok",4883749,4883749,0,12772,0,0,0,0,0,0,TRUE,0.4,"CHS","EAS"
"HG00597","Italy",0,0.713969934926353,0.53243405343739,"ok",4883749,4883749,0,12772,0,0,0,0,0,0,TRUE,0.4,"CHS","EAS"
"HG00609","Italy",0,0.71579398389186,0.535271739594482,"ok",4883749,4883749,0,12772,0,0,0,0,0,0,TRUE,0.4,"CHS","EAS"
"HG00612","Italy",0,0.714510174321365,0.539052621940946,"ok",4883749,4883749,0,12772,0,0,0,0,0,0,TRUE,0.4,"CHS","EAS"
"HG00615","Italy",0,0.713270702029839,0.532988206938926,"ok",4883749,4883749,0,12772,0,0,0,0,0,0,TRUE,0.4,"CHS","EAS"
"HG00621","Italy",0,0.716144007525593,0.536970044393357,"ok",4883749,4883749,0,12772,0,0,0,0,0,0,TRUE,0.4,"CHS","EAS"
"HG00627","Italy",0,0.71485481554155,0.532510054876528,"ok",4883749,4883749,0,12772,0,0,0,0,0,0,TRUE,0.4,"CHS","EAS"
"HG00630","Italy",0,0.712341356426684,0.535405513924572,"ok",4883749,4883749,0,12772,0,0,0,0,0,0,TRUE,0.4,"CHS","EAS"
"HG00636","Italy",0,0.716731228851457,0.540189379910749,"ok",4883749,4883749,0,12772,0,0,0,0,0,0,TRUE,0.4,"CHS","EAS"
"HG00652","Italy",0,0.718369990886476,0.53553758461858,"ok",4883749,4883749,0,12772,0,0,0,0,0,0,TRUE,0.4,"CHS","EAS"
"HG00655","Italy",0,0.714701937150767,0.529727778633483,"ok",4883749,4883749,0,12772,0,0,0,0,0,0,TRUE,0.4,"CHS","EAS"
"HG00658","Italy",0,0.714579992119255,0.532786558814034,"ok",4883749,4883749,0,12772,0,0,0,0,0,0,TRUE,0.4,"CHS","EAS"
"HG00664","Italy",0,0.715589978299155,0.537466643363892,"ok",4883749,4883749,0,12772,0,0,0,0,0,0,TRUE,0.4,"CHS","EAS"
"HG00673","Italy",0,0.715393786052234,0.533835921601869,"ok",4883749,4883749,0,12772,0,0,0,0,0,0,TRUE,0.4,"CHS","EAS"
"HG00685","Italy",0,0.717061647864211,0.534198013437126,"ok",4883749,4883749,0,12772,0,0,0,0,0,0,TRUE,0.4,"CHS","EAS"
"HG00691","Italy",0,0.715937155519853,0.535127820125294,"ok",4883749,4883749,0,12772,0,0,0,0,0,0,TRUE,0.4,"CHS","EAS"
"HG00694","Italy",0,0.711371370657424,0.536921640392275,"ok",4883749,4883749,0,12772,0,0,0,0,0,0,TRUE,0.4,"CHS","EAS"
"HG00700","Italy",0,0.713110602290062,0.529943906717876,"ok",4883749,4883749,0,12772,0,0,0,0,0,0,TRUE,0.4,"CHS","EAS"
"HG00702","Italy",0,0.717149698831473,0.535891933468037,"ok",4883749,4883749,0,12772,0,0,0,0,0,0,TRUE,0.4,"CHS","EAS"
"HG00703","Italy",0,0.713631885481449,0.536488025193319,"ok",4883749,4883749,0,12772,0,0,0,0,0,0,TRUE,0.4,"CHS","EAS"
"HG00706","Italy",0,0.714686293079577,0.536053876522234,"ok",4883749,4883749,0,12772,0,0,0,0,0,0,TRUE,0.4,"CHS","EAS"
"HG00709","Italy",0,0.717828882834079,0.536672074784156,"ok",4883749,4883749,0,12772,0,0,0,0,0,0,TRUE,0.4,"CHS","EAS"
"HG00405","Japan",0.1691734,0.712851074148392,0.702698241820645,"ok",4883749,4883749,0,12772,0,0,0,0,0,0,TRUE,0.4,"CHS","EAS"
"HG00408","Japan",0.1040489,0.714682660612823,0.70204102629359,"ok",4883749,4883749,0,12772,0,0,0,0,0,0,TRUE,0.4,"CHS","EAS"
"HG00420","Japan",0.1236983,0.71676396065674,0.705591268272814,"ok",4883749,4883749,0,12772,0,0,0,0,0,0,TRUE,0.4,"CHS","EAS"
"HG00423","Japan",0.1585871,0.716586561055951,0.706163563963834,"ok",4883749,4883749,0,12772,0,0,0,0,0,0,TRUE,0.4,"CHS","EAS"
"HG00429","Japan",0.1304658,0.714448946626795,0.702881446158384,"ok",4883749,4883749,0,12772,0,0,0,0,0,0,TRUE,0.4,"CHS","EAS"
"HG00438","Japan",0.1450149,0.714668174330662,0.703228311700976,"ok",4883749,4883749,0,12772,0,0,0,0,0,0,TRUE,0.4,"CHS","EAS"
"HG00444","Japan",0.0855605,0.717483504891216,0.70476190023462,"ok",4883749,4883749,0,12772,0,0,0,0,0,0,TRUE,0.4,"CHS","EAS"
"HG00447","Japan",0.1725777,0.712013686856722,0.702091169464063,"ok",4883749,4883749,0,12772,0,0,0,0,0,0,TRUE,0.4,"CHS","EAS"
"HG00450","Japan",0.0915138,0.70904653264316,0.696102543129602,"ok",4883749,4883749,0,12772,0,0,0,0,0,0,TRUE,0.4,"CHS","EAS"
"HG00453","Japan",0.1204747,0.713607279260194,0.701500583911526,"ok",4883749,4883749,0,12772,0,0,0,0,0,0,TRUE,0.4,"CHS","EAS"
"HG00459","Japan",0.0863181,0.713214449345277,0.700619023208638,"ok",4883749,4883749,0,12772,0,0,0,0,0,0,TRUE,0.4,"CHS","EAS"
"HG00465","Japan",0.1436409,0.716004504189473,0.703553452740174,"ok",4883749,4883749,0,12772,0,0,0,0,0,0,TRUE,0.4,"CHS","EAS"
"HG00474","Japan",0.0799781,0.714599596618317,0.701877981117339,"ok",4883749,4883749,0,12772,0,0,0,0,0,0,TRUE,0.4,"CHS","EAS"
"HG00477","Japan",0.1661121,0.714732225313437,0.704159476899208,"ok",4883749,4883749,0,12772,0,0,0,0,0,0,TRUE,0.4,"CHS","EAS"
"HG00480","Japan",0.1017489,0.71547979563432,0.703047612764625,"ok",4883749,4883749,0,12772,0,0,0,0,0,0,TRUE,0.4,"CHS","EAS"
"HG00502","Japan",0.1253181,0.715162853226249,0.703547458470578,"ok",4883749,4883749,0,12772,0,0,0,0,0,0,TRUE,0.4,"CHS","EAS"
"HG00514","Japan",0.1450976,0.712528990733236,0.701628171601421,"ok",4883749,4883749,0,12772,0,0,0,0,0,0,TRUE,0.4,"CHS","EAS"
"HG00526","Japan",0.1541957,0.711356709155079,0.701032085759601,"ok",4883749,4883749,0,12772,0,0,0,0,0,0,TRUE,0.4,"CHS","EAS"
"HG00532","Japan",0.1097134,0.714202502904015,0.702303017607666,"ok",4883749,4883749,0,12772,0,0,0,0,0,0,TRUE,0.4,"CHS","EAS"
"HG00535","Japan",0.1752964,0.711921399358911,0.701782428117206,"ok",4883749,4883749,0,12772,0,0,0,0,0,0,TRUE,0.4,"CHS","EAS"
"HG00538","Japan",0.1473585,0.711901820781846,0.700515381609105,"ok",4883749,4883749,0,12772,0,0,0,0,0,0,TRUE,0.4,"CHS","EAS"
"HG00544","Japan",0.0806621,0.715104133611083,0.702508150557838,"ok",4883749,4883749,0,12772,0,0,0,0,0,0,TRUE,0.4,"CHS","EAS"
"HG00558","Japan",0.1374367,0.714550095899922,0.703877737247257,"ok",4883749,4883749,0,12772,0,0,0,0,0,0,TRUE,0.4,"CHS","EAS"
"HG00561","Japan",0.1924577,0.714692648962468,0.705220391795658,"ok",4883749,4883749,0,12772,0,0,0,0,0,0,TRUE,0.4,"CHS","EAS"
"HG00567","Japan",0.1418432,0.713032385951462,0.701641057857653,"ok",4883749,4883749,0,12772,0,0,0,0,0,0,TRUE,0.4,"CHS","EAS"
"HG00579","Japan",0.1133367,0.714945906393028,0.702582208080072,"ok",4883749,4883749,0,12772,0,0,0,0,0,0,TRUE,0.4,"CHS","EAS"
"HG00582","Japan",0.1627831,0.715309615748991,0.704708708250211,"ok",4883749,4883749,0,12772,0,0,0,0,0,0,TRUE,0.4,"CHS","EAS"
"HG00585","Japan",0.1120009,0.715142703698265,0.704125781487403,"ok",4883749,4883749,0,12772,0,0,0,0,0,0,TRUE,0.4,"CHS","EAS"
"HG00591","Japan",0.1671087,0.712261445143963,0.702295209514402,"ok",4883749,4883749,0,12772,0,0,0,0,0,0,TRUE,0.4,"CHS","EAS"
"HG00594","Japan",0.2563687,0.713495814259738,0.704712577377177,"ok",4883749,4883749,0,12772,0,0,0,0,0,0,TRUE,0.4,"CHS","EAS"
"HG00597","Japan",0.1310838,0.713969934926353,0.702905151148443,"ok",4883749,4883749,0,12772,0,0,0,0,0,0,TRUE,0.4,"CHS","EAS"
"HG00609","Japan",0.1365087,0.71579398389186,0.704394769019084,"ok",4883749,4883749,0,12772,0,0,0,0,0,0,TRUE,0.4,"CHS","EAS"
"HG00612","Japan",0.1779,0.714510174321365,0.705042646005314,"ok",4883749,4883749,0,12772,0,0,0,0,0,0,TRUE,0.4,"CHS","EAS"
"HG00615","Japan",0.1568711,0.713270702029839,0.703005907143118,"ok",4883749,4883749,0,12772,0,0,0,0,0,0,TRUE,0.4,"CHS","EAS"
"HG00621","Japan",0.1225211,0.716144007525593,0.703573139466407,"ok",4883749,4883749,0,12772,0,0,0,0,0,0,TRUE,0.4,"CHS","EAS"
"HG00627","Japan",0.0979927,0.71485481554155,0.702721712226223,"ok",4883749,4883749,0,12772,0,0,0,0,0,0,TRUE,0.4,"CHS","EAS"
"HG00630","Japan",0.1210351,0.712341356426684,0.701486712355145,"ok",4883749,4883749,0,12772,0,0,0,0,0,0,TRUE,0.4,"CHS","EAS"
"HG00636","Japan",0.1176291,0.716731228851457,0.704630009477101,"ok",4883749,4883749,0,12772,0,0,0,0,0,0,TRUE,0.4,"CHS","EAS"
"HG00652","Japan",0,0.718369990886476,0.702191386874603,"ok",4883749,4883749,0,12772,0,0,0,0,0,0,TRUE,0.4,"CHS","EAS"
"HG00655","Japan",0.0379827,0.714701937150767,0.701166933784531,"ok",4883749,4883749,0,12772,0,0,0,0,0,0,TRUE,0.4,"CHS","EAS"
"HG00658","Japan",0.0201739,0.714579992119255,0.699955400502612,"ok",4883749,4883749,0,12772,0,0,0,0,0,0,TRUE,0.4,"CHS","EAS"
"HG00664","Japan",0.0018034,0.715589978299155,0.701653982505364,"ok",4883749,4883749,0,12772,0,0,0,0,0,0,TRUE,0.4,"CHS","EAS"
"HG00673","Japan",0.037213,0.715393786052234,0.701048479644408,"ok",4883749,4883749,0,12772,0,0,0,0,0,0,TRUE,0.4,"CHS","EAS"
"HG00685","Japan",0.0573461,0.717061647864211,0.703277653555453,"ok",4883749,4883749,0,12772,0,0,0,0,0,0,TRUE,0.4,"CHS","EAS"
"HG00691","Japan",0.0162216,0.715937155519853,0.701312952377884,"ok",4883749,4883749,0,12772,0,0,0,0,0,0,TRUE,0.4,"CHS","EAS"
"HG00694","Japan",0.0461787,0.711371370657424,0.698022448507015,"ok",4883749,4883749,0,12772,0,0,0,0,0,0,TRUE,0.4,"CHS","EAS"
"HG00700","Japan",0.0490659,0.713110602290062,0.699583135104034,"ok",4883749,4883749,0,12772,0,0,0,0,0,0,TRUE,0.4,"CHS","EAS"
"HG00702","Japan",0.0153243,0.717149698831473,0.702948593049119,"ok",4883749,4883749,0,12772,0,0,0,0,0,0,TRUE,0.4,"CHS","EAS"
"HG00703","Japan",0.021389,0.713631885481449,0.699630309234758,"ok",4883749,4883749,0,12772,0,0,0,0,0,0,TRUE,0.4,"CHS","EAS"
"HG00706","Japan",0.0239364,0.714686293079577,0.701123065344287,"ok",4883749,4883749,0,12772,0,0,0,0,0,0,TRUE,0.4,"CHS","EAS"
"HG00709","Japan",0.0026404,0.717828882834079,0.702069501577949,"ok",4883749,4883749,0,12772,0,0,0,0,0,0,TRUE,0.4,"CHS","EAS"
"HG00405","Middle East",0,0.712851074148392,0.549025912074415,"ok",4883749,4883749,0,12772,0,0,0,0,0,0,TRUE,0.4,"CHS","EAS"
"HG00408","Middle East",0,0.714682660612823,0.550443127181296,"ok",4883749,4883749,0,12772,0,0,0,0,0,0,TRUE,0.4,"CHS","EAS"
"HG00420","Middle East",0,0.71676396065674,0.549660689956557,"ok",4883749,4883749,0,12772,0,0,0,0,0,0,TRUE,0.4,"CHS","EAS"
"HG00423","Middle East",0,0.716586561055951,0.549580984657585,"ok",4883749,4883749,0,12772,0,0,0,0,0,0,TRUE,0.4,"CHS","EAS"
"HG00429","Middle East",0,0.714448946626795,0.548915514744485,"ok",4883749,4883749,0,12772,0,0,0,0,0,0,TRUE,0.4,"CHS","EAS"
"HG00438","Middle East",0,0.714668174330662,0.546524225677386,"ok",4883749,4883749,0,12772,0,0,0,0,0,0,TRUE,0.4,"CHS","EAS"
"HG00444","Middle East",0,0.717483504891216,0.550290204782205,"ok",4883749,4883749,0,12772,0,0,0,0,0,0,TRUE,0.4,"CHS","EAS"
"HG00447","Middle East",0,0.712013686856722,0.549080507011542,"ok",4883749,4883749,0,12772,0,0,0,0,0,0,TRUE,0.4,"CHS","EAS"
"HG00450","Middle East",0,0.70904653264316,0.547153936525834,"ok",4883749,4883749,0,12772,0,0,0,0,0,0,TRUE,0.4,"CHS","EAS"
"HG00453","Middle East",0,0.713607279260194,0.549811808226294,"ok",4883749,4883749,0,12772,0,0,0,0,0,0,TRUE,0.4,"CHS","EAS"
"HG00459","Middle East",0,0.713214449345277,0.549985764955802,"ok",4883749,4883749,0,12772,0,0,0,0,0,0,TRUE,0.4,"CHS","EAS"
"HG00465","Middle East",0,0.716004504189473,0.550269079081839,"ok",4883749,4883749,0,12772,0,0,0,0,0,0,TRUE,0.4,"CHS","EAS"
"HG00474","Middle East",0,0.714599596618317,0.547443779586491,"ok",4883749,4883749,0,12772,0,0,0,0,0,0,TRUE,0.4,"CHS","EAS"
"HG00477","Middle East",0,0.714732225313437,0.553238448273443,"ok",4883749,4883749,0,12772,0,0,0,0,0,0,TRUE,0.4,"CHS","EAS"
"HG00480","Middle East",0,0.71547979563432,0.550157590270272,"ok",4883749,4883749,0,12772,0,0,0,0,0,0,TRUE,0.4,"CHS","EAS"
"HG00502","Middle East",0,0.715162853226249,0.552340923807251,"ok",4883749,4883749,0,12772,0,0,0,0,0,0,TRUE,0.4,"CHS","EAS"
"HG00514","Middle East",0,0.712528990733236,0.547124559153005,"ok",4883749,4883749,0,12772,0,0,0,0,0,0,TRUE,0.4,"CHS","EAS"
"HG00526","Middle East",0,0.711356709155079,0.548509540668421,"ok",4883749,4883749,0,12772,0,0,0,0,0,0,TRUE,0.4,"CHS","EAS"
"HG00532","Middle East",0,0.714202502904015,0.552796224747637,"ok",4883749,4883749,0,12772,0,0,0,0,0,0,TRUE,0.4,"CHS","EAS"
"HG00535","Middle East",0,0.711921399358911,0.550006521169298,"ok",4883749,4883749,0,12772,0,0,0,0,0,0,TRUE,0.4,"CHS","EAS"
"HG00538","Middle East",0,0.711901820781846,0.548014164545148,"ok",4883749,4883749,0,12772,0,0,0,0,0,0,TRUE,0.4,"CHS","EAS"
"HG00544","Middle East",0,0.715104133611083,0.549057218170517,"ok",4883749,4883749,0,12772,0,0,0,0,0,0,TRUE,0.4,"CHS","EAS"
"HG00558","Middle East",0,0.714550095899922,0.54962839829156,"ok",4883749,4883749,0,12772,0,0,0,0,0,0,TRUE,0.4,"CHS","EAS"
"HG00561","Middle East",0,0.714692648962468,0.547688445480495,"ok",4883749,4883749,0,12772,0,0,0,0,0,0,TRUE,0.4,"CHS","EAS"
"HG00567","Middle East",0,0.713032385951462,0.544071340510997,"ok",4883749,4883749,0,12772,0,0,0,0,0,0,TRUE,0.4,"CHS","EAS"
"HG00579","Middle East",0,0.714945906393028,0.549766019320593,"ok",4883749,4883749,0,12772,0,0,0,0,0,0,TRUE,0.4,"CHS","EAS"
"HG00582","Middle East",0,0.715309615748991,0.554779476546777,"ok",4883749,4883749,0,12772,0,0,0,0,0,0,TRUE,0.4,"CHS","EAS"
"HG00585","Middle East",0,0.715142703698265,0.55030893519711,"ok",4883749,4883749,0,12772,0,0,0,0,0,0,TRUE,0.4,"CHS","EAS"
"HG00591","Middle East",0,0.712261445143963,0.551618434036123,"ok",4883749,4883749,0,12772,0,0,0,0,0,0,TRUE,0.4,"CHS","EAS"
"HG00594","Middle East",0,0.713495814259738,0.551895359214744,"ok",4883749,4883749,0,12772,0,0,0,0,0,0,TRUE,0.4,"CHS","EAS"
"HG00597","Middle East",0,0.713969934926353,0.548642382163812,"ok",4883749,4883749,0,12772,0,0,0,0,0,0,TRUE,0.4,"CHS","EAS"
"HG00609","Middle East",0,0.71579398389186,0.549662249239055,"ok",4883749,4883749,0,12772,0,0,0,0,0,0,TRUE,0.4,"CHS","EAS"
"HG00612","Middle East",0,0.714510174321365,0.55449122353183,"ok",4883749,4883749,0,12772,0,0,0,0,0,0,TRUE,0.4,"CHS","EAS"
"HG00615","Middle East",0,0.713270702029839,0.54790032393245,"ok",4883749,4883749,0,12772,0,0,0,0,0,0,TRUE,0.4,"CHS","EAS"
"HG00621","Middle East",0,0.716144007525593,0.551914564545249,"ok",4883749,4883749,0,12772,0,0,0,0,0,0,TRUE,0.4,"CHS","EAS"
"HG00627","Middle East",0,0.71485481554155,0.547646633320462,"ok",4883749,4883749,0,12772,0,0,0,0,0,0,TRUE,0.4,"CHS","EAS"
"HG00630","Middle East",0,0.712341356426684,0.550139946532488,"ok",4883749,4883749,0,12772,0,0,0,0,0,0,TRUE,0.4,"CHS","EAS"
"HG00636","Middle East",0,0.716731228851457,0.555487826620404,"ok",4883749,4883749,0,12772,0,0,0,0,0,0,TRUE,0.4,"CHS","EAS"
"HG00652","Middle East",0,0.718369990886476,0.550038029447315,"ok",4883749,4883749,0,12772,0,0,0,0,0,0,TRUE,0.4,"CHS","EAS"
"HG00655","Middle East",0,0.714701937150767,0.545832747394567,"ok",4883749,4883749,0,12772,0,0,0,0,0,0,TRUE,0.4,"CHS","EAS"
"HG00658","Middle East",0,0.714579992119255,0.548130543905167,"ok",4883749,4883749,0,12772,0,0,0,0,0,0,TRUE,0.4,"CHS","EAS"
"HG00664","Middle East",0,0.715589978299155,0.551490586086776,"ok",4883749,4883749,0,12772,0,0,0,0,0,0,TRUE,0.4,"CHS","EAS"
"HG00673","Middle East",0,0.715393786052234,0.548543261291195,"ok",4883749,4883749,0,12772,0,0,0,0,0,0,TRUE,0.4,"CHS","EAS"
"HG00685","Middle East",0,0.717061647864211,0.55032955237885,"ok",4883749,4883749,0,12772,0,0,0,0,0,0,TRUE,0.4,"CHS","EAS"
"HG00691","Middle East",0,0.715937155519853,0.549997767215558,"ok",4883749,4883749,0,12772,0,0,0,0,0,0,TRUE,0.4,"CHS","EAS"
"HG00694","Middle East",0,0.711371370657424,0.551369135777975,"ok",4883749,4883749,0,12772,0,0,0,0,0,0,TRUE,0.4,"CHS","EAS"
"HG00700","Middle East",0,0.713110602290062,0.54528650416485,"ok",4883749,4883749,0,12772,0,0,0,0,0,0,TRUE,0.4,"CHS","EAS"
"HG00702","Middle East",0,0.717149698831473,0.55151780840821,"ok",4883749,4883749,0,12772,0,0,0,0,0,0,TRUE,0.4,"CHS","EAS"
"HG00703","Middle East",0,0.713631885481449,0.552045983685637,"ok",4883749,4883749,0,12772,0,0,0,0,0,0,TRUE,0.4,"CHS","EAS"
"HG00706","Middle East",0,0.714686293079577,0.550819022215978,"ok",4883749,4883749,0,12772,0,0,0,0,0,0,TRUE,0.4,"CHS","EAS"
"HG00709","Middle East",0,0.717828882834079,0.551951666639641,"ok",4883749,4883749,0,12772,0,0,0,0,0,0,TRUE,0.4,"CHS","EAS"
"HG00405","Pakistan",0,0.712851074148392,0.585956663614129,"ok",4883749,4883749,0,12772,0,0,0,0,0,0,TRUE,0.4,"CHS","EAS"
"HG00408","Pakistan",0,0.714682660612823,0.58738353525286,"ok",4883749,4883749,0,12772,0,0,0,0,0,0,TRUE,0.4,"CHS","EAS"
"HG00420","Pakistan",0,0.71676396065674,0.587476472838724,"ok",4883749,4883749,0,12772,0,0,0,0,0,0,TRUE,0.4,"CHS","EAS"
"HG00423","Pakistan",0,0.716586561055951,0.586070587941168,"ok",4883749,4883749,0,12772,0,0,0,0,0,0,TRUE,0.4,"CHS","EAS"
"HG00429","Pakistan",0,0.714448946626795,0.584581957205045,"ok",4883749,4883749,0,12772,0,0,0,0,0,0,TRUE,0.4,"CHS","EAS"
"HG00438","Pakistan",0,0.714668174330662,0.582971526139434,"ok",4883749,4883749,0,12772,0,0,0,0,0,0,TRUE,0.4,"CHS","EAS"
"HG00444","Pakistan",0,0.717483504891216,0.588068534944787,"ok",4883749,4883749,0,12772,0,0,0,0,0,0,TRUE,0.4,"CHS","EAS"
"HG00447","Pakistan",0,0.712013686856722,0.585531863798357,"ok",4883749,4883749,0,12772,0,0,0,0,0,0,TRUE,0.4,"CHS","EAS"
"HG00450","Pakistan",0,0.70904653264316,0.582859201128324,"ok",4883749,4883749,0,12772,0,0,0,0,0,0,TRUE,0.4,"CHS","EAS"
"HG00453","Pakistan",0,0.713607279260194,0.585804991033599,"ok",4883749,4883749,0,12772,0,0,0,0,0,0,TRUE,0.4,"CHS","EAS"
"HG00459","Pakistan",0,0.713214449345277,0.584992498159633,"ok",4883749,4883749,0,12772,0,0,0,0,0,0,TRUE,0.4,"CHS","EAS"
"HG00465","Pakistan",0,0.716004504189473,0.586730390915901,"ok",4883749,4883749,0,12772,0,0,0,0,0,0,TRUE,0.4,"CHS","EAS"
"HG00474","Pakistan",0,0.714599596618317,0.582701613181802,"ok",4883749,4883749,0,12772,0,0,0,0,0,0,TRUE,0.4,"CHS","EAS"
"HG00477","Pakistan",0,0.714732225313437,0.589557852332704,"ok",4883749,4883749,0,12772,0,0,0,0,0,0,TRUE,0.4,"CHS","EAS"
"HG00480","Pakistan",0,0.71547979563432,0.587069317247425,"ok",4883749,4883749,0,12772,0,0,0,0,0,0,TRUE,0.4,"CHS","EAS"
"HG00502","Pakistan",0,0.715162853226249,0.588537722394004,"ok",4883749,4883749,0,12772,0,0,0,0,0,0,TRUE,0.4,"CHS","EAS"
"HG00514","Pakistan",0,0.712528990733236,0.585090787337186,"ok",4883749,4883749,0,12772,0,0,0,0,0,0,TRUE,0.4,"CHS","EAS"
"HG00526","Pakistan",0,0.711356709155079,0.584532497833846,"ok",4883749,4883749,0,12772,0,0,0,0,0,0,TRUE,0.4,"CHS","EAS"
"HG00532","Pakistan",0,0.714202502904015,0.588077935119722,"ok",4883749,4883749,0,12772,0,0,0,0,0,0,TRUE,0.4,"CHS","EAS"
"HG00535","Pakistan",0,0.711921399358911,0.585894063662163,"ok",4883749,4883749,0,12772,0,0,0,0,0,0,TRUE,0.4,"CHS","EAS"
"HG00538","Pakistan",0,0.711901820781846,0.582574689484342,"ok",4883749,4883749,0,12772,0,0,0,0,0,0,TRUE,0.4,"CHS","EAS"
"HG00544","Pakistan",0,0.715104133611083,0.58599927943405,"ok",4883749,4883749,0,12772,0,0,0,0,0,0,TRUE,0.4,"CHS","EAS"
"HG00558","Pakistan",0,0.714550095899922,0.586178701518587,"ok",4883749,4883749,0,12772,0,0,0,0,0,0,TRUE,0.4,"CHS","EAS"
"HG00561","Pakistan",0,0.714692648962468,0.584346553373258,"ok",4883749,4883749,0,12772,0,0,0,0,0,0,TRUE,0.4,"CHS","EAS"
"HG00567","Pakistan",0,0.713032385951462,0.580419711920759,"ok",4883749,4883749,0,12772,0,0,0,0,0,0,TRUE,0.4,"CHS","EAS"
"HG00579","Pakistan",0,0.714945906393028,0.586696838457681,"ok",4883749,4883749,0,12772,0,0,0,0,0,0,TRUE,0.4,"CHS","EAS"
"HG00582","Pakistan",0,0.715309615748991,0.591104064024167,"ok",4883749,4883749,0,12772,0,0,0,0,0,0,TRUE,0.4,"CHS","EAS"
"HG00585","Pakistan",0,0.715142703698265,0.586672069101413,"ok",4883749,4883749,0,12772,0,0,0,0,0,0,TRUE,0.4,"CHS","EAS"
"HG00591","Pakistan",0,0.712261445143963,0.587668548813013,"ok",4883749,4883749,0,12772,0,0,0,0,0,0,TRUE,0.4,"CHS","EAS"
"HG00594","Pakistan",0,0.713495814259738,0.588660616926346,"ok",4883749,4883749,0,12772,0,0,0,0,0,0,TRUE,0.4,"CHS","EAS"
"HG00597","Pakistan",0,0.713969934926353,0.585033685891556,"ok",4883749,4883749,0,12772,0,0,0,0,0,0,TRUE,0.4,"CHS","EAS"
"HG00609","Pakistan",0,0.71579398389186,0.585885105000735,"ok",4883749,4883749,0,12772,0,0,0,0,0,0,TRUE,0.4,"CHS","EAS"
"HG00612","Pakistan",0,0.714510174321365,0.589772827220844,"ok",4883749,4883749,0,12772,0,0,0,0,0,0,TRUE,0.4,"CHS","EAS"
"HG00615","Pakistan",0,0.713270702029839,0.58730556232267,"ok",4883749,4883749,0,12772,0,0,0,0,0,0,TRUE,0.4,"CHS","EAS"
"HG00621","Pakistan",0,0.716144007525593,0.586936788178182,"ok",4883749,4883749,0,12772,0,0,0,0,0,0,TRUE,0.4,"CHS","EAS"
"HG00627","Pakistan",0,0.71485481554155,0.584541028498986,"ok",4883749,4883749,0,12772,0,0,0,0,0,0,TRUE,0.4,"CHS","EAS"
"HG00630","Pakistan",0,0.712341356426684,0.585626641742149,"ok",4883749,4883749,0,12772,0,0,0,0,0,0,TRUE,0.4,"CHS","EAS"
"HG00636","Pakistan",0,0.716731228851457,0.591653605600869,"ok",4883749,4883749,0,12772,0,0,0,0,0,0,TRUE,0.4,"CHS","EAS"
"HG00652","Pakistan",0,0.718369990886476,0.585872868141853,"ok",4883749,4883749,0,12772,0,0,0,0,0,0,TRUE,0.4,"CHS","EAS"
"HG00655","Pakistan",0,0.714701937150767,0.583377224156649,"ok",4883749,4883749,0,12772,0,0,0,0,0,0,TRUE,0.4,"CHS","EAS"
"HG00658","Pakistan",0,0.714579992119255,0.585228226883579,"ok",4883749,4883749,0,12772,0,0,0,0,0,0,TRUE,0.4,"CHS","EAS"
"HG00664","Pakistan",0,0.715589978299155,0.586652672670573,"ok",4883749,4883749,0,12772,0,0,0,0,0,0,TRUE,0.4,"CHS","EAS"
"HG00673","Pakistan",0,0.715393786052234,0.586477259058529,"ok",4883749,4883749,0,12772,0,0,0,0,0,0,TRUE,0.4,"CHS","EAS"
"HG00685","Pakistan",0,0.717061647864211,0.587376732966229,"ok",4883749,4883749,0,12772,0,0,0,0,0,0,TRUE,0.4,"CHS","EAS"
"HG00691","Pakistan",0,0.715937155519853,0.586380397637424,"ok",4883749,4883749,0,12772,0,0,0,0,0,0,TRUE,0.4,"CHS","EAS"
"HG00694","Pakistan",0,0.711371370657424,0.58959565319532,"ok",4883749,4883749,0,12772,0,0,0,0,0,0,TRUE,0.4,"CHS","EAS"
"HG00700","Pakistan",0,0.713110602290062,0.582179815267989,"ok",4883749,4883749,0,12772,0,0,0,0,0,0,TRUE,0.4,"CHS","EAS"
"HG00702","Pakistan",0,0.717149698831473,0.5884262491886,"ok",4883749,4883749,0,12772,0,0,0,0,0,0,TRUE,0.4,"CHS","EAS"
"HG00703","Pakistan",0,0.713631885481449,0.588467482247813,"ok",4883749,4883749,0,12772,0,0,0,0,0,0,TRUE,0.4,"CHS","EAS"
"HG00706","Pakistan",0,0.714686293079577,0.58745278773045,"ok",4883749,4883749,0,12772,0,0,0,0,0,0,TRUE,0.4,"CHS","EAS"
"HG00709","Pakistan",0,0.717828882834079,0.587586883829365,"ok",4883749,4883749,0,12772,0,0,0,0,0,0,TRUE,0.4,"CHS","EAS"
"HG00405","Philippines",0,0.712851074148392,0.695321766950626,"ok",4883749,4883749,0,12772,0,0,0,0,0,0,TRUE,0.4,"CHS","EAS"
"HG00408","Philippines",0,0.714682660612823,0.699282779315549,"ok",4883749,4883749,0,12772,0,0,0,0,0,0,TRUE,0.4,"CHS","EAS"
"HG00420","Philippines",0,0.71676396065674,0.700336592882451,"ok",4883749,4883749,0,12772,0,0,0,0,0,0,TRUE,0.4,"CHS","EAS"
"HG00423","Philippines",0,0.716586561055951,0.699235957781717,"ok",4883749,4883749,0,12772,0,0,0,0,0,0,TRUE,0.4,"CHS","EAS"
"HG00429","Philippines",0,0.714448946626795,0.698070430930075,"ok",4883749,4883749,0,12772,0,0,0,0,0,0,TRUE,0.4,"CHS","EAS"
"HG00438","Philippines",0,0.714668174330662,0.698169259573815,"ok",4883749,4883749,0,12772,0,0,0,0,0,0,TRUE,0.4,"CHS","EAS"
"HG00444","Philippines",0,0.717483504891216,0.701467323777347,"ok",4883749,4883749,0,12772,0,0,0,0,0,0,TRUE,0.4,"CHS","EAS"
"HG00447","Philippines",0,0.712013686856722,0.694639389587224,"ok",4883749,4883749,0,12772,0,0,0,0,0,0,TRUE,0.4,"CHS","EAS"
"HG00450","Philippines",0,0.70904653264316,0.691680766704029,"ok",4883749,4883749,0,12772,0,0,0,0,0,0,TRUE,0.4,"CHS","EAS"
"HG00453","Philippines",0,0.713607279260194,0.69644135090752,"ok",4883749,4883749,0,12772,0,0,0,0,0,0,TRUE,0.4,"CHS","EAS"
"HG00459","Philippines",0,0.713214449345277,0.695032245430492,"ok",4883749,4883749,0,12772,0,0,0,0,0,0,TRUE,0.4,"CHS","EAS"
"HG00465","Philippines",0,0.716004504189473,0.700241398007673,"ok",4883749,4883749,0,12772,0,0,0,0,0,0,TRUE,0.4,"CHS","EAS"
"HG00474","Philippines",0,0.714599596618317,0.695515805616967,"ok",4883749,4883749,0,12772,0,0,0,0,0,0,TRUE,0.4,"CHS","EAS"
"HG00477","Philippines",0,0.714732225313437,0.69904634329884,"ok",4883749,4883749,0,12772,0,0,0,0,0,0,TRUE,0.4,"CHS","EAS"
"HG00480","Philippines",0,0.71547979563432,0.699736218873301,"ok",4883749,4883749,0,12772,0,0,0,0,0,0,TRUE,0.4,"CHS","EAS"
"HG00502","Philippines",0,0.715162853226249,0.698134875316512,"ok",4883749,4883749,0,12772,0,0,0,0,0,0,TRUE,0.4,"CHS","EAS"
"HG00514","Philippines",0,0.712528990733236,0.696223373030885,"ok",4883749,4883749,0,12772,0,0,0,0,0,0,TRUE,0.4,"CHS","EAS"
"HG00526","Philippines",0,0.711356709155079,0.693383359511647,"ok",4883749,4883749,0,12772,0,0,0,0,0,0,TRUE,0.4,"CHS","EAS"
"HG00532","Philippines",0,0.714202502904015,0.695738156691346,"ok",4883749,4883749,0,12772,0,0,0,0,0,0,TRUE,0.4,"CHS","EAS"
"HG00535","Philippines",0,0.711921399358911,0.694584823261529,"ok",4883749,4883749,0,12772,0,0,0,0,0,0,TRUE,0.4,"CHS","EAS"
"HG00538","Philippines",0,0.711901820781846,0.694751931243847,"ok",4883749,4883749,0,12772,0,0,0,0,0,0,TRUE,0.4,"CHS","EAS"
"HG00544","Philippines",0,0.715104133611083,0.698286552837194,"ok",4883749,4883749,0,12772,0,0,0,0,0,0,TRUE,0.4,"CHS","EAS"
"HG00558","Philippines",0,0.714550095899922,0.696603702004995,"ok",4883749,4883749,0,12772,0,0,0,0,0,0,TRUE,0.4,"CHS","EAS"
"HG00561","Philippines",0,0.714692648962468,0.696123414555104,"ok",4883749,4883749,0,12772,0,0,0,0,0,0,TRUE,0.4,"CHS","EAS"
"HG00567","Philippines",0,0.713032385951462,0.696098925696356,"ok",4883749,4883749,0,12772,0,0,0,0,0,0,TRUE,0.4,"CHS","EAS"
"HG00579","Philippines",0,0.714945906393028,0.697129757847532,"ok",4883749,4883749,0,12772,0,0,0,0,0,0,TRUE,0.4,"CHS","EAS"
"HG00582","Philippines",0,0.715309615748991,0.697333539194597,"ok",4883749,4883749,0,12772,0,0,0,0,0,0,TRUE,0.4,"CHS","EAS"
"HG00585","Philippines",0,0.715142703698265,0.697140451660246,"ok",4883749,4883749,0,12772,0,0,0,0,0,0,TRUE,0.4,"CHS","EAS"
"HG00591","Philippines",0,0.712261445143963,0.693028000399601,"ok",4883749,4883749,0,12772,0,0,0,0,0,0,TRUE,0.4,"CHS","EAS"
"HG00594","Philippines",0,0.713495814259738,0.694620800861908,"ok",4883749,4883749,0,12772,0,0,0,0,0,0,TRUE,0.4,"CHS","EAS"
"HG00597","Philippines",0,0.713969934926353,0.697275404968533,"ok",4883749,4883749,0,12772,0,0,0,0,0,0,TRUE,0.4,"CHS","EAS"
"HG00609","Philippines",0,0.71579398389186,0.699721176170442,"ok",4883749,4883749,0,12772,0,0,0,0,0,0,TRUE,0.4,"CHS","EAS"
"HG00612","Philippines",0,0.714510174321365,0.696378101356363,"ok",4883749,4883749,0,12772,0,0,0,0,0,0,TRUE,0.4,"CHS","EAS"
"HG00615","Philippines",0,0.713270702029839,0.696211723379488,"ok",4883749,4883749,0,12772,0,0,0,0,0,0,TRUE,0.4,"CHS","EAS"
"HG00621","Philippines",0,0.716144007525593,0.699182932121992,"ok",4883749,4883749,0,12772,0,0,0,0,0,0,TRUE,0.4,"CHS","EAS"
"HG00627","Philippines",0,0.71485481554155,0.699784578551131,"ok",4883749,4883749,0,12772,0,0,0,0,0,0,TRUE,0.4,"CHS","EAS"
"HG00630","Philippines",0,0.712341356426684,0.695313787221301,"ok",4883749,4883749,0,12772,0,0,0,0,0,0,TRUE,0.4,"CHS","EAS"
"HG00636","Philippines",0,0.716731228851457,0.699999043692851,"ok",4883749,4883749,0,12772,0,0,0,0,0,0,TRUE,0.4,"CHS","EAS"
"HG00652","Philippines",0,0.718369990886476,0.701688680380426,"ok",4883749,4883749,0,12772,0,0,0,0,0,0,TRUE,0.4,"CHS","EAS"
"HG00655","Philippines",0,0.714701937150767,0.69995529577127,"ok",4883749,4883749,0,12772,0,0,0,0,0,0,TRUE,0.4,"CHS","EAS"
"HG00658","Philippines",0,0.714579992119255,0.699516744105317,"ok",4883749,4883749,0,12772,0,0,0,0,0,0,TRUE,0.4,"CHS","EAS"
"HG00664","Philippines",0,0.715589978299155,0.700083545596078,"ok",4883749,4883749,0,12772,0,0,0,0,0,0,TRUE,0.4,"CHS","EAS"
"HG00673","Philippines",0,0.715393786052234,0.699979210789688,"ok",4883749,4883749,0,12772,0,0,0,0,0,0,TRUE,0.4,"CHS","EAS"
"HG00685","Philippines",0,0.717061647864211,0.70227206191962,"ok",4883749,4883749,0,12772,0,0,0,0,0,0,TRUE,0.4,"CHS","EAS"
"HG00691","Philippines",0,0.715937155519853,0.700306582214612,"ok",4883749,4883749,0,12772,0,0,0,0,0,0,TRUE,0.4,"CHS","EAS"
"HG00694","Philippines",0,0.711371370657424,0.69698791776429,"ok",4883749,4883749,0,12772,0,0,0,0,0,0,TRUE,0.4,"CHS","EAS"
"HG00700","Philippines",0,0.713110602290062,0.697686365496008,"ok",4883749,4883749,0,12772,0,0,0,0,0,0,TRUE,0.4,"CHS","EAS"
"HG00702","Philippines",0,0.717149698831473,0.700276601487213,"ok",4883749,4883749,0,12772,0,0,0,0,0,0,TRUE,0.4,"CHS","EAS"
"HG00703","Philippines",0,0.713631885481449,0.697491254844088,"ok",4883749,4883749,0,12772,0,0,0,0,0,0,TRUE,0.4,"CHS","EAS"
"HG00706","Philippines",0,0.714686293079577,0.699826302701596,"ok",4883749,4883749,0,12772,0,0,0,0,0,0,TRUE,0.4,"CHS","EAS"
"HG00709","Philippines",0,0.717828882834079,0.702157762180273,"ok",4883749,4883749,0,12772,0,0,0,0,0,0,TRUE,0.4,"CHS","EAS"
"HG00405","Scandinavia",0,0.712851074148392,0.533962292344937,"ok",4883749,4883749,0,12772,0,0,0,0,0,0,TRUE,0.4,"CHS","EAS"
"HG00408","Scandinavia",0,0.714682660612823,0.535224647450092,"ok",4883749,4883749,0,12772,0,0,0,0,0,0,TRUE,0.4,"CHS","EAS"
"HG00420","Scandinavia",0,0.71676396065674,0.535712925675482,"ok",4883749,4883749,0,12772,0,0,0,0,0,0,TRUE,0.4,"CHS","EAS"
"HG00423","Scandinavia",0,0.716586561055951,0.535346897904997,"ok",4883749,4883749,0,12772,0,0,0,0,0,0,TRUE,0.4,"CHS","EAS"
"HG00429","Scandinavia",0,0.714448946626795,0.533087510496646,"ok",4883749,4883749,0,12772,0,0,0,0,0,0,TRUE,0.4,"CHS","EAS"
"HG00438","Scandinavia",0,0.714668174330662,0.531529839207016,"ok",4883749,4883749,0,12772,0,0,0,0,0,0,TRUE,0.4,"CHS","EAS"
"HG00444","Scandinavia",0,0.717483504891216,0.535870244484475,"ok",4883749,4883749,0,12772,0,0,0,0,0,0,TRUE,0.4,"CHS","EAS"
"HG00447","Scandinavia",0,0.712013686856722,0.534635362238832,"ok",4883749,4883749,0,12772,0,0,0,0,0,0,TRUE,0.4,"CHS","EAS"
"HG00450","Scandinavia",0,0.70904653264316,0.531620577364098,"ok",4883749,4883749,0,12772,0,0,0,0,0,0,TRUE,0.4,"CHS","EAS"
"HG00453","Scandinavia",0,0.713607279260194,0.534839591047944,"ok",4883749,4883749,0,12772,0,0,0,0,0,0,TRUE,0.4,"CHS","EAS"
"HG00459","Scandinavia",0,0.713214449345277,0.534867129752037,"ok",4883749,4883749,0,12772,0,0,0,0,0,0,TRUE,0.4,"CHS","EAS"
"HG00465","Scandinavia",0,0.716004504189473,0.534355382628847,"ok",4883749,4883749,0,12772,0,0,0,0,0,0,TRUE,0.4,"CHS","EAS"
"HG00474","Scandinavia",0,0.714599596618317,0.532750280164794,"ok",4883749,4883749,0,12772,0,0,0,0,0,0,TRUE,0.4,"CHS","EAS"
"HG00477","Scandinavia",0,0.714732225313437,0.537917390385871,"ok",4883749,4883749,0,12772,0,0,0,0,0,0,TRUE,0.4,"CHS","EAS"
"HG00480","Scandinavia",0,0.71547979563432,0.534510618788296,"ok",4883749,4883749,0,12772,0,0,0,0,0,0,TRUE,0.4,"CHS","EAS"
"HG00502","Scandinavia",0,0.715162853226249,0.537230965760253,"ok",4883749,4883749,0,12772,0,0,0,0,0,0,TRUE,0.4,"CHS","EAS"
"HG00514","Scandinavia",0,0.712528990733236,0.533101033166015,"ok",4883749,4883749,0,12772,0,0,0,0,0,0,TRUE,0.4,"CHS","EAS"
"HG00526","Scandinavia",0,0.711356709155079,0.535145683472348,"ok",4883749,4883749,0,12772,0,0,0,0,0,0,TRUE,0.4,"CHS","EAS"
"HG00532","Scandinavia",0,0.714202502904015,0.538127920343522,"ok",4883749,4883749,0,12772,0,0,0,0,0,0,TRUE,0.4,"CHS","EAS"
"HG00535","Scandinavia",0,0.711921399358911,0.536818630612982,"ok",4883749,4883749,0,12772,0,0,0,0,0,0,TRUE,0.4,"CHS","EAS"
"HG00538","Scandinavia",0,0.711901820781846,0.533369629125558,"ok",4883749,4883749,0,12772,0,0,0,0,0,0,TRUE,0.4,"CHS","EAS"
"HG00544","Scandinavia",0,0.715104133611083,0.533821039683349,"ok",4883749,4883749,0,12772,0,0,0,0,0,0,TRUE,0.4,"CHS","EAS"
"HG00558","Scandinavia",0,0.714550095899922,0.536046128612659,"ok",4883749,4883749,0,12772,0,0,0,0,0,0,TRUE,0.4,"CHS","EAS"
"HG00561","Scandinavia",0,0.714692648962468,0.533434079979263,"ok",4883749,4883749,0,12772,0,0,0,0,0,0,TRUE,0.4,"CHS","EAS"
"HG00567","Scandinavia",0,0.713032385951462,0.529583445599596,"ok",4883749,4883749,0,12772,0,0,0,0,0,0,TRUE,0.4,"CHS","EAS"
"HG00579","Scandinavia",0,0.714945906393028,0.536522467811655,"ok",4883749,4883749,0,12772,0,0,0,0,0,0,TRUE,0.4,"CHS","EAS"
"HG00582","Scandinavia",0,0.715309615748991,0.539791163255749,"ok",4883749,4883749,0,12772,0,0,0,0,0,0,TRUE,0.4,"CHS","EAS"
"HG00585","Scandinavia",0,0.715142703698265,0.535254762390606,"ok",4883749,4883749,0,12772,0,0,0,0,0,0,TRUE,0.4,"CHS","EAS"
"HG00591","Scandinavia",0,0.712261445143963,0.537122027831006,"ok",4883749,4883749,0,12772,0,0,0,0,0,0,TRUE,0.4,"CHS","EAS"
"HG00594","Scandinavia",0,0.713495814259738,0.537408010177423,"ok",4883749,4883749,0,12772,0,0,0,0,0,0,TRUE,0.4,"CHS","EAS"
"HG00597","Scandinavia",0,0.713969934926353,0.531796945339445,"ok",4883749,4883749,0,12772,0,0,0,0,0,0,TRUE,0.4,"CHS","EAS"
"HG00609","Scandinavia",0,0.71579398389186,0.535691460607581,"ok",4883749,4883749,0,12772,0,0,0,0,0,0,TRUE,0.4,"CHS","EAS"
"HG00612","Scandinavia",0,0.714510174321365,0.539336650000751,"ok",4883749,4883749,0,12772,0,0,0,0,0,0,TRUE,0.4,"CHS","EAS"
"HG00615","Scandinavia",0,0.713270702029839,0.534570865870744,"ok",4883749,4883749,0,12772,0,0,0,0,0,0,TRUE,0.4,"CHS","EAS"
"HG00621","Scandinavia",0,0.716144007525593,0.536765131696755,"ok",4883749,4883749,0,12772,0,0,0,0,0,0,TRUE,0.4,"CHS","EAS"
"HG00627","Scandinavia",0,0.71485481554155,0.533044051636877,"ok",4883749,4883749,0,12772,0,0,0,0,0,0,TRUE,0.4,"CHS","EAS"
"HG00630","Scandinavia",0,0.712341356426684,0.535348671279296,"ok",4883749,4883749,0,12772,0,0,0,0,0,0,TRUE,0.4,"CHS","EAS"
"HG00636","Scandinavia",0,0.716731228851457,0.539844485694342,"ok",4883749,4883749,0,12772,0,0,0,0,0,0,TRUE,0.4,"CHS","EAS"
"HG00652","Scandinavia",0,0.718369990886476,0.53584559341131,"ok",4883749,4883749,0,12772,0,0,0,0,0,0,TRUE,0.4,"CHS","EAS"
"HG00655","Scandinavia",0,0.714701937150767,0.528527298953899,"ok",4883749,4883749,0,12772,0,0,0,0,0,0,TRUE,0.4,"CHS","EAS"
"HG00658","Scandinavia",0,0.714579992119255,0.532972567958419,"ok",4883749,4883749,0,12772,0,0,0,0,0,0,TRUE,0.4,"CHS","EAS"
"HG00664","Scandinavia",0,0.715589978299155,0.536317232914931,"ok",4883749,4883749,0,12772,0,0,0,0,0,0,TRUE,0.4,"CHS","EAS"
"HG00673","Scandinavia",0,0.715393786052234,0.534601244151863,"ok",4883749,4883749,0,12772,0,0,0,0,0,0,TRUE,0.4,"CHS","EAS"
"HG00685","Scandinavia",0,0.717061647864211,0.533682422808019,"ok",4883749,4883749,0,12772,0,0,0,0,0,0,TRUE,0.4,"CHS","EAS"
"HG00691","Scandinavia",0,0.715937155519853,0.534509468747523,"ok",4883749,4883749,0,12772,0,0,0,0,0,0,TRUE,0.4,"CHS","EAS"
"HG00694","Scandinavia",0,0.711371370657424,0.538019275288829,"ok",4883749,4883749,0,12772,0,0,0,0,0,0,TRUE,0.4,"CHS","EAS"
"HG00700","Scandinavia",0,0.713110602290062,0.53012035556253,"ok",4883749,4883749,0,12772,0,0,0,0,0,0,TRUE,0.4,"CHS","EAS"
"HG00702","Scandinavia",0,0.717149698831473,0.536882495876559,"ok",4883749,4883749,0,12772,0,0,0,0,0,0,TRUE,0.4,"CHS","EAS"
"HG00703","Scandinavia",0,0.713631885481449,0.536901739022738,"ok",4883749,4883749,0,12772,0,0,0,0,0,0,TRUE,0.4,"CHS","EAS"
"HG00706","Scandinavia",0,0.714686293079577,0.536265381093325,"ok",4883749,4883749,0,12772,0,0,0,0,0,0,TRUE,0.4,"CHS","EAS"
"HG00709","Scandinavia",0,0.717828882834079,0.536271832897447,"ok",4883749,4883749,0,12772,0,0,0,0,0,0,TRUE,0.4,"CHS","EAS"
"HG00405","South America",0,0.712851074148392,0.605298773919533,"ok",4883749,4883749,0,12772,0,0,0,0,0,0,TRUE,0.4,"CHS","EAS"
"HG00408","South America",0,0.714682660612823,0.60350496393811,"ok",4883749,4883749,0,12772,0,0,0,0,0,0,TRUE,0.4,"CHS","EAS"
"HG00420","South America",0,0.71676396065674,0.605179585795816,"ok",4883749,4883749,0,12772,0,0,0,0,0,0,TRUE,0.4,"CHS","EAS"
"HG00423","South America",0,0.716586561055951,0.606495445472121,"ok",4883749,4883749,0,12772,0,0,0,0,0,0,TRUE,0.4,"CHS","EAS"
"HG00429","South America",0,0.714448946626795,0.601673910738025,"ok",4883749,4883749,0,12772,0,0,0,0,0,0,TRUE,0.4,"CHS","EAS"
"HG00438","South America",0,0.714668174330662,0.603667855802957,"ok",4883749,4883749,0,12772,0,0,0,0,0,0,TRUE,0.4,"CHS","EAS"
"HG00444","South America",0,0.717483504891216,0.60473175848932,"ok",4883749,4883749,0,12772,0,0,0,0,0,0,TRUE,0.4,"CHS","EAS"
"HG00447","South America",0,0.712013686856722,0.604168211032579,"ok",4883749,4883749,0,12772,0,0,0,0,0,0,TRUE,0.4,"CHS","EAS"
"HG00450","South America",0.0025565,0.70904653264316,0.601031600004424,"ok",4883749,4883749,0,12772,0,0,0,0,0,0,TRUE,0.4,"CHS","EAS"
"HG00453","South America",0,0.713607279260194,0.603672634860024,"ok",4883749,4883749,0,12772,0,0,0,0,0,0,TRUE,0.4,"CHS","EAS"
"HG00459","South America",0,0.713214449345277,0.605037160433489,"ok",4883749,4883749,0,12772,0,0,0,0,0,0,TRUE,0.4,"CHS","EAS"
"HG00465","South America",0,0.716004504189473,0.605548123384109,"ok",4883749,4883749,0,12772,0,0,0,0,0,0,TRUE,0.4,"CHS","EAS"
"HG00474","South America",0,0.714599596618317,0.603069261931764,"ok",4883749,4883749,0,12772,0,0,0,0,0,0,TRUE,0.4,"CHS","EAS"
"HG00477","South America",0,0.714732225313437,0.607433380160172,"ok",4883749,4883749,0,12772,0,0,0,0,0,0,TRUE,0.4,"CHS","EAS"
"HG00480","South America",0,0.71547979563432,0.605114918980565,"ok",4883749,4883749,0,12772,0,0,0,0,0,0,TRUE,0.4,"CHS","EAS"
"HG00502","South America",0,0.715162853226249,0.605717570065395,"ok",4883749,4883749,0,12772,0,0,0,0,0,0,TRUE,0.4,"CHS","EAS"
"HG00514","South America",0,0.712528990733236,0.598952194194166,"ok",4883749,4883749,0,12772,0,0,0,0,0,0,TRUE,0.4,"CHS","EAS"
"HG00526","South America",0,0.711356709155079,0.605789690103636,"ok",4883749,4883749,0,12772,0,0,0,0,0,0,TRUE,0.4,"CHS","EAS"
"HG00532","South America",0,0.714202502904015,0.608886716395454,"ok",4883749,4883749,0,12772,0,0,0,0,0,0,TRUE,0.4,"CHS","EAS"
"HG00535","South America",0,0.711921399358911,0.605045567737981,"ok",4883749,4883749,0,12772,0,0,0,0,0,0,TRUE,0.4,"CHS","EAS"
"HG00538","South America",0,0.711901820781846,0.603854613219353,"ok",4883749,4883749,0,12772,0,0,0,0,0,0,TRUE,0.4,"CHS","EAS"
"HG00544","South America",0,0.715104133611083,0.606024011651066,"ok",4883749,4883749,0,12772,0,0,0,0,0,0,TRUE,0.4,"CHS","EAS"
"HG00558","South America",0,0.714550095899922,0.606431863472822,"ok",4883749,4883749,0,12772,0,0,0,0,0,0,TRUE,0.4,"CHS","EAS"
"HG00561","South America",0,0.714692648962468,0.604076150435255,"ok",4883749,4883749,0,12772,0,0,0,0,0,0,TRUE,0.4,"CHS","EAS"
"HG00567","South America",0,0.713032385951462,0.60161283415446,"ok",4883749,4883749,0,12772,0,0,0,0,0,0,TRUE,0.4,"CHS","EAS"
"HG00579","South America",0,0.714945906393028,0.603118139690097,"ok",4883749,4883749,0,12772,0,0,0,0,0,0,TRUE,0.4,"CHS","EAS"
"HG00582","South America",0,0.715309615748991,0.608738258921302,"ok",4883749,4883749,0,12772,0,0,0,0,0,0,TRUE,0.4,"CHS","EAS"
"HG00585","South America",0,0.715142703698265,0.60360266147134,"ok",4883749,4883749,0,12772,0,0,0,0,0,0,TRUE,0.4,"CHS","EAS"
"HG00591","South America",0,0.712261445143963,0.604906376534518,"ok",4883749,4883749,0,12772,0,0,0,0,0,0,TRUE,0.4,"CHS","EAS"
"HG00594","South America",0.0075995,0.713495814259738,0.608788221405343,"ok",4883749,4883749,0,12772,0,0,0,0,0,0,TRUE,0.4,"CHS","EAS"
"HG00597","South America",0,0.713969934926353,0.601109838734878,"ok",4883749,4883749,0,12772,0,0,0,0,0,0,TRUE,0.4,"CHS","EAS"
"HG00609","South America",0,0.71579398389186,0.603137185537552,"ok",4883749,4883749,0,12772,0,0,0,0,0,0,TRUE,0.4,"CHS","EAS"
"HG00612","South America",0,0.714510174321365,0.60849694651728,"ok",4883749,4883749,0,12772,0,0,0,0,0,0,TRUE,0.4,"CHS","EAS"
"HG00615","South America",0,0.713270702029839,0.604345705285486,"ok",4883749,4883749,0,12772,0,0,0,0,0,0,TRUE,0.4,"CHS","EAS"
"HG00621","South America",0,0.716144007525593,0.604885850143461,"ok",4883749,4883749,0,12772,0,0,0,0,0,0,TRUE,0.4,"CHS","EAS"
"HG00627","South America",0,0.71485481554155,0.601824005611493,"ok",4883749,4883749,0,12772,0,0,0,0,0,0,TRUE,0.4,"CHS","EAS"
"HG00630","South America",0,0.712341356426684,0.605372103731122,"ok",4883749,4883749,0,12772,0,0,0,0,0,0,TRUE,0.4,"CHS","EAS"
"HG00636","South America",0,0.716731228851457,0.606891390515831,"ok",4883749,4883749,0,12772,0,0,0,0,0,0,TRUE,0.4,"CHS","EAS"
"HG00652","South America",0,0.718369990886476,0.607867523246513,"ok",4883749,4883749,0,12772,0,0,0,0,0,0,TRUE,0.4,"CHS","EAS"
"HG00655","South America",0,0.714701937150767,0.601202775711245,"ok",4883749,4883749,0,12772,0,0,0,0,0,0,TRUE,0.4,"CHS","EAS"
"HG00658","South America",0,0.714579992119255,0.601364803891372,"ok",4883749,4883749,0,12772,0,0,0,0,0,0,TRUE,0.4,"CHS","EAS"
"HG00664","South America",0,0.715589978299155,0.605564263830927,"ok",4883749,4883749,0,12772,0,0,0,0,0,0,TRUE,0.4,"CHS","EAS"
"HG00673","South America",0,0.715393786052234,0.602848098743747,"ok",4883749,4883749,0,12772,0,0,0,0,0,0,TRUE,0.4,"CHS","EAS"
"HG00685","South America",0,0.717061647864211,0.606940169797321,"ok",4883749,4883749,0,12772,0,0,0,0,0,0,TRUE,0.4,"CHS","EAS"
"HG00691","South America",0,0.715937155519853,0.603892451743467,"ok",4883749,4883749,0,12772,0,0,0,0,0,0,TRUE,0.4,"CHS","EAS"
"HG00694","South America",0,0.711371370657424,0.6055435121675,"ok",4883749,4883749,0,12772,0,0,0,0,0,0,TRUE,0.4,"CHS","EAS"
"HG00700","South America",0,0.713110602290062,0.599655170016408,"ok",4883749,4883749,0,12772,0,0,0,0,0,0,TRUE,0.4,"CHS","EAS"
"HG00702","South America",0,0.717149698831473,0.607374860465537,"ok",4883749,4883749,0,12772,0,0,0,0,0,0,TRUE,0.4,"CHS","EAS"
"HG00703","South America",0,0.713631885481449,0.604382928801056,"ok",4883749,4883749,0,12772,0,0,0,0,0,0,TRUE,0.4,"CHS","EAS"
"HG00706","South America",0,0.714686293079577,0.604044251496589,"ok",4883749,4883749,0,12772,0,0,0,0,0,0,TRUE,0.4,"CHS","EAS"
"HG00709","South America",0,0.717828882834079,0.605504756660044,"ok",4883749,4883749,0,12772,0,0,0,0,0,0,TRUE,0.4,"CHS","EAS"
"HG00405","Sri Lanka",0,0.712851074148392,0.600407589320112,"ok",4883749,4883749,0,12772,0,0,0,0,0,0,TRUE,0.4,"CHS","EAS"
"HG00408","Sri Lanka",0,0.714682660612823,0.603205846667624,"ok",4883749,4883749,0,12772,0,0,0,0,0,0,TRUE,0.4,"CHS","EAS"
"HG00420","Sri Lanka",0,0.71676396065674,0.603272118821953,"ok",4883749,4883749,0,12772,0,0,0,0,0,0,TRUE,0.4,"CHS","EAS"
"HG00423","Sri Lanka",0,0.716586561055951,0.600225196179485,"ok",4883749,4883749,0,12772,0,0,0,0,0,0,TRUE,0.4,"CHS","EAS"
"HG00429","Sri Lanka",0,0.714448946626795,0.599369570159801,"ok",4883749,4883749,0,12772,0,0,0,0,0,0,TRUE,0.4,"CHS","EAS"
"HG00438","Sri Lanka",0,0.714668174330662,0.596958861103259,"ok",4883749,4883749,0,12772,0,0,0,0,0,0,TRUE,0.4,"CHS","EAS"
"HG00444","Sri Lanka",0,0.717483504891216,0.603874369645573,"ok",4883749,4883749,0,12772,0,0,0,0,0,0,TRUE,0.4,"CHS","EAS"
"HG00447","Sri Lanka",0,0.712013686856722,0.599842349770284,"ok",4883749,4883749,0,12772,0,0,0,0,0,0,TRUE,0.4,"CHS","EAS"
"HG00450","Sri Lanka",0,0.70904653264316,0.596958145584798,"ok",4883749,4883749,0,12772,0,0,0,0,0,0,TRUE,0.4,"CHS","EAS"
"HG00453","Sri Lanka",0,0.713607279260194,0.60017321960408,"ok",4883749,4883749,0,12772,0,0,0,0,0,0,TRUE,0.4,"CHS","EAS"
"HG00459","Sri Lanka",0,0.713214449345277,0.599747951121671,"ok",4883749,4883749,0,12772,0,0,0,0,0,0,TRUE,0.4,"CHS","EAS"
"HG00465","Sri Lanka",0,0.716004504189473,0.601660927910847,"ok",4883749,4883749,0,12772,0,0,0,0,0,0,TRUE,0.4,"CHS","EAS"
"HG00474","Sri Lanka",0,0.714599596618317,0.597316000096646,"ok",4883749,4883749,0,12772,0,0,0,0,0,0,TRUE,0.4,"CHS","EAS"
"HG00477","Sri Lanka",0,0.714732225313437,0.604220954032284,"ok",4883749,4883749,0,12772,0,0,0,0,0,0,TRUE,0.4,"CHS","EAS"
"HG00480","Sri Lanka",0,0.71547979563432,0.601704170369139,"ok",4883749,4883749,0,12772,0,0,0,0,0,0,TRUE,0.4,"CHS","EAS"
"HG00502","Sri Lanka",0,0.715162853226249,0.603045537412928,"ok",4883749,4883749,0,12772,0,0,0,0,0,0,TRUE,0.4,"CHS","EAS"
"HG00514","Sri Lanka",0,0.712528990733236,0.600482187521501,"ok",4883749,4883749,0,12772,0,0,0,0,0,0,TRUE,0.4,"CHS","EAS"
"HG00526","Sri Lanka",0,0.711356709155079,0.598863368051942,"ok",4883749,4883749,0,12772,0,0,0,0,0,0,TRUE,0.4,"CHS","EAS"
"HG00532","Sri Lanka",0,0.714202502904015,0.602720439777439,"ok",4883749,4883749,0,12772,0,0,0,0,0,0,TRUE,0.4,"CHS","EAS"
"HG00535","Sri Lanka",0,0.711921399358911,0.598679273059034,"ok",4883749,4883749,0,12772,0,0,0,0,0,0,TRUE,0.4,"CHS","EAS"
"HG00538","Sri Lanka",0,0.711901820781846,0.595602188212639,"ok",4883749,4883749,0,12772,0,0,0,0,0,0,TRUE,0.4,"CHS","EAS"
"HG00544","Sri Lanka",0,0.715104133611083,0.601535690080504,"ok",4883749,4883749,0,12772,0,0,0,0,0,0,TRUE,0.4,"CHS","EAS"
"HG00558","Sri Lanka",0,0.714550095899922,0.599302769426051,"ok",4883749,4883749,0,12772,0,0,0,0,0,0,TRUE,0.4,"CHS","EAS"
"HG00561","Sri Lanka",0,0.714692648962468,0.598587987694599,"ok",4883749,4883749,0,12772,0,0,0,0,0,0,TRUE,0.4,"CHS","EAS"
"HG00567","Sri Lanka",0,0.713032385951462,0.595573730265659,"ok",4883749,4883749,0,12772,0,0,0,0,0,0,TRUE,0.4,"CHS","EAS"
"HG00579","Sri Lanka",0,0.714945906393028,0.600839061181765,"ok",4883749,4883749,0,12772,0,0,0,0,0,0,TRUE,0.4,"CHS","EAS"
"HG00582","Sri Lanka",0,0.715309615748991,0.605740329749575,"ok",4883749,4883749,0,12772,0,0,0,0,0,0,TRUE,0.4,"CHS","EAS"
"HG00585","Sri Lanka",0,0.715142703698265,0.601832445597243,"ok",4883749,4883749,0,12772,0,0,0,0,0,0,TRUE,0.4,"CHS","EAS"
"HG00591","Sri Lanka",0.0078307,0.712261445143963,0.602120937797637,"ok",4883749,4883749,0,12772,0,0,0,0,0,0,TRUE,0.4,"CHS","EAS"
"HG00594","Sri Lanka",0,0.713495814259738,0.601375326239261,"ok",4883749,4883749,0,12772,0,0,0,0,0,0,TRUE,0.4,"CHS","EAS"
"HG00597","Sri Lanka",0,0.713969934926353,0.599686831742143,"ok",4883749,4883749,0,12772,0,0,0,0,0,0,TRUE,0.4,"CHS","EAS"
"HG00609","Sri Lanka",0,0.71579398389186,0.600757911172857,"ok",4883749,4883749,0,12772,0,0,0,0,0,0,TRUE,0.4,"CHS","EAS"
"HG00612","Sri Lanka",0,0.714510174321365,0.602640352957789,"ok",4883749,4883749,0,12772,0,0,0,0,0,0,TRUE,0.4,"CHS","EAS"
"HG00615","Sri Lanka",0,0.713270702029839,0.602647888569473,"ok",4883749,4883749,0,12772,0,0,0,0,0,0,TRUE,0.4,"CHS","EAS"
"HG00621","Sri Lanka",0,0.716144007525593,0.600965420320955,"ok",4883749,4883749,0,12772,0,0,0,0,0,0,TRUE,0.4,"CHS","EAS"
"HG00627","Sri Lanka",0,0.71485481554155,0.599391013228041,"ok",4883749,4883749,0,12772,0,0,0,0,0,0,TRUE,0.4,"CHS","EAS"
"HG00630","Sri Lanka",0,0.712341356426684,0.599904606001506,"ok",4883749,4883749,0,12772,0,0,0,0,0,0,TRUE,0.4,"CHS","EAS"
"HG00636","Sri Lanka",0,0.716731228851457,0.605760064845116,"ok",4883749,4883749,0,12772,0,0,0,0,0,0,TRUE,0.4,"CHS","EAS"
"HG00652","Sri Lanka",0,0.718369990886476,0.599643924662048,"ok",4883749,4883749,0,12772,0,0,0,0,0,0,TRUE,0.4,"CHS","EAS"
"HG00655","Sri Lanka",0,0.714701937150767,0.599412505318133,"ok",4883749,4883749,0,12772,0,0,0,0,0,0,TRUE,0.4,"CHS","EAS"
"HG00658","Sri Lanka",0,0.714579992119255,0.599873536968201,"ok",4883749,4883749,0,12772,0,0,0,0,0,0,TRUE,0.4,"CHS","EAS"
"HG00664","Sri Lanka",0,0.715589978299155,0.601565618158993,"ok",4883749,4883749,0,12772,0,0,0,0,0,0,TRUE,0.4,"CHS","EAS"
"HG00673","Sri Lanka",0,0.715393786052234,0.601883763487966,"ok",4883749,4883749,0,12772,0,0,0,0,0,0,TRUE,0.4,"CHS","EAS"
"HG00685","Sri Lanka",0,0.717061647864211,0.602579735537955,"ok",4883749,4883749,0,12772,0,0,0,0,0,0,TRUE,0.4,"CHS","EAS"
"HG00691","Sri Lanka",0,0.715937155519853,0.600927899883671,"ok",4883749,4883749,0,12772,0,0,0,0,0,0,TRUE,0.4,"CHS","EAS"
"HG00694","Sri Lanka",0,0.711371370657424,0.603761790467022,"ok",4883749,4883749,0,12772,0,0,0,0,0,0,TRUE,0.4,"CHS","EAS"
"HG00700","Sri Lanka",0,0.713110602290062,0.596998559569399,"ok",4883749,4883749,0,12772,0,0,0,0,0,0,TRUE,0.4,"CHS","EAS"
"HG00702","Sri Lanka",0,0.717149698831473,0.602557308491721,"ok",4883749,4883749,0,12772,0,0,0,0,0,0,TRUE,0.4,"CHS","EAS"
"HG00703","Sri Lanka",0,0.713631885481449,0.603072978710138,"ok",4883749,4883749,0,12772,0,0,0,0,0,0,TRUE,0.4,"CHS","EAS"
"HG00706","Sri Lanka",0,0.714686293079577,0.603359897074322,"ok",4883749,4883749,0,12772,0,0,0,0,0,0,TRUE,0.4,"CHS","EAS"
"HG00709","Sri Lanka",0,0.717828882834079,0.600985799545329,"ok",4883749,4883749,0,12772,0,0,0,0,0,0,TRUE,0.4,"CHS","EAS"
"HG00405","United Kingdom",0,0.712851074148392,0.533362055374963,"ok",4883749,4883749,0,12772,0,0,0,0,0,0,TRUE,0.4,"CHS","EAS"
"HG00408","United Kingdom",0,0.714682660612823,0.534871252812651,"ok",4883749,4883749,0,12772,0,0,0,0,0,0,TRUE,0.4,"CHS","EAS"
"HG00420","United Kingdom",0,0.71676396065674,0.535843263285244,"ok",4883749,4883749,0,12772,0,0,0,0,0,0,TRUE,0.4,"CHS","EAS"
"HG00423","United Kingdom",0,0.716586561055951,0.535092607276699,"ok",4883749,4883749,0,12772,0,0,0,0,0,0,TRUE,0.4,"CHS","EAS"
"HG00429","United Kingdom",0,0.714448946626795,0.532780429767309,"ok",4883749,4883749,0,12772,0,0,0,0,0,0,TRUE,0.4,"CHS","EAS"
"HG00438","United Kingdom",0,0.714668174330662,0.531177119670921,"ok",4883749,4883749,0,12772,0,0,0,0,0,0,TRUE,0.4,"CHS","EAS"
"HG00444","United Kingdom",0,0.717483504891216,0.535657987004293,"ok",4883749,4883749,0,12772,0,0,0,0,0,0,TRUE,0.4,"CHS","EAS"
"HG00447","United Kingdom",0,0.712013686856722,0.534260858305657,"ok",4883749,4883749,0,12772,0,0,0,0,0,0,TRUE,0.4,"CHS","EAS"
"HG00450","United Kingdom",0,0.70904653264316,0.531396043801839,"ok",4883749,4883749,0,12772,0,0,0,0,0,0,TRUE,0.4,"CHS","EAS"
"HG00453","United Kingdom",0,0.713607279260194,0.534561637460583,"ok",4883749,4883749,0,12772,0,0,0,0,0,0,TRUE,0.4,"CHS","EAS"
"HG00459","United Kingdom",0,0.713214449345277,0.534769236260804,"ok",4883749,4883749,0,12772,0,0,0,0,0,0,TRUE,0.4,"CHS","EAS"
"HG00465","United Kingdom",0,0.716004504189473,0.534102422490102,"ok",4883749,4883749,0,12772,0,0,0,0,0,0,TRUE,0.4,"CHS","EAS"
"HG00474","United Kingdom",0,0.714599596618317,0.532883440269085,"ok",4883749,4883749,0,12772,0,0,0,0,0,0,TRUE,0.4,"CHS","EAS"
"HG00477","United Kingdom",0,0.714732225313437,0.537546360647408,"ok",4883749,4883749,0,12772,0,0,0,0,0,0,TRUE,0.4,"CHS","EAS"
"HG00480","United Kingdom",0,0.71547979563432,0.534507323231184,"ok",4883749,4883749,0,12772,0,0,0,0,0,0,TRUE,0.4,"CHS","EAS"
"HG00502","United Kingdom",0,0.715162853226249,0.537150021924385,"ok",4883749,4883749,0,12772,0,0,0,0,0,0,TRUE,0.4,"CHS","EAS"
"HG00514","United Kingdom",0,0.712528990733236,0.532577879280006,"ok",4883749,4883749,0,12772,0,0,0,0,0,0,TRUE,0.4,"CHS","EAS"
"HG00526","United Kingdom",0,0.711356709155079,0.534705834282589,"ok",4883749,4883749,0,12772,0,0,0,0,0,0,TRUE,0.4,"CHS","EAS"
"HG00532","United Kingdom",0,0.714202502904015,0.537877913061925,"ok",4883749,4883749,0,12772,0,0,0,0,0,0,TRUE,0.4,"CHS","EAS"
"HG00535","United Kingdom",0,0.711921399358911,0.535942897238662,"ok",4883749,4883749,0,12772,0,0,0,0,0,0,TRUE,0.4,"CHS","EAS"
"HG00538","United Kingdom",0,0.711901820781846,0.533233473171188,"ok",4883749,4883749,0,12772,0,0,0,0,0,0,TRUE,0.4,"CHS","EAS"
"HG00544","United Kingdom",0,0.715104133611083,0.534142651301711,"ok",4883749,4883749,0,12772,0,0,0,0,0,0,TRUE,0.4,"CHS","EAS"
"HG00558","United Kingdom",0,0.714550095899922,0.535445389956076,"ok",4883749,4883749,0,12772,0,0,0,0,0,0,TRUE,0.4,"CHS","EAS"
"HG00561","United Kingdom",0,0.714692648962468,0.532791982523318,"ok",4883749,4883749,0,12772,0,0,0,0,0,0,TRUE,0.4,"CHS","EAS"
"HG00567","United Kingdom",0,0.713032385951462,0.529626710900486,"ok",4883749,4883749,0,12772,0,0,0,0,0,0,TRUE,0.4,"CHS","EAS"
"HG00579","United Kingdom",0,0.714945906393028,0.536149619469179,"ok",4883749,4883749,0,12772,0,0,0,0,0,0,TRUE,0.4,"CHS","EAS"
"HG00582","United Kingdom",0,0.715309615748991,0.539294013813012,"ok",4883749,4883749,0,12772,0,0,0,0,0,0,TRUE,0.4,"CHS","EAS"
"HG00585","United Kingdom",0,0.715142703698265,0.534989371872229,"ok",4883749,4883749,0,12772,0,0,0,0,0,0,TRUE,0.4,"CHS","EAS"
"HG00591","United Kingdom",0,0.712261445143963,0.536603900127776,"ok",4883749,4883749,0,12772,0,0,0,0,0,0,TRUE,0.4,"CHS","EAS"
"HG00594","United Kingdom",0,0.713495814259738,0.537337600718846,"ok",4883749,4883749,0,12772,0,0,0,0,0,0,TRUE,0.4,"CHS","EAS"
"HG00597","United Kingdom",0,0.713969934926353,0.531611568771063,"ok",4883749,4883749,0,12772,0,0,0,0,0,0,TRUE,0.4,"CHS","EAS"
"HG00609","United Kingdom",0,0.71579398389186,0.535275368288104,"ok",4883749,4883749,0,12772,0,0,0,0,0,0,TRUE,0.4,"CHS","EAS"
"HG00612","United Kingdom",0,0.714510174321365,0.539033900655064,"ok",4883749,4883749,0,12772,0,0,0,0,0,0,TRUE,0.4,"CHS","EAS"
"HG00615","United Kingdom",0,0.713270702029839,0.534014258572103,"ok",4883749,4883749,0,12772,0,0,0,0,0,0,TRUE,0.4,"CHS","EAS"
"HG00621","United Kingdom",0,0.716144007525593,0.536699307129294,"ok",4883749,4883749,0,12772,0,0,0,0,0,0,TRUE,0.4,"CHS","EAS"
"HG00627","United Kingdom",0,0.71485481554155,0.532577341021184,"ok",4883749,4883749,0,12772,0,0,0,0,0,0,TRUE,0.4,"CHS","EAS"
"HG00630","United Kingdom",0,0.712341356426684,0.5349464298638,"ok",4883749,4883749,0,12772,0,0,0,0,0,0,TRUE,0.4,"CHS","EAS"
"HG00636","United Kingdom",0,0.716731228851457,0.539663725512555,"ok",4883749,4883749,0,12772,0,0,0,0,0,0,TRUE,0.4,"CHS","EAS"
"HG00652","United Kingdom",0,0.718369990886476,0.535492147400522,"ok",4883749,4883749,0,12772,0,0,0,0,0,0,TRUE,0.4,"CHS","EAS"
"HG00655","United Kingdom",0,0.714701937150767,0.528641788184901,"ok",4883749,4883749,0,12772,0,0,0,0,0,0,TRUE,0.4,"CHS","EAS"
"HG00658","United Kingdom",0,0.714579992119255,0.532194097128403,"ok",4883749,4883749,0,12772,0,0,0,0,0,0,TRUE,0.4,"CHS","EAS"
"HG00664","United Kingdom",0,0.715589978299155,0.536378556247996,"ok",4883749,4883749,0,12772,0,0,0,0,0,0,TRUE,0.4,"CHS","EAS"
"HG00673","United Kingdom",0,0.715393786052234,0.534009938814262,"ok",4883749,4883749,0,12772,0,0,0,0,0,0,TRUE,0.4,"CHS","EAS"
"HG00685","United Kingdom",0,0.717061647864211,0.532940638559602,"ok",4883749,4883749,0,12772,0,0,0,0,0,0,TRUE,0.4,"CHS","EAS"
"HG00691","United Kingdom",0,0.715937155519853,0.534225935467054,"ok",4883749,4883749,0,12772,0,0,0,0,0,0,TRUE,0.4,"CHS","EAS"
"HG00694","United Kingdom",0,0.711371370657424,0.537684400543677,"ok",4883749,4883749,0,12772,0,0,0,0,0,0,TRUE,0.4,"CHS","EAS"
"HG00700","United Kingdom",0,0.713110602290062,0.530075647924584,"ok",4883749,4883749,0,12772,0,0,0,0,0,0,TRUE,0.4,"CHS","EAS"
"HG00702","United Kingdom",0,0.717149698831473,0.536283455914756,"ok",4883749,4883749,0,12772,0,0,0,0,0,0,TRUE,0.4,"CHS","EAS"
"HG00703","United Kingdom",0,0.713631885481449,0.536460444248061,"ok",4883749,4883749,0,12772,0,0,0,0,0,0,TRUE,0.4,"CHS","EAS"
"HG00706","United Kingdom",0,0.714686293079577,0.536158901742705,"ok",4883749,4883749,0,12772,0,0,0,0,0,0,TRUE,0.4,"CHS","EAS"
"HG00709","United Kingdom",0,0.717828882834079,0.536176213135744,"ok",4883749,4883749,0,12772,0,0,0,0,0,0,TRUE,0.4,"CHS","EAS"
"HG01114","Africa (East)",0,0.667839795689353,0.588039451736876,"ok",4883749,4883749,0,12772,0,0,0,0,0,0,TRUE,0.4,"CLM","AMR"
"HG01126","Africa (East)",0.0025675,0.649170806361408,0.585180373828395,"ok",4883749,4883749,0,12772,0,0,0,0,0,0,TRUE,0.4,"CLM","AMR"
"HG01135","Africa (East)",0,0.657823315521857,0.587396789549879,"ok",4883749,4883749,0,12772,0,0,0,0,0,0,TRUE,0.4,"CLM","AMR"
"HG01138","Africa (East)",0,0.657896411525777,0.580855444528796,"ok",4883749,4883749,0,12772,0,0,0,0,0,0,TRUE,0.4,"CLM","AMR"
"HG01141","Africa (East)",0.0010149,0.653295337888745,0.589088688419097,"ok",4883749,4883749,0,12772,0,0,0,0,0,0,TRUE,0.4,"CLM","AMR"
"HG01150","Africa (East)",0,0.663234339757107,0.585550850138637,"ok",4883749,4883749,0,12772,0,0,0,0,0,0,TRUE,0.4,"CLM","AMR"
"HG01252","Africa (East)",0,0.658454081501218,0.588106429357561,"ok",4883749,4883749,0,12772,0,0,0,0,0,0,TRUE,0.4,"CLM","AMR"
"HG01255","Africa (East)",0,0.65593646089647,0.588162445495184,"ok",4883749,4883749,0,12772,0,0,0,0,0,0,TRUE,0.4,"CLM","AMR"
"HG01258","Africa (East)",0,0.668756058346027,0.588081518049112,"ok",4883749,4883749,0,12772,0,0,0,0,0,0,TRUE,0.4,"CLM","AMR"
"HG01261","Africa (East)",0.0204093,0.657485155694914,0.590189323619057,"ok",4883749,4883749,0,12772,0,0,0,0,0,0,TRUE,0.4,"CLM","AMR"
"HG01273","Africa (East)",0.0001309,0.647288490990335,0.592589994531607,"ok",4883749,4883749,0,12772,0,0,0,0,0,0,TRUE,0.4,"CLM","AMR"
"HG01276","Africa (East)",0,0.663555916370702,0.590387858008474,"ok",4883749,4883749,0,12772,0,0,0,0,0,0,TRUE,0.4,"CLM","AMR"
"HG01279","Africa (East)",0,0.656908498230032,0.568647114257501,"ok",4883749,4883749,0,12772,0,0,0,0,0,0,TRUE,0.4,"CLM","AMR"
"HG01343","Africa (East)",0,0.658471651342188,0.581802502052103,"ok",4883749,4883749,0,12772,0,0,0,0,0,0,TRUE,0.4,"CLM","AMR"
"HG01346","Africa (East)",0,0.663306541822294,0.58224463194552,"ok",4883749,4883749,0,12772,0,0,0,0,0,0,TRUE,0.4,"CLM","AMR"
"HG01349","Africa (East)",0,0.662059966202883,0.583104398066524,"ok",4883749,4883749,0,12772,0,0,0,0,0,0,TRUE,0.4,"CLM","AMR"
"HG01352","Africa (East)",0,0.662735199298398,0.57822327613453,"ok",4883749,4883749,0,12772,0,0,0,0,0,0,TRUE,0.4,"CLM","AMR"
"HG01355","Africa (East)",0,0.662659148785929,0.586878078543555,"ok",4883749,4883749,0,12772,0,0,0,0,0,0,TRUE,0.4,"CLM","AMR"
"HG01358","Africa (East)",0,0.66155628615464,0.573354505876613,"ok",4883749,4883749,0,12772,0,0,0,0,0,0,TRUE,0.4,"CLM","AMR"
"HG01361","Africa (East)",0,0.660894396624964,0.58561514366868,"ok",4883749,4883749,0,12772,0,0,0,0,0,0,TRUE,0.4,"CLM","AMR"
"HG01367","Africa (East)",0,0.653172987859468,0.592512945695278,"ok",4883749,4883749,0,12772,0,0,0,0,0,0,TRUE,0.4,"CLM","AMR"
"HG01376","Africa (East)",0,0.658498577507602,0.58876933693845,"ok",4883749,4883749,0,12772,0,0,0,0,0,0,TRUE,0.4,"CLM","AMR"
"HG01379","Africa (East)",0,0.653734992203757,0.579387712516543,"ok",4883749,4883749,0,12772,0,0,0,0,0,0,TRUE,0.4,"CLM","AMR"
"HG01385","Africa (East)",0,0.665411041408653,0.589759290854309,"ok",4883749,4883749,0,12772,0,0,0,0,0,0,TRUE,0.4,"CLM","AMR"
"HG01391","Africa (East)",0,0.64515042674326,0.594416599687338,"ok",4883749,4883749,0,12772,0,0,0,0,0,0,TRUE,0.4,"CLM","AMR"
"HG01433","Africa (East)",0,0.657539878408743,0.584319932191553,"ok",4883749,4883749,0,12772,0,0,0,0,0,0,TRUE,0.4,"CLM","AMR"
"HG01439","Africa (East)",0,0.669578728868361,0.592632423767735,"ok",4883749,4883749,0,12772,0,0,0,0,0,0,TRUE,0.4,"CLM","AMR"
"HG01457","Africa (East)",0,0.669783348085363,0.575998592886822,"ok",4883749,4883749,0,12772,0,0,0,0,0,0,TRUE,0.4,"CLM","AMR"
"HG01463","Africa (East)",0,0.648119137486059,0.586430696362253,"ok",4883749,4883749,0,12772,0,0,0,0,0,0,TRUE,0.4,"CLM","AMR"
"HG01466","Africa (East)",0,0.652402333397916,0.589298869540031,"ok",4883749,4883749,0,12772,0,0,0,0,0,0,TRUE,0.4,"CLM","AMR"
"HG01490","Africa (East)",0.0009892,0.656018602482979,0.596209139520874,"ok",4883749,4883749,0,12772,0,0,0,0,0,0,TRUE,0.4,"CLM","AMR"
"HG01493","Africa (East)",0,0.662415092641093,0.588174442566677,"ok",4883749,4883749,0,12772,0,0,0,0,0,0,TRUE,0.4,"CLM","AMR"
"HG01496","Africa (East)",0.0243229,0.656838126576379,0.57901656064944,"ok",4883749,4883749,0,12772,0,0,0,0,0,0,TRUE,0.4,"CLM","AMR"
"HG01499","Africa (East)",0,0.661521385796871,0.574424090097157,"ok",4883749,4883749,0,12772,0,0,0,0,0,0,TRUE,0.4,"CLM","AMR"
"HG01552","Africa (East)",0,0.643905013915382,0.599109980741601,"ok",4883749,4883749,0,12772,0,0,0,0,0,0,TRUE,0.4,"CLM","AMR"
"HG01114","Africa (North)",0,0.667839795689353,0.642240542196254,"ok",4883749,4883749,0,12772,0,0,0,0,0,0,TRUE,0.4,"CLM","AMR"
"HG01126","Africa (North)",0,0.649170806361408,0.617322385144938,"ok",4883749,4883749,0,12772,0,0,0,0,0,0,TRUE,0.4,"CLM","AMR"
"HG01135","Africa (North)",0,0.657823315521857,0.631311340864753,"ok",4883749,4883749,0,12772,0,0,0,0,0,0,TRUE,0.4,"CLM","AMR"
"HG01138","Africa (North)",1.03e-05,0.657896411525777,0.623374938484614,"ok",4883749,4883749,0,12772,0,0,0,0,0,0,TRUE,0.4,"CLM","AMR"
"HG01141","Africa (North)",0,0.653295337888745,0.623453850442628,"ok",4883749,4883749,0,12772,0,0,0,0,0,0,TRUE,0.4,"CLM","AMR"
"HG01150","Africa (North)",0,0.663234339757107,0.623519803278404,"ok",4883749,4883749,0,12772,0,0,0,0,0,0,TRUE,0.4,"CLM","AMR"
"HG01252","Africa (North)",0.0437468,0.658454081501218,0.628400790833559,"ok",4883749,4883749,0,12772,0,0,0,0,0,0,TRUE,0.4,"CLM","AMR"
"HG01255","Africa (North)",0,0.65593646089647,0.624788493992872,"ok",4883749,4883749,0,12772,0,0,0,0,0,0,TRUE,0.4,"CLM","AMR"
"HG01258","Africa (North)",0,0.668756058346027,0.639252049926163,"ok",4883749,4883749,0,12772,0,0,0,0,0,0,TRUE,0.4,"CLM","AMR"
"HG01261","Africa (North)",0,0.657485155694914,0.63139510081249,"ok",4883749,4883749,0,12772,0,0,0,0,0,0,TRUE,0.4,"CLM","AMR"
"HG01273","Africa (North)",0,0.647288490990335,0.618944301777809,"ok",4883749,4883749,0,12772,0,0,0,0,0,0,TRUE,0.4,"CLM","AMR"
"HG01276","Africa (North)",0,0.663555916370702,0.639421136730774,"ok",4883749,4883749,0,12772,0,0,0,0,0,0,TRUE,0.4,"CLM","AMR"
"HG01279","Africa (North)",0,0.656908498230032,0.615644380761644,"ok",4883749,4883749,0,12772,0,0,0,0,0,0,TRUE,0.4,"CLM","AMR"
"HG01343","Africa (North)",0,0.658471651342188,0.605939047431488,"ok",4883749,4883749,0,12772,0,0,0,0,0,0,TRUE,0.4,"CLM","AMR"
"HG01346","Africa (North)",0,0.663306541822294,0.625447885796516,"ok",4883749,4883749,0,12772,0,0,0,0,0,0,TRUE,0.4,"CLM","AMR"
"HG01349","Africa (North)",0,0.662059966202883,0.630558242118112,"ok",4883749,4883749,0,12772,0,0,0,0,0,0,TRUE,0.4,"CLM","AMR"
"HG01352","Africa (North)",0,0.662735199298398,0.623332512621897,"ok",4883749,4883749,0,12772,0,0,0,0,0,0,TRUE,0.4,"CLM","AMR"
"HG01355","Africa (North)",0,0.662659148785929,0.635804686276621,"ok",4883749,4883749,0,12772,0,0,0,0,0,0,TRUE,0.4,"CLM","AMR"
"HG01358","Africa (North)",0,0.66155628615464,0.619318041448222,"ok",4883749,4883749,0,12772,0,0,0,0,0,0,TRUE,0.4,"CLM","AMR"
"HG01361","Africa (North)",0,0.660894396624964,0.631070975890185,"ok",4883749,4883749,0,12772,0,0,0,0,0,0,TRUE,0.4,"CLM","AMR"
"HG01367","Africa (North)",0,0.653172987859468,0.625015369143445,"ok",4883749,4883749,0,12772,0,0,0,0,0,0,TRUE,0.4,"CLM","AMR"
"HG01376","Africa (North)",0,0.658498577507602,0.628337284147284,"ok",4883749,4883749,0,12772,0,0,0,0,0,0,TRUE,0.4,"CLM","AMR"
"HG01379","Africa (North)",0,0.653734992203757,0.615330946809526,"ok",4883749,4883749,0,12772,0,0,0,0,0,0,TRUE,0.4,"CLM","AMR"
"HG01385","Africa (North)",0,0.665411041408653,0.636238498974593,"ok",4883749,4883749,0,12772,0,0,0,0,0,0,TRUE,0.4,"CLM","AMR"
"HG01391","Africa (North)",0,0.64515042674326,0.62134479866235,"ok",4883749,4883749,0,12772,0,0,0,0,0,0,TRUE,0.4,"CLM","AMR"
"HG01433","Africa (North)",0,0.657539878408743,0.627488934000108,"ok",4883749,4883749,0,12772,0,0,0,0,0,0,TRUE,0.4,"CLM","AMR"
"HG01439","Africa (North)",0,0.669578728868361,0.649242252391712,"ok",4883749,4883749,0,12772,0,0,0,0,0,0,TRUE,0.4,"CLM","AMR"
"HG01457","Africa (North)",0,0.669783348085363,0.616200034897544,"ok",4883749,4883749,0,12772,0,0,0,0,0,0,TRUE,0.4,"CLM","AMR"
"HG01463","Africa (North)",0,0.648119137486059,0.601732743878616,"ok",4883749,4883749,0,12772,0,0,0,0,0,0,TRUE,0.4,"CLM","AMR"
"HG01466","Africa (North)",0.0148608,0.652402333397916,0.623887860961004,"ok",4883749,4883749,0,12772,0,0,0,0,0,0,TRUE,0.4,"CLM","AMR"
"HG01490","Africa (North)",0,0.656018602482979,0.640029797529129,"ok",4883749,4883749,0,12772,0,0,0,0,0,0,TRUE,0.4,"CLM","AMR"
"HG01493","Africa (North)",0,0.662415092641093,0.639282232064004,"ok",4883749,4883749,0,12772,0,0,0,0,0,0,TRUE,0.4,"CLM","AMR"
"HG01496","Africa (North)",0,0.656838126576379,0.605926539698764,"ok",4883749,4883749,0,12772,0,0,0,0,0,0,TRUE,0.4,"CLM","AMR"
"HG01499","Africa (North)",0,0.661521385796871,0.616301444632598,"ok",4883749,4883749,0,12772,0,0,0,0,0,0,TRUE,0.4,"CLM","AMR"
"HG01552","Africa (North)",0,0.643905013915382,0.621280360083924,"ok",4883749,4883749,0,12772,0,0,0,0,0,0,TRUE,0.4,"CLM","AMR"
"HG01114","Africa (South)",0,0.667839795689353,0.445676351602308,"ok",4883749,4883749,0,12772,0,0,0,0,0,0,TRUE,0.4,"CLM","AMR"
"HG01126","Africa (South)",0.0115197,0.649170806361408,0.475243260743991,"ok",4883749,4883749,0,12772,0,0,0,0,0,0,TRUE,0.4,"CLM","AMR"
"HG01135","Africa (South)",0,0.657823315521857,0.460398887291148,"ok",4883749,4883749,0,12772,0,0,0,0,0,0,TRUE,0.4,"CLM","AMR"
"HG01138","Africa (South)",0.0120851,0.657896411525777,0.456273925917015,"ok",4883749,4883749,0,12772,0,0,0,0,0,0,TRUE,0.4,"CLM","AMR"
"HG01141","Africa (South)",0.0050869,0.653295337888745,0.476860525823412,"ok",4883749,4883749,0,12772,0,0,0,0,0,0,TRUE,0.4,"CLM","AMR"
"HG01150","Africa (South)",0,0.663234339757107,0.467810914706473,"ok",4883749,4883749,0,12772,0,0,0,0,0,0,TRUE,0.4,"CLM","AMR"
"HG01252","Africa (South)",0,0.658454081501218,0.465452207582702,"ok",4883749,4883749,0,12772,0,0,0,0,0,0,TRUE,0.4,"CLM","AMR"
"HG01255","Africa (South)",0.0021277,0.65593646089647,0.470637607202473,"ok",4883749,4883749,0,12772,0,0,0,0,0,0,TRUE,0.4,"CLM","AMR"
"HG01258","Africa (South)",0,0.668756058346027,0.445798269119147,"ok",4883749,4883749,0,12772,0,0,0,0,0,0,TRUE,0.4,"CLM","AMR"
"HG01261","Africa (South)",0.0141365,0.657485155694914,0.466192263800656,"ok",4883749,4883749,0,12772,0,0,0,0,0,0,TRUE,0.4,"CLM","AMR"
"HG01273","Africa (South)",0.0402254,0.647288490990335,0.491837653342431,"ok",4883749,4883749,0,12772,0,0,0,0,0,0,TRUE,0.4,"CLM","AMR"
"HG01276","Africa (South)",0,0.663555916370702,0.453416700637593,"ok",4883749,4883749,0,12772,0,0,0,0,0,0,TRUE,0.4,"CLM","AMR"
"HG01279","Africa (South)",0,0.656908498230032,0.43842517913699,"ok",4883749,4883749,0,12772,0,0,0,0,0,0,TRUE,0.4,"CLM","AMR"
"HG01343","Africa (South)",0.0100478,0.658471651342188,0.488309653107419,"ok",4883749,4883749,0,12772,0,0,0,0,0,0,TRUE,0.4,"CLM","AMR"
"HG01346","Africa (South)",0,0.663306541822294,0.456888698510284,"ok",4883749,4883749,0,12772,0,0,0,0,0,0,TRUE,0.4,"CLM","AMR"
"HG01349","Africa (South)",0,0.662059966202883,0.444405537550232,"ok",4883749,4883749,0,12772,0,0,0,0,0,0,TRUE,0.4,"CLM","AMR"
"HG01352","Africa (South)",0,0.662735199298398,0.449943124534736,"ok",4883749,4883749,0,12772,0,0,0,0,0,0,TRUE,0.4,"CLM","AMR"
"HG01355","Africa (South)",0,0.662659148785929,0.450640609095743,"ok",4883749,4883749,0,12772,0,0,0,0,0,0,TRUE,0.4,"CLM","AMR"
"HG01358","Africa (South)",0,0.66155628615464,0.443600830749452,"ok",4883749,4883749,0,12772,0,0,0,0,0,0,TRUE,0.4,"CLM","AMR"
"HG01361","Africa (South)",0.0110509,0.660894396624964,0.45542622354769,"ok",4883749,4883749,0,12772,0,0,0,0,0,0,TRUE,0.4,"CLM","AMR"
"HG01367","Africa (South)",0.0227435,0.653172987859468,0.484630501658166,"ok",4883749,4883749,0,12772,0,0,0,0,0,0,TRUE,0.4,"CLM","AMR"
"HG01376","Africa (South)",0,0.658498577507602,0.46684131009798,"ok",4883749,4883749,0,12772,0,0,0,0,0,0,TRUE,0.4,"CLM","AMR"
"HG01379","Africa (South)",0.0085413,0.653734992203757,0.466042457121143,"ok",4883749,4883749,0,12772,0,0,0,0,0,0,TRUE,0.4,"CLM","AMR"
"HG01385","Africa (South)",0.0097613,0.665411041408653,0.457895845202693,"ok",4883749,4883749,0,12772,0,0,0,0,0,0,TRUE,0.4,"CLM","AMR"
"HG01391","Africa (South)",0.0529115,0.64515042674326,0.4952049860114,"ok",4883749,4883749,0,12772,0,0,0,0,0,0,TRUE,0.4,"CLM","AMR"
"HG01433","Africa (South)",0.0187344,0.657539878408743,0.462526507652282,"ok",4883749,4883749,0,12772,0,0,0,0,0,0,TRUE,0.4,"CLM","AMR"
"HG01439","Africa (South)",0,0.669578728868361,0.444759911026664,"ok",4883749,4883749,0,12772,0,0,0,0,0,0,TRUE,0.4,"CLM","AMR"
"HG01457","Africa (South)",0,0.669783348085363,0.455427819458691,"ok",4883749,4883749,0,12772,0,0,0,0,0,0,TRUE,0.4,"CLM","AMR"
"HG01463","Africa (South)",0.041705,0.648119137486059,0.509593181495755,"ok",4883749,4883749,0,12772,0,0,0,0,0,0,TRUE,0.4,"CLM","AMR"
"HG01466","Africa (South)",0.0516422,0.652402333397916,0.477493614245599,"ok",4883749,4883749,0,12772,0,0,0,0,0,0,TRUE,0.4,"CLM","AMR"
"HG01490","Africa (South)",0.0439447,0.656018602482979,0.465867233484622,"ok",4883749,4883749,0,12772,0,0,0,0,0,0,TRUE,0.4,"CLM","AMR"
"HG01493","Africa (South)",0,0.662415092641093,0.448405056286212,"ok",4883749,4883749,0,12772,0,0,0,0,0,0,TRUE,0.4,"CLM","AMR"
"HG01496","Africa (South)",0.0171514,0.656838126576379,0.474346060608736,"ok",4883749,4883749,0,12772,0,0,0,0,0,0,TRUE,0.4,"CLM","AMR"
"HG01499","Africa (South)",0.0047471,0.661521385796871,0.454068480656482,"ok",4883749,4883749,0,12772,0,0,0,0,0,0,TRUE,0.4,"CLM","AMR"
"HG01552","Africa (South)",0.0911458,0.643905013915382,0.50673668274101,"ok",4883749,4883749,0,12772,0,0,0,0,0,0,TRUE,0.4,"CLM","AMR"
"HG01114","Africa (West)",0,0.667839795689353,0.444392313478914,"ok",4883749,4883749,0,12772,0,0,0,0,0,0,TRUE,0.4,"CLM","AMR"
"HG01126","Africa (West)",0.0705557,0.649170806361408,0.474822922367927,"ok",4883749,4883749,0,12772,0,0,0,0,0,0,TRUE,0.4,"CLM","AMR"
"HG01135","Africa (West)",0.0331764,0.657823315521857,0.4595004542351,"ok",4883749,4883749,0,12772,0,0,0,0,0,0,TRUE,0.4,"CLM","AMR"
"HG01138","Africa (West)",0,0.657896411525777,0.455252087543247,"ok",4883749,4883749,0,12772,0,0,0,0,0,0,TRUE,0.4,"CLM","AMR"
"HG01141","Africa (West)",0.0751339,0.653295337888745,0.47634011334481,"ok",4883749,4883749,0,12772,0,0,0,0,0,0,TRUE,0.4,"CLM","AMR"
"HG01150","Africa (West)",0.0381874,0.663234339757107,0.467599898077608,"ok",4883749,4883749,0,12772,0,0,0,0,0,0,TRUE,0.4,"CLM","AMR"
"HG01252","Africa (West)",0.0270525,0.658454081501218,0.464979107962891,"ok",4883749,4883749,0,12772,0,0,0,0,0,0,TRUE,0.4,"CLM","AMR"
"HG01255","Africa (West)",0.0570641,0.65593646089647,0.469925235120981,"ok",4883749,4883749,0,12772,0,0,0,0,0,0,TRUE,0.4,"CLM","AMR"
"HG01258","Africa (West)",0,0.668756058346027,0.44453734692088,"ok",4883749,4883749,0,12772,0,0,0,0,0,0,TRUE,0.4,"CLM","AMR"
"HG01261","Africa (West)",0.018321,0.657485155694914,0.465201720464739,"ok",4883749,4883749,0,12772,0,0,0,0,0,0,TRUE,0.4,"CLM","AMR"
"HG01273","Africa (West)",0.0889048,0.647288490990335,0.491183671263312,"ok",4883749,4883749,0,12772,0,0,0,0,0,0,TRUE,0.4,"CLM","AMR"
"HG01276","Africa (West)",0.0046237,0.663555916370702,0.452719803238064,"ok",4883749,4883749,0,12772,0,0,0,0,0,0,TRUE,0.4,"CLM","AMR"
"HG01279","Africa (West)",0,0.656908498230032,0.437257092027295,"ok",4883749,4883749,0,12772,0,0,0,0,0,0,TRUE,0.4,"CLM","AMR"
"HG01343","Africa (West)",0.1022677,0.658471651342188,0.488241147067913,"ok",4883749,4883749,0,12772,0,0,0,0,0,0,TRUE,0.4,"CLM","AMR"
"HG01346","Africa (West)",0.0004148,0.663306541822294,0.456030600070332,"ok",4883749,4883749,0,12772,0,0,0,0,0,0,TRUE,0.4,"CLM","AMR"
"HG01349","Africa (West)",0,0.662059966202883,0.443915317938616,"ok",4883749,4883749,0,12772,0,0,0,0,0,0,TRUE,0.4,"CLM","AMR"
"HG01352","Africa (West)",0,0.662735199298398,0.448667498179638,"ok",4883749,4883749,0,12772,0,0,0,0,0,0,TRUE,0.4,"CLM","AMR"
"HG01355","Africa (West)",0,0.662659148785929,0.45011868774415,"ok",4883749,4883749,0,12772,0,0,0,0,0,0,TRUE,0.4,"CLM","AMR"
"HG01358","Africa (West)",0,0.66155628615464,0.442493174442495,"ok",4883749,4883749,0,12772,0,0,0,0,0,0,TRUE,0.4,"CLM","AMR"
"HG01361","Africa (West)",0,0.660894396624964,0.454322439426767,"ok",4883749,4883749,0,12772,0,0,0,0,0,0,TRUE,0.4,"CLM","AMR"
"HG01367","Africa (West)",0.0822393,0.653172987859468,0.484490636723931,"ok",4883749,4883749,0,12772,0,0,0,0,0,0,TRUE,0.4,"CLM","AMR"
"HG01376","Africa (West)",0.0446286,0.658498577507602,0.466279366235584,"ok",4883749,4883749,0,12772,0,0,0,0,0,0,TRUE,0.4,"CLM","AMR"
"HG01379","Africa (West)",0.0438488,0.653734992203757,0.465385344327392,"ok",4883749,4883749,0,12772,0,0,0,0,0,0,TRUE,0.4,"CLM","AMR"
"HG01385","Africa (West)",0,0.665411041408653,0.456614418730251,"ok",4883749,4883749,0,12772,0,0,0,0,0,0,TRUE,0.4,"CLM","AMR"
"HG01391","Africa (West)",0.0874251,0.64515042674326,0.494178158929733,"ok",4883749,4883749,0,12772,0,0,0,0,0,0,TRUE,0.4,"CLM","AMR"
"HG01433","Africa (West)",0.0114756,0.657539878408743,0.461635363550709,"ok",4883749,4883749,0,12772,0,0,0,0,0,0,TRUE,0.4,"CLM","AMR"
"HG01439","Africa (West)",0,0.669578728868361,0.442929864031835,"ok",4883749,4883749,0,12772,0,0,0,0,0,0,TRUE,0.4,"CLM","AMR"
"HG01457","Africa (West)",0,0.669783348085363,0.453772257067506,"ok",4883749,4883749,0,12772,0,0,0,0,0,0,TRUE,0.4,"CLM","AMR"
"HG01463","Africa (West)",0.1553764,0.648119137486059,0.509397114274873,"ok",4883749,4883749,0,12772,0,0,0,0,0,0,TRUE,0.4,"CLM","AMR"
"HG01466","Africa (West)",0.0276438,0.652402333397916,0.476064911267964,"ok",4883749,4883749,0,12772,0,0,0,0,0,0,TRUE,0.4,"CLM","AMR"
"HG01490","Africa (West)",0.0109685,0.656018602482979,0.464818524121074,"ok",4883749,4883749,0,12772,0,0,0,0,0,0,TRUE,0.4,"CLM","AMR"
"HG01493","Africa (West)",0,0.662415092641093,0.447365473792924,"ok",4883749,4883749,0,12772,0,0,0,0,0,0,TRUE,0.4,"CLM","AMR"
"HG01496","Africa (West)",0.0514821,0.656838126576379,0.473871781281581,"ok",4883749,4883749,0,12772,0,0,0,0,0,0,TRUE,0.4,"CLM","AMR"
"HG01499","Africa (West)",0,0.661521385796871,0.453068556317928,"ok",4883749,4883749,0,12772,0,0,0,0,0,0,TRUE,0.4,"CLM","AMR"
"HG01552","Africa (West)",0.1002822,0.643905013915382,0.506030551020104,"ok",4883749,4883749,0,12772,0,0,0,0,0,0,TRUE,0.4,"CLM","AMR"
"HG01114","Ashkenazi",0,0.667839795689353,0.653046249890955,"ok",4883749,4883749,0,12772,0,0,0,0,0,0,TRUE,0.4,"CLM","AMR"
"HG01126","Ashkenazi",0,0.649170806361408,0.615658932560743,"ok",4883749,4883749,0,12772,0,0,0,0,0,0,TRUE,0.4,"CLM","AMR"
"HG01135","Ashkenazi",0,0.657823315521857,0.635967587578742,"ok",4883749,4883749,0,12772,0,0,0,0,0,0,TRUE,0.4,"CLM","AMR"
"HG01138","Ashkenazi",0,0.657896411525777,0.626290733450454,"ok",4883749,4883749,0,12772,0,0,0,0,0,0,TRUE,0.4,"CLM","AMR"
"HG01141","Ashkenazi",0,0.653295337888745,0.623354509859679,"ok",4883749,4883749,0,12772,0,0,0,0,0,0,TRUE,0.4,"CLM","AMR"
"HG01150","Ashkenazi",0,0.663234339757107,0.627179949767807,"ok",4883749,4883749,0,12772,0,0,0,0,0,0,TRUE,0.4,"CLM","AMR"
"HG01252","Ashkenazi",0,0.658454081501218,0.630460036710707,"ok",4883749,4883749,0,12772,0,0,0,0,0,0,TRUE,0.4,"CLM","AMR"
"HG01255","Ashkenazi",0,0.65593646089647,0.626675972196576,"ok",4883749,4883749,0,12772,0,0,0,0,0,0,TRUE,0.4,"CLM","AMR"
"HG01258","Ashkenazi",0,0.668756058346027,0.648723766132419,"ok",4883749,4883749,0,12772,0,0,0,0,0,0,TRUE,0.4,"CLM","AMR"
"HG01261","Ashkenazi",0.0174311,0.657485155694914,0.634822532835952,"ok",4883749,4883749,0,12772,0,0,0,0,0,0,TRUE,0.4,"CLM","AMR"
"HG01273","Ashkenazi",0,0.647288490990335,0.613992362354478,"ok",4883749,4883749,0,12772,0,0,0,0,0,0,TRUE,0.4,"CLM","AMR"
"HG01276","Ashkenazi",0,0.663555916370702,0.646527929699253,"ok",4883749,4883749,0,12772,0,0,0,0,0,0,TRUE,0.4,"CLM","AMR"
"HG01279","Ashkenazi",0,0.656908498230032,0.622130801044791,"ok",4883749,4883749,0,12772,0,0,0,0,0,0,TRUE,0.4,"CLM","AMR"
"HG01343","Ashkenazi",0,0.658471651342188,0.601121208316052,"ok",4883749,4883749,0,12772,0,0,0,0,0,0,TRUE,0.4,"CLM","AMR"
"HG01346","Ashkenazi",0,0.663306541822294,0.631174289145808,"ok",4883749,4883749,0,12772,0,0,0,0,0,0,TRUE,0.4,"CLM","AMR"
"HG01349","Ashkenazi",0,0.662059966202883,0.638212385087965,"ok",4883749,4883749,0,12772,0,0,0,0,0,0,TRUE,0.4,"CLM","AMR"
"HG01352","Ashkenazi",0,0.662735199298398,0.629557578262767,"ok",4883749,4883749,0,12772,0,0,0,0,0,0,TRUE,0.4,"CLM","AMR"
"HG01355","Ashkenazi",0,0.662659148785929,0.643074037480099,"ok",4883749,4883749,0,12772,0,0,0,0,0,0,TRUE,0.4,"CLM","AMR"
"HG01358","Ashkenazi",0,0.66155628615464,0.626858047669926,"ok",4883749,4883749,0,12772,0,0,0,0,0,0,TRUE,0.4,"CLM","AMR"
"HG01361","Ashkenazi",0,0.660894396624964,0.636911778317106,"ok",4883749,4883749,0,12772,0,0,0,0,0,0,TRUE,0.4,"CLM","AMR"
"HG01367","Ashkenazi",0.0055979,0.653172987859468,0.623443323846801,"ok",4883749,4883749,0,12772,0,0,0,0,0,0,TRUE,0.4,"CLM","AMR"
"HG01376","Ashkenazi",0,0.658498577507602,0.62991396516161,"ok",4883749,4883749,0,12772,0,0,0,0,0,0,TRUE,0.4,"CLM","AMR"
"HG01379","Ashkenazi",0,0.653734992203757,0.61572867268501,"ok",4883749,4883749,0,12772,0,0,0,0,0,0,TRUE,0.4,"CLM","AMR"
"HG01385","Ashkenazi",0,0.665411041408653,0.641950574420247,"ok",4883749,4883749,0,12772,0,0,0,0,0,0,TRUE,0.4,"CLM","AMR"
"HG01391","Ashkenazi",0,0.64515042674326,0.614323043611591,"ok",4883749,4883749,0,12772,0,0,0,0,0,0,TRUE,0.4,"CLM","AMR"
"HG01433","Ashkenazi",0,0.657539878408743,0.631717812074357,"ok",4883749,4883749,0,12772,0,0,0,0,0,0,TRUE,0.4,"CLM","AMR"
"HG01439","Ashkenazi",0,0.669578728868361,0.65830395075955,"ok",4883749,4883749,0,12772,0,0,0,0,0,0,TRUE,0.4,"CLM","AMR"
"HG01457","Ashkenazi",0,0.669783348085363,0.621112309200857,"ok",4883749,4883749,0,12772,0,0,0,0,0,0,TRUE,0.4,"CLM","AMR"
"HG01463","Ashkenazi",0.0010913,0.648119137486059,0.592281179627447,"ok",4883749,4883749,0,12772,0,0,0,0,0,0,TRUE,0.4,"CLM","AMR"
"HG01466","Ashkenazi",0,0.652402333397916,0.622656269882516,"ok",4883749,4883749,0,12772,0,0,0,0,0,0,TRUE,0.4,"CLM","AMR"
"HG01490","Ashkenazi",0,0.656018602482979,0.643445504321935,"ok",4883749,4883749,0,12772,0,0,0,0,0,0,TRUE,0.4,"CLM","AMR"
"HG01493","Ashkenazi",0.0318985,0.662415092641093,0.648597303051967,"ok",4883749,4883749,0,12772,0,0,0,0,0,0,TRUE,0.4,"CLM","AMR"
"HG01496","Ashkenazi",0,0.656838126576379,0.603443581920595,"ok",4883749,4883749,0,12772,0,0,0,0,0,0,TRUE,0.4,"CLM","AMR"
"HG01499","Ashkenazi",0,0.661521385796871,0.618963398813951,"ok",4883749,4883749,0,12772,0,0,0,0,0,0,TRUE,0.4,"CLM","AMR"
"HG01552","Ashkenazi",0,0.643905013915382,0.614714446282377,"ok",4883749,4883749,0,12772,0,0,0,0,0,0,TRUE,0.4,"CLM","AMR"
"HG01114","Asia (East)",0,0.667839795689353,0.534179893756561,"ok",4883749,4883749,0,12772,0,0,0,0,0,0,TRUE,0.4,"CLM","AMR"
"HG01126","Asia (East)",0,0.649170806361408,0.540732462420248,"ok",4883749,4883749,0,12772,0,0,0,0,0,0,TRUE,0.4,"CLM","AMR"
"HG01135","Asia (East)",0.0007316,0.657823315521857,0.538830517647065,"ok",4883749,4883749,0,12772,0,0,0,0,0,0,TRUE,0.4,"CLM","AMR"
"HG01138","Asia (East)",0,0.657896411525777,0.541873800034464,"ok",4883749,4883749,0,12772,0,0,0,0,0,0,TRUE,0.4,"CLM","AMR"
"HG01141","Asia (East)",0,0.653295337888745,0.539371562361702,"ok",4883749,4883749,0,12772,0,0,0,0,0,0,TRUE,0.4,"CLM","AMR"
"HG01150","Asia (East)",0,0.663234339757107,0.550320220765027,"ok",4883749,4883749,0,12772,0,0,0,0,0,0,TRUE,0.4,"CLM","AMR"
"HG01252","Asia (East)",0,0.658454081501218,0.541569305733574,"ok",4883749,4883749,0,12772,0,0,0,0,0,0,TRUE,0.4,"CLM","AMR"
"HG01255","Asia (East)",0,0.65593646089647,0.542448608239497,"ok",4883749,4883749,0,12772,0,0,0,0,0,0,TRUE,0.4,"CLM","AMR"
"HG01258","Asia (East)",0,0.668756058346027,0.538078117290064,"ok",4883749,4883749,0,12772,0,0,0,0,0,0,TRUE,0.4,"CLM","AMR"
"HG01261","Asia (East)",0,0.657485155694914,0.536755875177708,"ok",4883749,4883749,0,12772,0,0,0,0,0,0,TRUE,0.4,"CLM","AMR"
"HG01273","Asia (East)",0,0.647288490990335,0.537905042911597,"ok",4883749,4883749,0,12772,0,0,0,0,0,0,TRUE,0.4,"CLM","AMR"
"HG01276","Asia (East)",0,0.663555916370702,0.532098346366882,"ok",4883749,4883749,0,12772,0,0,0,0,0,0,TRUE,0.4,"CLM","AMR"
"HG01279","Asia (East)",0,0.656908498230032,0.545669455861665,"ok",4883749,4883749,0,12772,0,0,0,0,0,0,TRUE,0.4,"CLM","AMR"
"HG01343","Asia (East)",0,0.658471651342188,0.557889252126674,"ok",4883749,4883749,0,12772,0,0,0,0,0,0,TRUE,0.4,"CLM","AMR"
"HG01346","Asia (East)",0,0.663306541822294,0.548318518152992,"ok",4883749,4883749,0,12772,0,0,0,0,0,0,TRUE,0.4,"CLM","AMR"
"HG01349","Asia (East)",0,0.662059966202883,0.540028067116467,"ok",4883749,4883749,0,12772,0,0,0,0,0,0,TRUE,0.4,"CLM","AMR"
"HG01352","Asia (East)",0,0.662735199298398,0.54985221522898,"ok",4883749,4883749,0,12772,0,0,0,0,0,0,TRUE,0.4,"CLM","AMR"
"HG01355","Asia (East)",0,0.662659148785929,0.536218336752056,"ok",4883749,4883749,0,12772,0,0,0,0,0,0,TRUE,0.4,"CLM","AMR"
"HG01358","Asia (East)",0,0.66155628615464,0.547465705957139,"ok",4883749,4883749,0,12772,0,0,0,0,0,0,TRUE,0.4,"CLM","AMR"
"HG01361","Asia (East)",0,0.660894396624964,0.543861894575574,"ok",4883749,4883749,0,12772,0,0,0,0,0,0,TRUE,0.4,"CLM","AMR"
"HG01367","Asia (East)",0,0.653172987859468,0.54004854461065,"ok",4883749,4883749,0,12772,0,0,0,0,0,0,TRUE,0.4,"CLM","AMR"
"HG01376","Asia (East)",0,0.658498577507602,0.54096880182529,"ok",4883749,4883749,0,12772,0,0,0,0,0,0,TRUE,0.4,"CLM","AMR"
"HG01379","Asia (East)",0,0.653734992203757,0.545536505251951,"ok",4883749,4883749,0,12772,0,0,0,0,0,0,TRUE,0.4,"CLM","AMR"
"HG01385","Asia (East)",0,0.665411041408653,0.54042903819842,"ok",4883749,4883749,0,12772,0,0,0,0,0,0,TRUE,0.4,"CLM","AMR"
"HG01391","Asia (East)",0,0.64515042674326,0.52901577238768,"ok",4883749,4883749,0,12772,0,0,0,0,0,0,TRUE,0.4,"CLM","AMR"
"HG01433","Asia (East)",7.28e-05,0.657539878408743,0.541629512413136,"ok",4883749,4883749,0,12772,0,0,0,0,0,0,TRUE,0.4,"CLM","AMR"
"HG01439","Asia (East)",0,0.669578728868361,0.514900369251466,"ok",4883749,4883749,0,12772,0,0,0,0,0,0,TRUE,0.4,"CLM","AMR"
"HG01457","Asia (East)",0,0.669783348085363,0.557458004749604,"ok",4883749,4883749,0,12772,0,0,0,0,0,0,TRUE,0.4,"CLM","AMR"
"HG01463","Asia (East)",0,0.648119137486059,0.544159384423869,"ok",4883749,4883749,0,12772,0,0,0,0,0,0,TRUE,0.4,"CLM","AMR"
"HG01466","Asia (East)",0,0.652402333397916,0.537234170904922,"ok",4883749,4883749,0,12772,0,0,0,0,0,0,TRUE,0.4,"CLM","AMR"
"HG01490","Asia (East)",0,0.656018602482979,0.516330984087614,"ok",4883749,4883749,0,12772,0,0,0,0,0,0,TRUE,0.4,"CLM","AMR"
"HG01493","Asia (East)",0,0.662415092641093,0.523496285035979,"ok",4883749,4883749,0,12772,0,0,0,0,0,0,TRUE,0.4,"CLM","AMR"
"HG01496","Asia (East)",0,0.656838126576379,0.559253640100629,"ok",4883749,4883749,0,12772,0,0,0,0,0,0,TRUE,0.4,"CLM","AMR"
"HG01499","Asia (East)",0,0.661521385796871,0.550994275988303,"ok",4883749,4883749,0,12772,0,0,0,0,0,0,TRUE,0.4,"CLM","AMR"
"HG01552","Asia (East)",0,0.643905013915382,0.524657803335072,"ok",4883749,4883749,0,12772,0,0,0,0,0,0,TRUE,0.4,"CLM","AMR"
"HG01114","Bangladesh",0,0.667839795689353,0.616270656824637,"ok",4883749,4883749,0,12772,0,0,0,0,0,0,TRUE,0.4,"CLM","AMR"
"HG01126","Bangladesh",0,0.649170806361408,0.605635715956073,"ok",4883749,4883749,0,12772,0,0,0,0,0,0,TRUE,0.4,"CLM","AMR"
"HG01135","Bangladesh",0,0.657823315521857,0.611230191444417,"ok",4883749,4883749,0,12772,0,0,0,0,0,0,TRUE,0.4,"CLM","AMR"
"HG01138","Bangladesh",0,0.657896411525777,0.608338942159023,"ok",4883749,4883749,0,12772,0,0,0,0,0,0,TRUE,0.4,"CLM","AMR"
"HG01141","Bangladesh",0,0.653295337888745,0.608875535913095,"ok",4883749,4883749,0,12772,0,0,0,0,0,0,TRUE,0.4,"CLM","AMR"
"HG01150","Bangladesh",0,0.663234339757107,0.612956979915063,"ok",4883749,4883749,0,12772,0,0,0,0,0,0,TRUE,0.4,"CLM","AMR"
"HG01252","Bangladesh",0,0.658454081501218,0.610465538063999,"ok",4883749,4883749,0,12772,0,0,0,0,0,0,TRUE,0.4,"CLM","AMR"
"HG01255","Bangladesh",0,0.65593646089647,0.607892696731599,"ok",4883749,4883749,0,12772,0,0,0,0,0,0,TRUE,0.4,"CLM","AMR"
"HG01258","Bangladesh",0,0.668756058346027,0.618918081469531,"ok",4883749,4883749,0,12772,0,0,0,0,0,0,TRUE,0.4,"CLM","AMR"
"HG01261","Bangladesh",0,0.657485155694914,0.60959369596484,"ok",4883749,4883749,0,12772,0,0,0,0,0,0,TRUE,0.4,"CLM","AMR"
"HG01273","Bangladesh",0,0.647288490990335,0.602262572952781,"ok",4883749,4883749,0,12772,0,0,0,0,0,0,TRUE,0.4,"CLM","AMR"
"HG01276","Bangladesh",0,0.663555916370702,0.61522574362027,"ok",4883749,4883749,0,12772,0,0,0,0,0,0,TRUE,0.4,"CLM","AMR"
"HG01279","Bangladesh",0,0.656908498230032,0.606860008628754,"ok",4883749,4883749,0,12772,0,0,0,0,0,0,TRUE,0.4,"CLM","AMR"
"HG01343","Bangladesh",0,0.658471651342188,0.604963161257946,"ok",4883749,4883749,0,12772,0,0,0,0,0,0,TRUE,0.4,"CLM","AMR"
"HG01346","Bangladesh",0,0.663306541822294,0.614006283211804,"ok",4883749,4883749,0,12772,0,0,0,0,0,0,TRUE,0.4,"CLM","AMR"
"HG01349","Bangladesh",0,0.662059966202883,0.613046644800477,"ok",4883749,4883749,0,12772,0,0,0,0,0,0,TRUE,0.4,"CLM","AMR"
"HG01352","Bangladesh",0,0.662735199298398,0.615084655681184,"ok",4883749,4883749,0,12772,0,0,0,0,0,0,TRUE,0.4,"CLM","AMR"
"HG01355","Bangladesh",0,0.662659148785929,0.615485565231915,"ok",4883749,4883749,0,12772,0,0,0,0,0,0,TRUE,0.4,"CLM","AMR"
"HG01358","Bangladesh",0,0.66155628615464,0.612203712772939,"ok",4883749,4883749,0,12772,0,0,0,0,0,0,TRUE,0.4,"CLM","AMR"
"HG01361","Bangladesh",0,0.660894396624964,0.61649811233337,"ok",4883749,4883749,0,12772,0,0,0,0,0,0,TRUE,0.4,"CLM","AMR"
"HG01367","Bangladesh",0,0.653172987859468,0.608786651908525,"ok",4883749,4883749,0,12772,0,0,0,0,0,0,TRUE,0.4,"CLM","AMR"
"HG01376","Bangladesh",0,0.658498577507602,0.609386078645793,"ok",4883749,4883749,0,12772,0,0,0,0,0,0,TRUE,0.4,"CLM","AMR"
"HG01379","Bangladesh",0,0.653734992203757,0.606643497826323,"ok",4883749,4883749,0,12772,0,0,0,0,0,0,TRUE,0.4,"CLM","AMR"
"HG01385","Bangladesh",0,0.665411041408653,0.617364864094916,"ok",4883749,4883749,0,12772,0,0,0,0,0,0,TRUE,0.4,"CLM","AMR"
"HG01391","Bangladesh",0,0.64515042674326,0.598353331531592,"ok",4883749,4883749,0,12772,0,0,0,0,0,0,TRUE,0.4,"CLM","AMR"
"HG01433","Bangladesh",0,0.657539878408743,0.611370114169859,"ok",4883749,4883749,0,12772,0,0,0,0,0,0,TRUE,0.4,"CLM","AMR"
"HG01439","Bangladesh",0,0.669578728868361,0.610051296308064,"ok",4883749,4883749,0,12772,0,0,0,0,0,0,TRUE,0.4,"CLM","AMR"
"HG01457","Bangladesh",0,0.669783348085363,0.612944570328197,"ok",4883749,4883749,0,12772,0,0,0,0,0,0,TRUE,0.4,"CLM","AMR"
"HG01463","Bangladesh",0,0.648119137486059,0.593328140078122,"ok",4883749,4883749,0,12772,0,0,0,0,0,0,TRUE,0.4,"CLM","AMR"
"HG01466","Bangladesh",0,0.652402333397916,0.603996364503366,"ok",4883749,4883749,0,12772,0,0,0,0,0,0,TRUE,0.4,"CLM","AMR"
"HG01490","Bangladesh",0,0.656018602482979,0.606110101657883,"ok",4883749,4883749,0,12772,0,0,0,0,0,0,TRUE,0.4,"CLM","AMR"
"HG01493","Bangladesh",0,0.662415092641093,0.609808611648996,"ok",4883749,4883749,0,12772,0,0,0,0,0,0,TRUE,0.4,"CLM","AMR"
"HG01496","Bangladesh",0,0.656838126576379,0.605744390928992,"ok",4883749,4883749,0,12772,0,0,0,0,0,0,TRUE,0.4,"CLM","AMR"
"HG01499","Bangladesh",0,0.661521385796871,0.609565894202001,"ok",4883749,4883749,0,12772,0,0,0,0,0,0,TRUE,0.4,"CLM","AMR"
"HG01552","Bangladesh",0,0.643905013915382,0.597406674190865,"ok",4883749,4883749,0,12772,0,0,0,0,0,0,TRUE,0.4,"CLM","AMR"
"HG01114","Europe (North East)",0,0.667839795689353,0.654843465406815,"ok",4883749,4883749,0,12772,0,0,0,0,0,0,TRUE,0.4,"CLM","AMR"
"HG01126","Europe (North East)",0,0.649170806361408,0.618010872241758,"ok",4883749,4883749,0,12772,0,0,0,0,0,0,TRUE,0.4,"CLM","AMR"
"HG01135","Europe (North East)",0,0.657823315521857,0.639807578708023,"ok",4883749,4883749,0,12772,0,0,0,0,0,0,TRUE,0.4,"CLM","AMR"
"HG01138","Europe (North East)",0,0.657896411525777,0.629059281856094,"ok",4883749,4883749,0,12772,0,0,0,0,0,0,TRUE,0.4,"CLM","AMR"
"HG01141","Europe (North East)",0,0.653295337888745,0.627493576688774,"ok",4883749,4883749,0,12772,0,0,0,0,0,0,TRUE,0.4,"CLM","AMR"
"HG01150","Europe (North East)",0,0.663234339757107,0.630792781430795,"ok",4883749,4883749,0,12772,0,0,0,0,0,0,TRUE,0.4,"CLM","AMR"
"HG01252","Europe (North East)",0,0.658454081501218,0.632778436153752,"ok",4883749,4883749,0,12772,0,0,0,0,0,0,TRUE,0.4,"CLM","AMR"
"HG01255","Europe (North East)",0,0.65593646089647,0.629751915048514,"ok",4883749,4883749,0,12772,0,0,0,0,0,0,TRUE,0.4,"CLM","AMR"
"HG01258","Europe (North East)",0,0.668756058346027,0.653339375779565,"ok",4883749,4883749,0,12772,0,0,0,0,0,0,TRUE,0.4,"CLM","AMR"
"HG01261","Europe (North East)",0,0.657485155694914,0.636126426762852,"ok",4883749,4883749,0,12772,0,0,0,0,0,0,TRUE,0.4,"CLM","AMR"
"HG01273","Europe (North East)",0,0.647288490990335,0.616117263177899,"ok",4883749,4883749,0,12772,0,0,0,0,0,0,TRUE,0.4,"CLM","AMR"
"HG01276","Europe (North East)",0,0.663555916370702,0.648978908208924,"ok",4883749,4883749,0,12772,0,0,0,0,0,0,TRUE,0.4,"CLM","AMR"
"HG01279","Europe (North East)",0,0.656908498230032,0.627950427053875,"ok",4883749,4883749,0,12772,0,0,0,0,0,0,TRUE,0.4,"CLM","AMR"
"HG01343","Europe (North East)",0,0.658471651342188,0.60406714264461,"ok",4883749,4883749,0,12772,0,0,0,0,0,0,TRUE,0.4,"CLM","AMR"
"HG01346","Europe (North East)",0,0.663306541822294,0.636199913900828,"ok",4883749,4883749,0,12772,0,0,0,0,0,0,TRUE,0.4,"CLM","AMR"
"HG01349","Europe (North East)",0,0.662059966202883,0.641476456174288,"ok",4883749,4883749,0,12772,0,0,0,0,0,0,TRUE,0.4,"CLM","AMR"
"HG01352","Europe (North East)",0,0.662735199298398,0.634415199868867,"ok",4883749,4883749,0,12772,0,0,0,0,0,0,TRUE,0.4,"CLM","AMR"
"HG01355","Europe (North East)",0,0.662659148785929,0.644977606045737,"ok",4883749,4883749,0,12772,0,0,0,0,0,0,TRUE,0.4,"CLM","AMR"
"HG01358","Europe (North East)",0,0.66155628615464,0.631597297968686,"ok",4883749,4883749,0,12772,0,0,0,0,0,0,TRUE,0.4,"CLM","AMR"
"HG01361","Europe (North East)",0,0.660894396624964,0.640603591420214,"ok",4883749,4883749,0,12772,0,0,0,0,0,0,TRUE,0.4,"CLM","AMR"
"HG01367","Europe (North East)",0,0.653172987859468,0.625045580173152,"ok",4883749,4883749,0,12772,0,0,0,0,0,0,TRUE,0.4,"CLM","AMR"
"HG01376","Europe (North East)",0,0.658498577507602,0.632140739122618,"ok",4883749,4883749,0,12772,0,0,0,0,0,0,TRUE,0.4,"CLM","AMR"
"HG01379","Europe (North East)",0,0.653734992203757,0.618767210740603,"ok",4883749,4883749,0,12772,0,0,0,0,0,0,TRUE,0.4,"CLM","AMR"
"HG01385","Europe (North East)",0,0.665411041408653,0.644681141930564,"ok",4883749,4883749,0,12772,0,0,0,0,0,0,TRUE,0.4,"CLM","AMR"
"HG01391","Europe (North East)",0,0.64515042674326,0.615864606479105,"ok",4883749,4883749,0,12772,0,0,0,0,0,0,TRUE,0.4,"CLM","AMR"
"HG01433","Europe (North East)",0,0.657539878408743,0.63560102850972,"ok",4883749,4883749,0,12772,0,0,0,0,0,0,TRUE,0.4,"CLM","AMR"
"HG01439","Europe (North East)",0,0.669578728868361,0.658958189912131,"ok",4883749,4883749,0,12772,0,0,0,0,0,0,TRUE,0.4,"CLM","AMR"
"HG01457","Europe (North East)",0,0.669783348085363,0.624686609961549,"ok",4883749,4883749,0,12772,0,0,0,0,0,0,TRUE,0.4,"CLM","AMR"
"HG01463","Europe (North East)",0,0.648119137486059,0.593203537321124,"ok",4883749,4883749,0,12772,0,0,0,0,0,0,TRUE,0.4,"CLM","AMR"
"HG01466","Europe (North East)",0,0.652402333397916,0.624771173467683,"ok",4883749,4883749,0,12772,0,0,0,0,0,0,TRUE,0.4,"CLM","AMR"
"HG01490","Europe (North East)",0,0.656018602482979,0.643618777852259,"ok",4883749,4883749,0,12772,0,0,0,0,0,0,TRUE,0.4,"CLM","AMR"
"HG01493","Europe (North East)",0,0.662415092641093,0.649064306141427,"ok",4883749,4883749,0,12772,0,0,0,0,0,0,TRUE,0.4,"CLM","AMR"
"HG01496","Europe (North East)",0,0.656838126576379,0.608137409315544,"ok",4883749,4883749,0,12772,0,0,0,0,0,0,TRUE,0.4,"CLM","AMR"
"HG01499","Europe (North East)",0,0.661521385796871,0.624655911106646,"ok",4883749,4883749,0,12772,0,0,0,0,0,0,TRUE,0.4,"CLM","AMR"
"HG01552","Europe (North East)",0,0.643905013915382,0.615108818698458,"ok",4883749,4883749,0,12772,0,0,0,0,0,0,TRUE,0.4,"CLM","AMR"
"HG01114","Europe (South East)",0,0.667839795689353,0.65864652894498,"ok",4883749,4883749,0,12772,0,0,0,0,0,0,TRUE,0.4,"CLM","AMR"
"HG01126","Europe (South East)",0,0.649170806361408,0.620596717151349,"ok",4883749,4883749,0,12772,0,0,0,0,0,0,TRUE,0.4,"CLM","AMR"
"HG01135","Europe (South East)",0,0.657823315521857,0.643042938599665,"ok",4883749,4883749,0,12772,0,0,0,0,0,0,TRUE,0.4,"CLM","AMR"
"HG01138","Europe (South East)",0,0.657896411525777,0.632115499246354,"ok",4883749,4883749,0,12772,0,0,0,0,0,0,TRUE,0.4,"CLM","AMR"
"HG01141","Europe (South East)",0,0.653295337888745,0.629420183036324,"ok",4883749,4883749,0,12772,0,0,0,0,0,0,TRUE,0.4,"CLM","AMR"
"HG01150","Europe (South East)",0,0.663234339757107,0.632525130026426,"ok",4883749,4883749,0,12772,0,0,0,0,0,0,TRUE,0.4,"CLM","AMR"
"HG01252","Europe (South East)",0,0.658454081501218,0.635526664623834,"ok",4883749,4883749,0,12772,0,0,0,0,0,0,TRUE,0.4,"CLM","AMR"
"HG01255","Europe (South East)",0,0.65593646089647,0.631961381105658,"ok",4883749,4883749,0,12772,0,0,0,0,0,0,TRUE,0.4,"CLM","AMR"
"HG01258","Europe (South East)",0,0.668756058346027,0.656845955563012,"ok",4883749,4883749,0,12772,0,0,0,0,0,0,TRUE,0.4,"CLM","AMR"
"HG01261","Europe (South East)",0,0.657485155694914,0.639329930175241,"ok",4883749,4883749,0,12772,0,0,0,0,0,0,TRUE,0.4,"CLM","AMR"
"HG01273","Europe (South East)",0,0.647288490990335,0.618325021745425,"ok",4883749,4883749,0,12772,0,0,0,0,0,0,TRUE,0.4,"CLM","AMR"
"HG01276","Europe (South East)",0,0.663555916370702,0.652360316182027,"ok",4883749,4883749,0,12772,0,0,0,0,0,0,TRUE,0.4,"CLM","AMR"
"HG01279","Europe (South East)",0,0.656908498230032,0.629473200721453,"ok",4883749,4883749,0,12772,0,0,0,0,0,0,TRUE,0.4,"CLM","AMR"
"HG01343","Europe (South East)",0,0.658471651342188,0.605667089739825,"ok",4883749,4883749,0,12772,0,0,0,0,0,0,TRUE,0.4,"CLM","AMR"
"HG01346","Europe (South East)",0,0.663306541822294,0.637892759414071,"ok",4883749,4883749,0,12772,0,0,0,0,0,0,TRUE,0.4,"CLM","AMR"
"HG01349","Europe (South East)",0,0.662059966202883,0.643173139278642,"ok",4883749,4883749,0,12772,0,0,0,0,0,0,TRUE,0.4,"CLM","AMR"
"HG01352","Europe (South East)",0,0.662735199298398,0.635588660172753,"ok",4883749,4883749,0,12772,0,0,0,0,0,0,TRUE,0.4,"CLM","AMR"
"HG01355","Europe (South East)",0,0.662659148785929,0.648286582988992,"ok",4883749,4883749,0,12772,0,0,0,0,0,0,TRUE,0.4,"CLM","AMR"
"HG01358","Europe (South East)",0,0.66155628615464,0.63335220160248,"ok",4883749,4883749,0,12772,0,0,0,0,0,0,TRUE,0.4,"CLM","AMR"
"HG01361","Europe (South East)",0,0.660894396624964,0.64266943621151,"ok",4883749,4883749,0,12772,0,0,0,0,0,0,TRUE,0.4,"CLM","AMR"
"HG01367","Europe (South East)",0,0.653172987859468,0.627530111928954,"ok",4883749,4883749,0,12772,0,0,0,0,0,0,TRUE,0.4,"CLM","AMR"
"HG01376","Europe (South East)",0,0.658498577507602,0.635126610433694,"ok",4883749,4883749,0,12772,0,0,0,0,0,0,TRUE,0.4,"CLM","AMR"
"HG01379","Europe (South East)",0,0.653734992203757,0.621035877855519,"ok",4883749,4883749,0,12772,0,0,0,0,0,0,TRUE,0.4,"CLM","AMR"
"HG01385","Europe (South East)",0,0.665411041408653,0.647636552987026,"ok",4883749,4883749,0,12772,0,0,0,0,0,0,TRUE,0.4,"CLM","AMR"
"HG01391","Europe (South East)",0,0.64515042674326,0.618979261968647,"ok",4883749,4883749,0,12772,0,0,0,0,0,0,TRUE,0.4,"CLM","AMR"
"HG01433","Europe (South East)",0,0.657539878408743,0.638448100932224,"ok",4883749,4883749,0,12772,0,0,0,0,0,0,TRUE,0.4,"CLM","AMR"
"HG01439","Europe (South East)",0,0.669578728868361,0.664119654407993,"ok",4883749,4883749,0,12772,0,0,0,0,0,0,TRUE,0.4,"CLM","AMR"
"HG01457","Europe (South East)",0,0.669783348085363,0.626654574082046,"ok",4883749,4883749,0,12772,0,0,0,0,0,0,TRUE,0.4,"CLM","AMR"
"HG01463","Europe (South East)",0,0.648119137486059,0.594516186609161,"ok",4883749,4883749,0,12772,0,0,0,0,0,0,TRUE,0.4,"CLM","AMR"
"HG01466","Europe (South East)",0,0.652402333397916,0.628079726473426,"ok",4883749,4883749,0,12772,0,0,0,0,0,0,TRUE,0.4,"CLM","AMR"
"HG01490","Europe (South East)",0,0.656018602482979,0.647925541262551,"ok",4883749,4883749,0,12772,0,0,0,0,0,0,TRUE,0.4,"CLM","AMR"
"HG01493","Europe (South East)",0,0.662415092641093,0.653686842037898,"ok",4883749,4883749,0,12772,0,0,0,0,0,0,TRUE,0.4,"CLM","AMR"
"HG01496","Europe (South East)",0,0.656838126576379,0.608486338068111,"ok",4883749,4883749,0,12772,0,0,0,0,0,0,TRUE,0.4,"CLM","AMR"
"HG01499","Europe (South East)",0,0.661521385796871,0.626715884194029,"ok",4883749,4883749,0,12772,0,0,0,0,0,0,TRUE,0.4,"CLM","AMR"
"HG01552","Europe (South East)",0,0.643905013915382,0.617898476825169,"ok",4883749,4883749,0,12772,0,0,0,0,0,0,TRUE,0.4,"CLM","AMR"
"HG01114","Europe (South West)",0.5754334,0.667839795689353,0.660412646275655,"ok",4883749,4883749,0,12772,0,0,0,0,0,0,TRUE,0.4,"CLM","AMR"
"HG01126","Europe (South West)",0.2957242,0.649170806361408,0.622432838142765,"ok",4883749,4883749,0,12772,0,0,0,0,0,0,TRUE,0.4,"CLM","AMR"
"HG01135","Europe (South West)",0.4729795,0.657823315521857,0.64410344121787,"ok",4883749,4883749,0,12772,0,0,0,0,0,0,TRUE,0.4,"CLM","AMR"
"HG01138","Europe (South West)",0.3036564,0.657896411525777,0.634366672667267,"ok",4883749,4883749,0,12772,0,0,0,0,0,0,TRUE,0.4,"CLM","AMR"
"HG01141","Europe (South West)",0.34286,0.653295337888745,0.631421860090973,"ok",4883749,4883749,0,12772,0,0,0,0,0,0,TRUE,0.4,"CLM","AMR"
"HG01150","Europe (South West)",0.2825986,0.663234339757107,0.632943934405616,"ok",4883749,4883749,0,12772,0,0,0,0,0,0,TRUE,0.4,"CLM","AMR"
"HG01252","Europe (South West)",0.3508555,0.658454081501218,0.637308786640178,"ok",4883749,4883749,0,12772,0,0,0,0,0,0,TRUE,0.4,"CLM","AMR"
"HG01255","Europe (South West)",0.3907432,0.65593646089647,0.633601417872384,"ok",4883749,4883749,0,12772,0,0,0,0,0,0,TRUE,0.4,"CLM","AMR"
"HG01258","Europe (South West)",0.5390907,0.668756058346027,0.658077796485722,"ok",4883749,4883749,0,12772,0,0,0,0,0,0,TRUE,0.4,"CLM","AMR"
"HG01261","Europe (South West)",0.4578293,0.657485155694914,0.641610900755407,"ok",4883749,4883749,0,12772,0,0,0,0,0,0,TRUE,0.4,"CLM","AMR"
"HG01273","Europe (South West)",0.2599565,0.647288490990335,0.619861044308676,"ok",4883749,4883749,0,12772,0,0,0,0,0,0,TRUE,0.4,"CLM","AMR"
"HG01276","Europe (South West)",0.5645848,0.663555916370702,0.654626160160421,"ok",4883749,4883749,0,12772,0,0,0,0,0,0,TRUE,0.4,"CLM","AMR"
"HG01279","Europe (South West)",0.3172768,0.656908498230032,0.630073875207073,"ok",4883749,4883749,0,12772,0,0,0,0,0,0,TRUE,0.4,"CLM","AMR"
"HG01343","Europe (South West)",0,0.658471651342188,0.606016601285425,"ok",4883749,4883749,0,12772,0,0,0,0,0,0,TRUE,0.4,"CLM","AMR"
"HG01346","Europe (South West)",0.3527405,0.663306541822294,0.638213614898298,"ok",4883749,4883749,0,12772,0,0,0,0,0,0,TRUE,0.4,"CLM","AMR"
"HG01349","Europe (South West)",0.4472307,0.662059966202883,0.645991724562987,"ok",4883749,4883749,0,12772,0,0,0,0,0,0,TRUE,0.4,"CLM","AMR"
"HG01352","Europe (South West)",0.3415397,0.662735199298398,0.636976615866918,"ok",4883749,4883749,0,12772,0,0,0,0,0,0,TRUE,0.4,"CLM","AMR"
"HG01355","Europe (South West)",0.439062,0.662659148785929,0.650737948593774,"ok",4883749,4883749,0,12772,0,0,0,0,0,0,TRUE,0.4,"CLM","AMR"
"HG01358","Europe (South West)",0.2857905,0.66155628615464,0.633655365376786,"ok",4883749,4883749,0,12772,0,0,0,0,0,0,TRUE,0.4,"CLM","AMR"
"HG01361","Europe (South West)",0.4569222,0.660894396624964,0.644243448214525,"ok",4883749,4883749,0,12772,0,0,0,0,0,0,TRUE,0.4,"CLM","AMR"
"HG01367","Europe (South West)",0.346274,0.653172987859468,0.629422406674331,"ok",4883749,4883749,0,12772,0,0,0,0,0,0,TRUE,0.4,"CLM","AMR"
"HG01376","Europe (South West)",0.2546703,0.658498577507602,0.636768790066914,"ok",4883749,4883749,0,12772,0,0,0,0,0,0,TRUE,0.4,"CLM","AMR"
"HG01379","Europe (South West)",0.2475764,0.653734992203757,0.622275831800688,"ok",4883749,4883749,0,12772,0,0,0,0,0,0,TRUE,0.4,"CLM","AMR"
"HG01385","Europe (South West)",0.4223783,0.665411041408653,0.649698715076083,"ok",4883749,4883749,0,12772,0,0,0,0,0,0,TRUE,0.4,"CLM","AMR"
"HG01391","Europe (South West)",0.3916544,0.64515042674326,0.621356404492369,"ok",4883749,4883749,0,12772,0,0,0,0,0,0,TRUE,0.4,"CLM","AMR"
"HG01433","Europe (South West)",0.4513591,0.657539878408743,0.640412570601809,"ok",4883749,4883749,0,12772,0,0,0,0,0,0,TRUE,0.4,"CLM","AMR"
"HG01439","Europe (South West)",0.8205785,0.669578728868361,0.668372496375808,"ok",4883749,4883749,0,12772,0,0,0,0,0,0,TRUE,0.4,"CLM","AMR"
"HG01457","Europe (South West)",0.14429,0.669783348085363,0.626654644795512,"ok",4883749,4883749,0,12772,0,0,0,0,0,0,TRUE,0.4,"CLM","AMR"
"HG01463","Europe (South West)",0.0857029,0.648119137486059,0.595997941117608,"ok",4883749,4883749,0,12772,0,0,0,0,0,0,TRUE,0.4,"CLM","AMR"
"HG01466","Europe (South West)",0.2335162,0.652402333397916,0.629657161335801,"ok",4883749,4883749,0,12772,0,0,0,0,0,0,TRUE,0.4,"CLM","AMR"
"HG01490","Europe (South West)",0.5676876,0.656018602482979,0.651384541281676,"ok",4883749,4883749,0,12772,0,0,0,0,0,0,TRUE,0.4,"CLM","AMR"
"HG01493","Europe (South West)",0.5910836,0.662415092641093,0.655749681981371,"ok",4883749,4883749,0,12772,0,0,0,0,0,0,TRUE,0.4,"CLM","AMR"
"HG01496","Europe (South West)",0.0619482,0.656838126576379,0.608540825432831,"ok",4883749,4883749,0,12772,0,0,0,0,0,0,TRUE,0.4,"CLM","AMR"
"HG01499","Europe (South West)",0.2681068,0.661521385796871,0.627462824096917,"ok",4883749,4883749,0,12772,0,0,0,0,0,0,TRUE,0.4,"CLM","AMR"
"HG01552","Europe (South West)",0.3273678,0.643905013915382,0.619810594864478,"ok",4883749,4883749,0,12772,0,0,0,0,0,0,TRUE,0.4,"CLM","AMR"
"HG01114","Finland",0,0.667839795689353,0.64980409244076,"ok",4883749,4883749,0,12772,0,0,0,0,0,0,TRUE,0.4,"CLM","AMR"
"HG01126","Finland",0,0.649170806361408,0.614135184674143,"ok",4883749,4883749,0,12772,0,0,0,0,0,0,TRUE,0.4,"CLM","AMR"
"HG01135","Finland",0,0.657823315521857,0.635301583012689,"ok",4883749,4883749,0,12772,0,0,0,0,0,0,TRUE,0.4,"CLM","AMR"
"HG01138","Finland",0,0.657896411525777,0.625449887914481,"ok",4883749,4883749,0,12772,0,0,0,0,0,0,TRUE,0.4,"CLM","AMR"
"HG01141","Finland",0,0.653295337888745,0.624277954261176,"ok",4883749,4883749,0,12772,0,0,0,0,0,0,TRUE,0.4,"CLM","AMR"
"HG01150","Finland",0,0.663234339757107,0.627806340033769,"ok",4883749,4883749,0,12772,0,0,0,0,0,0,TRUE,0.4,"CLM","AMR"
"HG01252","Finland",0,0.658454081501218,0.62968474442963,"ok",4883749,4883749,0,12772,0,0,0,0,0,0,TRUE,0.4,"CLM","AMR"
"HG01255","Finland",0,0.65593646089647,0.625310284858795,"ok",4883749,4883749,0,12772,0,0,0,0,0,0,TRUE,0.4,"CLM","AMR"
"HG01258","Finland",0,0.668756058346027,0.648287158282202,"ok",4883749,4883749,0,12772,0,0,0,0,0,0,TRUE,0.4,"CLM","AMR"
"HG01261","Finland",0,0.657485155694914,0.631093824359285,"ok",4883749,4883749,0,12772,0,0,0,0,0,0,TRUE,0.4,"CLM","AMR"
"HG01273","Finland",0.0288334,0.647288490990335,0.613541709555232,"ok",4883749,4883749,0,12772,0,0,0,0,0,0,TRUE,0.4,"CLM","AMR"
"HG01276","Finland",0.0051341,0.663555916370702,0.644566669132627,"ok",4883749,4883749,0,12772,0,0,0,0,0,0,TRUE,0.4,"CLM","AMR"
"HG01279","Finland",0,0.656908498230032,0.625973365498052,"ok",4883749,4883749,0,12772,0,0,0,0,0,0,TRUE,0.4,"CLM","AMR"
"HG01343","Finland",0,0.658471651342188,0.603294015097518,"ok",4883749,4883749,0,12772,0,0,0,0,0,0,TRUE,0.4,"CLM","AMR"
"HG01346","Finland",0.0005556,0.663306541822294,0.632784401140145,"ok",4883749,4883749,0,12772,0,0,0,0,0,0,TRUE,0.4,"CLM","AMR"
"HG01349","Finland",0.0088635,0.662059966202883,0.637125629818345,"ok",4883749,4883749,0,12772,0,0,0,0,0,0,TRUE,0.4,"CLM","AMR"
"HG01352","Finland",0.003073,0.662735199298398,0.631613625098687,"ok",4883749,4883749,0,12772,0,0,0,0,0,0,TRUE,0.4,"CLM","AMR"
"HG01355","Finland",0,0.662659148785929,0.639890584739146,"ok",4883749,4883749,0,12772,0,0,0,0,0,0,TRUE,0.4,"CLM","AMR"
"HG01358","Finland",0,0.66155628615464,0.628010553965531,"ok",4883749,4883749,0,12772,0,0,0,0,0,0,TRUE,0.4,"CLM","AMR"
"HG01361","Finland",0,0.660894396624964,0.635171466967676,"ok",4883749,4883749,0,12772,0,0,0,0,0,0,TRUE,0.4,"CLM","AMR"
"HG01367","Finland",0,0.653172987859468,0.62142753470061,"ok",4883749,4883749,0,12772,0,0,0,0,0,0,TRUE,0.4,"CLM","AMR"
"HG01376","Finland",0,0.658498577507602,0.628219064735591,"ok",4883749,4883749,0,12772,0,0,0,0,0,0,TRUE,0.4,"CLM","AMR"
"HG01379","Finland",0,0.653734992203757,0.615921044028257,"ok",4883749,4883749,0,12772,0,0,0,0,0,0,TRUE,0.4,"CLM","AMR"
"HG01385","Finland",0,0.665411041408653,0.639287388430879,"ok",4883749,4883749,0,12772,0,0,0,0,0,0,TRUE,0.4,"CLM","AMR"
"HG01391","Finland",0,0.64515042674326,0.612643168997668,"ok",4883749,4883749,0,12772,0,0,0,0,0,0,TRUE,0.4,"CLM","AMR"
"HG01433","Finland",0,0.657539878408743,0.632154309454032,"ok",4883749,4883749,0,12772,0,0,0,0,0,0,TRUE,0.4,"CLM","AMR"
"HG01439","Finland",0,0.669578728868361,0.651892168349994,"ok",4883749,4883749,0,12772,0,0,0,0,0,0,TRUE,0.4,"CLM","AMR"
"HG01457","Finland",0,0.669783348085363,0.623643672766619,"ok",4883749,4883749,0,12772,0,0,0,0,0,0,TRUE,0.4,"CLM","AMR"
"HG01463","Finland",0,0.648119137486059,0.591537663650869,"ok",4883749,4883749,0,12772,0,0,0,0,0,0,TRUE,0.4,"CLM","AMR"
"HG01466","Finland",0,0.652402333397916,0.620537950272162,"ok",4883749,4883749,0,12772,0,0,0,0,0,0,TRUE,0.4,"CLM","AMR"
"HG01490","Finland",0,0.656018602482979,0.637584761036592,"ok",4883749,4883749,0,12772,0,0,0,0,0,0,TRUE,0.4,"CLM","AMR"
"HG01493","Finland",0,0.662415092641093,0.642723882309703,"ok",4883749,4883749,0,12772,0,0,0,0,0,0,TRUE,0.4,"CLM","AMR"
"HG01496","Finland",0.0264737,0.656838126576379,0.608356707113966,"ok",4883749,4883749,0,12772,0,0,0,0,0,0,TRUE,0.4,"CLM","AMR"
"HG01499","Finland",0,0.661521385796871,0.62258556475758,"ok",4883749,4883749,0,12772,0,0,0,0,0,0,TRUE,0.4,"CLM","AMR"
"HG01552","Finland",0.0022259,0.643905013915382,0.610555026437684,"ok",4883749,4883749,0,12772,0,0,0,0,0,0,TRUE,0.4,"CLM","AMR"
"HG01114","Ireland",0,0.667839795689353,0.656672989040104,"ok",4883749,4883749,0,12772,0,0,0,0,0,0,TRUE,0.4,"CLM","AMR"
"HG01126","Ireland",0,0.649170806361408,0.619154423050457,"ok",4883749,4883749,0,12772,0,0,0,0,0,0,TRUE,0.4,"CLM","AMR"
"HG01135","Ireland",0,0.657823315521857,0.640528546000651,"ok",4883749,4883749,0,12772,0,0,0,0,0,0,TRUE,0.4,"CLM","AMR"
"HG01138","Ireland",0,0.657896411525777,0.631213642755794,"ok",4883749,4883749,0,12772,0,0,0,0,0,0,TRUE,0.4,"CLM","AMR"
"HG01141","Ireland",0,0.653295337888745,0.628802512058435,"ok",4883749,4883749,0,12772,0,0,0,0,0,0,TRUE,0.4,"CLM","AMR"
"HG01150","Ireland",0,0.663234339757107,0.63120082448907,"ok",4883749,4883749,0,12772,0,0,0,0,0,0,TRUE,0.4,"CLM","AMR"
"HG01252","Ireland",0,0.658454081501218,0.634281348104296,"ok",4883749,4883749,0,12772,0,0,0,0,0,0,TRUE,0.4,"CLM","AMR"
"HG01255","Ireland",0,0.65593646089647,0.630646233236162,"ok",4883749,4883749,0,12772,0,0,0,0,0,0,TRUE,0.4,"CLM","AMR"
"HG01258","Ireland",0,0.668756058346027,0.655828204243454,"ok",4883749,4883749,0,12772,0,0,0,0,0,0,TRUE,0.4,"CLM","AMR"
"HG01261","Ireland",0,0.657485155694914,0.638267580526525,"ok",4883749,4883749,0,12772,0,0,0,0,0,0,TRUE,0.4,"CLM","AMR"
"HG01273","Ireland",0,0.647288490990335,0.6166936286617,"ok",4883749,4883749,0,12772,0,0,0,0,0,0,TRUE,0.4,"CLM","AMR"
"HG01276","Ireland",0,0.663555916370702,0.651170635341141,"ok",4883749,4883749,0,12772,0,0,0,0,0,0,TRUE,0.4,"CLM","AMR"
"HG01279","Ireland",0,0.656908498230032,0.628838359153407,"ok",4883749,4883749,0,12772,0,0,0,0,0,0,TRUE,0.4,"CLM","AMR"
"HG01343","Ireland",0,0.658471651342188,0.603504464146265,"ok",4883749,4883749,0,12772,0,0,0,0,0,0,TRUE,0.4,"CLM","AMR"
"HG01346","Ireland",0,0.663306541822294,0.636402265192455,"ok",4883749,4883749,0,12772,0,0,0,0,0,0,TRUE,0.4,"CLM","AMR"
"HG01349","Ireland",0,0.662059966202883,0.642454397918021,"ok",4883749,4883749,0,12772,0,0,0,0,0,0,TRUE,0.4,"CLM","AMR"
"HG01352","Ireland",0,0.662735199298398,0.635130962465431,"ok",4883749,4883749,0,12772,0,0,0,0,0,0,TRUE,0.4,"CLM","AMR"
"HG01355","Ireland",0,0.662659148785929,0.646890012544897,"ok",4883749,4883749,0,12772,0,0,0,0,0,0,TRUE,0.4,"CLM","AMR"
"HG01358","Ireland",0,0.66155628615464,0.631951915555802,"ok",4883749,4883749,0,12772,0,0,0,0,0,0,TRUE,0.4,"CLM","AMR"
"HG01361","Ireland",0,0.660894396624964,0.641340096254943,"ok",4883749,4883749,0,12772,0,0,0,0,0,0,TRUE,0.4,"CLM","AMR"
"HG01367","Ireland",0,0.653172987859468,0.626373041374085,"ok",4883749,4883749,0,12772,0,0,0,0,0,0,TRUE,0.4,"CLM","AMR"
"HG01376","Ireland",0,0.658498577507602,0.633562238432416,"ok",4883749,4883749,0,12772,0,0,0,0,0,0,TRUE,0.4,"CLM","AMR"
"HG01379","Ireland",0,0.653734992203757,0.619791205070914,"ok",4883749,4883749,0,12772,0,0,0,0,0,0,TRUE,0.4,"CLM","AMR"
"HG01385","Ireland",0,0.665411041408653,0.646436826989602,"ok",4883749,4883749,0,12772,0,0,0,0,0,0,TRUE,0.4,"CLM","AMR"
"HG01391","Ireland",0,0.64515042674326,0.61727527710102,"ok",4883749,4883749,0,12772,0,0,0,0,0,0,TRUE,0.4,"CLM","AMR"
"HG01433","Ireland",0,0.657539878408743,0.637330499762939,"ok",4883749,4883749,0,12772,0,0,0,0,0,0,TRUE,0.4,"CLM","AMR"
"HG01439","Ireland",0,0.669578728868361,0.663729588406669,"ok",4883749,4883749,0,12772,0,0,0,0,0,0,TRUE,0.4,"CLM","AMR"
"HG01457","Ireland",0,0.669783348085363,0.625493489781227,"ok",4883749,4883749,0,12772,0,0,0,0,0,0,TRUE,0.4,"CLM","AMR"
"HG01463","Ireland",0,0.648119137486059,0.593154611959603,"ok",4883749,4883749,0,12772,0,0,0,0,0,0,TRUE,0.4,"CLM","AMR"
"HG01466","Ireland",0,0.652402333397916,0.625552514764889,"ok",4883749,4883749,0,12772,0,0,0,0,0,0,TRUE,0.4,"CLM","AMR"
"HG01490","Ireland",0,0.656018602482979,0.645984858794535,"ok",4883749,4883749,0,12772,0,0,0,0,0,0,TRUE,0.4,"CLM","AMR"
"HG01493","Ireland",0,0.662415092641093,0.651898393347958,"ok",4883749,4883749,0,12772,0,0,0,0,0,0,TRUE,0.4,"CLM","AMR"
"HG01496","Ireland",0,0.656838126576379,0.607164498316267,"ok",4883749,4883749,0,12772,0,0,0,0,0,0,TRUE,0.4,"CLM","AMR"
"HG01499","Ireland",0,0.661521385796871,0.625437138209476,"ok",4883749,4883749,0,12772,0,0,0,0,0,0,TRUE,0.4,"CLM","AMR"
"HG01552","Ireland",0,0.643905013915382,0.614578870119847,"ok",4883749,4883749,0,12772,0,0,0,0,0,0,TRUE,0.4,"CLM","AMR"
"HG01114","Italy",0.0749548,0.667839795689353,0.657786971748173,"ok",4883749,4883749,0,12772,0,0,0,0,0,0,TRUE,0.4,"CLM","AMR"
"HG01126","Italy",0.0217417,0.649170806361408,0.619288471229201,"ok",4883749,4883749,0,12772,0,0,0,0,0,0,TRUE,0.4,"CLM","AMR"
"HG01135","Italy",0.0532121,0.657823315521857,0.642492890944568,"ok",4883749,4883749,0,12772,0,0,0,0,0,0,TRUE,0.4,"CLM","AMR"
"HG01138","Italy",0.0625766,0.657896411525777,0.632116634115666,"ok",4883749,4883749,0,12772,0,0,0,0,0,0,TRUE,0.4,"CLM","AMR"
"HG01141","Italy",0,0.653295337888745,0.628536348946471,"ok",4883749,4883749,0,12772,0,0,0,0,0,0,TRUE,0.4,"CLM","AMR"
"HG01150","Italy",0,0.663234339757107,0.631328470371684,"ok",4883749,4883749,0,12772,0,0,0,0,0,0,TRUE,0.4,"CLM","AMR"
"HG01252","Italy",0,0.658454081501218,0.635464868233332,"ok",4883749,4883749,0,12772,0,0,0,0,0,0,TRUE,0.4,"CLM","AMR"
"HG01255","Italy",0.0005363,0.65593646089647,0.630740146740155,"ok",4883749,4883749,0,12772,0,0,0,0,0,0,TRUE,0.4,"CLM","AMR"
"HG01258","Italy",0.0178781,0.668756058346027,0.6555772114097,"ok",4883749,4883749,0,12772,0,0,0,0,0,0,TRUE,0.4,"CLM","AMR"
"HG01261","Italy",0.0046123,0.657485155694914,0.639254852971185,"ok",4883749,4883749,0,12772,0,0,0,0,0,0,TRUE,0.4,"CLM","AMR"
"HG01273","Italy",0.0439158,0.647288490990335,0.618062033515168,"ok",4883749,4883749,0,12772,0,0,0,0,0,0,TRUE,0.4,"CLM","AMR"
"HG01276","Italy",0.0531719,0.663555916370702,0.651870982739878,"ok",4883749,4883749,0,12772,0,0,0,0,0,0,TRUE,0.4,"CLM","AMR"
"HG01279","Italy",0,0.656908498230032,0.627463619327556,"ok",4883749,4883749,0,12772,0,0,0,0,0,0,TRUE,0.4,"CLM","AMR"
"HG01343","Italy",0.0130023,0.658471651342188,0.604577146620704,"ok",4883749,4883749,0,12772,0,0,0,0,0,0,TRUE,0.4,"CLM","AMR"
"HG01346","Italy",0,0.663306541822294,0.635887079855663,"ok",4883749,4883749,0,12772,0,0,0,0,0,0,TRUE,0.4,"CLM","AMR"
"HG01349","Italy",0.0317448,0.662059966202883,0.642239694776958,"ok",4883749,4883749,0,12772,0,0,0,0,0,0,TRUE,0.4,"CLM","AMR"
"HG01352","Italy",0,0.662735199298398,0.63415354971962,"ok",4883749,4883749,0,12772,0,0,0,0,0,0,TRUE,0.4,"CLM","AMR"
"HG01355","Italy",0.1388976,0.662659148785929,0.64855390723001,"ok",4883749,4883749,0,12772,0,0,0,0,0,0,TRUE,0.4,"CLM","AMR"
"HG01358","Italy",0.0508407,0.66155628615464,0.631883445082655,"ok",4883749,4883749,0,12772,0,0,0,0,0,0,TRUE,0.4,"CLM","AMR"
"HG01361","Italy",0.0138454,0.660894396624964,0.641908270737502,"ok",4883749,4883749,0,12772,0,0,0,0,0,0,TRUE,0.4,"CLM","AMR"
"HG01367","Italy",0,0.653172987859468,0.626276544102269,"ok",4883749,4883749,0,12772,0,0,0,0,0,0,TRUE,0.4,"CLM","AMR"
"HG01376","Italy",0.1243736,0.658498577507602,0.634837453505085,"ok",4883749,4883749,0,12772,0,0,0,0,0,0,TRUE,0.4,"CLM","AMR"
"HG01379","Italy",0.0256475,0.653734992203757,0.620429535397653,"ok",4883749,4883749,0,12772,0,0,0,0,0,0,TRUE,0.4,"CLM","AMR"
"HG01385","Italy",0.0866487,0.665411041408653,0.648103908488182,"ok",4883749,4883749,0,12772,0,0,0,0,0,0,TRUE,0.4,"CLM","AMR"
"HG01391","Italy",0,0.64515042674326,0.618773076030715,"ok",4883749,4883749,0,12772,0,0,0,0,0,0,TRUE,0.4,"CLM","AMR"
"HG01433","Italy",0.0037688,0.657539878408743,0.637594935727936,"ok",4883749,4883749,0,12772,0,0,0,0,0,0,TRUE,0.4,"CLM","AMR"
"HG01439","Italy",0.045276,0.669578728868361,0.665870570564231,"ok",4883749,4883749,0,12772,0,0,0,0,0,0,TRUE,0.4,"CLM","AMR"
"HG01457","Italy",0.019711,0.669783348085363,0.625012501318436,"ok",4883749,4883749,0,12772,0,0,0,0,0,0,TRUE,0.4,"CLM","AMR"
"HG01463","Italy",0,0.648119137486059,0.593508955196878,"ok",4883749,4883749,0,12772,0,0,0,0,0,0,TRUE,0.4,"CLM","AMR"
"HG01466","Italy",0.1344707,0.652402333397916,0.62736091717087,"ok",4883749,4883749,0,12772,0,0,0,0,0,0,TRUE,0.4,"CLM","AMR"
"HG01490","Italy",0.1545748,0.656018602482979,0.648655376828386,"ok",4883749,4883749,0,12772,0,0,0,0,0,0,TRUE,0.4,"CLM","AMR"
"HG01493","Italy",0.0380206,0.662415092641093,0.653478972022192,"ok",4883749,4883749,0,12772,0,0,0,0,0,0,TRUE,0.4,"CLM","AMR"
"HG01496","Italy",0,0.656838126576379,0.606670082888936,"ok",4883749,4883749,0,12772,0,0,0,0,0,0,TRUE,0.4,"CLM","AMR"
"HG01499","Italy",0,0.661521385796871,0.625408347638971,"ok",4883749,4883749,0,12772,0,0,0,0,0,0,TRUE,0.4,"CLM","AMR"
"HG01552","Italy",0.0540852,0.643905013915382,0.618303287222645,"ok",4883749,4883749,0,12772,0,0,0,0,0,0,TRUE,0.4,"CLM","AMR"
"HG01114","Japan",0,0.667839795689353,0.535684672780764,"ok",4883749,4883749,0,12772,0,0,0,0,0,0,TRUE,0.4,"CLM","AMR"
"HG01126","Japan",0,0.649170806361408,0.540768331315968,"ok",4883749,4883749,0,12772,0,0,0,0,0,0,TRUE,0.4,"CLM","AMR"
"HG01135","Japan",0,0.657823315521857,0.538663303839029,"ok",4883749,4883749,0,12772,0,0,0,0,0,0,TRUE,0.4,"CLM","AMR"
"HG01138","Japan",0,0.657896411525777,0.542934653428995,"ok",4883749,4883749,0,12772,0,0,0,0,0,0,TRUE,0.4,"CLM","AMR"
"HG01141","Japan",0,0.653295337888745,0.540438104794312,"ok",4883749,4883749,0,12772,0,0,0,0,0,0,TRUE,0.4,"CLM","AMR"
"HG01150","Japan",0,0.663234339757107,0.550242165278563,"ok",4883749,4883749,0,12772,0,0,0,0,0,0,TRUE,0.4,"CLM","AMR"
"HG01252","Japan",0,0.658454081501218,0.544772834464352,"ok",4883749,4883749,0,12772,0,0,0,0,0,0,TRUE,0.4,"CLM","AMR"
"HG01255","Japan",0.0060341,0.65593646089647,0.54523201805621,"ok",4883749,4883749,0,12772,0,0,0,0,0,0,TRUE,0.4,"CLM","AMR"
"HG01258","Japan",0,0.668756058346027,0.538751238691215,"ok",4883749,4883749,0,12772,0,0,0,0,0,0,TRUE,0.4,"CLM","AMR"
"HG01261","Japan",0.0001326,0.657485155694914,0.539112325276833,"ok",4883749,4883749,0,12772,0,0,0,0,0,0,TRUE,0.4,"CLM","AMR"
"HG01273","Japan",0,0.647288490990335,0.537864597724443,"ok",4883749,4883749,0,12772,0,0,0,0,0,0,TRUE,0.4,"CLM","AMR"
"HG01276","Japan",0,0.663555916370702,0.533713768785649,"ok",4883749,4883749,0,12772,0,0,0,0,0,0,TRUE,0.4,"CLM","AMR"
"HG01279","Japan",0,0.656908498230032,0.546869952976649,"ok",4883749,4883749,0,12772,0,0,0,0,0,0,TRUE,0.4,"CLM","AMR"
"HG01343","Japan",0,0.658471651342188,0.558687645618823,"ok",4883749,4883749,0,12772,0,0,0,0,0,0,TRUE,0.4,"CLM","AMR"
"HG01346","Japan",0,0.663306541822294,0.550189531230836,"ok",4883749,4883749,0,12772,0,0,0,0,0,0,TRUE,0.4,"CLM","AMR"
"HG01349","Japan",0,0.662059966202883,0.541403668510692,"ok",4883749,4883749,0,12772,0,0,0,0,0,0,TRUE,0.4,"CLM","AMR"
"HG01352","Japan",0,0.662735199298398,0.552554576679971,"ok",4883749,4883749,0,12772,0,0,0,0,0,0,TRUE,0.4,"CLM","AMR"
"HG01355","Japan",0,0.662659148785929,0.536460116156958,"ok",4883749,4883749,0,12772,0,0,0,0,0,0,TRUE,0.4,"CLM","AMR"
"HG01358","Japan",0,0.66155628615464,0.549073632255607,"ok",4883749,4883749,0,12772,0,0,0,0,0,0,TRUE,0.4,"CLM","AMR"
"HG01361","Japan",0.001892,0.660894396624964,0.545678084991116,"ok",4883749,4883749,0,12772,0,0,0,0,0,0,TRUE,0.4,"CLM","AMR"
"HG01367","Japan",0,0.653172987859468,0.541078867047333,"ok",4883749,4883749,0,12772,0,0,0,0,0,0,TRUE,0.4,"CLM","AMR"
"HG01376","Japan",0,0.658498577507602,0.543653638715286,"ok",4883749,4883749,0,12772,0,0,0,0,0,0,TRUE,0.4,"CLM","AMR"
"HG01379","Japan",0,0.653734992203757,0.547082613355637,"ok",4883749,4883749,0,12772,0,0,0,0,0,0,TRUE,0.4,"CLM","AMR"
"HG01385","Japan",0,0.665411041408653,0.541196732219494,"ok",4883749,4883749,0,12772,0,0,0,0,0,0,TRUE,0.4,"CLM","AMR"
"HG01391","Japan",0,0.64515042674326,0.530176697205757,"ok",4883749,4883749,0,12772,0,0,0,0,0,0,TRUE,0.4,"CLM","AMR"
"HG01433","Japan",0,0.657539878408743,0.542594230774746,"ok",4883749,4883749,0,12772,0,0,0,0,0,0,TRUE,0.4,"CLM","AMR"
"HG01439","Japan",0,0.669578728868361,0.51551393459242,"ok",4883749,4883749,0,12772,0,0,0,0,0,0,TRUE,0.4,"CLM","AMR"
"HG01457","Japan",0,0.669783348085363,0.560808101180907,"ok",4883749,4883749,0,12772,0,0,0,0,0,0,TRUE,0.4,"CLM","AMR"
"HG01463","Japan",0,0.648119137486059,0.545327722131812,"ok",4883749,4883749,0,12772,0,0,0,0,0,0,TRUE,0.4,"CLM","AMR"
"HG01466","Japan",0,0.652402333397916,0.539712167641528,"ok",4883749,4883749,0,12772,0,0,0,0,0,0,TRUE,0.4,"CLM","AMR"
"HG01490","Japan",0,0.656018602482979,0.516963928998028,"ok",4883749,4883749,0,12772,0,0,0,0,0,0,TRUE,0.4,"CLM","AMR"
"HG01493","Japan",0,0.662415092641093,0.524658549681696,"ok",4883749,4883749,0,12772,0,0,0,0,0,0,TRUE,0.4,"CLM","AMR"
"HG01496","Japan",0.007047,0.656838126576379,0.562145265337532,"ok",4883749,4883749,0,12772,0,0,0,0,0,0,TRUE,0.4,"CLM","AMR"
"HG01499","Japan",0,0.661521385796871,0.553880368494651,"ok",4883749,4883749,0,12772,0,0,0,0,0,0,TRUE,0.4,"CLM","AMR"
"HG01552","Japan",0,0.643905013915382,0.526240731927651,"ok",4883749,4883749,0,12772,0,0,0,0,0,0,TRUE,0.4,"CLM","AMR"
"HG01114","Middle East",0,0.667839795689353,0.651700586838425,"ok",4883749,4883749,0,12772,0,0,0,0,0,0,TRUE,0.4,"CLM","AMR"
"HG01126","Middle East",0,0.649170806361408,0.61969262021206,"ok",4883749,4883749,0,12772,0,0,0,0,0,0,TRUE,0.4,"CLM","AMR"
"HG01135","Middle East",0,0.657823315521857,0.637922729579127,"ok",4883749,4883749,0,12772,0,0,0,0,0,0,TRUE,0.4,"CLM","AMR"
"HG01138","Middle East",0,0.657896411525777,0.630199116620621,"ok",4883749,4883749,0,12772,0,0,0,0,0,0,TRUE,0.4,"CLM","AMR"
"HG01141","Middle East",0,0.653295337888745,0.626641944153948,"ok",4883749,4883749,0,12772,0,0,0,0,0,0,TRUE,0.4,"CLM","AMR"
"HG01150","Middle East",0,0.663234339757107,0.629244546968485,"ok",4883749,4883749,0,12772,0,0,0,0,0,0,TRUE,0.4,"CLM","AMR"
"HG01252","Middle East",0,0.658454081501218,0.631497121470791,"ok",4883749,4883749,0,12772,0,0,0,0,0,0,TRUE,0.4,"CLM","AMR"
"HG01255","Middle East",0,0.65593646089647,0.628373028505097,"ok",4883749,4883749,0,12772,0,0,0,0,0,0,TRUE,0.4,"CLM","AMR"
"HG01258","Middle East",0,0.668756058346027,0.649787005094046,"ok",4883749,4883749,0,12772,0,0,0,0,0,0,TRUE,0.4,"CLM","AMR"
"HG01261","Middle East",0,0.657485155694914,0.636040059312978,"ok",4883749,4883749,0,12772,0,0,0,0,0,0,TRUE,0.4,"CLM","AMR"
"HG01273","Middle East",0,0.647288490990335,0.617912367673361,"ok",4883749,4883749,0,12772,0,0,0,0,0,0,TRUE,0.4,"CLM","AMR"
"HG01276","Middle East",0,0.663555916370702,0.647232754277639,"ok",4883749,4883749,0,12772,0,0,0,0,0,0,TRUE,0.4,"CLM","AMR"
"HG01279","Middle East",0,0.656908498230032,0.623968396389733,"ok",4883749,4883749,0,12772,0,0,0,0,0,0,TRUE,0.4,"CLM","AMR"
"HG01343","Middle East",0.0142343,0.658471651342188,0.608040583936265,"ok",4883749,4883749,0,12772,0,0,0,0,0,0,TRUE,0.4,"CLM","AMR"
"HG01346","Middle East",0,0.663306541822294,0.633722367019948,"ok",4883749,4883749,0,12772,0,0,0,0,0,0,TRUE,0.4,"CLM","AMR"
"HG01349","Middle East",0,0.662059966202883,0.638912788409353,"ok",4883749,4883749,0,12772,0,0,0,0,0,0,TRUE,0.4,"CLM","AMR"
"HG01352","Middle East",0,0.662735199298398,0.631500621345532,"ok",4883749,4883749,0,12772,0,0,0,0,0,0,TRUE,0.4,"CLM","AMR"
"HG01355","Middle East",0,0.662659148785929,0.643373312632174,"ok",4883749,4883749,0,12772,0,0,0,0,0,0,TRUE,0.4,"CLM","AMR"
"HG01358","Middle East",0,0.66155628615464,0.629407749632375,"ok",4883749,4883749,0,12772,0,0,0,0,0,0,TRUE,0.4,"CLM","AMR"
"HG01361","Middle East",0,0.660894396624964,0.638521215671206,"ok",4883749,4883749,0,12772,0,0,0,0,0,0,TRUE,0.4,"CLM","AMR"
"HG01367","Middle East",0,0.653172987859468,0.625847767778409,"ok",4883749,4883749,0,12772,0,0,0,0,0,0,TRUE,0.4,"CLM","AMR"
"HG01376","Middle East",0,0.658498577507602,0.632141385338578,"ok",4883749,4883749,0,12772,0,0,0,0,0,0,TRUE,0.4,"CLM","AMR"
"HG01379","Middle East",0,0.653734992203757,0.619459685079871,"ok",4883749,4883749,0,12772,0,0,0,0,0,0,TRUE,0.4,"CLM","AMR"
"HG01385","Middle East",0,0.665411041408653,0.64441259798821,"ok",4883749,4883749,0,12772,0,0,0,0,0,0,TRUE,0.4,"CLM","AMR"
"HG01391","Middle East",0,0.64515042674326,0.61746835157813,"ok",4883749,4883749,0,12772,0,0,0,0,0,0,TRUE,0.4,"CLM","AMR"
"HG01433","Middle East",0,0.657539878408743,0.633652526799731,"ok",4883749,4883749,0,12772,0,0,0,0,0,0,TRUE,0.4,"CLM","AMR"
"HG01439","Middle East",0,0.669578728868361,0.656727081580606,"ok",4883749,4883749,0,12772,0,0,0,0,0,0,TRUE,0.4,"CLM","AMR"
"HG01457","Middle East",0,0.669783348085363,0.62467801311476,"ok",4883749,4883749,0,12772,0,0,0,0,0,0,TRUE,0.4,"CLM","AMR"
"HG01463","Middle East",0,0.648119137486059,0.597117650718582,"ok",4883749,4883749,0,12772,0,0,0,0,0,0,TRUE,0.4,"CLM","AMR"
"HG01466","Middle East",0,0.652402333397916,0.626466981526837,"ok",4883749,4883749,0,12772,0,0,0,0,0,0,TRUE,0.4,"CLM","AMR"
"HG01490","Middle East",0,0.656018602482979,0.644037792765142,"ok",4883749,4883749,0,12772,0,0,0,0,0,0,TRUE,0.4,"CLM","AMR"
"HG01493","Middle East",0,0.662415092641093,0.646565291021146,"ok",4883749,4883749,0,12772,0,0,0,0,0,0,TRUE,0.4,"CLM","AMR"
"HG01496","Middle East",0,0.656838126576379,0.607900950115136,"ok",4883749,4883749,0,12772,0,0,0,0,0,0,TRUE,0.4,"CLM","AMR"
"HG01499","Middle East",0,0.661521385796871,0.623501991114393,"ok",4883749,4883749,0,12772,0,0,0,0,0,0,TRUE,0.4,"CLM","AMR"
"HG01552","Middle East",0,0.643905013915382,0.617623211734976,"ok",4883749,4883749,0,12772,0,0,0,0,0,0,TRUE,0.4,"CLM","AMR"
"HG01114","Pakistan",0,0.667839795689353,0.636100556867093,"ok",4883749,4883749,0,12772,0,0,0,0,0,0,TRUE,0.4,"CLM","AMR"
"HG01126","Pakistan",0,0.649170806361408,0.61598096933411,"ok",4883749,4883749,0,12772,0,0,0,0,0,0,TRUE,0.4,"CLM","AMR"
"HG01135","Pakistan",0,0.657823315521857,0.627144884811834,"ok",4883749,4883749,0,12772,0,0,0,0,0,0,TRUE,0.4,"CLM","AMR"
"HG01138","Pakistan",0,0.657896411525777,0.622237246640039,"ok",4883749,4883749,0,12772,0,0,0,0,0,0,TRUE,0.4,"CLM","AMR"
"HG01141","Pakistan",0,0.653295337888745,0.621353972361097,"ok",4883749,4883749,0,12772,0,0,0,0,0,0,TRUE,0.4,"CLM","AMR"
"HG01150","Pakistan",0,0.663234339757107,0.624355271118802,"ok",4883749,4883749,0,12772,0,0,0,0,0,0,TRUE,0.4,"CLM","AMR"
"HG01252","Pakistan",0,0.658454081501218,0.623793606939795,"ok",4883749,4883749,0,12772,0,0,0,0,0,0,TRUE,0.4,"CLM","AMR"
"HG01255","Pakistan",0,0.65593646089647,0.620826182345368,"ok",4883749,4883749,0,12772,0,0,0,0,0,0,TRUE,0.4,"CLM","AMR"
"HG01258","Pakistan",0,0.668756058346027,0.637350998606178,"ok",4883749,4883749,0,12772,0,0,0,0,0,0,TRUE,0.4,"CLM","AMR"
"HG01261","Pakistan",0,0.657485155694914,0.62476694404862,"ok",4883749,4883749,0,12772,0,0,0,0,0,0,TRUE,0.4,"CLM","AMR"
"HG01273","Pakistan",0,0.647288490990335,0.613595876746694,"ok",4883749,4883749,0,12772,0,0,0,0,0,0,TRUE,0.4,"CLM","AMR"
"HG01276","Pakistan",0,0.663555916370702,0.633834053301567,"ok",4883749,4883749,0,12772,0,0,0,0,0,0,TRUE,0.4,"CLM","AMR"
"HG01279","Pakistan",0,0.656908498230032,0.618757660338002,"ok",4883749,4883749,0,12772,0,0,0,0,0,0,TRUE,0.4,"CLM","AMR"
"HG01343","Pakistan",0,0.658471651342188,0.611281311293121,"ok",4883749,4883749,0,12772,0,0,0,0,0,0,TRUE,0.4,"CLM","AMR"
"HG01346","Pakistan",0,0.663306541822294,0.628276966204375,"ok",4883749,4883749,0,12772,0,0,0,0,0,0,TRUE,0.4,"CLM","AMR"
"HG01349","Pakistan",0,0.662059966202883,0.628419845485198,"ok",4883749,4883749,0,12772,0,0,0,0,0,0,TRUE,0.4,"CLM","AMR"
"HG01352","Pakistan",0,0.662735199298398,0.62716612879939,"ok",4883749,4883749,0,12772,0,0,0,0,0,0,TRUE,0.4,"CLM","AMR"
"HG01355","Pakistan",0,0.662659148785929,0.632761304163306,"ok",4883749,4883749,0,12772,0,0,0,0,0,0,TRUE,0.4,"CLM","AMR"
"HG01358","Pakistan",0,0.66155628615464,0.624169265801992,"ok",4883749,4883749,0,12772,0,0,0,0,0,0,TRUE,0.4,"CLM","AMR"
"HG01361","Pakistan",0,0.660894396624964,0.631372431176088,"ok",4883749,4883749,0,12772,0,0,0,0,0,0,TRUE,0.4,"CLM","AMR"
"HG01367","Pakistan",0,0.653172987859468,0.620538355311786,"ok",4883749,4883749,0,12772,0,0,0,0,0,0,TRUE,0.4,"CLM","AMR"
"HG01376","Pakistan",0,0.658498577507602,0.624043339770672,"ok",4883749,4883749,0,12772,0,0,0,0,0,0,TRUE,0.4,"CLM","AMR"
"HG01379","Pakistan",0,0.653734992203757,0.616433322961884,"ok",4883749,4883749,0,12772,0,0,0,0,0,0,TRUE,0.4,"CLM","AMR"
"HG01385","Pakistan",0,0.665411041408653,0.633742603042821,"ok",4883749,4883749,0,12772,0,0,0,0,0,0,TRUE,0.4,"CLM","AMR"
"HG01391","Pakistan",0,0.64515042674326,0.610574569039975,"ok",4883749,4883749,0,12772,0,0,0,0,0,0,TRUE,0.4,"CLM","AMR"
"HG01433","Pakistan",0,0.657539878408743,0.626074953088778,"ok",4883749,4883749,0,12772,0,0,0,0,0,0,TRUE,0.4,"CLM","AMR"
"HG01439","Pakistan",0,0.669578728868361,0.635185382929317,"ok",4883749,4883749,0,12772,0,0,0,0,0,0,TRUE,0.4,"CLM","AMR"
"HG01457","Pakistan",0,0.669783348085363,0.622415312038825,"ok",4883749,4883749,0,12772,0,0,0,0,0,0,TRUE,0.4,"CLM","AMR"
"HG01463","Pakistan",0,0.648119137486059,0.599128504801438,"ok",4883749,4883749,0,12772,0,0,0,0,0,0,TRUE,0.4,"CLM","AMR"
"HG01466","Pakistan",0,0.652402333397916,0.617862929905684,"ok",4883749,4883749,0,12772,0,0,0,0,0,0,TRUE,0.4,"CLM","AMR"
"HG01490","Pakistan",0,0.656018602482979,0.627673863711295,"ok",4883749,4883749,0,12772,0,0,0,0,0,0,TRUE,0.4,"CLM","AMR"
"HG01493","Pakistan",0,0.662415092641093,0.630515723959604,"ok",4883749,4883749,0,12772,0,0,0,0,0,0,TRUE,0.4,"CLM","AMR"
"HG01496","Pakistan",0,0.656838126576379,0.610580543073304,"ok",4883749,4883749,0,12772,0,0,0,0,0,0,TRUE,0.4,"CLM","AMR"
"HG01499","Pakistan",0,0.661521385796871,0.620572588858309,"ok",4883749,4883749,0,12772,0,0,0,0,0,0,TRUE,0.4,"CLM","AMR"
"HG01552","Pakistan",0,0.643905013915382,0.610538812387297,"ok",4883749,4883749,0,12772,0,0,0,0,0,0,TRUE,0.4,"CLM","AMR"
"HG01114","Philippines",0,0.667839795689353,0.533395192366667,"ok",4883749,4883749,0,12772,0,0,0,0,0,0,TRUE,0.4,"CLM","AMR"
"HG01126","Philippines",0,0.649170806361408,0.541307638013198,"ok",4883749,4883749,0,12772,0,0,0,0,0,0,TRUE,0.4,"CLM","AMR"
"HG01135","Philippines",0.0059171,0.657823315521857,0.538657205230455,"ok",4883749,4883749,0,12772,0,0,0,0,0,0,TRUE,0.4,"CLM","AMR"
"HG01138","Philippines",0,0.657896411525777,0.540696671652491,"ok",4883749,4883749,0,12772,0,0,0,0,0,0,TRUE,0.4,"CLM","AMR"
"HG01141","Philippines",0,0.653295337888745,0.539274547281745,"ok",4883749,4883749,0,12772,0,0,0,0,0,0,TRUE,0.4,"CLM","AMR"
"HG01150","Philippines",0,0.663234339757107,0.549787730053226,"ok",4883749,4883749,0,12772,0,0,0,0,0,0,TRUE,0.4,"CLM","AMR"
"HG01252","Philippines",0,0.658454081501218,0.541486479253949,"ok",4883749,4883749,0,12772,0,0,0,0,0,0,TRUE,0.4,"CLM","AMR"
"HG01255","Philippines",0,0.65593646089647,0.541372141530483,"ok",4883749,4883749,0,12772,0,0,0,0,0,0,TRUE,0.4,"CLM","AMR"
"HG01258","Philippines",0,0.668756058346027,0.53793643487582,"ok",4883749,4883749,0,12772,0,0,0,0,0,0,TRUE,0.4,"CLM","AMR"
"HG01261","Philippines",0,0.657485155694914,0.536759771909726,"ok",4883749,4883749,0,12772,0,0,0,0,0,0,TRUE,0.4,"CLM","AMR"
"HG01273","Philippines",0,0.647288490990335,0.537658623780555,"ok",4883749,4883749,0,12772,0,0,0,0,0,0,TRUE,0.4,"CLM","AMR"
"HG01276","Philippines",0,0.663555916370702,0.533202090275572,"ok",4883749,4883749,0,12772,0,0,0,0,0,0,TRUE,0.4,"CLM","AMR"
"HG01279","Philippines",0,0.656908498230032,0.543384851314438,"ok",4883749,4883749,0,12772,0,0,0,0,0,0,TRUE,0.4,"CLM","AMR"
"HG01343","Philippines",0.0017097,0.658471651342188,0.555562680209354,"ok",4883749,4883749,0,12772,0,0,0,0,0,0,TRUE,0.4,"CLM","AMR"
"HG01346","Philippines",0,0.663306541822294,0.54842438765761,"ok",4883749,4883749,0,12772,0,0,0,0,0,0,TRUE,0.4,"CLM","AMR"
"HG01349","Philippines",0,0.662059966202883,0.539780019926487,"ok",4883749,4883749,0,12772,0,0,0,0,0,0,TRUE,0.4,"CLM","AMR"
"HG01352","Philippines",0,0.662735199298398,0.548352464748791,"ok",4883749,4883749,0,12772,0,0,0,0,0,0,TRUE,0.4,"CLM","AMR"
"HG01355","Philippines",0,0.662659148785929,0.537446023515441,"ok",4883749,4883749,0,12772,0,0,0,0,0,0,TRUE,0.4,"CLM","AMR"
"HG01358","Philippines",0,0.66155628615464,0.54643181453041,"ok",4883749,4883749,0,12772,0,0,0,0,0,0,TRUE,0.4,"CLM","AMR"
"HG01361","Philippines",0,0.660894396624964,0.544434640887713,"ok",4883749,4883749,0,12772,0,0,0,0,0,0,TRUE,0.4,"CLM","AMR"
"HG01367","Philippines",0,0.653172987859468,0.54124344080415,"ok",4883749,4883749,0,12772,0,0,0,0,0,0,TRUE,0.4,"CLM","AMR"
"HG01376","Philippines",0,0.658498577507602,0.54066326902379,"ok",4883749,4883749,0,12772,0,0,0,0,0,0,TRUE,0.4,"CLM","AMR"
"HG01379","Philippines",0,0.653734992203757,0.543801956110379,"ok",4883749,4883749,0,12772,0,0,0,0,0,0,TRUE,0.4,"CLM","AMR"
"HG01385","Philippines",0,0.665411041408653,0.541893681446172,"ok",4883749,4883749,0,12772,0,0,0,0,0,0,TRUE,0.4,"CLM","AMR"
"HG01391","Philippines",0,0.64515042674326,0.529165636410816,"ok",4883749,4883749,0,12772,0,0,0,0,0,0,TRUE,0.4,"CLM","AMR"
"HG01433","Philippines",0,0.657539878408743,0.540038257837899,"ok",4883749,4883749,0,12772,0,0,0,0,0,0,TRUE,0.4,"CLM","AMR"
"HG01439","Philippines",0,0.669578728868361,0.518879699972329,"ok",4883749,4883749,0,12772,0,0,0,0,0,0,TRUE,0.4,"CLM","AMR"
"HG01457","Philippines",0,0.669783348085363,0.554009354128845,"ok",4883749,4883749,0,12772,0,0,0,0,0,0,TRUE,0.4,"CLM","AMR"
"HG01463","Philippines",0,0.648119137486059,0.541308071373354,"ok",4883749,4883749,0,12772,0,0,0,0,0,0,TRUE,0.4,"CLM","AMR"
"HG01466","Philippines",0,0.652402333397916,0.537324770798172,"ok",4883749,4883749,0,12772,0,0,0,0,0,0,TRUE,0.4,"CLM","AMR"
"HG01490","Philippines",0,0.656018602482979,0.518623568154458,"ok",4883749,4883749,0,12772,0,0,0,0,0,0,TRUE,0.4,"CLM","AMR"
"HG01493","Philippines",0,0.662415092641093,0.524350548027939,"ok",4883749,4883749,0,12772,0,0,0,0,0,0,TRUE,0.4,"CLM","AMR"
"HG01496","Philippines",0,0.656838126576379,0.556450535165355,"ok",4883749,4883749,0,12772,0,0,0,0,0,0,TRUE,0.4,"CLM","AMR"
"HG01499","Philippines",0,0.661521385796871,0.549368635650607,"ok",4883749,4883749,0,12772,0,0,0,0,0,0,TRUE,0.4,"CLM","AMR"
"HG01552","Philippines",0,0.643905013915382,0.523631490984276,"ok",4883749,4883749,0,12772,0,0,0,0,0,0,TRUE,0.4,"CLM","AMR"
"HG01114","Scandinavia",0,0.667839795689353,0.655621161763824,"ok",4883749,4883749,0,12772,0,0,0,0,0,0,TRUE,0.4,"CLM","AMR"
"HG01126","Scandinavia",0,0.649170806361408,0.618282119549626,"ok",4883749,4883749,0,12772,0,0,0,0,0,0,TRUE,0.4,"CLM","AMR"
"HG01135","Scandinavia",0,0.657823315521857,0.640400462990553,"ok",4883749,4883749,0,12772,0,0,0,0,0,0,TRUE,0.4,"CLM","AMR"
"HG01138","Scandinavia",0,0.657896411525777,0.630208622309328,"ok",4883749,4883749,0,12772,0,0,0,0,0,0,TRUE,0.4,"CLM","AMR"
"HG01141","Scandinavia",0.0345561,0.653295337888745,0.628639469312975,"ok",4883749,4883749,0,12772,0,0,0,0,0,0,TRUE,0.4,"CLM","AMR"
"HG01150","Scandinavia",0,0.663234339757107,0.630281762959035,"ok",4883749,4883749,0,12772,0,0,0,0,0,0,TRUE,0.4,"CLM","AMR"
"HG01252","Scandinavia",0,0.658454081501218,0.633770922033,"ok",4883749,4883749,0,12772,0,0,0,0,0,0,TRUE,0.4,"CLM","AMR"
"HG01255","Scandinavia",0,0.65593646089647,0.629675272782444,"ok",4883749,4883749,0,12772,0,0,0,0,0,0,TRUE,0.4,"CLM","AMR"
"HG01258","Scandinavia",0,0.668756058346027,0.655085496216096,"ok",4883749,4883749,0,12772,0,0,0,0,0,0,TRUE,0.4,"CLM","AMR"
"HG01261","Scandinavia",0,0.657485155694914,0.637278334567652,"ok",4883749,4883749,0,12772,0,0,0,0,0,0,TRUE,0.4,"CLM","AMR"
"HG01273","Scandinavia",0,0.647288490990335,0.616284460803577,"ok",4883749,4883749,0,12772,0,0,0,0,0,0,TRUE,0.4,"CLM","AMR"
"HG01276","Scandinavia",0,0.663555916370702,0.64993830023236,"ok",4883749,4883749,0,12772,0,0,0,0,0,0,TRUE,0.4,"CLM","AMR"
"HG01279","Scandinavia",0,0.656908498230032,0.628431740957871,"ok",4883749,4883749,0,12772,0,0,0,0,0,0,TRUE,0.4,"CLM","AMR"
"HG01343","Scandinavia",0,0.658471651342188,0.603426470145769,"ok",4883749,4883749,0,12772,0,0,0,0,0,0,TRUE,0.4,"CLM","AMR"
"HG01346","Scandinavia",0,0.663306541822294,0.636032558999493,"ok",4883749,4883749,0,12772,0,0,0,0,0,0,TRUE,0.4,"CLM","AMR"
"HG01349","Scandinavia",0,0.662059966202883,0.64226790519906,"ok",4883749,4883749,0,12772,0,0,0,0,0,0,TRUE,0.4,"CLM","AMR"
"HG01352","Scandinavia",0,0.662735199298398,0.63426097995561,"ok",4883749,4883749,0,12772,0,0,0,0,0,0,TRUE,0.4,"CLM","AMR"
"HG01355","Scandinavia",0,0.662659148785929,0.645432449461527,"ok",4883749,4883749,0,12772,0,0,0,0,0,0,TRUE,0.4,"CLM","AMR"
"HG01358","Scandinavia",0,0.66155628615464,0.631240408298507,"ok",4883749,4883749,0,12772,0,0,0,0,0,0,TRUE,0.4,"CLM","AMR"
"HG01361","Scandinavia",0,0.660894396624964,0.640455712294366,"ok",4883749,4883749,0,12772,0,0,0,0,0,0,TRUE,0.4,"CLM","AMR"
"HG01367","Scandinavia",0.0127772,0.653172987859468,0.626019502163318,"ok",4883749,4883749,0,12772,0,0,0,0,0,0,TRUE,0.4,"CLM","AMR"
"HG01376","Scandinavia",0,0.658498577507602,0.633460880967662,"ok",4883749,4883749,0,12772,0,0,0,0,0,0,TRUE,0.4,"CLM","AMR"
"HG01379","Scandinavia",0,0.653734992203757,0.618980176901523,"ok",4883749,4883749,0,12772,0,0,0,0,0,0,TRUE,0.4,"CLM","AMR"
"HG01385","Scandinavia",0,0.665411041408653,0.645603904018888,"ok",4883749,4883749,0,12772,0,0,0,0,0,0,TRUE,0.4,"CLM","AMR"
"HG01391","Scandinavia",0,0.64515042674326,0.61662086565571,"ok",4883749,4883749,0,12772,0,0,0,0,0,0,TRUE,0.4,"CLM","AMR"
"HG01433","Scandinavia",0,0.657539878408743,0.636347834550915,"ok",4883749,4883749,0,12772,0,0,0,0,0,0,TRUE,0.4,"CLM","AMR"
"HG01439","Scandinavia",0,0.669578728868361,0.662714944858113,"ok",4883749,4883749,0,12772,0,0,0,0,0,0,TRUE,0.4,"CLM","AMR"
"HG01457","Scandinavia",0,0.669783348085363,0.624730578018687,"ok",4883749,4883749,0,12772,0,0,0,0,0,0,TRUE,0.4,"CLM","AMR"
"HG01463","Scandinavia",0,0.648119137486059,0.592416505727977,"ok",4883749,4883749,0,12772,0,0,0,0,0,0,TRUE,0.4,"CLM","AMR"
"HG01466","Scandinavia",0,0.652402333397916,0.625119404838105,"ok",4883749,4883749,0,12772,0,0,0,0,0,0,TRUE,0.4,"CLM","AMR"
"HG01490","Scandinavia",0,0.656018602482979,0.645643043493464,"ok",4883749,4883749,0,12772,0,0,0,0,0,0,TRUE,0.4,"CLM","AMR"
"HG01493","Scandinavia",0,0.662415092641093,0.651313498571058,"ok",4883749,4883749,0,12772,0,0,0,0,0,0,TRUE,0.4,"CLM","AMR"
"HG01496","Scandinavia",0,0.656838126576379,0.6075468264879,"ok",4883749,4883749,0,12772,0,0,0,0,0,0,TRUE,0.4,"CLM","AMR"
"HG01499","Scandinavia",0,0.661521385796871,0.625438325480245,"ok",4883749,4883749,0,12772,0,0,0,0,0,0,TRUE,0.4,"CLM","AMR"
"HG01552","Scandinavia",0,0.643905013915382,0.614617412433482,"ok",4883749,4883749,0,12772,0,0,0,0,0,0,TRUE,0.4,"CLM","AMR"
"HG01114","South America",0.3496118,0.667839795689353,0.641249889018299,"ok",4883749,4883749,0,12772,0,0,0,0,0,0,TRUE,0.4,"CLM","AMR"
"HG01126","South America",0.5915049,0.649170806361408,0.640076700399983,"ok",4883749,4883749,0,12772,0,0,0,0,0,0,TRUE,0.4,"CLM","AMR"
"HG01135","South America",0.4339832,0.657823315521857,0.640341615291655,"ok",4883749,4883749,0,12772,0,0,0,0,0,0,TRUE,0.4,"CLM","AMR"
"HG01138","South America",0.6216717,0.657896411525777,0.64900676830849,"ok",4883749,4883749,0,12772,0,0,0,0,0,0,TRUE,0.4,"CLM","AMR"
"HG01141","South America",0.5411493,0.653295337888745,0.641156319321186,"ok",4883749,4883749,0,12772,0,0,0,0,0,0,TRUE,0.4,"CLM","AMR"
"HG01150","South America",0.6792139,0.663234339757107,0.657276137076906,"ok",4883749,4883749,0,12772,0,0,0,0,0,0,TRUE,0.4,"CLM","AMR"
"HG01252","South America",0.5783452,0.658454081501218,0.64742633724548,"ok",4883749,4883749,0,12772,0,0,0,0,0,0,TRUE,0.4,"CLM","AMR"
"HG01255","South America",0.5434946,0.65593646089647,0.645225865825642,"ok",4883749,4883749,0,12772,0,0,0,0,0,0,TRUE,0.4,"CLM","AMR"
"HG01258","South America",0.4430313,0.668756058346027,0.647562270292938,"ok",4883749,4883749,0,12772,0,0,0,0,0,0,TRUE,0.4,"CLM","AMR"
"HG01261","South America",0.4671279,0.657485155694914,0.641910836953282,"ok",4883749,4883749,0,12772,0,0,0,0,0,0,TRUE,0.4,"CLM","AMR"
"HG01273","South America",0.5380331,0.647288490990335,0.634834854305255,"ok",4883749,4883749,0,12772,0,0,0,0,0,0,TRUE,0.4,"CLM","AMR"
"HG01276","South America",0.3722387,0.663555916370702,0.639854400661086,"ok",4883749,4883749,0,12772,0,0,0,0,0,0,TRUE,0.4,"CLM","AMR"
"HG01279","South America",0.6827232,0.656908498230032,0.65004992498726,"ok",4883749,4883749,0,12772,0,0,0,0,0,0,TRUE,0.4,"CLM","AMR"
"HG01343","South America",0.8587383,0.658471651342188,0.655121908640051,"ok",4883749,4883749,0,12772,0,0,0,0,0,0,TRUE,0.4,"CLM","AMR"
"HG01346","South America",0.646289,0.663306541822294,0.655265166558566,"ok",4883749,4883749,0,12772,0,0,0,0,0,0,TRUE,0.4,"CLM","AMR"
"HG01349","South America",0.512161,0.662059966202883,0.647420373227455,"ok",4883749,4883749,0,12772,0,0,0,0,0,0,TRUE,0.4,"CLM","AMR"
"HG01352","South America",0.6553874,0.662735199298398,0.65508554037122,"ok",4883749,4883749,0,12772,0,0,0,0,0,0,TRUE,0.4,"CLM","AMR"
"HG01355","South America",0.4220404,0.662659148785929,0.643261910056796,"ok",4883749,4883749,0,12772,0,0,0,0,0,0,TRUE,0.4,"CLM","AMR"
"HG01358","South America",0.6633689,0.66155628615464,0.654999242105493,"ok",4883749,4883749,0,12772,0,0,0,0,0,0,TRUE,0.4,"CLM","AMR"
"HG01361","South America",0.5099755,0.660894396624964,0.646702531649933,"ok",4883749,4883749,0,12772,0,0,0,0,0,0,TRUE,0.4,"CLM","AMR"
"HG01367","South America",0.530368,0.653172987859468,0.640860472249922,"ok",4883749,4883749,0,12772,0,0,0,0,0,0,TRUE,0.4,"CLM","AMR"
"HG01376","South America",0.5763275,0.658498577507602,0.647754341681822,"ok",4883749,4883749,0,12772,0,0,0,0,0,0,TRUE,0.4,"CLM","AMR"
"HG01379","South America",0.6743861,0.653734992203757,0.648161190404673,"ok",4883749,4883749,0,12772,0,0,0,0,0,0,TRUE,0.4,"CLM","AMR"
"HG01385","South America",0.4812117,0.665411041408653,0.650012224634393,"ok",4883749,4883749,0,12772,0,0,0,0,0,0,TRUE,0.4,"CLM","AMR"
"HG01391","South America",0.468009,0.64515042674326,0.629042576823395,"ok",4883749,4883749,0,12772,0,0,0,0,0,0,TRUE,0.4,"CLM","AMR"
"HG01433","South America",0.5065921,0.657539878408743,0.643537184877785,"ok",4883749,4883749,0,12772,0,0,0,0,0,0,TRUE,0.4,"CLM","AMR"
"HG01439","South America",0.1341455,0.669578728868361,0.62344925119873,"ok",4883749,4883749,0,12772,0,0,0,0,0,0,TRUE,0.4,"CLM","AMR"
"HG01457","South America",0.835999,0.669783348085363,0.668080577103539,"ok",4883749,4883749,0,12772,0,0,0,0,0,0,TRUE,0.4,"CLM","AMR"
"HG01463","South America",0.7161244,0.648119137486059,0.638610981026081,"ok",4883749,4883749,0,12772,0,0,0,0,0,0,TRUE,0.4,"CLM","AMR"
"HG01466","South America",0.5378662,0.652402333397916,0.64084914485781,"ok",4883749,4883749,0,12772,0,0,0,0,0,0,TRUE,0.4,"CLM","AMR"
"HG01490","South America",0.2189935,0.656018602482979,0.621231398576212,"ok",4883749,4883749,0,12772,0,0,0,0,0,0,TRUE,0.4,"CLM","AMR"
"HG01493","South America",0.3389973,0.662415092641093,0.634485768088833,"ok",4883749,4883749,0,12772,0,0,0,0,0,0,TRUE,0.4,"CLM","AMR"
"HG01496","South America",0.8115747,0.656838126576379,0.654538449935185,"ok",4883749,4883749,0,12772,0,0,0,0,0,0,TRUE,0.4,"CLM","AMR"
"HG01499","South America",0.7271461,0.661521385796871,0.657553458112569,"ok",4883749,4883749,0,12772,0,0,0,0,0,0,TRUE,0.4,"CLM","AMR"
"HG01552","South America",0.4165354,0.643905013915382,0.622778092900587,"ok",4883749,4883749,0,12772,0,0,0,0,0,0,TRUE,0.4,"CLM","AMR"
"HG01114","Sri Lanka",0,0.667839795689353,0.610198419573254,"ok",4883749,4883749,0,12772,0,0,0,0,0,0,TRUE,0.4,"CLM","AMR"
"HG01126","Sri Lanka",0.0063862,0.649170806361408,0.598449233081256,"ok",4883749,4883749,0,12772,0,0,0,0,0,0,TRUE,0.4,"CLM","AMR"
"HG01135","Sri Lanka",0,0.657823315521857,0.604618300735183,"ok",4883749,4883749,0,12772,0,0,0,0,0,0,TRUE,0.4,"CLM","AMR"
"HG01138","Sri Lanka",0,0.657896411525777,0.601235542835105,"ok",4883749,4883749,0,12772,0,0,0,0,0,0,TRUE,0.4,"CLM","AMR"
"HG01141","Sri Lanka",0.000199,0.653295337888745,0.601987459389211,"ok",4883749,4883749,0,12772,0,0,0,0,0,0,TRUE,0.4,"CLM","AMR"
"HG01150","Sri Lanka",0,0.663234339757107,0.605680948407661,"ok",4883749,4883749,0,12772,0,0,0,0,0,0,TRUE,0.4,"CLM","AMR"
"HG01252","Sri Lanka",0,0.658454081501218,0.602991547021528,"ok",4883749,4883749,0,12772,0,0,0,0,0,0,TRUE,0.4,"CLM","AMR"
"HG01255","Sri Lanka",0,0.65593646089647,0.6015164799598,"ok",4883749,4883749,0,12772,0,0,0,0,0,0,TRUE,0.4,"CLM","AMR"
"HG01258","Sri Lanka",0,0.668756058346027,0.612076889260722,"ok",4883749,4883749,0,12772,0,0,0,0,0,0,TRUE,0.4,"CLM","AMR"
"HG01261","Sri Lanka",0,0.657485155694914,0.603728299124608,"ok",4883749,4883749,0,12772,0,0,0,0,0,0,TRUE,0.4,"CLM","AMR"
"HG01273","Sri Lanka",0,0.647288490990335,0.596028657748546,"ok",4883749,4883749,0,12772,0,0,0,0,0,0,TRUE,0.4,"CLM","AMR"
"HG01276","Sri Lanka",0.0002468,0.663555916370702,0.609001357978212,"ok",4883749,4883749,0,12772,0,0,0,0,0,0,TRUE,0.4,"CLM","AMR"
"HG01279","Sri Lanka",0,0.656908498230032,0.598095456238471,"ok",4883749,4883749,0,12772,0,0,0,0,0,0,TRUE,0.4,"CLM","AMR"
"HG01343","Sri Lanka",0,0.658471651342188,0.596039948211006,"ok",4883749,4883749,0,12772,0,0,0,0,0,0,TRUE,0.4,"CLM","AMR"
"HG01346","Sri Lanka",0,0.663306541822294,0.607229637132057,"ok",4883749,4883749,0,12772,0,0,0,0,0,0,TRUE,0.4,"CLM","AMR"
"HG01349","Sri Lanka",0,0.662059966202883,0.606193378212799,"ok",4883749,4883749,0,12772,0,0,0,0,0,0,TRUE,0.4,"CLM","AMR"
"HG01352","Sri Lanka",0,0.662735199298398,0.607702518011715,"ok",4883749,4883749,0,12772,0,0,0,0,0,0,TRUE,0.4,"CLM","AMR"
"HG01355","Sri Lanka",0,0.662659148785929,0.609834861405869,"ok",4883749,4883749,0,12772,0,0,0,0,0,0,TRUE,0.4,"CLM","AMR"
"HG01358","Sri Lanka",0,0.66155628615464,0.604409289996382,"ok",4883749,4883749,0,12772,0,0,0,0,0,0,TRUE,0.4,"CLM","AMR"
"HG01361","Sri Lanka",0.006314,0.660894396624964,0.608904076058279,"ok",4883749,4883749,0,12772,0,0,0,0,0,0,TRUE,0.4,"CLM","AMR"
"HG01367","Sri Lanka",0,0.653172987859468,0.601772993612531,"ok",4883749,4883749,0,12772,0,0,0,0,0,0,TRUE,0.4,"CLM","AMR"
"HG01376","Sri Lanka",0,0.658498577507602,0.602792277464264,"ok",4883749,4883749,0,12772,0,0,0,0,0,0,TRUE,0.4,"CLM","AMR"
"HG01379","Sri Lanka",0,0.653734992203757,0.598768472488021,"ok",4883749,4883749,0,12772,0,0,0,0,0,0,TRUE,0.4,"CLM","AMR"
"HG01385","Sri Lanka",0,0.665411041408653,0.61134191797326,"ok",4883749,4883749,0,12772,0,0,0,0,0,0,TRUE,0.4,"CLM","AMR"
"HG01391","Sri Lanka",0,0.64515042674326,0.592037581497216,"ok",4883749,4883749,0,12772,0,0,0,0,0,0,TRUE,0.4,"CLM","AMR"
"HG01433","Sri Lanka",0.0079973,0.657539878408743,0.604580036509553,"ok",4883749,4883749,0,12772,0,0,0,0,0,0,TRUE,0.4,"CLM","AMR"
"HG01439","Sri Lanka",0,0.669578728868361,0.606610596563132,"ok",4883749,4883749,0,12772,0,0,0,0,0,0,TRUE,0.4,"CLM","AMR"
"HG01457","Sri Lanka",0,0.669783348085363,0.603500955678366,"ok",4883749,4883749,0,12772,0,0,0,0,0,0,TRUE,0.4,"CLM","AMR"
"HG01463","Sri Lanka",0,0.648119137486059,0.586234901596778,"ok",4883749,4883749,0,12772,0,0,0,0,0,0,TRUE,0.4,"CLM","AMR"
"HG01466","Sri Lanka",0,0.652402333397916,0.597791914453258,"ok",4883749,4883749,0,12772,0,0,0,0,0,0,TRUE,0.4,"CLM","AMR"
"HG01490","Sri Lanka",0.0028418,0.656018602482979,0.601489180468456,"ok",4883749,4883749,0,12772,0,0,0,0,0,0,TRUE,0.4,"CLM","AMR"
"HG01493","Sri Lanka",0,0.662415092641093,0.604652974894107,"ok",4883749,4883749,0,12772,0,0,0,0,0,0,TRUE,0.4,"CLM","AMR"
"HG01496","Sri Lanka",0,0.656838126576379,0.597053120228736,"ok",4883749,4883749,0,12772,0,0,0,0,0,0,TRUE,0.4,"CLM","AMR"
"HG01499","Sri Lanka",0,0.661521385796871,0.601348359594884,"ok",4883749,4883749,0,12772,0,0,0,0,0,0,TRUE,0.4,"CLM","AMR"
"HG01552","Sri Lanka",0.0083578,0.643905013915382,0.592136700944143,"ok",4883749,4883749,0,12772,0,0,0,0,0,0,TRUE,0.4,"CLM","AMR"
"HG01114","United Kingdom",0,0.667839795689353,0.65811478247147,"ok",4883749,4883749,0,12772,0,0,0,0,0,0,TRUE,0.4,"CLM","AMR"
"HG01126","United Kingdom",0,0.649170806361408,0.620221876277503,"ok",4883749,4883749,0,12772,0,0,0,0,0,0,TRUE,0.4,"CLM","AMR"
"HG01135","United Kingdom",0,0.657823315521857,0.642034773133089,"ok",4883749,4883749,0,12772,0,0,0,0,0,0,TRUE,0.4,"CLM","AMR"
"HG01138","United Kingdom",0,0.657896411525777,0.632140535735435,"ok",4883749,4883749,0,12772,0,0,0,0,0,0,TRUE,0.4,"CLM","AMR"
"HG01141","United Kingdom",0,0.653295337888745,0.630218498763544,"ok",4883749,4883749,0,12772,0,0,0,0,0,0,TRUE,0.4,"CLM","AMR"
"HG01150","United Kingdom",0,0.663234339757107,0.631897993822921,"ok",4883749,4883749,0,12772,0,0,0,0,0,0,TRUE,0.4,"CLM","AMR"
"HG01252","United Kingdom",0,0.658454081501218,0.635533330028947,"ok",4883749,4883749,0,12772,0,0,0,0,0,0,TRUE,0.4,"CLM","AMR"
"HG01255","United Kingdom",0,0.65593646089647,0.631745705261512,"ok",4883749,4883749,0,12772,0,0,0,0,0,0,TRUE,0.4,"CLM","AMR"
"HG01258","United Kingdom",0,0.668756058346027,0.657090287655218,"ok",4883749,4883749,0,12772,0,0,0,0,0,0,TRUE,0.4,"CLM","AMR"
"HG01261","United Kingdom",0,0.657485155694914,0.63922344272018,"ok",4883749,4883749,0,12772,0,0,0,0,0,0,TRUE,0.4,"CLM","AMR"
"HG01273","United Kingdom",0,0.647288490990335,0.617842451072104,"ok",4883749,4883749,0,12772,0,0,0,0,0,0,TRUE,0.4,"CLM","AMR"
"HG01276","United Kingdom",0,0.663555916370702,0.652373687502757,"ok",4883749,4883749,0,12772,0,0,0,0,0,0,TRUE,0.4,"CLM","AMR"
"HG01279","United Kingdom",0,0.656908498230032,0.629914285319238,"ok",4883749,4883749,0,12772,0,0,0,0,0,0,TRUE,0.4,"CLM","AMR"
"HG01343","United Kingdom",0,0.658471651342188,0.604497897904271,"ok",4883749,4883749,0,12772,0,0,0,0,0,0,TRUE,0.4,"CLM","AMR"
"HG01346","United Kingdom",0,0.663306541822294,0.637570611918885,"ok",4883749,4883749,0,12772,0,0,0,0,0,0,TRUE,0.4,"CLM","AMR"
"HG01349","United Kingdom",0,0.662059966202883,0.643876504443485,"ok",4883749,4883749,0,12772,0,0,0,0,0,0,TRUE,0.4,"CLM","AMR"
"HG01352","United Kingdom",0,0.662735199298398,0.635945022492767,"ok",4883749,4883749,0,12772,0,0,0,0,0,0,TRUE,0.4,"CLM","AMR"
"HG01355","United Kingdom",0,0.662659148785929,0.647964878174195,"ok",4883749,4883749,0,12772,0,0,0,0,0,0,TRUE,0.4,"CLM","AMR"
"HG01358","United Kingdom",0,0.66155628615464,0.633216893231019,"ok",4883749,4883749,0,12772,0,0,0,0,0,0,TRUE,0.4,"CLM","AMR"
"HG01361","United Kingdom",0,0.660894396624964,0.642509091628807,"ok",4883749,4883749,0,12772,0,0,0,0,0,0,TRUE,0.4,"CLM","AMR"
"HG01367","United Kingdom",0,0.653172987859468,0.627657963807378,"ok",4883749,4883749,0,12772,0,0,0,0,0,0,TRUE,0.4,"CLM","AMR"
"HG01376","United Kingdom",0,0.658498577507602,0.63500542053589,"ok",4883749,4883749,0,12772,0,0,0,0,0,0,TRUE,0.4,"CLM","AMR"
"HG01379","United Kingdom",0,0.653734992203757,0.620944288178907,"ok",4883749,4883749,0,12772,0,0,0,0,0,0,TRUE,0.4,"CLM","AMR"
"HG01385","United Kingdom",0,0.665411041408653,0.64747034418348,"ok",4883749,4883749,0,12772,0,0,0,0,0,0,TRUE,0.4,"CLM","AMR"
"HG01391","United Kingdom",0,0.64515042674326,0.618485515236552,"ok",4883749,4883749,0,12772,0,0,0,0,0,0,TRUE,0.4,"CLM","AMR"
"HG01433","United Kingdom",0,0.657539878408743,0.638501612047786,"ok",4883749,4883749,0,12772,0,0,0,0,0,0,TRUE,0.4,"CLM","AMR"
"HG01439","United Kingdom",0,0.669578728868361,0.665171314553253,"ok",4883749,4883749,0,12772,0,0,0,0,0,0,TRUE,0.4,"CLM","AMR"
"HG01457","United Kingdom",0,0.669783348085363,0.625905214239297,"ok",4883749,4883749,0,12772,0,0,0,0,0,0,TRUE,0.4,"CLM","AMR"
"HG01463","United Kingdom",0,0.648119137486059,0.593973721277558,"ok",4883749,4883749,0,12772,0,0,0,0,0,0,TRUE,0.4,"CLM","AMR"
"HG01466","United Kingdom",0,0.652402333397916,0.626746433552914,"ok",4883749,4883749,0,12772,0,0,0,0,0,0,TRUE,0.4,"CLM","AMR"
"HG01490","United Kingdom",0,0.656018602482979,0.647591797766636,"ok",4883749,4883749,0,12772,0,0,0,0,0,0,TRUE,0.4,"CLM","AMR"
"HG01493","United Kingdom",0,0.662415092641093,0.653283701411148,"ok",4883749,4883749,0,12772,0,0,0,0,0,0,TRUE,0.4,"CLM","AMR"
"HG01496","United Kingdom",0,0.656838126576379,0.608410600951064,"ok",4883749,4883749,0,12772,0,0,0,0,0,0,TRUE,0.4,"CLM","AMR"
"HG01499","United Kingdom",0,0.661521385796871,0.626585372759198,"ok",4883749,4883749,0,12772,0,0,0,0,0,0,TRUE,0.4,"CLM","AMR"
"HG01552","United Kingdom",0,0.643905013915382,0.616304669585362,"ok",4883749,4883749,0,12772,0,0,0,0,0,0,TRUE,0.4,"CLM","AMR"
"HG02924","Africa (East)",0,0.708414351180945,0.616539980226588,"ok",4883749,4883749,0,12772,0,0,0,0,0,0,TRUE,0.4,"ESN","AFR"
"HG02945","Africa (East)",0,0.710746302008521,0.618585628400429,"ok",4883749,4883749,0,12772,0,0,0,0,0,0,TRUE,0.4,"ESN","AFR"
"HG02948","Africa (East)",0,0.712035067973138,0.620062142277815,"ok",4883749,4883749,0,12772,0,0,0,0,0,0,TRUE,0.4,"ESN","AFR"
"HG02954","Africa (East)",0,0.710662183206174,0.620197855267169,"ok",4883749,4883749,0,12772,0,0,0,0,0,0,TRUE,0.4,"ESN","AFR"
"HG02966","Africa (East)",0,0.711580509901243,0.619207441624486,"ok",4883749,4883749,0,12772,0,0,0,0,0,0,TRUE,0.4,"ESN","AFR"
"HG02972","Africa (East)",0,0.710859227218479,0.617477437268867,"ok",4883749,4883749,0,12772,0,0,0,0,0,0,TRUE,0.4,"ESN","AFR"
"HG02975","Africa (East)",0,0.708657597246683,0.617767588822778,"ok",4883749,4883749,0,12772,0,0,0,0,0,0,TRUE,0.4,"ESN","AFR"
"HG02978","Africa (East)",0,0.706838206835302,0.613987105779857,"ok",4883749,4883749,0,12772,0,0,0,0,0,0,TRUE,0.4,"ESN","AFR"
"HG02980","Africa (East)",0,0.711406760761204,0.619926187587601,"ok",4883749,4883749,0,12772,0,0,0,0,0,0,TRUE,0.4,"ESN","AFR"
"HG03101","Africa (East)",0,0.711847784435805,0.618297555146381,"ok",4883749,4883749,0,12772,0,0,0,0,0,0,TRUE,0.4,"ESN","AFR"
"HG03110","Africa (East)",0,0.709763546710636,0.616864671897776,"ok",4883749,4883749,0,12772,0,0,0,0,0,0,TRUE,0.4,"ESN","AFR"
"HG03113","Africa (East)",0,0.710423297237352,0.617673616209619,"ok",4883749,4883749,0,12772,0,0,0,0,0,0,TRUE,0.4,"ESN","AFR"
"HG03116","Africa (East)",0,0.710021722158395,0.616813973956071,"ok",4883749,4883749,0,12772,0,0,0,0,0,0,TRUE,0.4,"ESN","AFR"
"HG03119","Africa (East)",0,0.709592237805634,0.615048536993421,"ok",4883749,4883749,0,12772,0,0,0,0,0,0,TRUE,0.4,"ESN","AFR"
"HG03122","Africa (East)",0,0.712546828100928,0.619604829064469,"ok",4883749,4883749,0,12772,0,0,0,0,0,0,TRUE,0.4,"ESN","AFR"
"HG03125","Africa (East)",0,0.7110991211067,0.617292113625648,"ok",4883749,4883749,0,12772,0,0,0,0,0,0,TRUE,0.4,"ESN","AFR"
"HG03128","Africa (East)",0,0.713147379878119,0.618153242610031,"ok",4883749,4883749,0,12772,0,0,0,0,0,0,TRUE,0.4,"ESN","AFR"
"HG03131","Africa (East)",0,0.710581046288458,0.618485959110532,"ok",4883749,4883749,0,12772,0,0,0,0,0,0,TRUE,0.4,"ESN","AFR"
"HG03134","Africa (East)",0,0.711836730782691,0.620145293704969,"ok",4883749,4883749,0,12772,0,0,0,0,0,0,TRUE,0.4,"ESN","AFR"
"HG03137","Africa (East)",0,0.707670838829052,0.614646984893492,"ok",4883749,4883749,0,12772,0,0,0,0,0,0,TRUE,0.4,"ESN","AFR"
"HG03161","Africa (East)",0,0.709658171020785,0.617534888044563,"ok",4883749,4883749,0,12772,0,0,0,0,0,0,TRUE,0.4,"ESN","AFR"
"HG03164","Africa (East)",0,0.711049075848458,0.618183802850428,"ok",4883749,4883749,0,12772,0,0,0,0,0,0,TRUE,0.4,"ESN","AFR"
"HG03170","Africa (East)",0,0.710229127151836,0.618825762183933,"ok",4883749,4883749,0,12772,0,0,0,0,0,0,TRUE,0.4,"ESN","AFR"
"HG03191","Africa (East)",0,0.714412126222386,0.622533733174771,"ok",4883749,4883749,0,12772,0,0,0,0,0,0,TRUE,0.4,"ESN","AFR"
"HG03197","Africa (East)",0,0.709374630909737,0.615055229283062,"ok",4883749,4883749,0,12772,0,0,0,0,0,0,TRUE,0.4,"ESN","AFR"
"HG03200","Africa (East)",0,0.713194661813243,0.622121080435409,"ok",4883749,4883749,0,12772,0,0,0,0,0,0,TRUE,0.4,"ESN","AFR"
"HG03269","Africa (East)",0,0.708536341134295,0.619284400114206,"ok",4883749,4883749,0,12772,0,0,0,0,0,0,TRUE,0.4,"ESN","AFR"
"HG03272","Africa (East)",0,0.711716106550787,0.618638258821898,"ok",4883749,4883749,0,12772,0,0,0,0,0,0,TRUE,0.4,"ESN","AFR"
"HG03296","Africa (East)",0,0.71006342936432,0.617897057152444,"ok",4883749,4883749,0,12772,0,0,0,0,0,0,TRUE,0.4,"ESN","AFR"
"HG03299","Africa (East)",0,0.713094336363751,0.620068044086658,"ok",4883749,4883749,0,12772,0,0,0,0,0,0,TRUE,0.4,"ESN","AFR"
"HG03302","Africa (East)",0,0.711396376085096,0.618007740733531,"ok",4883749,4883749,0,12772,0,0,0,0,0,0,TRUE,0.4,"ESN","AFR"
"HG03305","Africa (East)",0,0.709475372851127,0.617981608750009,"ok",4883749,4883749,0,12772,0,0,0,0,0,0,TRUE,0.4,"ESN","AFR"
"HG03308","Africa (East)",0,0.709014591335536,0.617562563555445,"ok",4883749,4883749,0,12772,0,0,0,0,0,0,TRUE,0.4,"ESN","AFR"
"HG03310","Africa (East)",0,0.710193757614049,0.61784611911237,"ok",4883749,4883749,0,12772,0,0,0,0,0,0,TRUE,0.4,"ESN","AFR"
"HG03314","Africa (East)",0,0.710624622087649,0.621227409749143,"ok",4883749,4883749,0,12772,0,0,0,0,0,0,TRUE,0.4,"ESN","AFR"
"HG03344","Africa (East)",0,0.711205578585284,0.620092423764299,"ok",4883749,4883749,0,12772,0,0,0,0,0,0,TRUE,0.4,"ESN","AFR"
"HG03350","Africa (East)",0,0.711583492258022,0.619075824959771,"ok",4883749,4883749,0,12772,0,0,0,0,0,0,TRUE,0.4,"ESN","AFR"
"HG03368","Africa (East)",0,0.710184358840364,0.617386757134251,"ok",4883749,4883749,0,12772,0,0,0,0,0,0,TRUE,0.4,"ESN","AFR"
"HG03371","Africa (East)",0,0.710101802688459,0.617553504556964,"ok",4883749,4883749,0,12772,0,0,0,0,0,0,TRUE,0.4,"ESN","AFR"
"HG03374","Africa (East)",0,0.709986978168761,0.616906161790279,"ok",4883749,4883749,0,12772,0,0,0,0,0,0,TRUE,0.4,"ESN","AFR"
"HG03516","Africa (East)",0,0.709602003903467,0.615453706486349,"ok",4883749,4883749,0,12772,0,0,0,0,0,0,TRUE,0.4,"ESN","AFR"
"HG03519","Africa (East)",0,0.713065857401408,0.620167920490111,"ok",4883749,4883749,0,12772,0,0,0,0,0,0,TRUE,0.4,"ESN","AFR"
"HG03522","Africa (East)",0,0.708220028134638,0.616565791086861,"ok",4883749,4883749,0,12772,0,0,0,0,0,0,TRUE,0.4,"ESN","AFR"
"HG02924","Africa (North)",0,0.708414351180945,0.534331919192901,"ok",4883749,4883749,0,12772,0,0,0,0,0,0,TRUE,0.4,"ESN","AFR"
"HG02945","Africa (North)",0,0.710746302008521,0.537603973521914,"ok",4883749,4883749,0,12772,0,0,0,0,0,0,TRUE,0.4,"ESN","AFR"
"HG02948","Africa (North)",0,0.712035067973138,0.537445384583389,"ok",4883749,4883749,0,12772,0,0,0,0,0,0,TRUE,0.4,"ESN","AFR"
"HG02954","Africa (North)",0,0.710662183206174,0.539916996668292,"ok",4883749,4883749,0,12772,0,0,0,0,0,0,TRUE,0.4,"ESN","AFR"
"HG02966","Africa (North)",0,0.711580509901243,0.537709194738976,"ok",4883749,4883749,0,12772,0,0,0,0,0,0,TRUE,0.4,"ESN","AFR"
"HG02972","Africa (North)",0,0.710859227218479,0.536412457060968,"ok",4883749,4883749,0,12772,0,0,0,0,0,0,TRUE,0.4,"ESN","AFR"
"HG02975","Africa (North)",0,0.708657597246683,0.535353482013093,"ok",4883749,4883749,0,12772,0,0,0,0,0,0,TRUE,0.4,"ESN","AFR"
"HG02978","Africa (North)",0,0.706838206835302,0.534311339318131,"ok",4883749,4883749,0,12772,0,0,0,0,0,0,TRUE,0.4,"ESN","AFR"
"HG02980","Africa (North)",0,0.711406760761204,0.537656074505195,"ok",4883749,4883749,0,12772,0,0,0,0,0,0,TRUE,0.4,"ESN","AFR"
"HG03101","Africa (North)",0,0.711847784435805,0.539013835775174,"ok",4883749,4883749,0,12772,0,0,0,0,0,0,TRUE,0.4,"ESN","AFR"
"HG03110","Africa (North)",0,0.709763546710636,0.534290817533953,"ok",4883749,4883749,0,12772,0,0,0,0,0,0,TRUE,0.4,"ESN","AFR"
"HG03113","Africa (North)",0,0.710423297237352,0.535503794936961,"ok",4883749,4883749,0,12772,0,0,0,0,0,0,TRUE,0.4,"ESN","AFR"
"HG03116","Africa (North)",0,0.710021722158395,0.535661628528296,"ok",4883749,4883749,0,12772,0,0,0,0,0,0,TRUE,0.4,"ESN","AFR"
"HG03119","Africa (North)",0,0.709592237805634,0.533629048253658,"ok",4883749,4883749,0,12772,0,0,0,0,0,0,TRUE,0.4,"ESN","AFR"
"HG03122","Africa (North)",0,0.712546828100928,0.538130620154761,"ok",4883749,4883749,0,12772,0,0,0,0,0,0,TRUE,0.4,"ESN","AFR"
"HG03125","Africa (North)",0,0.7110991211067,0.534661980935813,"ok",4883749,4883749,0,12772,0,0,0,0,0,0,TRUE,0.4,"ESN","AFR"
"HG03128","Africa (North)",0,0.713147379878119,0.536508665798626,"ok",4883749,4883749,0,12772,0,0,0,0,0,0,TRUE,0.4,"ESN","AFR"
"HG03131","Africa (North)",0,0.710581046288458,0.537798789611988,"ok",4883749,4883749,0,12772,0,0,0,0,0,0,TRUE,0.4,"ESN","AFR"
"HG03134","Africa (North)",0,0.711836730782691,0.539223810365897,"ok",4883749,4883749,0,12772,0,0,0,0,0,0,TRUE,0.4,"ESN","AFR"
"HG03137","Africa (North)",0,0.707670838829052,0.534241565500653,"ok",4883749,4883749,0,12772,0,0,0,0,0,0,TRUE,0.4,"ESN","AFR"
"HG03161","Africa (North)",0,0.709658171020785,0.535772818197423,"ok",4883749,4883749,0,12772,0,0,0,0,0,0,TRUE,0.4,"ESN","AFR"
"HG03164","Africa (North)",0,0.711049075848458,0.53734208873417,"ok",4883749,4883749,0,12772,0,0,0,0,0,0,TRUE,0.4,"ESN","AFR"
"HG03170","Africa (North)",0,0.710229127151836,0.537484961237753,"ok",4883749,4883749,0,12772,0,0,0,0,0,0,TRUE,0.4,"ESN","AFR"
"HG03191","Africa (North)",0,0.714412126222386,0.539907002376308,"ok",4883749,4883749,0,12772,0,0,0,0,0,0,TRUE,0.4,"ESN","AFR"
"HG03197","Africa (North)",0,0.709374630909737,0.534528738349476,"ok",4883749,4883749,0,12772,0,0,0,0,0,0,TRUE,0.4,"ESN","AFR"
"HG03200","Africa (North)",0,0.713194661813243,0.540133680154976,"ok",4883749,4883749,0,12772,0,0,0,0,0,0,TRUE,0.4,"ESN","AFR"
"HG03269","Africa (North)",0,0.708536341134295,0.538788048064235,"ok",4883749,4883749,0,12772,0,0,0,0,0,0,TRUE,0.4,"ESN","AFR"
"HG03272","Africa (North)",0,0.711716106550787,0.536022467593959,"ok",4883749,4883749,0,12772,0,0,0,0,0,0,TRUE,0.4,"ESN","AFR"
"HG03296","Africa (North)",0,0.71006342936432,0.536651714942404,"ok",4883749,4883749,0,12772,0,0,0,0,0,0,TRUE,0.4,"ESN","AFR"
"HG03299","Africa (North)",0,0.713094336363751,0.538479342799336,"ok",4883749,4883749,0,12772,0,0,0,0,0,0,TRUE,0.4,"ESN","AFR"
"HG03302","Africa (North)",0,0.711396376085096,0.535636187549071,"ok",4883749,4883749,0,12772,0,0,0,0,0,0,TRUE,0.4,"ESN","AFR"
"HG03305","Africa (North)",0,0.709475372851127,0.537220814956832,"ok",4883749,4883749,0,12772,0,0,0,0,0,0,TRUE,0.4,"ESN","AFR"
"HG03308","Africa (North)",0,0.709014591335536,0.536542273597168,"ok",4883749,4883749,0,12772,0,0,0,0,0,0,TRUE,0.4,"ESN","AFR"
"HG03310","Africa (North)",0,0.710193757614049,0.537014409144737,"ok",4883749,4883749,0,12772,0,0,0,0,0,0,TRUE,0.4,"ESN","AFR"
"HG03314","Africa (North)",0,0.710624622087649,0.540036156472554,"ok",4883749,4883749,0,12772,0,0,0,0,0,0,TRUE,0.4,"ESN","AFR"
"HG03344","Africa (North)",0,0.711205578585284,0.538588699742438,"ok",4883749,4883749,0,12772,0,0,0,0,0,0,TRUE,0.4,"ESN","AFR"
"HG03350","Africa (North)",0,0.711583492258022,0.537219073375395,"ok",4883749,4883749,0,12772,0,0,0,0,0,0,TRUE,0.4,"ESN","AFR"
"HG03368","Africa (North)",0,0.710184358840364,0.534006946545137,"ok",4883749,4883749,0,12772,0,0,0,0,0,0,TRUE,0.4,"ESN","AFR"
"HG03371","Africa (North)",0,0.710101802688459,0.534883026614836,"ok",4883749,4883749,0,12772,0,0,0,0,0,0,TRUE,0.4,"ESN","AFR"
"HG03374","Africa (North)",0,0.709986978168761,0.535671866411317,"ok",4883749,4883749,0,12772,0,0,0,0,0,0,TRUE,0.4,"ESN","AFR"
"HG03516","Africa (North)",0,0.709602003903467,0.534549061622199,"ok",4883749,4883749,0,12772,0,0,0,0,0,0,TRUE,0.4,"ESN","AFR"
"HG03519","Africa (North)",0,0.713065857401408,0.538077211438965,"ok",4883749,4883749,0,12772,0,0,0,0,0,0,TRUE,0.4,"ESN","AFR"
"HG03522","Africa (North)",0,0.708220028134638,0.535430693425841,"ok",4883749,4883749,0,12772,0,0,0,0,0,0,TRUE,0.4,"ESN","AFR"
"HG02924","Africa (South)",0.0008769,0.708414351180945,0.702405084368758,"ok",4883749,4883749,0,12772,0,0,0,0,0,0,TRUE,0.4,"ESN","AFR"
"HG02945","Africa (South)",0.0606402,0.710746302008521,0.704601729801927,"ok",4883749,4883749,0,12772,0,0,0,0,0,0,TRUE,0.4,"ESN","AFR"
"HG02948","Africa (South)",0.0294287,0.712035067973138,0.706301048189163,"ok",4883749,4883749,0,12772,0,0,0,0,0,0,TRUE,0.4,"ESN","AFR"
"HG02954","Africa (South)",0.0225896,0.710662183206174,0.704312014941545,"ok",4883749,4883749,0,12772,0,0,0,0,0,0,TRUE,0.4,"ESN","AFR"
"HG02966","Africa (South)",0.0254575,0.711580509901243,0.705389173140184,"ok",4883749,4883749,0,12772,0,0,0,0,0,0,TRUE,0.4,"ESN","AFR"
"HG02972","Africa (South)",0.0621354,0.710859227218479,0.704670123350634,"ok",4883749,4883749,0,12772,0,0,0,0,0,0,TRUE,0.4,"ESN","AFR"
"HG02975","Africa (South)",0.0734669,0.708657597246683,0.702743101965494,"ok",4883749,4883749,0,12772,0,0,0,0,0,0,TRUE,0.4,"ESN","AFR"
"HG02978","Africa (South)",0,0.706838206835302,0.700196039989266,"ok",4883749,4883749,0,12772,0,0,0,0,0,0,TRUE,0.4,"ESN","AFR"
"HG02980","Africa (South)",0.0969036,0.711406760761204,0.706038629414538,"ok",4883749,4883749,0,12772,0,0,0,0,0,0,TRUE,0.4,"ESN","AFR"
"HG03101","Africa (South)",0.006549,0.711847784435805,0.705009655648291,"ok",4883749,4883749,0,12772,0,0,0,0,0,0,TRUE,0.4,"ESN","AFR"
"HG03110","Africa (South)",0.0404406,0.709763546710636,0.703749579854596,"ok",4883749,4883749,0,12772,0,0,0,0,0,0,TRUE,0.4,"ESN","AFR"
"HG03113","Africa (South)",0.0399654,0.710423297237352,0.70425622382619,"ok",4883749,4883749,0,12772,0,0,0,0,0,0,TRUE,0.4,"ESN","AFR"
"HG03116","Africa (South)",0,0.710021722158395,0.702910368235115,"ok",4883749,4883749,0,12772,0,0,0,0,0,0,TRUE,0.4,"ESN","AFR"
"HG03119","Africa (South)",0.0127477,0.709592237805634,0.7032764079861,"ok",4883749,4883749,0,12772,0,0,0,0,0,0,TRUE,0.4,"ESN","AFR"
"HG03122","Africa (South)",0.06958,0.712546828100928,0.70686525821479,"ok",4883749,4883749,0,12772,0,0,0,0,0,0,TRUE,0.4,"ESN","AFR"
"HG03125","Africa (South)",0.0153355,0.7110991211067,0.704262271374896,"ok",4883749,4883749,0,12772,0,0,0,0,0,0,TRUE,0.4,"ESN","AFR"
"HG03128","Africa (South)",0.0657332,0.713147379878119,0.707088561108514,"ok",4883749,4883749,0,12772,0,0,0,0,0,0,TRUE,0.4,"ESN","AFR"
"HG03131","Africa (South)",0.0392218,0.710581046288458,0.704396509294733,"ok",4883749,4883749,0,12772,0,0,0,0,0,0,TRUE,0.4,"ESN","AFR"
"HG03134","Africa (South)",0.0319015,0.711836730782691,0.705094387817692,"ok",4883749,4883749,0,12772,0,0,0,0,0,0,TRUE,0.4,"ESN","AFR"
"HG03137","Africa (South)",0.0369255,0.707670838829052,0.701530710510813,"ok",4883749,4883749,0,12772,0,0,0,0,0,0,TRUE,0.4,"ESN","AFR"
"HG03161","Africa (South)",0.0271471,0.709658171020785,0.703655211962264,"ok",4883749,4883749,0,12772,0,0,0,0,0,0,TRUE,0.4,"ESN","AFR"
"HG03164","Africa (South)",0.0421638,0.711049075848458,0.704699309572329,"ok",4883749,4883749,0,12772,0,0,0,0,0,0,TRUE,0.4,"ESN","AFR"
"HG03170","Africa (South)",0.0234452,0.710229127151836,0.704283195522795,"ok",4883749,4883749,0,12772,0,0,0,0,0,0,TRUE,0.4,"ESN","AFR"
"HG03191","Africa (South)",0.0449341,0.714412126222386,0.708758619460492,"ok",4883749,4883749,0,12772,0,0,0,0,0,0,TRUE,0.4,"ESN","AFR"
"HG03197","Africa (South)",0.1005567,0.709374630909737,0.703394181544268,"ok",4883749,4883749,0,12772,0,0,0,0,0,0,TRUE,0.4,"ESN","AFR"
"HG03200","Africa (South)",0.0123147,0.713194661813243,0.706588251630751,"ok",4883749,4883749,0,12772,0,0,0,0,0,0,TRUE,0.4,"ESN","AFR"
"HG03269","Africa (South)",0,0.708536341134295,0.70198213518333,"ok",4883749,4883749,0,12772,0,0,0,0,0,0,TRUE,0.4,"ESN","AFR"
"HG03272","Africa (South)",0,0.711716106550787,0.705604274277279,"ok",4883749,4883749,0,12772,0,0,0,0,0,0,TRUE,0.4,"ESN","AFR"
"HG03296","Africa (South)",0.0303469,0.71006342936432,0.70405346007929,"ok",4883749,4883749,0,12772,0,0,0,0,0,0,TRUE,0.4,"ESN","AFR"
"HG03299","Africa (South)",0.048168,0.713094336363751,0.70720085118979,"ok",4883749,4883749,0,12772,0,0,0,0,0,0,TRUE,0.4,"ESN","AFR"
"HG03302","Africa (South)",0.0351308,0.711396376085096,0.705226102344162,"ok",4883749,4883749,0,12772,0,0,0,0,0,0,TRUE,0.4,"ESN","AFR"
"HG03305","Africa (South)",0.0387301,0.709475372851127,0.703235380920463,"ok",4883749,4883749,0,12772,0,0,0,0,0,0,TRUE,0.4,"ESN","AFR"
"HG03308","Africa (South)",0.0192451,0.709014591335536,0.702912783392522,"ok",4883749,4883749,0,12772,0,0,0,0,0,0,TRUE,0.4,"ESN","AFR"
"HG03310","Africa (South)",0,0.710193757614049,0.703226086926584,"ok",4883749,4883749,0,12772,0,0,0,0,0,0,TRUE,0.4,"ESN","AFR"
"HG03314","Africa (South)",0.0498359,0.710624622087649,0.704624339119476,"ok",4883749,4883749,0,12772,0,0,0,0,0,0,TRUE,0.4,"ESN","AFR"
"HG03344","Africa (South)",0.0395881,0.711205578585284,0.705170974296384,"ok",4883749,4883749,0,12772,0,0,0,0,0,0,TRUE,0.4,"ESN","AFR"
"HG03350","Africa (South)",0.0639361,0.711583492258022,0.705984690732044,"ok",4883749,4883749,0,12772,0,0,0,0,0,0,TRUE,0.4,"ESN","AFR"
"HG03368","Africa (South)",0.0215417,0.710184358840364,0.704008045568772,"ok",4883749,4883749,0,12772,0,0,0,0,0,0,TRUE,0.4,"ESN","AFR"
"HG03371","Africa (South)",0.1026714,0.710101802688459,0.705237046857257,"ok",4883749,4883749,0,12772,0,0,0,0,0,0,TRUE,0.4,"ESN","AFR"
"HG03374","Africa (South)",0.0286948,0.709986978168761,0.703691050756818,"ok",4883749,4883749,0,12772,0,0,0,0,0,0,TRUE,0.4,"ESN","AFR"
"HG03516","Africa (South)",0.024976,0.709602003903467,0.703170555886208,"ok",4883749,4883749,0,12772,0,0,0,0,0,0,TRUE,0.4,"ESN","AFR"
"HG03519","Africa (South)",0,0.713065857401408,0.706653160766657,"ok",4883749,4883749,0,12772,0,0,0,0,0,0,TRUE,0.4,"ESN","AFR"
"HG03522","Africa (South)",0.0433379,0.708220028134638,0.702176924675057,"ok",4883749,4883749,0,12772,0,0,0,0,0,0,TRUE,0.4,"ESN","AFR"
"HG02924","Africa (West)",0.9991231,0.708414351180945,0.708412992386102,"ok",4883749,4883749,0,12772,0,0,0,0,0,0,TRUE,0.4,"ESN","AFR"
"HG02945","Africa (West)",0.9393598,0.710746302008521,0.710682369154705,"ok",4883749,4883749,0,12772,0,0,0,0,0,0,TRUE,0.4,"ESN","AFR"
"HG02948","Africa (West)",0.9705713,0.712035067973138,0.711985148910144,"ok",4883749,4883749,0,12772,0,0,0,0,0,0,TRUE,0.4,"ESN","AFR"
"HG02954","Africa (West)",0.9774104,0.710662183206174,0.710637452378515,"ok",4883749,4883749,0,12772,0,0,0,0,0,0,TRUE,0.4,"ESN","AFR"
"HG02966","Africa (West)",0.9745425,0.711580509901243,0.711548739525968,"ok",4883749,4883749,0,12772,0,0,0,0,0,0,TRUE,0.4,"ESN","AFR"
"HG02972","Africa (West)",0.9378646,0.710859227218479,0.710797218730111,"ok",4883749,4883749,0,12772,0,0,0,0,0,0,TRUE,0.4,"ESN","AFR"
"HG02975","Africa (West)",0.9265331,0.708657597246683,0.708570171749163,"ok",4883749,4883749,0,12772,0,0,0,0,0,0,TRUE,0.4,"ESN","AFR"
"HG02978","Africa (West)",1,0.706838206835302,0.706838206835286,"ok",4883749,4883749,0,12772,0,0,0,0,0,0,TRUE,0.4,"ESN","AFR"
"HG02980","Africa (West)",0.9030964,0.711406760761204,0.711246076072956,"ok",4883749,4883749,0,12772,0,0,0,0,0,0,TRUE,0.4,"ESN","AFR"
"HG03101","Africa (West)",0.993451,0.711847784435805,0.711843057959186,"ok",4883749,4883749,0,12772,0,0,0,0,0,0,TRUE,0.4,"ESN","AFR"
"HG03110","Africa (West)",0.9595594,0.709763546710636,0.709710368287666,"ok",4883749,4883749,0,12772,0,0,0,0,0,0,TRUE,0.4,"ESN","AFR"
"HG03113","Africa (West)",0.9600346,0.710423297237352,0.710376685705032,"ok",4883749,4883749,0,12772,0,0,0,0,0,0,TRUE,0.4,"ESN","AFR"
"HG03116","Africa (West)",1,0.710021722158395,0.710021722158374,"ok",4883749,4883749,0,12772,0,0,0,0,0,0,TRUE,0.4,"ESN","AFR"
"HG03119","Africa (West)",0.9872523,0.709592237805634,0.709577172835549,"ok",4883749,4883749,0,12772,0,0,0,0,0,0,TRUE,0.4,"ESN","AFR"
"HG03122","Africa (West)",0.93042,0.712546828100928,0.712441978851241,"ok",4883749,4883749,0,12772,0,0,0,0,0,0,TRUE,0.4,"ESN","AFR"
"HG03125","Africa (West)",0.9846645,0.7110991211067,0.711089083399739,"ok",4883749,4883749,0,12772,0,0,0,0,0,0,TRUE,0.4,"ESN","AFR"
"HG03128","Africa (West)",0.9342668,0.713147379878119,0.713072701276706,"ok",4883749,4883749,0,12772,0,0,0,0,0,0,TRUE,0.4,"ESN","AFR"
"HG03131","Africa (West)",0.9607782,0.710581046288458,0.710535753801703,"ok",4883749,4883749,0,12772,0,0,0,0,0,0,TRUE,0.4,"ESN","AFR"
"HG03134","Africa (West)",0.9680985,0.711836730782691,0.711816234093386,"ok",4883749,4883749,0,12772,0,0,0,0,0,0,TRUE,0.4,"ESN","AFR"
"HG03137","Africa (West)",0.9630745,0.707670838829052,0.707627088692014,"ok",4883749,4883749,0,12772,0,0,0,0,0,0,TRUE,0.4,"ESN","AFR"
"HG03161","Africa (West)",0.9728529,0.709658171020785,0.709619909463045,"ok",4883749,4883749,0,12772,0,0,0,0,0,0,TRUE,0.4,"ESN","AFR"
"HG03164","Africa (West)",0.9578362,0.711049075848458,0.711008237314658,"ok",4883749,4883749,0,12772,0,0,0,0,0,0,TRUE,0.4,"ESN","AFR"
"HG03170","Africa (West)",0.9765548,0.710229127151836,0.710194038173986,"ok",4883749,4883749,0,12772,0,0,0,0,0,0,TRUE,0.4,"ESN","AFR"
"HG03191","Africa (West)",0.9550659,0.714412126222386,0.714335238420299,"ok",4883749,4883749,0,12772,0,0,0,0,0,0,TRUE,0.4,"ESN","AFR"
"HG03197","Africa (West)",0.8994433,0.709374630909737,0.709280602011395,"ok",4883749,4883749,0,12772,0,0,0,0,0,0,TRUE,0.4,"ESN","AFR"
"HG03200","Africa (West)",0.9876853,0.713194661813243,0.713183209105778,"ok",4883749,4883749,0,12772,0,0,0,0,0,0,TRUE,0.4,"ESN","AFR"
"HG03269","Africa (West)",1,0.708536341134295,0.708536341134333,"ok",4883749,4883749,0,12772,0,0,0,0,0,0,TRUE,0.4,"ESN","AFR"
"HG03272","Africa (West)",1,0.711716106550787,0.711716106550818,"ok",4883749,4883749,0,12772,0,0,0,0,0,0,TRUE,0.4,"ESN","AFR"
"HG03296","Africa (West)",0.9696531,0.71006342936432,0.710021353662283,"ok",4883749,4883749,0,12772,0,0,0,0,0,0,TRUE,0.4,"ESN","AFR"
"HG03299","Africa (West)",0.951832,0.713094336363751,0.713025632934221,"ok",4883749,4883749,0,12772,0,0,0,0,0,0,TRUE,0.4,"ESN","AFR"
"HG03302","Africa (West)",0.9648692,0.711396376085096,0.711354041906205,"ok",4883749,4883749,0,12772,0,0,0,0,0,0,TRUE,0.4,"ESN","AFR"
"HG03305","Africa (West)",0.9612699,0.709475372851127,0.709433202554414,"ok",4883749,4883749,0,12772,0,0,0,0,0,0,TRUE,0.4,"ESN","AFR"
"HG03308","Africa (West)",0.9807549,0.709014591335536,0.708988588219322,"ok",4883749,4883749,0,12772,0,0,0,0,0,0,TRUE,0.4,"ESN","AFR"
"HG03310","Africa (West)",1,0.710193757614049,0.710193757614039,"ok",4883749,4883749,0,12772,0,0,0,0,0,0,TRUE,0.4,"ESN","AFR"
"HG03314","Africa (West)",0.9501641,0.710624622087649,0.710560959067591,"ok",4883749,4883749,0,12772,0,0,0,0,0,0,TRUE,0.4,"ESN","AFR"
"HG03344","Africa (West)",0.9604119,0.711205578585284,0.711153543547621,"ok",4883749,4883749,0,12772,0,0,0,0,0,0,TRUE,0.4,"ESN","AFR"
"HG03350","Africa (West)",0.9360639,0.711583492258022,0.711479857484625,"ok",4883749,4883749,0,12772,0,0,0,0,0,0,TRUE,0.4,"ESN","AFR"
"HG03368","Africa (West)",0.9784583,0.710184358840364,0.710156927019404,"ok",4883749,4883749,0,12772,0,0,0,0,0,0,TRUE,0.4,"ESN","AFR"
"HG03371","Africa (West)",0.8973286,0.710101802688459,0.70987951201193,"ok",4883749,4883749,0,12772,0,0,0,0,0,0,TRUE,0.4,"ESN","AFR"
"HG03374","Africa (West)",0.9713052,0.709986978168761,0.709955328201627,"ok",4883749,4883749,0,12772,0,0,0,0,0,0,TRUE,0.4,"ESN","AFR"
"HG03516","Africa (West)",0.975024,0.709602003903467,0.709577405778878,"ok",4883749,4883749,0,12772,0,0,0,0,0,0,TRUE,0.4,"ESN","AFR"
"HG03519","Africa (West)",1,0.713065857401408,0.713065857401363,"ok",4883749,4883749,0,12772,0,0,0,0,0,0,TRUE,0.4,"ESN","AFR"
"HG03522","Africa (West)",0.9566621,0.708220028134638,0.708165875618406,"ok",4883749,4883749,0,12772,0,0,0,0,0,0,TRUE,0.4,"ESN","AFR"
"HG02924","Ashkenazi",0,0.708414351180945,0.464399075739141,"ok",4883749,4883749,0,12772,0,0,0,0,0,0,TRUE,0.4,"ESN","AFR"
"HG02945","Ashkenazi",0,0.710746302008521,0.466662872050058,"ok",4883749,4883749,0,12772,0,0,0,0,0,0,TRUE,0.4,"ESN","AFR"
"HG02948","Ashkenazi",0,0.712035067973138,0.467728512840302,"ok",4883749,4883749,0,12772,0,0,0,0,0,0,TRUE,0.4,"ESN","AFR"
"HG02954","Ashkenazi",0,0.710662183206174,0.469300972755502,"ok",4883749,4883749,0,12772,0,0,0,0,0,0,TRUE,0.4,"ESN","AFR"
"HG02966","Ashkenazi",0,0.711580509901243,0.467916979314222,"ok",4883749,4883749,0,12772,0,0,0,0,0,0,TRUE,0.4,"ESN","AFR"
"HG02972","Ashkenazi",0,0.710859227218479,0.465353708380411,"ok",4883749,4883749,0,12772,0,0,0,0,0,0,TRUE,0.4,"ESN","AFR"
"HG02975","Ashkenazi",0,0.708657597246683,0.465083394245909,"ok",4883749,4883749,0,12772,0,0,0,0,0,0,TRUE,0.4,"ESN","AFR"
"HG02978","Ashkenazi",0,0.706838206835302,0.46460478582967,"ok",4883749,4883749,0,12772,0,0,0,0,0,0,TRUE,0.4,"ESN","AFR"
"HG02980","Ashkenazi",0,0.711406760761204,0.468360648134924,"ok",4883749,4883749,0,12772,0,0,0,0,0,0,TRUE,0.4,"ESN","AFR"
"HG03101","Ashkenazi",0,0.711847784435805,0.468155452215101,"ok",4883749,4883749,0,12772,0,0,0,0,0,0,TRUE,0.4,"ESN","AFR"
"HG03110","Ashkenazi",0,0.709763546710636,0.463560706990288,"ok",4883749,4883749,0,12772,0,0,0,0,0,0,TRUE,0.4,"ESN","AFR"
"HG03113","Ashkenazi",0,0.710423297237352,0.464270823091296,"ok",4883749,4883749,0,12772,0,0,0,0,0,0,TRUE,0.4,"ESN","AFR"
"HG03116","Ashkenazi",0,0.710021722158395,0.465477713402048,"ok",4883749,4883749,0,12772,0,0,0,0,0,0,TRUE,0.4,"ESN","AFR"
"HG03119","Ashkenazi",0,0.709592237805634,0.463049909318034,"ok",4883749,4883749,0,12772,0,0,0,0,0,0,TRUE,0.4,"ESN","AFR"
"HG03122","Ashkenazi",0,0.712546828100928,0.467215177837974,"ok",4883749,4883749,0,12772,0,0,0,0,0,0,TRUE,0.4,"ESN","AFR"
"HG03125","Ashkenazi",0,0.7110991211067,0.463763198934053,"ok",4883749,4883749,0,12772,0,0,0,0,0,0,TRUE,0.4,"ESN","AFR"
"HG03128","Ashkenazi",0,0.713147379878119,0.466248269284895,"ok",4883749,4883749,0,12772,0,0,0,0,0,0,TRUE,0.4,"ESN","AFR"
"HG03131","Ashkenazi",0,0.710581046288458,0.468130648357273,"ok",4883749,4883749,0,12772,0,0,0,0,0,0,TRUE,0.4,"ESN","AFR"
"HG03134","Ashkenazi",0,0.711836730782691,0.468067442647984,"ok",4883749,4883749,0,12772,0,0,0,0,0,0,TRUE,0.4,"ESN","AFR"
"HG03137","Ashkenazi",0,0.707670838829052,0.464356117651051,"ok",4883749,4883749,0,12772,0,0,0,0,0,0,TRUE,0.4,"ESN","AFR"
"HG03161","Ashkenazi",0,0.709658171020785,0.464881601578527,"ok",4883749,4883749,0,12772,0,0,0,0,0,0,TRUE,0.4,"ESN","AFR"
"HG03164","Ashkenazi",0,0.711049075848458,0.467734864073901,"ok",4883749,4883749,0,12772,0,0,0,0,0,0,TRUE,0.4,"ESN","AFR"
"HG03170","Ashkenazi",0,0.710229127151836,0.466762391571751,"ok",4883749,4883749,0,12772,0,0,0,0,0,0,TRUE,0.4,"ESN","AFR"
"HG03191","Ashkenazi",0,0.714412126222386,0.468684862414706,"ok",4883749,4883749,0,12772,0,0,0,0,0,0,TRUE,0.4,"ESN","AFR"
"HG03197","Ashkenazi",0,0.709374630909737,0.464161489427183,"ok",4883749,4883749,0,12772,0,0,0,0,0,0,TRUE,0.4,"ESN","AFR"
"HG03200","Ashkenazi",0,0.713194661813243,0.469766821896842,"ok",4883749,4883749,0,12772,0,0,0,0,0,0,TRUE,0.4,"ESN","AFR"
"HG03269","Ashkenazi",0,0.708536341134295,0.468820721316755,"ok",4883749,4883749,0,12772,0,0,0,0,0,0,TRUE,0.4,"ESN","AFR"
"HG03272","Ashkenazi",0,0.711716106550787,0.464553389517731,"ok",4883749,4883749,0,12772,0,0,0,0,0,0,TRUE,0.4,"ESN","AFR"
"HG03296","Ashkenazi",0,0.71006342936432,0.465817275879771,"ok",4883749,4883749,0,12772,0,0,0,0,0,0,TRUE,0.4,"ESN","AFR"
"HG03299","Ashkenazi",0,0.713094336363751,0.467984225696059,"ok",4883749,4883749,0,12772,0,0,0,0,0,0,TRUE,0.4,"ESN","AFR"
"HG03302","Ashkenazi",0,0.711396376085096,0.463741786467844,"ok",4883749,4883749,0,12772,0,0,0,0,0,0,TRUE,0.4,"ESN","AFR"
"HG03305","Ashkenazi",0,0.709475372851127,0.466795189844422,"ok",4883749,4883749,0,12772,0,0,0,0,0,0,TRUE,0.4,"ESN","AFR"
"HG03308","Ashkenazi",0,0.709014591335536,0.466776371901262,"ok",4883749,4883749,0,12772,0,0,0,0,0,0,TRUE,0.4,"ESN","AFR"
"HG03310","Ashkenazi",0,0.710193757614049,0.466308030463133,"ok",4883749,4883749,0,12772,0,0,0,0,0,0,TRUE,0.4,"ESN","AFR"
"HG03314","Ashkenazi",0,0.710624622087649,0.469269202774049,"ok",4883749,4883749,0,12772,0,0,0,0,0,0,TRUE,0.4,"ESN","AFR"
"HG03344","Ashkenazi",0,0.711205578585284,0.467931902555927,"ok",4883749,4883749,0,12772,0,0,0,0,0,0,TRUE,0.4,"ESN","AFR"
"HG03350","Ashkenazi",0,0.711583492258022,0.467292203959512,"ok",4883749,4883749,0,12772,0,0,0,0,0,0,TRUE,0.4,"ESN","AFR"
"HG03368","Ashkenazi",0,0.710184358840364,0.463064466822504,"ok",4883749,4883749,0,12772,0,0,0,0,0,0,TRUE,0.4,"ESN","AFR"
"HG03371","Ashkenazi",0,0.710101802688459,0.464860575366331,"ok",4883749,4883749,0,12772,0,0,0,0,0,0,TRUE,0.4,"ESN","AFR"
"HG03374","Ashkenazi",0,0.709986978168761,0.465718754228098,"ok",4883749,4883749,0,12772,0,0,0,0,0,0,TRUE,0.4,"ESN","AFR"
"HG03516","Ashkenazi",0,0.709602003903467,0.464118412511233,"ok",4883749,4883749,0,12772,0,0,0,0,0,0,TRUE,0.4,"ESN","AFR"
"HG03519","Ashkenazi",0,0.713065857401408,0.467623329723345,"ok",4883749,4883749,0,12772,0,0,0,0,0,0,TRUE,0.4,"ESN","AFR"
"HG03522","Ashkenazi",0,0.708220028134638,0.463693564182115,"ok",4883749,4883749,0,12772,0,0,0,0,0,0,TRUE,0.4,"ESN","AFR"
"HG02924","Asia (East)",0,0.708414351180945,0.423565245642008,"ok",4883749,4883749,0,12772,0,0,0,0,0,0,TRUE,0.4,"ESN","AFR"
"HG02945","Asia (East)",0,0.710746302008521,0.426000559847121,"ok",4883749,4883749,0,12772,0,0,0,0,0,0,TRUE,0.4,"ESN","AFR"
"HG02948","Asia (East)",0,0.712035067973138,0.429574457956221,"ok",4883749,4883749,0,12772,0,0,0,0,0,0,TRUE,0.4,"ESN","AFR"
"HG02954","Asia (East)",0,0.710662183206174,0.430607829143858,"ok",4883749,4883749,0,12772,0,0,0,0,0,0,TRUE,0.4,"ESN","AFR"
"HG02966","Asia (East)",0,0.711580509901243,0.426105612383138,"ok",4883749,4883749,0,12772,0,0,0,0,0,0,TRUE,0.4,"ESN","AFR"
"HG02972","Asia (East)",0,0.710859227218479,0.425799491760955,"ok",4883749,4883749,0,12772,0,0,0,0,0,0,TRUE,0.4,"ESN","AFR"
"HG02975","Asia (East)",0,0.708657597246683,0.424147380499768,"ok",4883749,4883749,0,12772,0,0,0,0,0,0,TRUE,0.4,"ESN","AFR"
"HG02978","Asia (East)",0,0.706838206835302,0.425967234397621,"ok",4883749,4883749,0,12772,0,0,0,0,0,0,TRUE,0.4,"ESN","AFR"
"HG02980","Asia (East)",0,0.711406760761204,0.423419867844056,"ok",4883749,4883749,0,12772,0,0,0,0,0,0,TRUE,0.4,"ESN","AFR"
"HG03101","Asia (East)",0,0.711847784435805,0.427596470693795,"ok",4883749,4883749,0,12772,0,0,0,0,0,0,TRUE,0.4,"ESN","AFR"
"HG03110","Asia (East)",0,0.709763546710636,0.421979600212939,"ok",4883749,4883749,0,12772,0,0,0,0,0,0,TRUE,0.4,"ESN","AFR"
"HG03113","Asia (East)",0,0.710423297237352,0.427226591365489,"ok",4883749,4883749,0,12772,0,0,0,0,0,0,TRUE,0.4,"ESN","AFR"
"HG03116","Asia (East)",0,0.710021722158395,0.424898164993253,"ok",4883749,4883749,0,12772,0,0,0,0,0,0,TRUE,0.4,"ESN","AFR"
"HG03119","Asia (East)",0,0.709592237805634,0.421760184174158,"ok",4883749,4883749,0,12772,0,0,0,0,0,0,TRUE,0.4,"ESN","AFR"
"HG03122","Asia (East)",0,0.712546828100928,0.426660978948107,"ok",4883749,4883749,0,12772,0,0,0,0,0,0,TRUE,0.4,"ESN","AFR"
"HG03125","Asia (East)",0,0.7110991211067,0.427188157845056,"ok",4883749,4883749,0,12772,0,0,0,0,0,0,TRUE,0.4,"ESN","AFR"
"HG03128","Asia (East)",0,0.713147379878119,0.427249162119488,"ok",4883749,4883749,0,12772,0,0,0,0,0,0,TRUE,0.4,"ESN","AFR"
"HG03131","Asia (East)",0,0.710581046288458,0.425546886244245,"ok",4883749,4883749,0,12772,0,0,0,0,0,0,TRUE,0.4,"ESN","AFR"
"HG03134","Asia (East)",0,0.711836730782691,0.426457345262036,"ok",4883749,4883749,0,12772,0,0,0,0,0,0,TRUE,0.4,"ESN","AFR"
"HG03137","Asia (East)",0,0.707670838829052,0.424251783633724,"ok",4883749,4883749,0,12772,0,0,0,0,0,0,TRUE,0.4,"ESN","AFR"
"HG03161","Asia (East)",0,0.709658171020785,0.42530753590283,"ok",4883749,4883749,0,12772,0,0,0,0,0,0,TRUE,0.4,"ESN","AFR"
"HG03164","Asia (East)",0,0.711049075848458,0.425051245894529,"ok",4883749,4883749,0,12772,0,0,0,0,0,0,TRUE,0.4,"ESN","AFR"
"HG03170","Asia (East)",0,0.710229127151836,0.428400155971667,"ok",4883749,4883749,0,12772,0,0,0,0,0,0,TRUE,0.4,"ESN","AFR"
"HG03191","Asia (East)",0,0.714412126222386,0.429355261894531,"ok",4883749,4883749,0,12772,0,0,0,0,0,0,TRUE,0.4,"ESN","AFR"
"HG03197","Asia (East)",0,0.709374630909737,0.423665505158177,"ok",4883749,4883749,0,12772,0,0,0,0,0,0,TRUE,0.4,"ESN","AFR"
"HG03200","Asia (East)",0,0.713194661813243,0.425171511740034,"ok",4883749,4883749,0,12772,0,0,0,0,0,0,TRUE,0.4,"ESN","AFR"
"HG03269","Asia (East)",0,0.708536341134295,0.429765143551751,"ok",4883749,4883749,0,12772,0,0,0,0,0,0,TRUE,0.4,"ESN","AFR"
"HG03272","Asia (East)",0,0.711716106550787,0.425981272154439,"ok",4883749,4883749,0,12772,0,0,0,0,0,0,TRUE,0.4,"ESN","AFR"
"HG03296","Asia (East)",0,0.71006342936432,0.425752341768348,"ok",4883749,4883749,0,12772,0,0,0,0,0,0,TRUE,0.4,"ESN","AFR"
"HG03299","Asia (East)",0,0.713094336363751,0.427027957618821,"ok",4883749,4883749,0,12772,0,0,0,0,0,0,TRUE,0.4,"ESN","AFR"
"HG03302","Asia (East)",0,0.711396376085096,0.426165436150504,"ok",4883749,4883749,0,12772,0,0,0,0,0,0,TRUE,0.4,"ESN","AFR"
"HG03305","Asia (East)",0,0.709475372851127,0.4243799696564,"ok",4883749,4883749,0,12772,0,0,0,0,0,0,TRUE,0.4,"ESN","AFR"
"HG03308","Asia (East)",0,0.709014591335536,0.423803842933416,"ok",4883749,4883749,0,12772,0,0,0,0,0,0,TRUE,0.4,"ESN","AFR"
"HG03310","Asia (East)",0,0.710193757614049,0.424713041622945,"ok",4883749,4883749,0,12772,0,0,0,0,0,0,TRUE,0.4,"ESN","AFR"
"HG03314","Asia (East)",0,0.710624622087649,0.428773205573034,"ok",4883749,4883749,0,12772,0,0,0,0,0,0,TRUE,0.4,"ESN","AFR"
"HG03344","Asia (East)",0,0.711205578585284,0.425879634526597,"ok",4883749,4883749,0,12772,0,0,0,0,0,0,TRUE,0.4,"ESN","AFR"
"HG03350","Asia (East)",0,0.711583492258022,0.423257346864885,"ok",4883749,4883749,0,12772,0,0,0,0,0,0,TRUE,0.4,"ESN","AFR"
"HG03368","Asia (East)",0,0.710184358840364,0.421947716136865,"ok",4883749,4883749,0,12772,0,0,0,0,0,0,TRUE,0.4,"ESN","AFR"
"HG03371","Asia (East)",0,0.710101802688459,0.427050306804054,"ok",4883749,4883749,0,12772,0,0,0,0,0,0,TRUE,0.4,"ESN","AFR"
"HG03374","Asia (East)",0,0.709986978168761,0.425765548541097,"ok",4883749,4883749,0,12772,0,0,0,0,0,0,TRUE,0.4,"ESN","AFR"
"HG03516","Asia (East)",0,0.709602003903467,0.419362483559468,"ok",4883749,4883749,0,12772,0,0,0,0,0,0,TRUE,0.4,"ESN","AFR"
"HG03519","Asia (East)",0,0.713065857401408,0.427853620682604,"ok",4883749,4883749,0,12772,0,0,0,0,0,0,TRUE,0.4,"ESN","AFR"
"HG03522","Asia (East)",0,0.708220028134638,0.425247723586707,"ok",4883749,4883749,0,12772,0,0,0,0,0,0,TRUE,0.4,"ESN","AFR"
"HG02924","Bangladesh",0,0.708414351180945,0.475966666299362,"ok",4883749,4883749,0,12772,0,0,0,0,0,0,TRUE,0.4,"ESN","AFR"
"HG02945","Bangladesh",0,0.710746302008521,0.478358182722624,"ok",4883749,4883749,0,12772,0,0,0,0,0,0,TRUE,0.4,"ESN","AFR"
"HG02948","Bangladesh",0,0.712035067973138,0.482124198577525,"ok",4883749,4883749,0,12772,0,0,0,0,0,0,TRUE,0.4,"ESN","AFR"
"HG02954","Bangladesh",0,0.710662183206174,0.481662035379618,"ok",4883749,4883749,0,12772,0,0,0,0,0,0,TRUE,0.4,"ESN","AFR"
"HG02966","Bangladesh",0,0.711580509901243,0.479561215158584,"ok",4883749,4883749,0,12772,0,0,0,0,0,0,TRUE,0.4,"ESN","AFR"
"HG02972","Bangladesh",0,0.710859227218479,0.47823383114852,"ok",4883749,4883749,0,12772,0,0,0,0,0,0,TRUE,0.4,"ESN","AFR"
"HG02975","Bangladesh",0,0.708657597246683,0.477259732929478,"ok",4883749,4883749,0,12772,0,0,0,0,0,0,TRUE,0.4,"ESN","AFR"
"HG02978","Bangladesh",0,0.706838206835302,0.477768246460461,"ok",4883749,4883749,0,12772,0,0,0,0,0,0,TRUE,0.4,"ESN","AFR"
"HG02980","Bangladesh",0,0.711406760761204,0.47885198278589,"ok",4883749,4883749,0,12772,0,0,0,0,0,0,TRUE,0.4,"ESN","AFR"
"HG03101","Bangladesh",0,0.711847784435805,0.480568005879131,"ok",4883749,4883749,0,12772,0,0,0,0,0,0,TRUE,0.4,"ESN","AFR"
"HG03110","Bangladesh",0,0.709763546710636,0.476281362771388,"ok",4883749,4883749,0,12772,0,0,0,0,0,0,TRUE,0.4,"ESN","AFR"
"HG03113","Bangladesh",0,0.710423297237352,0.477375347009568,"ok",4883749,4883749,0,12772,0,0,0,0,0,0,TRUE,0.4,"ESN","AFR"
"HG03116","Bangladesh",0,0.710021722158395,0.479080215321065,"ok",4883749,4883749,0,12772,0,0,0,0,0,0,TRUE,0.4,"ESN","AFR"
"HG03119","Bangladesh",0,0.709592237805634,0.475592507575301,"ok",4883749,4883749,0,12772,0,0,0,0,0,0,TRUE,0.4,"ESN","AFR"
"HG03122","Bangladesh",0,0.712546828100928,0.479721108484093,"ok",4883749,4883749,0,12772,0,0,0,0,0,0,TRUE,0.4,"ESN","AFR"
"HG03125","Bangladesh",0,0.7110991211067,0.477294916772221,"ok",4883749,4883749,0,12772,0,0,0,0,0,0,TRUE,0.4,"ESN","AFR"
"HG03128","Bangladesh",0,0.713147379878119,0.478571977269665,"ok",4883749,4883749,0,12772,0,0,0,0,0,0,TRUE,0.4,"ESN","AFR"
"HG03131","Bangladesh",0,0.710581046288458,0.476221396942097,"ok",4883749,4883749,0,12772,0,0,0,0,0,0,TRUE,0.4,"ESN","AFR"
"HG03134","Bangladesh",0,0.711836730782691,0.478418186671564,"ok",4883749,4883749,0,12772,0,0,0,0,0,0,TRUE,0.4,"ESN","AFR"
"HG03137","Bangladesh",0,0.707670838829052,0.477209670896394,"ok",4883749,4883749,0,12772,0,0,0,0,0,0,TRUE,0.4,"ESN","AFR"
"HG03161","Bangladesh",0,0.709658171020785,0.476757113914939,"ok",4883749,4883749,0,12772,0,0,0,0,0,0,TRUE,0.4,"ESN","AFR"
"HG03164","Bangladesh",0,0.711049075848458,0.478696468840821,"ok",4883749,4883749,0,12772,0,0,0,0,0,0,TRUE,0.4,"ESN","AFR"
"HG03170","Bangladesh",0,0.710229127151836,0.480280168202306,"ok",4883749,4883749,0,12772,0,0,0,0,0,0,TRUE,0.4,"ESN","AFR"
"HG03191","Bangladesh",0,0.714412126222386,0.480551529411817,"ok",4883749,4883749,0,12772,0,0,0,0,0,0,TRUE,0.4,"ESN","AFR"
"HG03197","Bangladesh",0,0.709374630909737,0.476766013801018,"ok",4883749,4883749,0,12772,0,0,0,0,0,0,TRUE,0.4,"ESN","AFR"
"HG03200","Bangladesh",0,0.713194661813243,0.48050948621684,"ok",4883749,4883749,0,12772,0,0,0,0,0,0,TRUE,0.4,"ESN","AFR"
"HG03269","Bangladesh",0,0.708536341134295,0.480805072088997,"ok",4883749,4883749,0,12772,0,0,0,0,0,0,TRUE,0.4,"ESN","AFR"
"HG03272","Bangladesh",0,0.711716106550787,0.477766455395731,"ok",4883749,4883749,0,12772,0,0,0,0,0,0,TRUE,0.4,"ESN","AFR"
"HG03296","Bangladesh",0,0.71006342936432,0.477509854470512,"ok",4883749,4883749,0,12772,0,0,0,0,0,0,TRUE,0.4,"ESN","AFR"
"HG03299","Bangladesh",0,0.713094336363751,0.480092205923719,"ok",4883749,4883749,0,12772,0,0,0,0,0,0,TRUE,0.4,"ESN","AFR"
"HG03302","Bangladesh",0,0.711396376085096,0.478085860048856,"ok",4883749,4883749,0,12772,0,0,0,0,0,0,TRUE,0.4,"ESN","AFR"
"HG03305","Bangladesh",0,0.709475372851127,0.477817546071243,"ok",4883749,4883749,0,12772,0,0,0,0,0,0,TRUE,0.4,"ESN","AFR"
"HG03308","Bangladesh",0,0.709014591335536,0.478124513833445,"ok",4883749,4883749,0,12772,0,0,0,0,0,0,TRUE,0.4,"ESN","AFR"
"HG03310","Bangladesh",0,0.710193757614049,0.479506164523856,"ok",4883749,4883749,0,12772,0,0,0,0,0,0,TRUE,0.4,"ESN","AFR"
"HG03314","Bangladesh",0,0.710624622087649,0.480412353800359,"ok",4883749,4883749,0,12772,0,0,0,0,0,0,TRUE,0.4,"ESN","AFR"
"HG03344","Bangladesh",0,0.711205578585284,0.48080358680943,"ok",4883749,4883749,0,12772,0,0,0,0,0,0,TRUE,0.4,"ESN","AFR"
"HG03350","Bangladesh",0,0.711583492258022,0.477949635596648,"ok",4883749,4883749,0,12772,0,0,0,0,0,0,TRUE,0.4,"ESN","AFR"
"HG03368","Bangladesh",0,0.710184358840364,0.473241618769161,"ok",4883749,4883749,0,12772,0,0,0,0,0,0,TRUE,0.4,"ESN","AFR"
"HG03371","Bangladesh",0,0.710101802688459,0.479173042484194,"ok",4883749,4883749,0,12772,0,0,0,0,0,0,TRUE,0.4,"ESN","AFR"
"HG03374","Bangladesh",0,0.709986978168761,0.478457224152498,"ok",4883749,4883749,0,12772,0,0,0,0,0,0,TRUE,0.4,"ESN","AFR"
"HG03516","Bangladesh",0,0.709602003903467,0.473803197226355,"ok",4883749,4883749,0,12772,0,0,0,0,0,0,TRUE,0.4,"ESN","AFR"
"HG03519","Bangladesh",0,0.713065857401408,0.480512397646106,"ok",4883749,4883749,0,12772,0,0,0,0,0,0,TRUE,0.4,"ESN","AFR"
"HG03522","Bangladesh",0,0.708220028134638,0.477107489692651,"ok",4883749,4883749,0,12772,0,0,0,0,0,0,TRUE,0.4,"ESN","AFR"
"HG02924","Europe (North East)",0,0.708414351180945,0.4488289810894,"ok",4883749,4883749,0,12772,0,0,0,0,0,0,TRUE,0.4,"ESN","AFR"
"HG02945","Europe (North East)",0,0.710746302008521,0.450699298258439,"ok",4883749,4883749,0,12772,0,0,0,0,0,0,TRUE,0.4,"ESN","AFR"
"HG02948","Europe (North East)",0,0.712035067973138,0.451408415433648,"ok",4883749,4883749,0,12772,0,0,0,0,0,0,TRUE,0.4,"ESN","AFR"
"HG02954","Europe (North East)",0,0.710662183206174,0.453040232545113,"ok",4883749,4883749,0,12772,0,0,0,0,0,0,TRUE,0.4,"ESN","AFR"
"HG02966","Europe (North East)",0,0.711580509901243,0.451223276151009,"ok",4883749,4883749,0,12772,0,0,0,0,0,0,TRUE,0.4,"ESN","AFR"
"HG02972","Europe (North East)",0,0.710859227218479,0.449322987994434,"ok",4883749,4883749,0,12772,0,0,0,0,0,0,TRUE,0.4,"ESN","AFR"
"HG02975","Europe (North East)",0,0.708657597246683,0.448624576608952,"ok",4883749,4883749,0,12772,0,0,0,0,0,0,TRUE,0.4,"ESN","AFR"
"HG02978","Europe (North East)",0,0.706838206835302,0.449716548944059,"ok",4883749,4883749,0,12772,0,0,0,0,0,0,TRUE,0.4,"ESN","AFR"
"HG02980","Europe (North East)",0,0.711406760761204,0.452010458563444,"ok",4883749,4883749,0,12772,0,0,0,0,0,0,TRUE,0.4,"ESN","AFR"
"HG03101","Europe (North East)",0,0.711847784435805,0.452214855426835,"ok",4883749,4883749,0,12772,0,0,0,0,0,0,TRUE,0.4,"ESN","AFR"
"HG03110","Europe (North East)",0,0.709763546710636,0.447832347714301,"ok",4883749,4883749,0,12772,0,0,0,0,0,0,TRUE,0.4,"ESN","AFR"
"HG03113","Europe (North East)",0,0.710423297237352,0.448396250840758,"ok",4883749,4883749,0,12772,0,0,0,0,0,0,TRUE,0.4,"ESN","AFR"
"HG03116","Europe (North East)",0,0.710021722158395,0.449284821576643,"ok",4883749,4883749,0,12772,0,0,0,0,0,0,TRUE,0.4,"ESN","AFR"
"HG03119","Europe (North East)",0,0.709592237805634,0.447707490003716,"ok",4883749,4883749,0,12772,0,0,0,0,0,0,TRUE,0.4,"ESN","AFR"
"HG03122","Europe (North East)",0,0.712546828100928,0.449889767537459,"ok",4883749,4883749,0,12772,0,0,0,0,0,0,TRUE,0.4,"ESN","AFR"
"HG03125","Europe (North East)",0,0.7110991211067,0.447793126926106,"ok",4883749,4883749,0,12772,0,0,0,0,0,0,TRUE,0.4,"ESN","AFR"
"HG03128","Europe (North East)",0,0.713147379878119,0.45025363906137,"ok",4883749,4883749,0,12772,0,0,0,0,0,0,TRUE,0.4,"ESN","AFR"
"HG03131","Europe (North East)",0,0.710581046288458,0.451265024873241,"ok",4883749,4883749,0,12772,0,0,0,0,0,0,TRUE,0.4,"ESN","AFR"
"HG03134","Europe (North East)",0,0.711836730782691,0.450759925824805,"ok",4883749,4883749,0,12772,0,0,0,0,0,0,TRUE,0.4,"ESN","AFR"
"HG03137","Europe (North East)",0,0.707670838829052,0.449023007884725,"ok",4883749,4883749,0,12772,0,0,0,0,0,0,TRUE,0.4,"ESN","AFR"
"HG03161","Europe (North East)",0,0.709658171020785,0.447735548122269,"ok",4883749,4883749,0,12772,0,0,0,0,0,0,TRUE,0.4,"ESN","AFR"
"HG03164","Europe (North East)",0,0.711049075848458,0.45150231895195,"ok",4883749,4883749,0,12772,0,0,0,0,0,0,TRUE,0.4,"ESN","AFR"
"HG03170","Europe (North East)",0,0.710229127151836,0.450978702580915,"ok",4883749,4883749,0,12772,0,0,0,0,0,0,TRUE,0.4,"ESN","AFR"
"HG03191","Europe (North East)",0,0.714412126222386,0.452070209041113,"ok",4883749,4883749,0,12772,0,0,0,0,0,0,TRUE,0.4,"ESN","AFR"
"HG03197","Europe (North East)",0,0.709374630909737,0.448933194108149,"ok",4883749,4883749,0,12772,0,0,0,0,0,0,TRUE,0.4,"ESN","AFR"
"HG03200","Europe (North East)",0,0.713194661813243,0.453795067371776,"ok",4883749,4883749,0,12772,0,0,0,0,0,0,TRUE,0.4,"ESN","AFR"
"HG03269","Europe (North East)",0,0.708536341134295,0.45239393004933,"ok",4883749,4883749,0,12772,0,0,0,0,0,0,TRUE,0.4,"ESN","AFR"
"HG03272","Europe (North East)",0,0.711716106550787,0.449838879977024,"ok",4883749,4883749,0,12772,0,0,0,0,0,0,TRUE,0.4,"ESN","AFR"
"HG03296","Europe (North East)",0,0.71006342936432,0.451067787615149,"ok",4883749,4883749,0,12772,0,0,0,0,0,0,TRUE,0.4,"ESN","AFR"
"HG03299","Europe (North East)",0,0.713094336363751,0.452064229693381,"ok",4883749,4883749,0,12772,0,0,0,0,0,0,TRUE,0.4,"ESN","AFR"
"HG03302","Europe (North East)",0,0.711396376085096,0.447886925185394,"ok",4883749,4883749,0,12772,0,0,0,0,0,0,TRUE,0.4,"ESN","AFR"
"HG03305","Europe (North East)",0,0.709475372851127,0.451128301148951,"ok",4883749,4883749,0,12772,0,0,0,0,0,0,TRUE,0.4,"ESN","AFR"
"HG03308","Europe (North East)",0,0.709014591335536,0.449852576334756,"ok",4883749,4883749,0,12772,0,0,0,0,0,0,TRUE,0.4,"ESN","AFR"
"HG03310","Europe (North East)",0,0.710193757614049,0.449575734230868,"ok",4883749,4883749,0,12772,0,0,0,0,0,0,TRUE,0.4,"ESN","AFR"
"HG03314","Europe (North East)",0,0.710624622087649,0.453276683598025,"ok",4883749,4883749,0,12772,0,0,0,0,0,0,TRUE,0.4,"ESN","AFR"
"HG03344","Europe (North East)",0,0.711205578585284,0.452377353441397,"ok",4883749,4883749,0,12772,0,0,0,0,0,0,TRUE,0.4,"ESN","AFR"
"HG03350","Europe (North East)",0,0.711583492258022,0.450544007664269,"ok",4883749,4883749,0,12772,0,0,0,0,0,0,TRUE,0.4,"ESN","AFR"
"HG03368","Europe (North East)",0,0.710184358840364,0.446750468810217,"ok",4883749,4883749,0,12772,0,0,0,0,0,0,TRUE,0.4,"ESN","AFR"
"HG03371","Europe (North East)",0,0.710101802688459,0.448549530754338,"ok",4883749,4883749,0,12772,0,0,0,0,0,0,TRUE,0.4,"ESN","AFR"
"HG03374","Europe (North East)",0,0.709986978168761,0.449733433699602,"ok",4883749,4883749,0,12772,0,0,0,0,0,0,TRUE,0.4,"ESN","AFR"
"HG03516","Europe (North East)",0,0.709602003903467,0.448239208139569,"ok",4883749,4883749,0,12772,0,0,0,0,0,0,TRUE,0.4,"ESN","AFR"
"HG03519","Europe (North East)",0,0.713065857401408,0.450755467606255,"ok",4883749,4883749,0,12772,0,0,0,0,0,0,TRUE,0.4,"ESN","AFR"
"HG03522","Europe (North East)",0,0.708220028134638,0.448245040643172,"ok",4883749,4883749,0,12772,0,0,0,0,0,0,TRUE,0.4,"ESN","AFR"
"HG02924","Europe (South East)",0,0.708414351180945,0.454463389874025,"ok",4883749,4883749,0,12772,0,0,0,0,0,0,TRUE,0.4,"ESN","AFR"
"HG02945","Europe (South East)",0,0.710746302008521,0.456185111798762,"ok",4883749,4883749,0,12772,0,0,0,0,0,0,TRUE,0.4,"ESN","AFR"
"HG02948","Europe (South East)",0,0.712035067973138,0.457008200742976,"ok",4883749,4883749,0,12772,0,0,0,0,0,0,TRUE,0.4,"ESN","AFR"
"HG02954","Europe (South East)",0,0.710662183206174,0.458727200798785,"ok",4883749,4883749,0,12772,0,0,0,0,0,0,TRUE,0.4,"ESN","AFR"
"HG02966","Europe (South East)",0,0.711580509901243,0.456611408661315,"ok",4883749,4883749,0,12772,0,0,0,0,0,0,TRUE,0.4,"ESN","AFR"
"HG02972","Europe (South East)",0,0.710859227218479,0.454778398316174,"ok",4883749,4883749,0,12772,0,0,0,0,0,0,TRUE,0.4,"ESN","AFR"
"HG02975","Europe (South East)",0,0.708657597246683,0.453651095396073,"ok",4883749,4883749,0,12772,0,0,0,0,0,0,TRUE,0.4,"ESN","AFR"
"HG02978","Europe (South East)",0,0.706838206835302,0.455208166847424,"ok",4883749,4883749,0,12772,0,0,0,0,0,0,TRUE,0.4,"ESN","AFR"
"HG02980","Europe (South East)",0,0.711406760761204,0.457418641062812,"ok",4883749,4883749,0,12772,0,0,0,0,0,0,TRUE,0.4,"ESN","AFR"
"HG03101","Europe (South East)",0,0.711847784435805,0.457669735608033,"ok",4883749,4883749,0,12772,0,0,0,0,0,0,TRUE,0.4,"ESN","AFR"
"HG03110","Europe (South East)",0,0.709763546710636,0.453231889816253,"ok",4883749,4883749,0,12772,0,0,0,0,0,0,TRUE,0.4,"ESN","AFR"
"HG03113","Europe (South East)",0,0.710423297237352,0.45343553776996,"ok",4883749,4883749,0,12772,0,0,0,0,0,0,TRUE,0.4,"ESN","AFR"
"HG03116","Europe (South East)",0,0.710021722158395,0.45491475652623,"ok",4883749,4883749,0,12772,0,0,0,0,0,0,TRUE,0.4,"ESN","AFR"
"HG03119","Europe (South East)",0,0.709592237805634,0.452927106687342,"ok",4883749,4883749,0,12772,0,0,0,0,0,0,TRUE,0.4,"ESN","AFR"
"HG03122","Europe (South East)",0,0.712546828100928,0.455831020967292,"ok",4883749,4883749,0,12772,0,0,0,0,0,0,TRUE,0.4,"ESN","AFR"
"HG03125","Europe (South East)",0,0.7110991211067,0.453128538739345,"ok",4883749,4883749,0,12772,0,0,0,0,0,0,TRUE,0.4,"ESN","AFR"
"HG03128","Europe (South East)",0,0.713147379878119,0.454990133616971,"ok",4883749,4883749,0,12772,0,0,0,0,0,0,TRUE,0.4,"ESN","AFR"
"HG03131","Europe (South East)",0,0.710581046288458,0.456764199703604,"ok",4883749,4883749,0,12772,0,0,0,0,0,0,TRUE,0.4,"ESN","AFR"
"HG03134","Europe (South East)",0,0.711836730782691,0.457007096016859,"ok",4883749,4883749,0,12772,0,0,0,0,0,0,TRUE,0.4,"ESN","AFR"
"HG03137","Europe (South East)",0,0.707670838829052,0.454194228630159,"ok",4883749,4883749,0,12772,0,0,0,0,0,0,TRUE,0.4,"ESN","AFR"
"HG03161","Europe (South East)",0,0.709658171020785,0.453504780105893,"ok",4883749,4883749,0,12772,0,0,0,0,0,0,TRUE,0.4,"ESN","AFR"
"HG03164","Europe (South East)",0,0.711049075848458,0.456827047137484,"ok",4883749,4883749,0,12772,0,0,0,0,0,0,TRUE,0.4,"ESN","AFR"
"HG03170","Europe (South East)",0,0.710229127151836,0.456538393801423,"ok",4883749,4883749,0,12772,0,0,0,0,0,0,TRUE,0.4,"ESN","AFR"
"HG03191","Europe (South East)",0,0.714412126222386,0.457844558481862,"ok",4883749,4883749,0,12772,0,0,0,0,0,0,TRUE,0.4,"ESN","AFR"
"HG03197","Europe (South East)",0,0.709374630909737,0.453853499501426,"ok",4883749,4883749,0,12772,0,0,0,0,0,0,TRUE,0.4,"ESN","AFR"
"HG03200","Europe (South East)",0,0.713194661813243,0.459178632147419,"ok",4883749,4883749,0,12772,0,0,0,0,0,0,TRUE,0.4,"ESN","AFR"
"HG03269","Europe (South East)",0,0.708536341134295,0.457792277380948,"ok",4883749,4883749,0,12772,0,0,0,0,0,0,TRUE,0.4,"ESN","AFR"
"HG03272","Europe (South East)",0,0.711716106550787,0.454748790875512,"ok",4883749,4883749,0,12772,0,0,0,0,0,0,TRUE,0.4,"ESN","AFR"
"HG03296","Europe (South East)",0,0.71006342936432,0.456314692602579,"ok",4883749,4883749,0,12772,0,0,0,0,0,0,TRUE,0.4,"ESN","AFR"
"HG03299","Europe (South East)",0,0.713094336363751,0.457338758765057,"ok",4883749,4883749,0,12772,0,0,0,0,0,0,TRUE,0.4,"ESN","AFR"
"HG03302","Europe (South East)",0,0.711396376085096,0.45375749583238,"ok",4883749,4883749,0,12772,0,0,0,0,0,0,TRUE,0.4,"ESN","AFR"
"HG03305","Europe (South East)",0,0.709475372851127,0.45651672261485,"ok",4883749,4883749,0,12772,0,0,0,0,0,0,TRUE,0.4,"ESN","AFR"
"HG03308","Europe (South East)",0,0.709014591335536,0.455872921144728,"ok",4883749,4883749,0,12772,0,0,0,0,0,0,TRUE,0.4,"ESN","AFR"
"HG03310","Europe (South East)",0,0.710193757614049,0.455548095737192,"ok",4883749,4883749,0,12772,0,0,0,0,0,0,TRUE,0.4,"ESN","AFR"
"HG03314","Europe (South East)",0,0.710624622087649,0.458693084277319,"ok",4883749,4883749,0,12772,0,0,0,0,0,0,TRUE,0.4,"ESN","AFR"
"HG03344","Europe (South East)",0,0.711205578585284,0.457897653888191,"ok",4883749,4883749,0,12772,0,0,0,0,0,0,TRUE,0.4,"ESN","AFR"
"HG03350","Europe (South East)",0,0.711583492258022,0.456163707528978,"ok",4883749,4883749,0,12772,0,0,0,0,0,0,TRUE,0.4,"ESN","AFR"
"HG03368","Europe (South East)",0,0.710184358840364,0.452591118296411,"ok",4883749,4883749,0,12772,0,0,0,0,0,0,TRUE,0.4,"ESN","AFR"
"HG03371","Europe (South East)",0,0.710101802688459,0.454250309018192,"ok",4883749,4883749,0,12772,0,0,0,0,0,0,TRUE,0.4,"ESN","AFR"
"HG03374","Europe (South East)",0,0.709986978168761,0.455382696744381,"ok",4883749,4883749,0,12772,0,0,0,0,0,0,TRUE,0.4,"ESN","AFR"
"HG03516","Europe (South East)",0,0.709602003903467,0.453906294131924,"ok",4883749,4883749,0,12772,0,0,0,0,0,0,TRUE,0.4,"ESN","AFR"
"HG03519","Europe (South East)",0,0.713065857401408,0.456250721911548,"ok",4883749,4883749,0,12772,0,0,0,0,0,0,TRUE,0.4,"ESN","AFR"
"HG03522","Europe (South East)",0,0.708220028134638,0.453598684991349,"ok",4883749,4883749,0,12772,0,0,0,0,0,0,TRUE,0.4,"ESN","AFR"
"HG02924","Europe (South West)",0,0.708414351180945,0.461537751570356,"ok",4883749,4883749,0,12772,0,0,0,0,0,0,TRUE,0.4,"ESN","AFR"
"HG02945","Europe (South West)",0,0.710746302008521,0.463442028271221,"ok",4883749,4883749,0,12772,0,0,0,0,0,0,TRUE,0.4,"ESN","AFR"
"HG02948","Europe (South West)",0,0.712035067973138,0.464241734773187,"ok",4883749,4883749,0,12772,0,0,0,0,0,0,TRUE,0.4,"ESN","AFR"
"HG02954","Europe (South West)",0,0.710662183206174,0.466249322815925,"ok",4883749,4883749,0,12772,0,0,0,0,0,0,TRUE,0.4,"ESN","AFR"
"HG02966","Europe (South West)",0,0.711580509901243,0.4639056849606,"ok",4883749,4883749,0,12772,0,0,0,0,0,0,TRUE,0.4,"ESN","AFR"
"HG02972","Europe (South West)",0,0.710859227218479,0.461900988299603,"ok",4883749,4883749,0,12772,0,0,0,0,0,0,TRUE,0.4,"ESN","AFR"
"HG02975","Europe (South West)",0,0.708657597246683,0.461290660963205,"ok",4883749,4883749,0,12772,0,0,0,0,0,0,TRUE,0.4,"ESN","AFR"
"HG02978","Europe (South West)",0,0.706838206835302,0.461639035606347,"ok",4883749,4883749,0,12772,0,0,0,0,0,0,TRUE,0.4,"ESN","AFR"
"HG02980","Europe (South West)",0,0.711406760761204,0.464707611589604,"ok",4883749,4883749,0,12772,0,0,0,0,0,0,TRUE,0.4,"ESN","AFR"
"HG03101","Europe (South West)",0,0.711847784435805,0.465050841812541,"ok",4883749,4883749,0,12772,0,0,0,0,0,0,TRUE,0.4,"ESN","AFR"
"HG03110","Europe (South West)",0,0.709763546710636,0.460052245936595,"ok",4883749,4883749,0,12772,0,0,0,0,0,0,TRUE,0.4,"ESN","AFR"
"HG03113","Europe (South West)",0,0.710423297237352,0.460615048361963,"ok",4883749,4883749,0,12772,0,0,0,0,0,0,TRUE,0.4,"ESN","AFR"
"HG03116","Europe (South West)",0,0.710021722158395,0.4625147615185,"ok",4883749,4883749,0,12772,0,0,0,0,0,0,TRUE,0.4,"ESN","AFR"
"HG03119","Europe (South West)",0,0.709592237805634,0.460428056431765,"ok",4883749,4883749,0,12772,0,0,0,0,0,0,TRUE,0.4,"ESN","AFR"
"HG03122","Europe (South West)",0,0.712546828100928,0.463854137876762,"ok",4883749,4883749,0,12772,0,0,0,0,0,0,TRUE,0.4,"ESN","AFR"
"HG03125","Europe (South West)",0,0.7110991211067,0.460602775457756,"ok",4883749,4883749,0,12772,0,0,0,0,0,0,TRUE,0.4,"ESN","AFR"
"HG03128","Europe (South West)",0,0.713147379878119,0.462691640372767,"ok",4883749,4883749,0,12772,0,0,0,0,0,0,TRUE,0.4,"ESN","AFR"
"HG03131","Europe (South West)",0,0.710581046288458,0.464152785031808,"ok",4883749,4883749,0,12772,0,0,0,0,0,0,TRUE,0.4,"ESN","AFR"
"HG03134","Europe (South West)",0,0.711836730782691,0.464448670197201,"ok",4883749,4883749,0,12772,0,0,0,0,0,0,TRUE,0.4,"ESN","AFR"
"HG03137","Europe (South West)",0,0.707670838829052,0.461327853230732,"ok",4883749,4883749,0,12772,0,0,0,0,0,0,TRUE,0.4,"ESN","AFR"
"HG03161","Europe (South West)",0,0.709658171020785,0.461097362785628,"ok",4883749,4883749,0,12772,0,0,0,0,0,0,TRUE,0.4,"ESN","AFR"
"HG03164","Europe (South West)",0,0.711049075848458,0.463883648762862,"ok",4883749,4883749,0,12772,0,0,0,0,0,0,TRUE,0.4,"ESN","AFR"
"HG03170","Europe (South West)",0,0.710229127151836,0.463817027603355,"ok",4883749,4883749,0,12772,0,0,0,0,0,0,TRUE,0.4,"ESN","AFR"
"HG03191","Europe (South West)",0,0.714412126222386,0.465469365687082,"ok",4883749,4883749,0,12772,0,0,0,0,0,0,TRUE,0.4,"ESN","AFR"
"HG03197","Europe (South West)",0,0.709374630909737,0.461422609171303,"ok",4883749,4883749,0,12772,0,0,0,0,0,0,TRUE,0.4,"ESN","AFR"
"HG03200","Europe (South West)",0,0.713194661813243,0.466840977901024,"ok",4883749,4883749,0,12772,0,0,0,0,0,0,TRUE,0.4,"ESN","AFR"
"HG03269","Europe (South West)",0,0.708536341134295,0.465239845425737,"ok",4883749,4883749,0,12772,0,0,0,0,0,0,TRUE,0.4,"ESN","AFR"
"HG03272","Europe (South West)",0,0.711716106550787,0.461956783103333,"ok",4883749,4883749,0,12772,0,0,0,0,0,0,TRUE,0.4,"ESN","AFR"
"HG03296","Europe (South West)",0,0.71006342936432,0.463270425398104,"ok",4883749,4883749,0,12772,0,0,0,0,0,0,TRUE,0.4,"ESN","AFR"
"HG03299","Europe (South West)",0,0.713094336363751,0.464614105562945,"ok",4883749,4883749,0,12772,0,0,0,0,0,0,TRUE,0.4,"ESN","AFR"
"HG03302","Europe (South West)",0,0.711396376085096,0.461319175333691,"ok",4883749,4883749,0,12772,0,0,0,0,0,0,TRUE,0.4,"ESN","AFR"
"HG03305","Europe (South West)",0,0.709475372851127,0.464049683010242,"ok",4883749,4883749,0,12772,0,0,0,0,0,0,TRUE,0.4,"ESN","AFR"
"HG03308","Europe (South West)",0,0.709014591335536,0.463038761659311,"ok",4883749,4883749,0,12772,0,0,0,0,0,0,TRUE,0.4,"ESN","AFR"
"HG03310","Europe (South West)",0,0.710193757614049,0.462710500902998,"ok",4883749,4883749,0,12772,0,0,0,0,0,0,TRUE,0.4,"ESN","AFR"
"HG03314","Europe (South West)",0,0.710624622087649,0.466180521332247,"ok",4883749,4883749,0,12772,0,0,0,0,0,0,TRUE,0.4,"ESN","AFR"
"HG03344","Europe (South West)",0,0.711205578585284,0.465252977205375,"ok",4883749,4883749,0,12772,0,0,0,0,0,0,TRUE,0.4,"ESN","AFR"
"HG03350","Europe (South West)",0,0.711583492258022,0.463883047380969,"ok",4883749,4883749,0,12772,0,0,0,0,0,0,TRUE,0.4,"ESN","AFR"
"HG03368","Europe (South West)",0,0.710184358840364,0.460106511909328,"ok",4883749,4883749,0,12772,0,0,0,0,0,0,TRUE,0.4,"ESN","AFR"
"HG03371","Europe (South West)",0,0.710101802688459,0.461590471734745,"ok",4883749,4883749,0,12772,0,0,0,0,0,0,TRUE,0.4,"ESN","AFR"
"HG03374","Europe (South West)",0,0.709986978168761,0.462808866377898,"ok",4883749,4883749,0,12772,0,0,0,0,0,0,TRUE,0.4,"ESN","AFR"
"HG03516","Europe (South West)",0,0.709602003903467,0.460975680402618,"ok",4883749,4883749,0,12772,0,0,0,0,0,0,TRUE,0.4,"ESN","AFR"
"HG03519","Europe (South West)",0,0.713065857401408,0.463321420031679,"ok",4883749,4883749,0,12772,0,0,0,0,0,0,TRUE,0.4,"ESN","AFR"
"HG03522","Europe (South West)",0,0.708220028134638,0.460949611231747,"ok",4883749,4883749,0,12772,0,0,0,0,0,0,TRUE,0.4,"ESN","AFR"
"HG02924","Finland",0,0.708414351180945,0.445343236766295,"ok",4883749,4883749,0,12772,0,0,0,0,0,0,TRUE,0.4,"ESN","AFR"
"HG02945","Finland",0,0.710746302008521,0.447556914979867,"ok",4883749,4883749,0,12772,0,0,0,0,0,0,TRUE,0.4,"ESN","AFR"
"HG02948","Finland",0,0.712035067973138,0.44821053645305,"ok",4883749,4883749,0,12772,0,0,0,0,0,0,TRUE,0.4,"ESN","AFR"
"HG02954","Finland",0,0.710662183206174,0.449934420020523,"ok",4883749,4883749,0,12772,0,0,0,0,0,0,TRUE,0.4,"ESN","AFR"
"HG02966","Finland",0,0.711580509901243,0.447976162146729,"ok",4883749,4883749,0,12772,0,0,0,0,0,0,TRUE,0.4,"ESN","AFR"
"HG02972","Finland",0,0.710859227218479,0.446520454778502,"ok",4883749,4883749,0,12772,0,0,0,0,0,0,TRUE,0.4,"ESN","AFR"
"HG02975","Finland",0,0.708657597246683,0.444902939100657,"ok",4883749,4883749,0,12772,0,0,0,0,0,0,TRUE,0.4,"ESN","AFR"
"HG02978","Finland",0,0.706838206835302,0.446237113809594,"ok",4883749,4883749,0,12772,0,0,0,0,0,0,TRUE,0.4,"ESN","AFR"
"HG02980","Finland",0,0.711406760761204,0.448435963871614,"ok",4883749,4883749,0,12772,0,0,0,0,0,0,TRUE,0.4,"ESN","AFR"
"HG03101","Finland",0,0.711847784435805,0.448770959981703,"ok",4883749,4883749,0,12772,0,0,0,0,0,0,TRUE,0.4,"ESN","AFR"
"HG03110","Finland",0,0.709763546710636,0.443346852178486,"ok",4883749,4883749,0,12772,0,0,0,0,0,0,TRUE,0.4,"ESN","AFR"
"HG03113","Finland",0,0.710423297237352,0.444225059600274,"ok",4883749,4883749,0,12772,0,0,0,0,0,0,TRUE,0.4,"ESN","AFR"
"HG03116","Finland",0,0.710021722158395,0.446000202302578,"ok",4883749,4883749,0,12772,0,0,0,0,0,0,TRUE,0.4,"ESN","AFR"
"HG03119","Finland",0,0.709592237805634,0.444736188163447,"ok",4883749,4883749,0,12772,0,0,0,0,0,0,TRUE,0.4,"ESN","AFR"
"HG03122","Finland",0,0.712546828100928,0.44659227202031,"ok",4883749,4883749,0,12772,0,0,0,0,0,0,TRUE,0.4,"ESN","AFR"
"HG03125","Finland",0,0.7110991211067,0.444525543993762,"ok",4883749,4883749,0,12772,0,0,0,0,0,0,TRUE,0.4,"ESN","AFR"
"HG03128","Finland",0,0.713147379878119,0.447589492377446,"ok",4883749,4883749,0,12772,0,0,0,0,0,0,TRUE,0.4,"ESN","AFR"
"HG03131","Finland",0,0.710581046288458,0.447530372799562,"ok",4883749,4883749,0,12772,0,0,0,0,0,0,TRUE,0.4,"ESN","AFR"
"HG03134","Finland",0,0.711836730782691,0.446949394206054,"ok",4883749,4883749,0,12772,0,0,0,0,0,0,TRUE,0.4,"ESN","AFR"
"HG03137","Finland",0,0.707670838829052,0.446154256742816,"ok",4883749,4883749,0,12772,0,0,0,0,0,0,TRUE,0.4,"ESN","AFR"
"HG03161","Finland",0,0.709658171020785,0.444159842553493,"ok",4883749,4883749,0,12772,0,0,0,0,0,0,TRUE,0.4,"ESN","AFR"
"HG03164","Finland",0,0.711049075848458,0.448817902556064,"ok",4883749,4883749,0,12772,0,0,0,0,0,0,TRUE,0.4,"ESN","AFR"
"HG03170","Finland",0,0.710229127151836,0.447504272008847,"ok",4883749,4883749,0,12772,0,0,0,0,0,0,TRUE,0.4,"ESN","AFR"
"HG03191","Finland",0,0.714412126222386,0.449037909177955,"ok",4883749,4883749,0,12772,0,0,0,0,0,0,TRUE,0.4,"ESN","AFR"
"HG03197","Finland",0,0.709374630909737,0.44603077499255,"ok",4883749,4883749,0,12772,0,0,0,0,0,0,TRUE,0.4,"ESN","AFR"
"HG03200","Finland",0,0.713194661813243,0.45053706429693,"ok",4883749,4883749,0,12772,0,0,0,0,0,0,TRUE,0.4,"ESN","AFR"
"HG03269","Finland",0,0.708536341134295,0.448201989151553,"ok",4883749,4883749,0,12772,0,0,0,0,0,0,TRUE,0.4,"ESN","AFR"
"HG03272","Finland",0,0.711716106550787,0.446733309422032,"ok",4883749,4883749,0,12772,0,0,0,0,0,0,TRUE,0.4,"ESN","AFR"
"HG03296","Finland",0,0.71006342936432,0.448071728979761,"ok",4883749,4883749,0,12772,0,0,0,0,0,0,TRUE,0.4,"ESN","AFR"
"HG03299","Finland",0,0.713094336363751,0.447853508131583,"ok",4883749,4883749,0,12772,0,0,0,0,0,0,TRUE,0.4,"ESN","AFR"
"HG03302","Finland",0,0.711396376085096,0.4449440849292,"ok",4883749,4883749,0,12772,0,0,0,0,0,0,TRUE,0.4,"ESN","AFR"
"HG03305","Finland",0,0.709475372851127,0.446784940614365,"ok",4883749,4883749,0,12772,0,0,0,0,0,0,TRUE,0.4,"ESN","AFR"
"HG03308","Finland",0,0.709014591335536,0.445859641941878,"ok",4883749,4883749,0,12772,0,0,0,0,0,0,TRUE,0.4,"ESN","AFR"
"HG03310","Finland",0,0.710193757614049,0.445196765626376,"ok",4883749,4883749,0,12772,0,0,0,0,0,0,TRUE,0.4,"ESN","AFR"
"HG03314","Finland",0,0.710624622087649,0.449471741852597,"ok",4883749,4883749,0,12772,0,0,0,0,0,0,TRUE,0.4,"ESN","AFR"
"HG03344","Finland",0,0.711205578585284,0.448301722815432,"ok",4883749,4883749,0,12772,0,0,0,0,0,0,TRUE,0.4,"ESN","AFR"
"HG03350","Finland",0,0.711583492258022,0.446830119857575,"ok",4883749,4883749,0,12772,0,0,0,0,0,0,TRUE,0.4,"ESN","AFR"
"HG03368","Finland",0,0.710184358840364,0.44369182431954,"ok",4883749,4883749,0,12772,0,0,0,0,0,0,TRUE,0.4,"ESN","AFR"
"HG03371","Finland",0,0.710101802688459,0.444902520465088,"ok",4883749,4883749,0,12772,0,0,0,0,0,0,TRUE,0.4,"ESN","AFR"
"HG03374","Finland",0,0.709986978168761,0.44717655088447,"ok",4883749,4883749,0,12772,0,0,0,0,0,0,TRUE,0.4,"ESN","AFR"
"HG03516","Finland",0,0.709602003903467,0.444492450960792,"ok",4883749,4883749,0,12772,0,0,0,0,0,0,TRUE,0.4,"ESN","AFR"
"HG03519","Finland",0,0.713065857401408,0.446412251699896,"ok",4883749,4883749,0,12772,0,0,0,0,0,0,TRUE,0.4,"ESN","AFR"
"HG03522","Finland",0,0.708220028134638,0.444732907344474,"ok",4883749,4883749,0,12772,0,0,0,0,0,0,TRUE,0.4,"ESN","AFR"
"HG02924","Ireland",0,0.708414351180945,0.447358823615938,"ok",4883749,4883749,0,12772,0,0,0,0,0,0,TRUE,0.4,"ESN","AFR"
"HG02945","Ireland",0,0.710746302008521,0.449992178882257,"ok",4883749,4883749,0,12772,0,0,0,0,0,0,TRUE,0.4,"ESN","AFR"
"HG02948","Ireland",0,0.712035067973138,0.450103529746617,"ok",4883749,4883749,0,12772,0,0,0,0,0,0,TRUE,0.4,"ESN","AFR"
"HG02954","Ireland",0,0.710662183206174,0.451436912496194,"ok",4883749,4883749,0,12772,0,0,0,0,0,0,TRUE,0.4,"ESN","AFR"
"HG02966","Ireland",0,0.711580509901243,0.450076456884409,"ok",4883749,4883749,0,12772,0,0,0,0,0,0,TRUE,0.4,"ESN","AFR"
"HG02972","Ireland",0,0.710859227218479,0.447925984208369,"ok",4883749,4883749,0,12772,0,0,0,0,0,0,TRUE,0.4,"ESN","AFR"
"HG02975","Ireland",0,0.708657597246683,0.447092042735683,"ok",4883749,4883749,0,12772,0,0,0,0,0,0,TRUE,0.4,"ESN","AFR"
"HG02978","Ireland",0,0.706838206835302,0.447975304238582,"ok",4883749,4883749,0,12772,0,0,0,0,0,0,TRUE,0.4,"ESN","AFR"
"HG02980","Ireland",0,0.711406760761204,0.450998770046116,"ok",4883749,4883749,0,12772,0,0,0,0,0,0,TRUE,0.4,"ESN","AFR"
"HG03101","Ireland",0,0.711847784435805,0.451132984455022,"ok",4883749,4883749,0,12772,0,0,0,0,0,0,TRUE,0.4,"ESN","AFR"
"HG03110","Ireland",0,0.709763546710636,0.445438284945258,"ok",4883749,4883749,0,12772,0,0,0,0,0,0,TRUE,0.4,"ESN","AFR"
"HG03113","Ireland",0,0.710423297237352,0.446456512663412,"ok",4883749,4883749,0,12772,0,0,0,0,0,0,TRUE,0.4,"ESN","AFR"
"HG03116","Ireland",0,0.710021722158395,0.448488524666936,"ok",4883749,4883749,0,12772,0,0,0,0,0,0,TRUE,0.4,"ESN","AFR"
"HG03119","Ireland",0,0.709592237805634,0.446464920594054,"ok",4883749,4883749,0,12772,0,0,0,0,0,0,TRUE,0.4,"ESN","AFR"
"HG03122","Ireland",0,0.712546828100928,0.448580365821701,"ok",4883749,4883749,0,12772,0,0,0,0,0,0,TRUE,0.4,"ESN","AFR"
"HG03125","Ireland",0,0.7110991211067,0.446131163655663,"ok",4883749,4883749,0,12772,0,0,0,0,0,0,TRUE,0.4,"ESN","AFR"
"HG03128","Ireland",0,0.713147379878119,0.448816816623995,"ok",4883749,4883749,0,12772,0,0,0,0,0,0,TRUE,0.4,"ESN","AFR"
"HG03131","Ireland",0,0.710581046288458,0.449330805092418,"ok",4883749,4883749,0,12772,0,0,0,0,0,0,TRUE,0.4,"ESN","AFR"
"HG03134","Ireland",0,0.711836730782691,0.449871474657528,"ok",4883749,4883749,0,12772,0,0,0,0,0,0,TRUE,0.4,"ESN","AFR"
"HG03137","Ireland",0,0.707670838829052,0.447468888003627,"ok",4883749,4883749,0,12772,0,0,0,0,0,0,TRUE,0.4,"ESN","AFR"
"HG03161","Ireland",0,0.709658171020785,0.446476778139481,"ok",4883749,4883749,0,12772,0,0,0,0,0,0,TRUE,0.4,"ESN","AFR"
"HG03164","Ireland",0,0.711049075848458,0.450206541895607,"ok",4883749,4883749,0,12772,0,0,0,0,0,0,TRUE,0.4,"ESN","AFR"
"HG03170","Ireland",0,0.710229127151836,0.449973498291462,"ok",4883749,4883749,0,12772,0,0,0,0,0,0,TRUE,0.4,"ESN","AFR"
"HG03191","Ireland",0,0.714412126222386,0.450859258317194,"ok",4883749,4883749,0,12772,0,0,0,0,0,0,TRUE,0.4,"ESN","AFR"
"HG03197","Ireland",0,0.709374630909737,0.447457219674267,"ok",4883749,4883749,0,12772,0,0,0,0,0,0,TRUE,0.4,"ESN","AFR"
"HG03200","Ireland",0,0.713194661813243,0.452866980660776,"ok",4883749,4883749,0,12772,0,0,0,0,0,0,TRUE,0.4,"ESN","AFR"
"HG03269","Ireland",0,0.708536341134295,0.450166174332954,"ok",4883749,4883749,0,12772,0,0,0,0,0,0,TRUE,0.4,"ESN","AFR"
"HG03272","Ireland",0,0.711716106550787,0.448177821244969,"ok",4883749,4883749,0,12772,0,0,0,0,0,0,TRUE,0.4,"ESN","AFR"
"HG03296","Ireland",0,0.71006342936432,0.449397114837093,"ok",4883749,4883749,0,12772,0,0,0,0,0,0,TRUE,0.4,"ESN","AFR"
"HG03299","Ireland",0,0.713094336363751,0.450124552987222,"ok",4883749,4883749,0,12772,0,0,0,0,0,0,TRUE,0.4,"ESN","AFR"
"HG03302","Ireland",0,0.711396376085096,0.446928690504325,"ok",4883749,4883749,0,12772,0,0,0,0,0,0,TRUE,0.4,"ESN","AFR"
"HG03305","Ireland",0,0.709475372851127,0.450058426765287,"ok",4883749,4883749,0,12772,0,0,0,0,0,0,TRUE,0.4,"ESN","AFR"
"HG03308","Ireland",0,0.709014591335536,0.449114320652377,"ok",4883749,4883749,0,12772,0,0,0,0,0,0,TRUE,0.4,"ESN","AFR"
"HG03310","Ireland",0,0.710193757614049,0.447950767539462,"ok",4883749,4883749,0,12772,0,0,0,0,0,0,TRUE,0.4,"ESN","AFR"
"HG03314","Ireland",0,0.710624622087649,0.451486628081841,"ok",4883749,4883749,0,12772,0,0,0,0,0,0,TRUE,0.4,"ESN","AFR"
"HG03344","Ireland",0,0.711205578585284,0.451416697997898,"ok",4883749,4883749,0,12772,0,0,0,0,0,0,TRUE,0.4,"ESN","AFR"
"HG03350","Ireland",0,0.711583492258022,0.449475618665177,"ok",4883749,4883749,0,12772,0,0,0,0,0,0,TRUE,0.4,"ESN","AFR"
"HG03368","Ireland",0,0.710184358840364,0.445927861715071,"ok",4883749,4883749,0,12772,0,0,0,0,0,0,TRUE,0.4,"ESN","AFR"
"HG03371","Ireland",0,0.710101802688459,0.447611325642895,"ok",4883749,4883749,0,12772,0,0,0,0,0,0,TRUE,0.4,"ESN","AFR"
"HG03374","Ireland",0,0.709986978168761,0.448919077056744,"ok",4883749,4883749,0,12772,0,0,0,0,0,0,TRUE,0.4,"ESN","AFR"
"HG03516","Ireland",0,0.709602003903467,0.446885511876561,"ok",4883749,4883749,0,12772,0,0,0,0,0,0,TRUE,0.4,"ESN","AFR"
"HG03519","Ireland",0,0.713065857401408,0.449302210503776,"ok",4883749,4883749,0,12772,0,0,0,0,0,0,TRUE,0.4,"ESN","AFR"
"HG03522","Ireland",0,0.708220028134638,0.446013700992567,"ok",4883749,4883749,0,12772,0,0,0,0,0,0,TRUE,0.4,"ESN","AFR"
"HG02924","Italy",0,0.708414351180945,0.459009955168024,"ok",4883749,4883749,0,12772,0,0,0,0,0,0,TRUE,0.4,"ESN","AFR"
"HG02945","Italy",0,0.710746302008521,0.461454027338942,"ok",4883749,4883749,0,12772,0,0,0,0,0,0,TRUE,0.4,"ESN","AFR"
"HG02948","Italy",0,0.712035067973138,0.461844215892742,"ok",4883749,4883749,0,12772,0,0,0,0,0,0,TRUE,0.4,"ESN","AFR"
"HG02954","Italy",0,0.710662183206174,0.464163880316651,"ok",4883749,4883749,0,12772,0,0,0,0,0,0,TRUE,0.4,"ESN","AFR"
"HG02966","Italy",0,0.711580509901243,0.461507250507296,"ok",4883749,4883749,0,12772,0,0,0,0,0,0,TRUE,0.4,"ESN","AFR"
"HG02972","Italy",0,0.710859227218479,0.459976419134082,"ok",4883749,4883749,0,12772,0,0,0,0,0,0,TRUE,0.4,"ESN","AFR"
"HG02975","Italy",0,0.708657597246683,0.458483949222802,"ok",4883749,4883749,0,12772,0,0,0,0,0,0,TRUE,0.4,"ESN","AFR"
"HG02978","Italy",0,0.706838206835302,0.459718595580916,"ok",4883749,4883749,0,12772,0,0,0,0,0,0,TRUE,0.4,"ESN","AFR"
"HG02980","Italy",0,0.711406760761204,0.462475775473414,"ok",4883749,4883749,0,12772,0,0,0,0,0,0,TRUE,0.4,"ESN","AFR"
"HG03101","Italy",0,0.711847784435805,0.462819966729517,"ok",4883749,4883749,0,12772,0,0,0,0,0,0,TRUE,0.4,"ESN","AFR"
"HG03110","Italy",0,0.709763546710636,0.458444492212563,"ok",4883749,4883749,0,12772,0,0,0,0,0,0,TRUE,0.4,"ESN","AFR"
"HG03113","Italy",0,0.710423297237352,0.458724626465237,"ok",4883749,4883749,0,12772,0,0,0,0,0,0,TRUE,0.4,"ESN","AFR"
"HG03116","Italy",0,0.710021722158395,0.460214027129555,"ok",4883749,4883749,0,12772,0,0,0,0,0,0,TRUE,0.4,"ESN","AFR"
"HG03119","Italy",0,0.709592237805634,0.457798284000884,"ok",4883749,4883749,0,12772,0,0,0,0,0,0,TRUE,0.4,"ESN","AFR"
"HG03122","Italy",0,0.712546828100928,0.46137082602696,"ok",4883749,4883749,0,12772,0,0,0,0,0,0,TRUE,0.4,"ESN","AFR"
"HG03125","Italy",0,0.7110991211067,0.458109570332076,"ok",4883749,4883749,0,12772,0,0,0,0,0,0,TRUE,0.4,"ESN","AFR"
"HG03128","Italy",0,0.713147379878119,0.460363154325771,"ok",4883749,4883749,0,12772,0,0,0,0,0,0,TRUE,0.4,"ESN","AFR"
"HG03131","Italy",0,0.710581046288458,0.462112449733843,"ok",4883749,4883749,0,12772,0,0,0,0,0,0,TRUE,0.4,"ESN","AFR"
"HG03134","Italy",0,0.711836730782691,0.46249446720728,"ok",4883749,4883749,0,12772,0,0,0,0,0,0,TRUE,0.4,"ESN","AFR"
"HG03137","Italy",0,0.707670838829052,0.458705087973717,"ok",4883749,4883749,0,12772,0,0,0,0,0,0,TRUE,0.4,"ESN","AFR"
"HG03161","Italy",0,0.709658171020785,0.458715974503574,"ok",4883749,4883749,0,12772,0,0,0,0,0,0,TRUE,0.4,"ESN","AFR"
"HG03164","Italy",0,0.711049075848458,0.461596670160253,"ok",4883749,4883749,0,12772,0,0,0,0,0,0,TRUE,0.4,"ESN","AFR"
"HG03170","Italy",0,0.710229127151836,0.461651563428306,"ok",4883749,4883749,0,12772,0,0,0,0,0,0,TRUE,0.4,"ESN","AFR"
"HG03191","Italy",0,0.714412126222386,0.463239924146516,"ok",4883749,4883749,0,12772,0,0,0,0,0,0,TRUE,0.4,"ESN","AFR"
"HG03197","Italy",0,0.709374630909737,0.459029368279663,"ok",4883749,4883749,0,12772,0,0,0,0,0,0,TRUE,0.4,"ESN","AFR"
"HG03200","Italy",0,0.713194661813243,0.46456111515816,"ok",4883749,4883749,0,12772,0,0,0,0,0,0,TRUE,0.4,"ESN","AFR"
"HG03269","Italy",0,0.708536341134295,0.463447365031069,"ok",4883749,4883749,0,12772,0,0,0,0,0,0,TRUE,0.4,"ESN","AFR"
"HG03272","Italy",0,0.711716106550787,0.459557888848311,"ok",4883749,4883749,0,12772,0,0,0,0,0,0,TRUE,0.4,"ESN","AFR"
"HG03296","Italy",0,0.71006342936432,0.460650360226052,"ok",4883749,4883749,0,12772,0,0,0,0,0,0,TRUE,0.4,"ESN","AFR"
"HG03299","Italy",0,0.713094336363751,0.46237900894678,"ok",4883749,4883749,0,12772,0,0,0,0,0,0,TRUE,0.4,"ESN","AFR"
"HG03302","Italy",0,0.711396376085096,0.458897161687381,"ok",4883749,4883749,0,12772,0,0,0,0,0,0,TRUE,0.4,"ESN","AFR"
"HG03305","Italy",0,0.709475372851127,0.461453600854769,"ok",4883749,4883749,0,12772,0,0,0,0,0,0,TRUE,0.4,"ESN","AFR"
"HG03308","Italy",0,0.709014591335536,0.461078074240948,"ok",4883749,4883749,0,12772,0,0,0,0,0,0,TRUE,0.4,"ESN","AFR"
"HG03310","Italy",0,0.710193757614049,0.460963164589616,"ok",4883749,4883749,0,12772,0,0,0,0,0,0,TRUE,0.4,"ESN","AFR"
"HG03314","Italy",0,0.710624622087649,0.463783536539482,"ok",4883749,4883749,0,12772,0,0,0,0,0,0,TRUE,0.4,"ESN","AFR"
"HG03344","Italy",0,0.711205578585284,0.463009516567048,"ok",4883749,4883749,0,12772,0,0,0,0,0,0,TRUE,0.4,"ESN","AFR"
"HG03350","Italy",0,0.711583492258022,0.461404682747576,"ok",4883749,4883749,0,12772,0,0,0,0,0,0,TRUE,0.4,"ESN","AFR"
"HG03368","Italy",0,0.710184358840364,0.457440851153326,"ok",4883749,4883749,0,12772,0,0,0,0,0,0,TRUE,0.4,"ESN","AFR"
"HG03371","Italy",0,0.710101802688459,0.459330535830616,"ok",4883749,4883749,0,12772,0,0,0,0,0,0,TRUE,0.4,"ESN","AFR"
"HG03374","Italy",0,0.709986978168761,0.460265669069728,"ok",4883749,4883749,0,12772,0,0,0,0,0,0,TRUE,0.4,"ESN","AFR"
"HG03516","Italy",0,0.709602003903467,0.45882897866395,"ok",4883749,4883749,0,12772,0,0,0,0,0,0,TRUE,0.4,"ESN","AFR"
"HG03519","Italy",0,0.713065857401408,0.461627155322979,"ok",4883749,4883749,0,12772,0,0,0,0,0,0,TRUE,0.4,"ESN","AFR"
"HG03522","Italy",0,0.708220028134638,0.459339225816208,"ok",4883749,4883749,0,12772,0,0,0,0,0,0,TRUE,0.4,"ESN","AFR"
"HG02924","Japan",0,0.708414351180945,0.421920026141212,"ok",4883749,4883749,0,12772,0,0,0,0,0,0,TRUE,0.4,"ESN","AFR"
"HG02945","Japan",0,0.710746302008521,0.424007111301856,"ok",4883749,4883749,0,12772,0,0,0,0,0,0,TRUE,0.4,"ESN","AFR"
"HG02948","Japan",0,0.712035067973138,0.427461513926489,"ok",4883749,4883749,0,12772,0,0,0,0,0,0,TRUE,0.4,"ESN","AFR"
"HG02954","Japan",0,0.710662183206174,0.4296444748326,"ok",4883749,4883749,0,12772,0,0,0,0,0,0,TRUE,0.4,"ESN","AFR"
"HG02966","Japan",0,0.711580509901243,0.424208279677648,"ok",4883749,4883749,0,12772,0,0,0,0,0,0,TRUE,0.4,"ESN","AFR"
"HG02972","Japan",0,0.710859227218479,0.424103481439743,"ok",4883749,4883749,0,12772,0,0,0,0,0,0,TRUE,0.4,"ESN","AFR"
"HG02975","Japan",0,0.708657597246683,0.42251815520685,"ok",4883749,4883749,0,12772,0,0,0,0,0,0,TRUE,0.4,"ESN","AFR"
"HG02978","Japan",0,0.706838206835302,0.424814627752315,"ok",4883749,4883749,0,12772,0,0,0,0,0,0,TRUE,0.4,"ESN","AFR"
"HG02980","Japan",0,0.711406760761204,0.421477867865895,"ok",4883749,4883749,0,12772,0,0,0,0,0,0,TRUE,0.4,"ESN","AFR"
"HG03101","Japan",0,0.711847784435805,0.425684451064497,"ok",4883749,4883749,0,12772,0,0,0,0,0,0,TRUE,0.4,"ESN","AFR"
"HG03110","Japan",0,0.709763546710636,0.420597632312314,"ok",4883749,4883749,0,12772,0,0,0,0,0,0,TRUE,0.4,"ESN","AFR"
"HG03113","Japan",0,0.710423297237352,0.425218525777094,"ok",4883749,4883749,0,12772,0,0,0,0,0,0,TRUE,0.4,"ESN","AFR"
"HG03116","Japan",0,0.710021722158395,0.423369070344695,"ok",4883749,4883749,0,12772,0,0,0,0,0,0,TRUE,0.4,"ESN","AFR"
"HG03119","Japan",0,0.709592237805634,0.419700594716829,"ok",4883749,4883749,0,12772,0,0,0,0,0,0,TRUE,0.4,"ESN","AFR"
"HG03122","Japan",0,0.712546828100928,0.425064506506384,"ok",4883749,4883749,0,12772,0,0,0,0,0,0,TRUE,0.4,"ESN","AFR"
"HG03125","Japan",0,0.7110991211067,0.424770812575352,"ok",4883749,4883749,0,12772,0,0,0,0,0,0,TRUE,0.4,"ESN","AFR"
"HG03128","Japan",0,0.713147379878119,0.424990986983753,"ok",4883749,4883749,0,12772,0,0,0,0,0,0,TRUE,0.4,"ESN","AFR"
"HG03131","Japan",0,0.710581046288458,0.423825583455886,"ok",4883749,4883749,0,12772,0,0,0,0,0,0,TRUE,0.4,"ESN","AFR"
"HG03134","Japan",0,0.711836730782691,0.425720970484156,"ok",4883749,4883749,0,12772,0,0,0,0,0,0,TRUE,0.4,"ESN","AFR"
"HG03137","Japan",0,0.707670838829052,0.42332000227961,"ok",4883749,4883749,0,12772,0,0,0,0,0,0,TRUE,0.4,"ESN","AFR"
"HG03161","Japan",0,0.709658171020785,0.423202319674108,"ok",4883749,4883749,0,12772,0,0,0,0,0,0,TRUE,0.4,"ESN","AFR"
"HG03164","Japan",0,0.711049075848458,0.42363825899752,"ok",4883749,4883749,0,12772,0,0,0,0,0,0,TRUE,0.4,"ESN","AFR"
"HG03170","Japan",0,0.710229127151836,0.42552412892799,"ok",4883749,4883749,0,12772,0,0,0,0,0,0,TRUE,0.4,"ESN","AFR"
"HG03191","Japan",0,0.714412126222386,0.427647104928928,"ok",4883749,4883749,0,12772,0,0,0,0,0,0,TRUE,0.4,"ESN","AFR"
"HG03197","Japan",0,0.709374630909737,0.421973472160097,"ok",4883749,4883749,0,12772,0,0,0,0,0,0,TRUE,0.4,"ESN","AFR"
"HG03200","Japan",0,0.713194661813243,0.423339648323119,"ok",4883749,4883749,0,12772,0,0,0,0,0,0,TRUE,0.4,"ESN","AFR"
"HG03269","Japan",0,0.708536341134295,0.427884830812384,"ok",4883749,4883749,0,12772,0,0,0,0,0,0,TRUE,0.4,"ESN","AFR"
"HG03272","Japan",0,0.711716106550787,0.42431964214667,"ok",4883749,4883749,0,12772,0,0,0,0,0,0,TRUE,0.4,"ESN","AFR"
"HG03296","Japan",0,0.71006342936432,0.423740715908129,"ok",4883749,4883749,0,12772,0,0,0,0,0,0,TRUE,0.4,"ESN","AFR"
"HG03299","Japan",0,0.713094336363751,0.425636549827002,"ok",4883749,4883749,0,12772,0,0,0,0,0,0,TRUE,0.4,"ESN","AFR"
"HG03302","Japan",0,0.711396376085096,0.424604187990577,"ok",4883749,4883749,0,12772,0,0,0,0,0,0,TRUE,0.4,"ESN","AFR"
"HG03305","Japan",0,0.709475372851127,0.42266601194303,"ok",4883749,4883749,0,12772,0,0,0,0,0,0,TRUE,0.4,"ESN","AFR"
"HG03308","Japan",0,0.709014591335536,0.421961155394033,"ok",4883749,4883749,0,12772,0,0,0,0,0,0,TRUE,0.4,"ESN","AFR"
"HG03310","Japan",0,0.710193757614049,0.42403881577585,"ok",4883749,4883749,0,12772,0,0,0,0,0,0,TRUE,0.4,"ESN","AFR"
"HG03314","Japan",0,0.710624622087649,0.427161405587697,"ok",4883749,4883749,0,12772,0,0,0,0,0,0,TRUE,0.4,"ESN","AFR"
"HG03344","Japan",0,0.711205578585284,0.424836622338817,"ok",4883749,4883749,0,12772,0,0,0,0,0,0,TRUE,0.4,"ESN","AFR"
"HG03350","Japan",0,0.711583492258022,0.421434004455436,"ok",4883749,4883749,0,12772,0,0,0,0,0,0,TRUE,0.4,"ESN","AFR"
"HG03368","Japan",0,0.710184358840364,0.41982640808738,"ok",4883749,4883749,0,12772,0,0,0,0,0,0,TRUE,0.4,"ESN","AFR"
"HG03371","Japan",0,0.710101802688459,0.42585437252099,"ok",4883749,4883749,0,12772,0,0,0,0,0,0,TRUE,0.4,"ESN","AFR"
"HG03374","Japan",0,0.709986978168761,0.42337907514315,"ok",4883749,4883749,0,12772,0,0,0,0,0,0,TRUE,0.4,"ESN","AFR"
"HG03516","Japan",0,0.709602003903467,0.417479887689481,"ok",4883749,4883749,0,12772,0,0,0,0,0,0,TRUE,0.4,"ESN","AFR"
"HG03519","Japan",0,0.713065857401408,0.425473215719372,"ok",4883749,4883749,0,12772,0,0,0,0,0,0,TRUE,0.4,"ESN","AFR"
"HG03522","Japan",0,0.708220028134638,0.424030023260172,"ok",4883749,4883749,0,12772,0,0,0,0,0,0,TRUE,0.4,"ESN","AFR"
"HG02924","Middle East",0,0.708414351180945,0.47370309424592,"ok",4883749,4883749,0,12772,0,0,0,0,0,0,TRUE,0.4,"ESN","AFR"
"HG02945","Middle East",0,0.710746302008521,0.476097227055805,"ok",4883749,4883749,0,12772,0,0,0,0,0,0,TRUE,0.4,"ESN","AFR"
"HG02948","Middle East",0,0.712035067973138,0.4766182883503,"ok",4883749,4883749,0,12772,0,0,0,0,0,0,TRUE,0.4,"ESN","AFR"
"HG02954","Middle East",0,0.710662183206174,0.479758259559993,"ok",4883749,4883749,0,12772,0,0,0,0,0,0,TRUE,0.4,"ESN","AFR"
"HG02966","Middle East",0,0.711580509901243,0.476518063416795,"ok",4883749,4883749,0,12772,0,0,0,0,0,0,TRUE,0.4,"ESN","AFR"
"HG02972","Middle East",0,0.710859227218479,0.475148076954018,"ok",4883749,4883749,0,12772,0,0,0,0,0,0,TRUE,0.4,"ESN","AFR"
"HG02975","Middle East",0,0.708657597246683,0.473604676773547,"ok",4883749,4883749,0,12772,0,0,0,0,0,0,TRUE,0.4,"ESN","AFR"
"HG02978","Middle East",0,0.706838206835302,0.474239472244931,"ok",4883749,4883749,0,12772,0,0,0,0,0,0,TRUE,0.4,"ESN","AFR"
"HG02980","Middle East",0,0.711406760761204,0.477016681073531,"ok",4883749,4883749,0,12772,0,0,0,0,0,0,TRUE,0.4,"ESN","AFR"
"HG03101","Middle East",0,0.711847784435805,0.47813572130516,"ok",4883749,4883749,0,12772,0,0,0,0,0,0,TRUE,0.4,"ESN","AFR"
"HG03110","Middle East",0,0.709763546710636,0.472978987706144,"ok",4883749,4883749,0,12772,0,0,0,0,0,0,TRUE,0.4,"ESN","AFR"
"HG03113","Middle East",0,0.710423297237352,0.47398671907594,"ok",4883749,4883749,0,12772,0,0,0,0,0,0,TRUE,0.4,"ESN","AFR"
"HG03116","Middle East",0,0.710021722158395,0.474762306400539,"ok",4883749,4883749,0,12772,0,0,0,0,0,0,TRUE,0.4,"ESN","AFR"
"HG03119","Middle East",0,0.709592237805634,0.472555702969372,"ok",4883749,4883749,0,12772,0,0,0,0,0,0,TRUE,0.4,"ESN","AFR"
"HG03122","Middle East",0,0.712546828100928,0.476257865541577,"ok",4883749,4883749,0,12772,0,0,0,0,0,0,TRUE,0.4,"ESN","AFR"
"HG03125","Middle East",0,0.7110991211067,0.473354811947973,"ok",4883749,4883749,0,12772,0,0,0,0,0,0,TRUE,0.4,"ESN","AFR"
"HG03128","Middle East",0,0.713147379878119,0.474938182364813,"ok",4883749,4883749,0,12772,0,0,0,0,0,0,TRUE,0.4,"ESN","AFR"
"HG03131","Middle East",0,0.710581046288458,0.475992432319644,"ok",4883749,4883749,0,12772,0,0,0,0,0,0,TRUE,0.4,"ESN","AFR"
"HG03134","Middle East",0,0.711836730782691,0.477086542081427,"ok",4883749,4883749,0,12772,0,0,0,0,0,0,TRUE,0.4,"ESN","AFR"
"HG03137","Middle East",0,0.707670838829052,0.473575850264394,"ok",4883749,4883749,0,12772,0,0,0,0,0,0,TRUE,0.4,"ESN","AFR"
"HG03161","Middle East",0,0.709658171020785,0.474434113044167,"ok",4883749,4883749,0,12772,0,0,0,0,0,0,TRUE,0.4,"ESN","AFR"
"HG03164","Middle East",0,0.711049075848458,0.475661905132185,"ok",4883749,4883749,0,12772,0,0,0,0,0,0,TRUE,0.4,"ESN","AFR"
"HG03170","Middle East",0,0.710229127151836,0.476109038935415,"ok",4883749,4883749,0,12772,0,0,0,0,0,0,TRUE,0.4,"ESN","AFR"
"HG03191","Middle East",0,0.714412126222386,0.47750059281648,"ok",4883749,4883749,0,12772,0,0,0,0,0,0,TRUE,0.4,"ESN","AFR"
"HG03197","Middle East",0,0.709374630909737,0.473770882815267,"ok",4883749,4883749,0,12772,0,0,0,0,0,0,TRUE,0.4,"ESN","AFR"
"HG03200","Middle East",0,0.713194661813243,0.478502079700973,"ok",4883749,4883749,0,12772,0,0,0,0,0,0,TRUE,0.4,"ESN","AFR"
"HG03269","Middle East",0,0.708536341134295,0.478208980512148,"ok",4883749,4883749,0,12772,0,0,0,0,0,0,TRUE,0.4,"ESN","AFR"
"HG03272","Middle East",0,0.711716106550787,0.473945329010743,"ok",4883749,4883749,0,12772,0,0,0,0,0,0,TRUE,0.4,"ESN","AFR"
"HG03296","Middle East",0,0.71006342936432,0.475595738188856,"ok",4883749,4883749,0,12772,0,0,0,0,0,0,TRUE,0.4,"ESN","AFR"
"HG03299","Middle East",0,0.713094336363751,0.476922633355505,"ok",4883749,4883749,0,12772,0,0,0,0,0,0,TRUE,0.4,"ESN","AFR"
"HG03302","Middle East",0,0.711396376085096,0.473751266635568,"ok",4883749,4883749,0,12772,0,0,0,0,0,0,TRUE,0.4,"ESN","AFR"
"HG03305","Middle East",0,0.709475372851127,0.475765607053064,"ok",4883749,4883749,0,12772,0,0,0,0,0,0,TRUE,0.4,"ESN","AFR"
"HG03308","Middle East",0,0.709014591335536,0.475663882740074,"ok",4883749,4883749,0,12772,0,0,0,0,0,0,TRUE,0.4,"ESN","AFR"
"HG03310","Middle East",0,0.710193757614049,0.475862288924159,"ok",4883749,4883749,0,12772,0,0,0,0,0,0,TRUE,0.4,"ESN","AFR"
"HG03314","Middle East",0,0.710624622087649,0.477982765551245,"ok",4883749,4883749,0,12772,0,0,0,0,0,0,TRUE,0.4,"ESN","AFR"
"HG03344","Middle East",0,0.711205578585284,0.477765757266714,"ok",4883749,4883749,0,12772,0,0,0,0,0,0,TRUE,0.4,"ESN","AFR"
"HG03350","Middle East",0,0.711583492258022,0.475966904178411,"ok",4883749,4883749,0,12772,0,0,0,0,0,0,TRUE,0.4,"ESN","AFR"
"HG03368","Middle East",0,0.710184358840364,0.472298912027158,"ok",4883749,4883749,0,12772,0,0,0,0,0,0,TRUE,0.4,"ESN","AFR"
"HG03371","Middle East",0,0.710101802688459,0.47471395128849,"ok",4883749,4883749,0,12772,0,0,0,0,0,0,TRUE,0.4,"ESN","AFR"
"HG03374","Middle East",0,0.709986978168761,0.474900998681796,"ok",4883749,4883749,0,12772,0,0,0,0,0,0,TRUE,0.4,"ESN","AFR"
"HG03516","Middle East",0,0.709602003903467,0.473814026896662,"ok",4883749,4883749,0,12772,0,0,0,0,0,0,TRUE,0.4,"ESN","AFR"
"HG03519","Middle East",0,0.713065857401408,0.4769715659734,"ok",4883749,4883749,0,12772,0,0,0,0,0,0,TRUE,0.4,"ESN","AFR"
"HG03522","Middle East",0,0.708220028134638,0.473658065354683,"ok",4883749,4883749,0,12772,0,0,0,0,0,0,TRUE,0.4,"ESN","AFR"
"HG02924","Pakistan",0,0.708414351180945,0.475807632480436,"ok",4883749,4883749,0,12772,0,0,0,0,0,0,TRUE,0.4,"ESN","AFR"
"HG02945","Pakistan",0,0.710746302008521,0.478542667743838,"ok",4883749,4883749,0,12772,0,0,0,0,0,0,TRUE,0.4,"ESN","AFR"
"HG02948","Pakistan",0,0.712035067973138,0.480791183383788,"ok",4883749,4883749,0,12772,0,0,0,0,0,0,TRUE,0.4,"ESN","AFR"
"HG02954","Pakistan",0,0.710662183206174,0.48132064941012,"ok",4883749,4883749,0,12772,0,0,0,0,0,0,TRUE,0.4,"ESN","AFR"
"HG02966","Pakistan",0,0.711580509901243,0.478928554351775,"ok",4883749,4883749,0,12772,0,0,0,0,0,0,TRUE,0.4,"ESN","AFR"
"HG02972","Pakistan",0,0.710859227218479,0.477657336962894,"ok",4883749,4883749,0,12772,0,0,0,0,0,0,TRUE,0.4,"ESN","AFR"
"HG02975","Pakistan",0,0.708657597246683,0.476336824938398,"ok",4883749,4883749,0,12772,0,0,0,0,0,0,TRUE,0.4,"ESN","AFR"
"HG02978","Pakistan",0,0.706838206835302,0.477248101904646,"ok",4883749,4883749,0,12772,0,0,0,0,0,0,TRUE,0.4,"ESN","AFR"
"HG02980","Pakistan",0,0.711406760761204,0.479418647951684,"ok",4883749,4883749,0,12772,0,0,0,0,0,0,TRUE,0.4,"ESN","AFR"
"HG03101","Pakistan",0,0.711847784435805,0.480330852147319,"ok",4883749,4883749,0,12772,0,0,0,0,0,0,TRUE,0.4,"ESN","AFR"
"HG03110","Pakistan",0,0.709763546710636,0.475422504667774,"ok",4883749,4883749,0,12772,0,0,0,0,0,0,TRUE,0.4,"ESN","AFR"
"HG03113","Pakistan",0,0.710423297237352,0.476745133917047,"ok",4883749,4883749,0,12772,0,0,0,0,0,0,TRUE,0.4,"ESN","AFR"
"HG03116","Pakistan",0,0.710021722158395,0.478122898983983,"ok",4883749,4883749,0,12772,0,0,0,0,0,0,TRUE,0.4,"ESN","AFR"
"HG03119","Pakistan",0,0.709592237805634,0.475933909648859,"ok",4883749,4883749,0,12772,0,0,0,0,0,0,TRUE,0.4,"ESN","AFR"
"HG03122","Pakistan",0,0.712546828100928,0.479061934522259,"ok",4883749,4883749,0,12772,0,0,0,0,0,0,TRUE,0.4,"ESN","AFR"
"HG03125","Pakistan",0,0.7110991211067,0.47619726477203,"ok",4883749,4883749,0,12772,0,0,0,0,0,0,TRUE,0.4,"ESN","AFR"
"HG03128","Pakistan",0,0.713147379878119,0.477953667050768,"ok",4883749,4883749,0,12772,0,0,0,0,0,0,TRUE,0.4,"ESN","AFR"
"HG03131","Pakistan",0,0.710581046288458,0.476929654713045,"ok",4883749,4883749,0,12772,0,0,0,0,0,0,TRUE,0.4,"ESN","AFR"
"HG03134","Pakistan",0,0.711836730782691,0.478160543611831,"ok",4883749,4883749,0,12772,0,0,0,0,0,0,TRUE,0.4,"ESN","AFR"
"HG03137","Pakistan",0,0.707670838829052,0.476953152559692,"ok",4883749,4883749,0,12772,0,0,0,0,0,0,TRUE,0.4,"ESN","AFR"
"HG03161","Pakistan",0,0.709658171020785,0.476013805520753,"ok",4883749,4883749,0,12772,0,0,0,0,0,0,TRUE,0.4,"ESN","AFR"
"HG03164","Pakistan",0,0.711049075848458,0.478434763076025,"ok",4883749,4883749,0,12772,0,0,0,0,0,0,TRUE,0.4,"ESN","AFR"
"HG03170","Pakistan",0,0.710229127151836,0.479729344137776,"ok",4883749,4883749,0,12772,0,0,0,0,0,0,TRUE,0.4,"ESN","AFR"
"HG03191","Pakistan",0,0.714412126222386,0.479759053406962,"ok",4883749,4883749,0,12772,0,0,0,0,0,0,TRUE,0.4,"ESN","AFR"
"HG03197","Pakistan",0,0.709374630909737,0.476123625905145,"ok",4883749,4883749,0,12772,0,0,0,0,0,0,TRUE,0.4,"ESN","AFR"
"HG03200","Pakistan",0,0.713194661813243,0.480863667116645,"ok",4883749,4883749,0,12772,0,0,0,0,0,0,TRUE,0.4,"ESN","AFR"
"HG03269","Pakistan",0,0.708536341134295,0.479764752311111,"ok",4883749,4883749,0,12772,0,0,0,0,0,0,TRUE,0.4,"ESN","AFR"
"HG03272","Pakistan",0,0.711716106550787,0.476646325290655,"ok",4883749,4883749,0,12772,0,0,0,0,0,0,TRUE,0.4,"ESN","AFR"
"HG03296","Pakistan",0,0.71006342936432,0.477823527130991,"ok",4883749,4883749,0,12772,0,0,0,0,0,0,TRUE,0.4,"ESN","AFR"
"HG03299","Pakistan",0,0.713094336363751,0.479660066226106,"ok",4883749,4883749,0,12772,0,0,0,0,0,0,TRUE,0.4,"ESN","AFR"
"HG03302","Pakistan",0,0.711396376085096,0.47655656889921,"ok",4883749,4883749,0,12772,0,0,0,0,0,0,TRUE,0.4,"ESN","AFR"
"HG03305","Pakistan",0,0.709475372851127,0.477617344167039,"ok",4883749,4883749,0,12772,0,0,0,0,0,0,TRUE,0.4,"ESN","AFR"
"HG03308","Pakistan",0,0.709014591335536,0.478186522116915,"ok",4883749,4883749,0,12772,0,0,0,0,0,0,TRUE,0.4,"ESN","AFR"
"HG03310","Pakistan",0,0.710193757614049,0.478317735142394,"ok",4883749,4883749,0,12772,0,0,0,0,0,0,TRUE,0.4,"ESN","AFR"
"HG03314","Pakistan",0,0.710624622087649,0.479748018722381,"ok",4883749,4883749,0,12772,0,0,0,0,0,0,TRUE,0.4,"ESN","AFR"
"HG03344","Pakistan",0,0.711205578585284,0.480501431665207,"ok",4883749,4883749,0,12772,0,0,0,0,0,0,TRUE,0.4,"ESN","AFR"
"HG03350","Pakistan",0,0.711583492258022,0.478229686498827,"ok",4883749,4883749,0,12772,0,0,0,0,0,0,TRUE,0.4,"ESN","AFR"
"HG03368","Pakistan",0,0.710184358840364,0.473766587899171,"ok",4883749,4883749,0,12772,0,0,0,0,0,0,TRUE,0.4,"ESN","AFR"
"HG03371","Pakistan",0,0.710101802688459,0.478529180114589,"ok",4883749,4883749,0,12772,0,0,0,0,0,0,TRUE,0.4,"ESN","AFR"
"HG03374","Pakistan",0,0.709986978168761,0.477952890585979,"ok",4883749,4883749,0,12772,0,0,0,0,0,0,TRUE,0.4,"ESN","AFR"
"HG03516","Pakistan",0,0.709602003903467,0.474643887001934,"ok",4883749,4883749,0,12772,0,0,0,0,0,0,TRUE,0.4,"ESN","AFR"
"HG03519","Pakistan",0,0.713065857401408,0.479796836256453,"ok",4883749,4883749,0,12772,0,0,0,0,0,0,TRUE,0.4,"ESN","AFR"
"HG03522","Pakistan",0,0.708220028134638,0.475580737588492,"ok",4883749,4883749,0,12772,0,0,0,0,0,0,TRUE,0.4,"ESN","AFR"
"HG02924","Philippines",0,0.708414351180945,0.425481919182583,"ok",4883749,4883749,0,12772,0,0,0,0,0,0,TRUE,0.4,"ESN","AFR"
"HG02945","Philippines",0,0.710746302008521,0.42941577854607,"ok",4883749,4883749,0,12772,0,0,0,0,0,0,TRUE,0.4,"ESN","AFR"
"HG02948","Philippines",0,0.712035067973138,0.432063230497681,"ok",4883749,4883749,0,12772,0,0,0,0,0,0,TRUE,0.4,"ESN","AFR"
"HG02954","Philippines",0,0.710662183206174,0.433229734094968,"ok",4883749,4883749,0,12772,0,0,0,0,0,0,TRUE,0.4,"ESN","AFR"
"HG02966","Philippines",0,0.711580509901243,0.429420597017053,"ok",4883749,4883749,0,12772,0,0,0,0,0,0,TRUE,0.4,"ESN","AFR"
"HG02972","Philippines",0,0.710859227218479,0.428366223860657,"ok",4883749,4883749,0,12772,0,0,0,0,0,0,TRUE,0.4,"ESN","AFR"
"HG02975","Philippines",0,0.708657597246683,0.427194411316462,"ok",4883749,4883749,0,12772,0,0,0,0,0,0,TRUE,0.4,"ESN","AFR"
"HG02978","Philippines",0,0.706838206835302,0.429514282985225,"ok",4883749,4883749,0,12772,0,0,0,0,0,0,TRUE,0.4,"ESN","AFR"
"HG02980","Philippines",0,0.711406760761204,0.426419475054309,"ok",4883749,4883749,0,12772,0,0,0,0,0,0,TRUE,0.4,"ESN","AFR"
"HG03101","Philippines",0,0.711847784435805,0.43003035874152,"ok",4883749,4883749,0,12772,0,0,0,0,0,0,TRUE,0.4,"ESN","AFR"
"HG03110","Philippines",0,0.709763546710636,0.425746537493691,"ok",4883749,4883749,0,12772,0,0,0,0,0,0,TRUE,0.4,"ESN","AFR"
"HG03113","Philippines",0,0.710423297237352,0.431250547706592,"ok",4883749,4883749,0,12772,0,0,0,0,0,0,TRUE,0.4,"ESN","AFR"
"HG03116","Philippines",0,0.710021722158395,0.429028662315272,"ok",4883749,4883749,0,12772,0,0,0,0,0,0,TRUE,0.4,"ESN","AFR"
"HG03119","Philippines",0,0.709592237805634,0.424385901694541,"ok",4883749,4883749,0,12772,0,0,0,0,0,0,TRUE,0.4,"ESN","AFR"
"HG03122","Philippines",0,0.712546828100928,0.429357913678831,"ok",4883749,4883749,0,12772,0,0,0,0,0,0,TRUE,0.4,"ESN","AFR"
"HG03125","Philippines",0,0.7110991211067,0.431084081142938,"ok",4883749,4883749,0,12772,0,0,0,0,0,0,TRUE,0.4,"ESN","AFR"
"HG03128","Philippines",0,0.713147379878119,0.430328268437435,"ok",4883749,4883749,0,12772,0,0,0,0,0,0,TRUE,0.4,"ESN","AFR"
"HG03131","Philippines",0,0.710581046288458,0.428305685590472,"ok",4883749,4883749,0,12772,0,0,0,0,0,0,TRUE,0.4,"ESN","AFR"
"HG03134","Philippines",0,0.711836730782691,0.428705518037978,"ok",4883749,4883749,0,12772,0,0,0,0,0,0,TRUE,0.4,"ESN","AFR"
"HG03137","Philippines",0,0.707670838829052,0.426665227539083,"ok",4883749,4883749,0,12772,0,0,0,0,0,0,TRUE,0.4,"ESN","AFR"
"HG03161","Philippines",0,0.709658171020785,0.428399215041071,"ok",4883749,4883749,0,12772,0,0,0,0,0,0,TRUE,0.4,"ESN","AFR"
"HG03164","Philippines",0,0.711049075848458,0.428806645175758,"ok",4883749,4883749,0,12772,0,0,0,0,0,0,TRUE,0.4,"ESN","AFR"
"HG03170","Philippines",0,0.710229127151836,0.431398389866333,"ok",4883749,4883749,0,12772,0,0,0,0,0,0,TRUE,0.4,"ESN","AFR"
"HG03191","Philippines",0,0.714412126222386,0.431939683798889,"ok",4883749,4883749,0,12772,0,0,0,0,0,0,TRUE,0.4,"ESN","AFR"
"HG03197","Philippines",0,0.709374630909737,0.427465129475614,"ok",4883749,4883749,0,12772,0,0,0,0,0,0,TRUE,0.4,"ESN","AFR"
"HG03200","Philippines",0,0.713194661813243,0.428462404302253,"ok",4883749,4883749,0,12772,0,0,0,0,0,0,TRUE,0.4,"ESN","AFR"
"HG03269","Philippines",0,0.708536341134295,0.433091919982652,"ok",4883749,4883749,0,12772,0,0,0,0,0,0,TRUE,0.4,"ESN","AFR"
"HG03272","Philippines",0,0.711716106550787,0.429416817631014,"ok",4883749,4883749,0,12772,0,0,0,0,0,0,TRUE,0.4,"ESN","AFR"
"HG03296","Philippines",0,0.71006342936432,0.42874672021399,"ok",4883749,4883749,0,12772,0,0,0,0,0,0,TRUE,0.4,"ESN","AFR"
"HG03299","Philippines",0,0.713094336363751,0.430264482680967,"ok",4883749,4883749,0,12772,0,0,0,0,0,0,TRUE,0.4,"ESN","AFR"
"HG03302","Philippines",0,0.711396376085096,0.429549140832685,"ok",4883749,4883749,0,12772,0,0,0,0,0,0,TRUE,0.4,"ESN","AFR"
"HG03305","Philippines",0,0.709475372851127,0.427312913839213,"ok",4883749,4883749,0,12772,0,0,0,0,0,0,TRUE,0.4,"ESN","AFR"
"HG03308","Philippines",0,0.709014591335536,0.427675145028384,"ok",4883749,4883749,0,12772,0,0,0,0,0,0,TRUE,0.4,"ESN","AFR"
"HG03310","Philippines",0,0.710193757614049,0.427579936743162,"ok",4883749,4883749,0,12772,0,0,0,0,0,0,TRUE,0.4,"ESN","AFR"
"HG03314","Philippines",0,0.710624622087649,0.431484453282667,"ok",4883749,4883749,0,12772,0,0,0,0,0,0,TRUE,0.4,"ESN","AFR"
"HG03344","Philippines",0,0.711205578585284,0.429143588294629,"ok",4883749,4883749,0,12772,0,0,0,0,0,0,TRUE,0.4,"ESN","AFR"
"HG03350","Philippines",0,0.711583492258022,0.426074247444425,"ok",4883749,4883749,0,12772,0,0,0,0,0,0,TRUE,0.4,"ESN","AFR"
"HG03368","Philippines",0,0.710184358840364,0.42456299576514,"ok",4883749,4883749,0,12772,0,0,0,0,0,0,TRUE,0.4,"ESN","AFR"
"HG03371","Philippines",0,0.710101802688459,0.428995202612674,"ok",4883749,4883749,0,12772,0,0,0,0,0,0,TRUE,0.4,"ESN","AFR"
"HG03374","Philippines",0,0.709986978168761,0.42901907832288,"ok",4883749,4883749,0,12772,0,0,0,0,0,0,TRUE,0.4,"ESN","AFR"
"HG03516","Philippines",0,0.709602003903467,0.423241052048761,"ok",4883749,4883749,0,12772,0,0,0,0,0,0,TRUE,0.4,"ESN","AFR"
"HG03519","Philippines",0,0.713065857401408,0.430506940951324,"ok",4883749,4883749,0,12772,0,0,0,0,0,0,TRUE,0.4,"ESN","AFR"
"HG03522","Philippines",0,0.708220028134638,0.428254405764011,"ok",4883749,4883749,0,12772,0,0,0,0,0,0,TRUE,0.4,"ESN","AFR"
"HG02924","Scandinavia",0,0.708414351180945,0.447169218452181,"ok",4883749,4883749,0,12772,0,0,0,0,0,0,TRUE,0.4,"ESN","AFR"
"HG02945","Scandinavia",0,0.710746302008521,0.449558107126425,"ok",4883749,4883749,0,12772,0,0,0,0,0,0,TRUE,0.4,"ESN","AFR"
"HG02948","Scandinavia",0,0.712035067973138,0.449787506944554,"ok",4883749,4883749,0,12772,0,0,0,0,0,0,TRUE,0.4,"ESN","AFR"
"HG02954","Scandinavia",0,0.710662183206174,0.451601128755238,"ok",4883749,4883749,0,12772,0,0,0,0,0,0,TRUE,0.4,"ESN","AFR"
"HG02966","Scandinavia",0,0.711580509901243,0.449559547088587,"ok",4883749,4883749,0,12772,0,0,0,0,0,0,TRUE,0.4,"ESN","AFR"
"HG02972","Scandinavia",0,0.710859227218479,0.447931938294122,"ok",4883749,4883749,0,12772,0,0,0,0,0,0,TRUE,0.4,"ESN","AFR"
"HG02975","Scandinavia",0,0.708657597246683,0.447207141120314,"ok",4883749,4883749,0,12772,0,0,0,0,0,0,TRUE,0.4,"ESN","AFR"
"HG02978","Scandinavia",0,0.706838206835302,0.448067076680139,"ok",4883749,4883749,0,12772,0,0,0,0,0,0,TRUE,0.4,"ESN","AFR"
"HG02980","Scandinavia",0,0.711406760761204,0.450835124485507,"ok",4883749,4883749,0,12772,0,0,0,0,0,0,TRUE,0.4,"ESN","AFR"
"HG03101","Scandinavia",0,0.711847784435805,0.450609902123335,"ok",4883749,4883749,0,12772,0,0,0,0,0,0,TRUE,0.4,"ESN","AFR"
"HG03110","Scandinavia",0,0.709763546710636,0.445527623437277,"ok",4883749,4883749,0,12772,0,0,0,0,0,0,TRUE,0.4,"ESN","AFR"
"HG03113","Scandinavia",0,0.710423297237352,0.446391363057359,"ok",4883749,4883749,0,12772,0,0,0,0,0,0,TRUE,0.4,"ESN","AFR"
"HG03116","Scandinavia",0,0.710021722158395,0.448626365077183,"ok",4883749,4883749,0,12772,0,0,0,0,0,0,TRUE,0.4,"ESN","AFR"
"HG03119","Scandinavia",0,0.709592237805634,0.4465530210281,"ok",4883749,4883749,0,12772,0,0,0,0,0,0,TRUE,0.4,"ESN","AFR"
"HG03122","Scandinavia",0,0.712546828100928,0.448499888712449,"ok",4883749,4883749,0,12772,0,0,0,0,0,0,TRUE,0.4,"ESN","AFR"
"HG03125","Scandinavia",0,0.7110991211067,0.446113717538304,"ok",4883749,4883749,0,12772,0,0,0,0,0,0,TRUE,0.4,"ESN","AFR"
"HG03128","Scandinavia",0,0.713147379878119,0.448524034960358,"ok",4883749,4883749,0,12772,0,0,0,0,0,0,TRUE,0.4,"ESN","AFR"
"HG03131","Scandinavia",0,0.710581046288458,0.449423745902718,"ok",4883749,4883749,0,12772,0,0,0,0,0,0,TRUE,0.4,"ESN","AFR"
"HG03134","Scandinavia",0,0.711836730782691,0.449586046351453,"ok",4883749,4883749,0,12772,0,0,0,0,0,0,TRUE,0.4,"ESN","AFR"
"HG03137","Scandinavia",0,0.707670838829052,0.447567272796676,"ok",4883749,4883749,0,12772,0,0,0,0,0,0,TRUE,0.4,"ESN","AFR"
"HG03161","Scandinavia",0,0.709658171020785,0.446570283322102,"ok",4883749,4883749,0,12772,0,0,0,0,0,0,TRUE,0.4,"ESN","AFR"
"HG03164","Scandinavia",0,0.711049075848458,0.450241176862637,"ok",4883749,4883749,0,12772,0,0,0,0,0,0,TRUE,0.4,"ESN","AFR"
"HG03170","Scandinavia",0,0.710229127151836,0.449630796695992,"ok",4883749,4883749,0,12772,0,0,0,0,0,0,TRUE,0.4,"ESN","AFR"
"HG03191","Scandinavia",0,0.714412126222386,0.450442335648422,"ok",4883749,4883749,0,12772,0,0,0,0,0,0,TRUE,0.4,"ESN","AFR"
"HG03197","Scandinavia",0,0.709374630909737,0.447135745650532,"ok",4883749,4883749,0,12772,0,0,0,0,0,0,TRUE,0.4,"ESN","AFR"
"HG03200","Scandinavia",0,0.713194661813243,0.452627768977269,"ok",4883749,4883749,0,12772,0,0,0,0,0,0,TRUE,0.4,"ESN","AFR"
"HG03269","Scandinavia",0,0.708536341134295,0.450362431853124,"ok",4883749,4883749,0,12772,0,0,0,0,0,0,TRUE,0.4,"ESN","AFR"
"HG03272","Scandinavia",0,0.711716106550787,0.447683597745168,"ok",4883749,4883749,0,12772,0,0,0,0,0,0,TRUE,0.4,"ESN","AFR"
"HG03296","Scandinavia",0,0.71006342936432,0.449463285890843,"ok",4883749,4883749,0,12772,0,0,0,0,0,0,TRUE,0.4,"ESN","AFR"
"HG03299","Scandinavia",0,0.713094336363751,0.450498823134136,"ok",4883749,4883749,0,12772,0,0,0,0,0,0,TRUE,0.4,"ESN","AFR"
"HG03302","Scandinavia",0,0.711396376085096,0.446364274800564,"ok",4883749,4883749,0,12772,0,0,0,0,0,0,TRUE,0.4,"ESN","AFR"
"HG03305","Scandinavia",0,0.709475372851127,0.449810539161269,"ok",4883749,4883749,0,12772,0,0,0,0,0,0,TRUE,0.4,"ESN","AFR"
"HG03308","Scandinavia",0,0.709014591335536,0.448358716970023,"ok",4883749,4883749,0,12772,0,0,0,0,0,0,TRUE,0.4,"ESN","AFR"
"HG03310","Scandinavia",0,0.710193757614049,0.447612299564956,"ok",4883749,4883749,0,12772,0,0,0,0,0,0,TRUE,0.4,"ESN","AFR"
"HG03314","Scandinavia",0,0.710624622087649,0.451369315254231,"ok",4883749,4883749,0,12772,0,0,0,0,0,0,TRUE,0.4,"ESN","AFR"
"HG03344","Scandinavia",0,0.711205578585284,0.45107765518763,"ok",4883749,4883749,0,12772,0,0,0,0,0,0,TRUE,0.4,"ESN","AFR"
"HG03350","Scandinavia",0,0.711583492258022,0.448978064257626,"ok",4883749,4883749,0,12772,0,0,0,0,0,0,TRUE,0.4,"ESN","AFR"
"HG03368","Scandinavia",0,0.710184358840364,0.445555241239259,"ok",4883749,4883749,0,12772,0,0,0,0,0,0,TRUE,0.4,"ESN","AFR"
"HG03371","Scandinavia",0,0.710101802688459,0.446512001120066,"ok",4883749,4883749,0,12772,0,0,0,0,0,0,TRUE,0.4,"ESN","AFR"
"HG03374","Scandinavia",0,0.709986978168761,0.448360030982216,"ok",4883749,4883749,0,12772,0,0,0,0,0,0,TRUE,0.4,"ESN","AFR"
"HG03516","Scandinavia",0,0.709602003903467,0.446785048624657,"ok",4883749,4883749,0,12772,0,0,0,0,0,0,TRUE,0.4,"ESN","AFR"
"HG03519","Scandinavia",0,0.713065857401408,0.448748021111419,"ok",4883749,4883749,0,12772,0,0,0,0,0,0,TRUE,0.4,"ESN","AFR"
"HG03522","Scandinavia",0,0.708220028134638,0.446291422233139,"ok",4883749,4883749,0,12772,0,0,0,0,0,0,TRUE,0.4,"ESN","AFR"
"HG02924","South America",0,0.708414351180945,0.471184027497164,"ok",4883749,4883749,0,12772,0,0,0,0,0,0,TRUE,0.4,"ESN","AFR"
"HG02945","South America",0,0.710746302008521,0.473058676060133,"ok",4883749,4883749,0,12772,0,0,0,0,0,0,TRUE,0.4,"ESN","AFR"
"HG02948","South America",0,0.712035067973138,0.475626052789687,"ok",4883749,4883749,0,12772,0,0,0,0,0,0,TRUE,0.4,"ESN","AFR"
"HG02954","South America",0,0.710662183206174,0.478126193155501,"ok",4883749,4883749,0,12772,0,0,0,0,0,0,TRUE,0.4,"ESN","AFR"
"HG02966","South America",0,0.711580509901243,0.474382209919017,"ok",4883749,4883749,0,12772,0,0,0,0,0,0,TRUE,0.4,"ESN","AFR"
"HG02972","South America",0,0.710859227218479,0.471858120010526,"ok",4883749,4883749,0,12772,0,0,0,0,0,0,TRUE,0.4,"ESN","AFR"
"HG02975","South America",0,0.708657597246683,0.472341708019213,"ok",4883749,4883749,0,12772,0,0,0,0,0,0,TRUE,0.4,"ESN","AFR"
"HG02978","South America",0,0.706838206835302,0.471508173572205,"ok",4883749,4883749,0,12772,0,0,0,0,0,0,TRUE,0.4,"ESN","AFR"
"HG02980","South America",0,0.711406760761204,0.47538968900471,"ok",4883749,4883749,0,12772,0,0,0,0,0,0,TRUE,0.4,"ESN","AFR"
"HG03101","South America",0,0.711847784435805,0.475778754266355,"ok",4883749,4883749,0,12772,0,0,0,0,0,0,TRUE,0.4,"ESN","AFR"
"HG03110","South America",0,0.709763546710636,0.471469419569714,"ok",4883749,4883749,0,12772,0,0,0,0,0,0,TRUE,0.4,"ESN","AFR"
"HG03113","South America",0,0.710423297237352,0.473280844550051,"ok",4883749,4883749,0,12772,0,0,0,0,0,0,TRUE,0.4,"ESN","AFR"
"HG03116","South America",0,0.710021722158395,0.472965850213807,"ok",4883749,4883749,0,12772,0,0,0,0,0,0,TRUE,0.4,"ESN","AFR"
"HG03119","South America",0,0.709592237805634,0.469793415059083,"ok",4883749,4883749,0,12772,0,0,0,0,0,0,TRUE,0.4,"ESN","AFR"
"HG03122","South America",0,0.712546828100928,0.473014172051742,"ok",4883749,4883749,0,12772,0,0,0,0,0,0,TRUE,0.4,"ESN","AFR"
"HG03125","South America",0,0.7110991211067,0.471852283042024,"ok",4883749,4883749,0,12772,0,0,0,0,0,0,TRUE,0.4,"ESN","AFR"
"HG03128","South America",0,0.713147379878119,0.474401327469329,"ok",4883749,4883749,0,12772,0,0,0,0,0,0,TRUE,0.4,"ESN","AFR"
"HG03131","South America",0,0.710581046288458,0.473890620491179,"ok",4883749,4883749,0,12772,0,0,0,0,0,0,TRUE,0.4,"ESN","AFR"
"HG03134","South America",0,0.711836730782691,0.474969575941651,"ok",4883749,4883749,0,12772,0,0,0,0,0,0,TRUE,0.4,"ESN","AFR"
"HG03137","South America",0,0.707670838829052,0.47194749170717,"ok",4883749,4883749,0,12772,0,0,0,0,0,0,TRUE,0.4,"ESN","AFR"
"HG03161","South America",0,0.709658171020785,0.469793497188005,"ok",4883749,4883749,0,12772,0,0,0,0,0,0,TRUE,0.4,"ESN","AFR"
"HG03164","South America",0,0.711049075848458,0.47396306492128,"ok",4883749,4883749,0,12772,0,0,0,0,0,0,TRUE,0.4,"ESN","AFR"
"HG03170","South America",0,0.710229127151836,0.472933610962189,"ok",4883749,4883749,0,12772,0,0,0,0,0,0,TRUE,0.4,"ESN","AFR"
"HG03191","South America",0,0.714412126222386,0.47665627257782,"ok",4883749,4883749,0,12772,0,0,0,0,0,0,TRUE,0.4,"ESN","AFR"
"HG03197","South America",0,0.709374630909737,0.470329524890927,"ok",4883749,4883749,0,12772,0,0,0,0,0,0,TRUE,0.4,"ESN","AFR"
"HG03200","South America",0,0.713194661813243,0.474727607493285,"ok",4883749,4883749,0,12772,0,0,0,0,0,0,TRUE,0.4,"ESN","AFR"
"HG03269","South America",0,0.708536341134295,0.475241858143788,"ok",4883749,4883749,0,12772,0,0,0,0,0,0,TRUE,0.4,"ESN","AFR"
"HG03272","South America",0,0.711716106550787,0.472981850729499,"ok",4883749,4883749,0,12772,0,0,0,0,0,0,TRUE,0.4,"ESN","AFR"
"HG03296","South America",0,0.71006342936432,0.473166063544863,"ok",4883749,4883749,0,12772,0,0,0,0,0,0,TRUE,0.4,"ESN","AFR"
"HG03299","South America",0,0.713094336363751,0.473678915782548,"ok",4883749,4883749,0,12772,0,0,0,0,0,0,TRUE,0.4,"ESN","AFR"
"HG03302","South America",0,0.711396376085096,0.4711117153444,"ok",4883749,4883749,0,12772,0,0,0,0,0,0,TRUE,0.4,"ESN","AFR"
"HG03305","South America",0,0.709475372851127,0.471929912794711,"ok",4883749,4883749,0,12772,0,0,0,0,0,0,TRUE,0.4,"ESN","AFR"
"HG03308","South America",0,0.709014591335536,0.473231372128053,"ok",4883749,4883749,0,12772,0,0,0,0,0,0,TRUE,0.4,"ESN","AFR"
"HG03310","South America",0,0.710193757614049,0.473361309367979,"ok",4883749,4883749,0,12772,0,0,0,0,0,0,TRUE,0.4,"ESN","AFR"
"HG03314","South America",0,0.710624622087649,0.474788960075968,"ok",4883749,4883749,0,12772,0,0,0,0,0,0,TRUE,0.4,"ESN","AFR"
"HG03344","South America",0,0.711205578585284,0.474313927390497,"ok",4883749,4883749,0,12772,0,0,0,0,0,0,TRUE,0.4,"ESN","AFR"
"HG03350","South America",0,0.711583492258022,0.472207933661197,"ok",4883749,4883749,0,12772,0,0,0,0,0,0,TRUE,0.4,"ESN","AFR"
"HG03368","South America",0,0.710184358840364,0.470098685629896,"ok",4883749,4883749,0,12772,0,0,0,0,0,0,TRUE,0.4,"ESN","AFR"
"HG03371","South America",0,0.710101802688459,0.472330183052596,"ok",4883749,4883749,0,12772,0,0,0,0,0,0,TRUE,0.4,"ESN","AFR"
"HG03374","South America",0,0.709986978168761,0.473616655015098,"ok",4883749,4883749,0,12772,0,0,0,0,0,0,TRUE,0.4,"ESN","AFR"
"HG03516","South America",0,0.709602003903467,0.469962639336951,"ok",4883749,4883749,0,12772,0,0,0,0,0,0,TRUE,0.4,"ESN","AFR"
"HG03519","South America",0,0.713065857401408,0.47459948818612,"ok",4883749,4883749,0,12772,0,0,0,0,0,0,TRUE,0.4,"ESN","AFR"
"HG03522","South America",0,0.708220028134638,0.471854659179382,"ok",4883749,4883749,0,12772,0,0,0,0,0,0,TRUE,0.4,"ESN","AFR"
"HG02924","Sri Lanka",0,0.708414351180945,0.475085200433139,"ok",4883749,4883749,0,12772,0,0,0,0,0,0,TRUE,0.4,"ESN","AFR"
"HG02945","Sri Lanka",0,0.710746302008521,0.477641645605801,"ok",4883749,4883749,0,12772,0,0,0,0,0,0,TRUE,0.4,"ESN","AFR"
"HG02948","Sri Lanka",0,0.712035067973138,0.481145936702983,"ok",4883749,4883749,0,12772,0,0,0,0,0,0,TRUE,0.4,"ESN","AFR"
"HG02954","Sri Lanka",0,0.710662183206174,0.481215320793157,"ok",4883749,4883749,0,12772,0,0,0,0,0,0,TRUE,0.4,"ESN","AFR"
"HG02966","Sri Lanka",0,0.711580509901243,0.479203874724755,"ok",4883749,4883749,0,12772,0,0,0,0,0,0,TRUE,0.4,"ESN","AFR"
"HG02972","Sri Lanka",0,0.710859227218479,0.477831766280556,"ok",4883749,4883749,0,12772,0,0,0,0,0,0,TRUE,0.4,"ESN","AFR"
"HG02975","Sri Lanka",0,0.708657597246683,0.476260149045585,"ok",4883749,4883749,0,12772,0,0,0,0,0,0,TRUE,0.4,"ESN","AFR"
"HG02978","Sri Lanka",0,0.706838206835302,0.477158614477507,"ok",4883749,4883749,0,12772,0,0,0,0,0,0,TRUE,0.4,"ESN","AFR"
"HG02980","Sri Lanka",0,0.711406760761204,0.478560254820303,"ok",4883749,4883749,0,12772,0,0,0,0,0,0,TRUE,0.4,"ESN","AFR"
"HG03101","Sri Lanka",0,0.711847784435805,0.480087537815747,"ok",4883749,4883749,0,12772,0,0,0,0,0,0,TRUE,0.4,"ESN","AFR"
"HG03110","Sri Lanka",0,0.709763546710636,0.475794733839585,"ok",4883749,4883749,0,12772,0,0,0,0,0,0,TRUE,0.4,"ESN","AFR"
"HG03113","Sri Lanka",0,0.710423297237352,0.476307460282713,"ok",4883749,4883749,0,12772,0,0,0,0,0,0,TRUE,0.4,"ESN","AFR"
"HG03116","Sri Lanka",0,0.710021722158395,0.47885210047356,"ok",4883749,4883749,0,12772,0,0,0,0,0,0,TRUE,0.4,"ESN","AFR"
"HG03119","Sri Lanka",0,0.709592237805634,0.475424089458992,"ok",4883749,4883749,0,12772,0,0,0,0,0,0,TRUE,0.4,"ESN","AFR"
"HG03122","Sri Lanka",0,0.712546828100928,0.479623964291183,"ok",4883749,4883749,0,12772,0,0,0,0,0,0,TRUE,0.4,"ESN","AFR"
"HG03125","Sri Lanka",0,0.7110991211067,0.476658353893339,"ok",4883749,4883749,0,12772,0,0,0,0,0,0,TRUE,0.4,"ESN","AFR"
"HG03128","Sri Lanka",0,0.713147379878119,0.477109620966252,"ok",4883749,4883749,0,12772,0,0,0,0,0,0,TRUE,0.4,"ESN","AFR"
"HG03131","Sri Lanka",0,0.710581046288458,0.475542239225594,"ok",4883749,4883749,0,12772,0,0,0,0,0,0,TRUE,0.4,"ESN","AFR"
"HG03134","Sri Lanka",0,0.711836730782691,0.477118035760324,"ok",4883749,4883749,0,12772,0,0,0,0,0,0,TRUE,0.4,"ESN","AFR"
"HG03137","Sri Lanka",0,0.707670838829052,0.476342003973225,"ok",4883749,4883749,0,12772,0,0,0,0,0,0,TRUE,0.4,"ESN","AFR"
"HG03161","Sri Lanka",0,0.709658171020785,0.476284899966433,"ok",4883749,4883749,0,12772,0,0,0,0,0,0,TRUE,0.4,"ESN","AFR"
"HG03164","Sri Lanka",0,0.711049075848458,0.478553507212234,"ok",4883749,4883749,0,12772,0,0,0,0,0,0,TRUE,0.4,"ESN","AFR"
"HG03170","Sri Lanka",0,0.710229127151836,0.479278578937329,"ok",4883749,4883749,0,12772,0,0,0,0,0,0,TRUE,0.4,"ESN","AFR"
"HG03191","Sri Lanka",0,0.714412126222386,0.479406885994264,"ok",4883749,4883749,0,12772,0,0,0,0,0,0,TRUE,0.4,"ESN","AFR"
"HG03197","Sri Lanka",0,0.709374630909737,0.476362852595293,"ok",4883749,4883749,0,12772,0,0,0,0,0,0,TRUE,0.4,"ESN","AFR"
"HG03200","Sri Lanka",0,0.713194661813243,0.47998199329261,"ok",4883749,4883749,0,12772,0,0,0,0,0,0,TRUE,0.4,"ESN","AFR"
"HG03269","Sri Lanka",0,0.708536341134295,0.479877529757118,"ok",4883749,4883749,0,12772,0,0,0,0,0,0,TRUE,0.4,"ESN","AFR"
"HG03272","Sri Lanka",0,0.711716106550787,0.476892821115251,"ok",4883749,4883749,0,12772,0,0,0,0,0,0,TRUE,0.4,"ESN","AFR"
"HG03296","Sri Lanka",0,0.71006342936432,0.47670203887467,"ok",4883749,4883749,0,12772,0,0,0,0,0,0,TRUE,0.4,"ESN","AFR"
"HG03299","Sri Lanka",0,0.713094336363751,0.479314917037666,"ok",4883749,4883749,0,12772,0,0,0,0,0,0,TRUE,0.4,"ESN","AFR"
"HG03302","Sri Lanka",0,0.711396376085096,0.477047224821999,"ok",4883749,4883749,0,12772,0,0,0,0,0,0,TRUE,0.4,"ESN","AFR"
"HG03305","Sri Lanka",0,0.709475372851127,0.477684584234777,"ok",4883749,4883749,0,12772,0,0,0,0,0,0,TRUE,0.4,"ESN","AFR"
"HG03308","Sri Lanka",0,0.709014591335536,0.47787812041898,"ok",4883749,4883749,0,12772,0,0,0,0,0,0,TRUE,0.4,"ESN","AFR"
"HG03310","Sri Lanka",0,0.710193757614049,0.479115486129529,"ok",4883749,4883749,0,12772,0,0,0,0,0,0,TRUE,0.4,"ESN","AFR"
"HG03314","Sri Lanka",0,0.710624622087649,0.479612002838725,"ok",4883749,4883749,0,12772,0,0,0,0,0,0,TRUE,0.4,"ESN","AFR"
"HG03344","Sri Lanka",0,0.711205578585284,0.480369019678384,"ok",4883749,4883749,0,12772,0,0,0,0,0,0,TRUE,0.4,"ESN","AFR"
"HG03350","Sri Lanka",0,0.711583492258022,0.477817606817558,"ok",4883749,4883749,0,12772,0,0,0,0,0,0,TRUE,0.4,"ESN","AFR"
"HG03368","Sri Lanka",0,0.710184358840364,0.47248456271612,"ok",4883749,4883749,0,12772,0,0,0,0,0,0,TRUE,0.4,"ESN","AFR"
"HG03371","Sri Lanka",0,0.710101802688459,0.478874116132742,"ok",4883749,4883749,0,12772,0,0,0,0,0,0,TRUE,0.4,"ESN","AFR"
"HG03374","Sri Lanka",0,0.709986978168761,0.47753217882602,"ok",4883749,4883749,0,12772,0,0,0,0,0,0,TRUE,0.4,"ESN","AFR"
"HG03516","Sri Lanka",0,0.709602003903467,0.473412393153198,"ok",4883749,4883749,0,12772,0,0,0,0,0,0,TRUE,0.4,"ESN","AFR"
"HG03519","Sri Lanka",0,0.713065857401408,0.480159233624343,"ok",4883749,4883749,0,12772,0,0,0,0,0,0,TRUE,0.4,"ESN","AFR"
"HG03522","Sri Lanka",0,0.708220028134638,0.475918037673019,"ok",4883749,4883749,0,12772,0,0,0,0,0,0,TRUE,0.4,"ESN","AFR"
"HG02924","United Kingdom",0,0.708414351180945,0.449216627784212,"ok",4883749,4883749,0,12772,0,0,0,0,0,0,TRUE,0.4,"ESN","AFR"
"HG02945","United Kingdom",0,0.710746302008521,0.451486345426992,"ok",4883749,4883749,0,12772,0,0,0,0,0,0,TRUE,0.4,"ESN","AFR"
"HG02948","United Kingdom",0,0.712035067973138,0.451800224746348,"ok",4883749,4883749,0,12772,0,0,0,0,0,0,TRUE,0.4,"ESN","AFR"
"HG02954","United Kingdom",0,0.710662183206174,0.453459041937392,"ok",4883749,4883749,0,12772,0,0,0,0,0,0,TRUE,0.4,"ESN","AFR"
"HG02966","United Kingdom",0,0.711580509901243,0.451506029156982,"ok",4883749,4883749,0,12772,0,0,0,0,0,0,TRUE,0.4,"ESN","AFR"
"HG02972","United Kingdom",0,0.710859227218479,0.449889126982792,"ok",4883749,4883749,0,12772,0,0,0,0,0,0,TRUE,0.4,"ESN","AFR"
"HG02975","United Kingdom",0,0.708657597246683,0.448969543813544,"ok",4883749,4883749,0,12772,0,0,0,0,0,0,TRUE,0.4,"ESN","AFR"
"HG02978","United Kingdom",0,0.706838206835302,0.44991285407795,"ok",4883749,4883749,0,12772,0,0,0,0,0,0,TRUE,0.4,"ESN","AFR"
"HG02980","United Kingdom",0,0.711406760761204,0.45285294411388,"ok",4883749,4883749,0,12772,0,0,0,0,0,0,TRUE,0.4,"ESN","AFR"
"HG03101","United Kingdom",0,0.711847784435805,0.452755282451362,"ok",4883749,4883749,0,12772,0,0,0,0,0,0,TRUE,0.4,"ESN","AFR"
"HG03110","United Kingdom",0,0.709763546710636,0.447516815254231,"ok",4883749,4883749,0,12772,0,0,0,0,0,0,TRUE,0.4,"ESN","AFR"
"HG03113","United Kingdom",0,0.710423297237352,0.448321322501132,"ok",4883749,4883749,0,12772,0,0,0,0,0,0,TRUE,0.4,"ESN","AFR"
"HG03116","United Kingdom",0,0.710021722158395,0.4505352133273,"ok",4883749,4883749,0,12772,0,0,0,0,0,0,TRUE,0.4,"ESN","AFR"
"HG03119","United Kingdom",0,0.709592237805634,0.448188173731681,"ok",4883749,4883749,0,12772,0,0,0,0,0,0,TRUE,0.4,"ESN","AFR"
"HG03122","United Kingdom",0,0.712546828100928,0.450617702403624,"ok",4883749,4883749,0,12772,0,0,0,0,0,0,TRUE,0.4,"ESN","AFR"
"HG03125","United Kingdom",0,0.7110991211067,0.448023367076686,"ok",4883749,4883749,0,12772,0,0,0,0,0,0,TRUE,0.4,"ESN","AFR"
"HG03128","United Kingdom",0,0.713147379878119,0.450503849706392,"ok",4883749,4883749,0,12772,0,0,0,0,0,0,TRUE,0.4,"ESN","AFR"
"HG03131","United Kingdom",0,0.710581046288458,0.451506158172853,"ok",4883749,4883749,0,12772,0,0,0,0,0,0,TRUE,0.4,"ESN","AFR"
"HG03134","United Kingdom",0,0.711836730782691,0.451669857523646,"ok",4883749,4883749,0,12772,0,0,0,0,0,0,TRUE,0.4,"ESN","AFR"
"HG03137","United Kingdom",0,0.707670838829052,0.449217233482623,"ok",4883749,4883749,0,12772,0,0,0,0,0,0,TRUE,0.4,"ESN","AFR"
"HG03161","United Kingdom",0,0.709658171020785,0.448471021763006,"ok",4883749,4883749,0,12772,0,0,0,0,0,0,TRUE,0.4,"ESN","AFR"
"HG03164","United Kingdom",0,0.711049075848458,0.451873569735873,"ok",4883749,4883749,0,12772,0,0,0,0,0,0,TRUE,0.4,"ESN","AFR"
"HG03170","United Kingdom",0,0.710229127151836,0.451483823798801,"ok",4883749,4883749,0,12772,0,0,0,0,0,0,TRUE,0.4,"ESN","AFR"
"HG03191","United Kingdom",0,0.714412126222386,0.452602972441385,"ok",4883749,4883749,0,12772,0,0,0,0,0,0,TRUE,0.4,"ESN","AFR"
"HG03197","United Kingdom",0,0.709374630909737,0.44920600895145,"ok",4883749,4883749,0,12772,0,0,0,0,0,0,TRUE,0.4,"ESN","AFR"
"HG03200","United Kingdom",0,0.713194661813243,0.454717285611323,"ok",4883749,4883749,0,12772,0,0,0,0,0,0,TRUE,0.4,"ESN","AFR"
"HG03269","United Kingdom",0,0.708536341134295,0.452155263398681,"ok",4883749,4883749,0,12772,0,0,0,0,0,0,TRUE,0.4,"ESN","AFR"
"HG03272","United Kingdom",0,0.711716106550787,0.449752942208646,"ok",4883749,4883749,0,12772,0,0,0,0,0,0,TRUE,0.4,"ESN","AFR"
"HG03296","United Kingdom",0,0.71006342936432,0.451100017205958,"ok",4883749,4883749,0,12772,0,0,0,0,0,0,TRUE,0.4,"ESN","AFR"
"HG03299","United Kingdom",0,0.713094336363751,0.45205870280932,"ok",4883749,4883749,0,12772,0,0,0,0,0,0,TRUE,0.4,"ESN","AFR"
"HG03302","United Kingdom",0,0.711396376085096,0.448494970158422,"ok",4883749,4883749,0,12772,0,0,0,0,0,0,TRUE,0.4,"ESN","AFR"
"HG03305","United Kingdom",0,0.709475372851127,0.451590201932596,"ok",4883749,4883749,0,12772,0,0,0,0,0,0,TRUE,0.4,"ESN","AFR"
"HG03308","United Kingdom",0,0.709014591335536,0.450717861926182,"ok",4883749,4883749,0,12772,0,0,0,0,0,0,TRUE,0.4,"ESN","AFR"
"HG03310","United Kingdom",0,0.710193757614049,0.449734230807112,"ok",4883749,4883749,0,12772,0,0,0,0,0,0,TRUE,0.4,"ESN","AFR"
"HG03314","United Kingdom",0,0.710624622087649,0.453600166923727,"ok",4883749,4883749,0,12772,0,0,0,0,0,0,TRUE,0.4,"ESN","AFR"
"HG03344","United Kingdom",0,0.711205578585284,0.452942797253307,"ok",4883749,4883749,0,12772,0,0,0,0,0,0,TRUE,0.4,"ESN","AFR"
"HG03350","United Kingdom",0,0.711583492258022,0.451093343970571,"ok",4883749,4883749,0,12772,0,0,0,0,0,0,TRUE,0.4,"ESN","AFR"
"HG03368","United Kingdom",0,0.710184358840364,0.447642278130199,"ok",4883749,4883749,0,12772,0,0,0,0,0,0,TRUE,0.4,"ESN","AFR"
"HG03371","United Kingdom",0,0.710101802688459,0.448986449788058,"ok",4883749,4883749,0,12772,0,0,0,0,0,0,TRUE,0.4,"ESN","AFR"
"HG03374","United Kingdom",0,0.709986978168761,0.45053358246542,"ok",4883749,4883749,0,12772,0,0,0,0,0,0,TRUE,0.4,"ESN","AFR"
"HG03516","United Kingdom",0,0.709602003903467,0.448687455529865,"ok",4883749,4883749,0,12772,0,0,0,0,0,0,TRUE,0.4,"ESN","AFR"
"HG03519","United Kingdom",0,0.713065857401408,0.4507614550116,"ok",4883749,4883749,0,12772,0,0,0,0,0,0,TRUE,0.4,"ESN","AFR"
"HG03522","United Kingdom",0,0.708220028134638,0.448199959889075,"ok",4883749,4883749,0,12772,0,0,0,0,0,0,TRUE,0.4,"ESN","AFR"
"NA19650","Africa (East)",0.0045423,0.661815618079344,0.591643183807755,"ok",4883749,4883749,0,12772,0,0,0,0,0,0,TRUE,0.4,"MXL","AMR"
"NA19653","Africa (East)",0,0.666468540600976,0.585229571792592,"ok",4883749,4883749,0,12772,0,0,0,0,0,0,TRUE,0.4,"MXL","AMR"
"NA19656","Africa (East)",0,0.665886780407712,0.570839462348421,"ok",4883749,4883749,0,12772,0,0,0,0,0,0,TRUE,0.4,"MXL","AMR"
"NA19659","Africa (East)",0,0.671542288372811,0.570687601662623,"ok",4883749,4883749,0,12772,0,0,0,0,0,0,TRUE,0.4,"MXL","AMR"
"NA19662","Africa (East)",0,0.669047672470309,0.570299641448514,"ok",4883749,4883749,0,12772,0,0,0,0,0,0,TRUE,0.4,"MXL","AMR"
"NA19665","Africa (East)",0,0.675821193259151,0.559188242366313,"ok",4883749,4883749,0,12772,0,0,0,0,0,0,TRUE,0.4,"MXL","AMR"
"NA19671","Africa (East)",0,0.672422192872601,0.577585228967499,"ok",4883749,4883749,0,12772,0,0,0,0,0,0,TRUE,0.4,"MXL","AMR"
"NA19675","Africa (East)",0,0.6664649020967,0.595172581803216,"ok",4883749,4883749,0,12772,0,0,0,0,0,0,TRUE,0.4,"MXL","AMR"
"NA19677","Africa (East)",0,0.664088421980655,0.589784735213824,"ok",4883749,4883749,0,12772,0,0,0,0,0,0,TRUE,0.4,"MXL","AMR"
"NA19680","Africa (East)",0.0110802,0.664958301239259,0.595375506331306,"ok",4883749,4883749,0,12772,0,0,0,0,0,0,TRUE,0.4,"MXL","AMR"
"NA19683","Africa (East)",0,0.673251247484608,0.566694719878585,"ok",4883749,4883749,0,12772,0,0,0,0,0,0,TRUE,0.4,"MXL","AMR"
"NA19685","Africa (East)",0,0.666407157109118,0.571747744663105,"ok",4883749,4883749,0,12772,0,0,0,0,0,0,TRUE,0.4,"MXL","AMR"
"NA19686","Africa (East)",0,0.662710971884807,0.572077228647127,"ok",4883749,4883749,0,12772,0,0,0,0,0,0,TRUE,0.4,"MXL","AMR"
"NA19718","Africa (East)",0,0.683882079457157,0.564868818766592,"ok",4883749,4883749,0,12772,0,0,0,0,0,0,TRUE,0.4,"MXL","AMR"
"NA19721","Africa (East)",0,0.676302869138831,0.566695096824963,"ok",4883749,4883749,0,12772,0,0,0,0,0,0,TRUE,0.4,"MXL","AMR"
"NA19724","Africa (East)",0,0.664392909086701,0.572922584259769,"ok",4883749,4883749,0,12772,0,0,0,0,0,0,TRUE,0.4,"MXL","AMR"
"NA19727","Africa (East)",0,0.67376663287826,0.569888379548454,"ok",4883749,4883749,0,12772,0,0,0,0,0,0,TRUE,0.4,"MXL","AMR"
"NA19730","Africa (East)",0,0.708254575293375,0.527541790259662,"ok",4883749,4883749,0,12772,0,0,0,0,0,0,TRUE,0.4,"MXL","AMR"
"NA19733","Africa (East)",0,0.711458350287214,0.523145431804285,"ok",4883749,4883749,0,12772,0,0,0,0,0,0,TRUE,0.4,"MXL","AMR"
"NA19748","Africa (East)",0,0.686465176459618,0.557654245488631,"ok",4883749,4883749,0,12772,0,0,0,0,0,0,TRUE,0.4,"MXL","AMR"
"NA19751","Africa (East)",0,0.663311743077862,0.577843823741553,"ok",4883749,4883749,0,12772,0,0,0,0,0,0,TRUE,0.4,"MXL","AMR"
"NA19757","Africa (East)",0,0.674799843998716,0.557900911839735,"ok",4883749,4883749,0,12772,0,0,0,0,0,0,TRUE,0.4,"MXL","AMR"
"NA19760","Africa (East)",0,0.695157514592797,0.541740078304076,"ok",4883749,4883749,0,12772,0,0,0,0,0,0,TRUE,0.4,"MXL","AMR"
"NA19763","Africa (East)",0,0.682378855132909,0.563576886147644,"ok",4883749,4883749,0,12772,0,0,0,0,0,0,TRUE,0.4,"MXL","AMR"
"NA19772","Africa (East)",0,0.665584091767023,0.573051119268875,"ok",4883749,4883749,0,12772,0,0,0,0,0,0,TRUE,0.4,"MXL","AMR"
"NA19775","Africa (East)",0.0013547,0.667423750313814,0.572110199455931,"ok",4883749,4883749,0,12772,0,0,0,0,0,0,TRUE,0.4,"MXL","AMR"
"NA19778","Africa (East)",0,0.661215719878911,0.575726429389956,"ok",4883749,4883749,0,12772,0,0,0,0,0,0,TRUE,0.4,"MXL","AMR"
"NA19781","Africa (East)",0.0098919,0.659645153895114,0.579126087893894,"ok",4883749,4883749,0,12772,0,0,0,0,0,0,TRUE,0.4,"MXL","AMR"
"NA19784","Africa (East)",0,0.67961954974106,0.562045673707957,"ok",4883749,4883749,0,12772,0,0,0,0,0,0,TRUE,0.4,"MXL","AMR"
"NA19787","Africa (East)",0,0.682401088913302,0.559631391048358,"ok",4883749,4883749,0,12772,0,0,0,0,0,0,TRUE,0.4,"MXL","AMR"
"NA19790","Africa (East)",0,0.675393662927151,0.567327275811835,"ok",4883749,4883749,0,12772,0,0,0,0,0,0,TRUE,0.4,"MXL","AMR"
"NA19796","Africa (East)",0,0.665700860810567,0.573468062236169,"ok",4883749,4883749,0,12772,0,0,0,0,0,0,TRUE,0.4,"MXL","AMR"
"NA19650","Africa (North)",0.005875,0.661815618079344,0.642447583663152,"ok",4883749,4883749,0,12772,0,0,0,0,0,0,TRUE,0.4,"MXL","AMR"
"NA19653","Africa (North)",0.0318361,0.666468540600976,0.631652227365199,"ok",4883749,4883749,0,12772,0,0,0,0,0,0,TRUE,0.4,"MXL","AMR"
"NA19656","Africa (North)",0.0320909,0.665886780407712,0.60932739507557,"ok",4883749,4883749,0,12772,0,0,0,0,0,0,TRUE,0.4,"MXL","AMR"
"NA19659","Africa (North)",0,0.671542288372811,0.610066625630229,"ok",4883749,4883749,0,12772,0,0,0,0,0,0,TRUE,0.4,"MXL","AMR"
"NA19662","Africa (North)",0,0.669047672470309,0.610182705786827,"ok",4883749,4883749,0,12772,0,0,0,0,0,0,TRUE,0.4,"MXL","AMR"
"NA19665","Africa (North)",0,0.675821193259151,0.590244747250771,"ok",4883749,4883749,0,12772,0,0,0,0,0,0,TRUE,0.4,"MXL","AMR"
"NA19671","Africa (North)",0.0112177,0.672422192872601,0.618745885237229,"ok",4883749,4883749,0,12772,0,0,0,0,0,0,TRUE,0.4,"MXL","AMR"
"NA19675","Africa (North)",0.0234616,0.6664649020967,0.646198834649688,"ok",4883749,4883749,0,12772,0,0,0,0,0,0,TRUE,0.4,"MXL","AMR"
"NA19677","Africa (North)",0.0251504,0.664088421980655,0.63863698081522,"ok",4883749,4883749,0,12772,0,0,0,0,0,0,TRUE,0.4,"MXL","AMR"
"NA19680","Africa (North)",0,0.664958301239259,0.645043780511447,"ok",4883749,4883749,0,12772,0,0,0,0,0,0,TRUE,0.4,"MXL","AMR"
"NA19683","Africa (North)",0,0.673251247484608,0.604126802451734,"ok",4883749,4883749,0,12772,0,0,0,0,0,0,TRUE,0.4,"MXL","AMR"
"NA19685","Africa (North)",0,0.666407157109118,0.610301285565767,"ok",4883749,4883749,0,12772,0,0,0,0,0,0,TRUE,0.4,"MXL","AMR"
"NA19686","Africa (North)",0,0.662710971884807,0.613585967237553,"ok",4883749,4883749,0,12772,0,0,0,0,0,0,TRUE,0.4,"MXL","AMR"
"NA19718","Africa (North)",0,0.683882079457157,0.600024358149502,"ok",4883749,4883749,0,12772,0,0,0,0,0,0,TRUE,0.4,"MXL","AMR"
"NA19721","Africa (North)",0,0.676302869138831,0.60555382780066,"ok",4883749,4883749,0,12772,0,0,0,0,0,0,TRUE,0.4,"MXL","AMR"
"NA19724","Africa (North)",0,0.664392909086701,0.611518594427601,"ok",4883749,4883749,0,12772,0,0,0,0,0,0,TRUE,0.4,"MXL","AMR"
"NA19727","Africa (North)",0,0.67376663287826,0.610554948269498,"ok",4883749,4883749,0,12772,0,0,0,0,0,0,TRUE,0.4,"MXL","AMR"
"NA19730","Africa (North)",0,0.708254575293375,0.555376629191392,"ok",4883749,4883749,0,12772,0,0,0,0,0,0,TRUE,0.4,"MXL","AMR"
"NA19733","Africa (North)",0,0.711458350287214,0.550883531796985,"ok",4883749,4883749,0,12772,0,0,0,0,0,0,TRUE,0.4,"MXL","AMR"
"NA19748","Africa (North)",0,0.686465176459618,0.591648481010014,"ok",4883749,4883749,0,12772,0,0,0,0,0,0,TRUE,0.4,"MXL","AMR"
"NA19751","Africa (North)",0,0.663311743077862,0.622334713587142,"ok",4883749,4883749,0,12772,0,0,0,0,0,0,TRUE,0.4,"MXL","AMR"
"NA19757","Africa (North)",0,0.674799843998716,0.5864627197863,"ok",4883749,4883749,0,12772,0,0,0,0,0,0,TRUE,0.4,"MXL","AMR"
"NA19760","Africa (North)",0,0.695157514592797,0.57220599718358,"ok",4883749,4883749,0,12772,0,0,0,0,0,0,TRUE,0.4,"MXL","AMR"
"NA19763","Africa (North)",0,0.682378855132909,0.597300245804556,"ok",4883749,4883749,0,12772,0,0,0,0,0,0,TRUE,0.4,"MXL","AMR"
"NA19772","Africa (North)",0,0.665584091767023,0.61346128317702,"ok",4883749,4883749,0,12772,0,0,0,0,0,0,TRUE,0.4,"MXL","AMR"
"NA19775","Africa (North)",0,0.667423750313814,0.610492074221302,"ok",4883749,4883749,0,12772,0,0,0,0,0,0,TRUE,0.4,"MXL","AMR"
"NA19778","Africa (North)",0.0335622,0.661215719878911,0.610104786570052,"ok",4883749,4883749,0,12772,0,0,0,0,0,0,TRUE,0.4,"MXL","AMR"
"NA19781","Africa (North)",0.0433082,0.659645153895114,0.620414348090259,"ok",4883749,4883749,0,12772,0,0,0,0,0,0,TRUE,0.4,"MXL","AMR"
"NA19784","Africa (North)",0,0.67961954974106,0.597203335899326,"ok",4883749,4883749,0,12772,0,0,0,0,0,0,TRUE,0.4,"MXL","AMR"
"NA19787","Africa (North)",0,0.682401088913302,0.591169431148828,"ok",4883749,4883749,0,12772,0,0,0,0,0,0,TRUE,0.4,"MXL","AMR"
"NA19790","Africa (North)",0,0.675393662927151,0.601650195942347,"ok",4883749,4883749,0,12772,0,0,0,0,0,0,TRUE,0.4,"MXL","AMR"
"NA19796","Africa (North)",0.0002197,0.665700860810567,0.614350240143668,"ok",4883749,4883749,0,12772,0,0,0,0,0,0,TRUE,0.4,"MXL","AMR"
"NA19650","Africa (South)",0,0.661815618079344,0.450064302900454,"ok",4883749,4883749,0,12772,0,0,0,0,0,0,TRUE,0.4,"MXL","AMR"
"NA19653","Africa (South)",0,0.666468540600976,0.45314103596887,"ok",4883749,4883749,0,12772,0,0,0,0,0,0,TRUE,0.4,"MXL","AMR"
"NA19656","Africa (South)",0,0.665886780407712,0.453814923759692,"ok",4883749,4883749,0,12772,0,0,0,0,0,0,TRUE,0.4,"MXL","AMR"
"NA19659","Africa (South)",0,0.671542288372811,0.449961096118459,"ok",4883749,4883749,0,12772,0,0,0,0,0,0,TRUE,0.4,"MXL","AMR"
"NA19662","Africa (South)",0,0.669047672470309,0.447410796249999,"ok",4883749,4883749,0,12772,0,0,0,0,0,0,TRUE,0.4,"MXL","AMR"
"NA19665","Africa (South)",0,0.675821193259151,0.455573499328248,"ok",4883749,4883749,0,12772,0,0,0,0,0,0,TRUE,0.4,"MXL","AMR"
"NA19671","Africa (South)",0,0.672422192872601,0.451792075788548,"ok",4883749,4883749,0,12772,0,0,0,0,0,0,TRUE,0.4,"MXL","AMR"
"NA19675","Africa (South)",0.0170394,0.6664649020967,0.457415530424666,"ok",4883749,4883749,0,12772,0,0,0,0,0,0,TRUE,0.4,"MXL","AMR"
"NA19677","Africa (South)",1.63e-05,0.664088421980655,0.453939288141254,"ok",4883749,4883749,0,12772,0,0,0,0,0,0,TRUE,0.4,"MXL","AMR"
"NA19680","Africa (South)",0.0136646,0.664958301239259,0.457426009542203,"ok",4883749,4883749,0,12772,0,0,0,0,0,0,TRUE,0.4,"MXL","AMR"
"NA19683","Africa (South)",0,0.673251247484608,0.449958094524597,"ok",4883749,4883749,0,12772,0,0,0,0,0,0,TRUE,0.4,"MXL","AMR"
"NA19685","Africa (South)",0,0.666407157109118,0.450901548689558,"ok",4883749,4883749,0,12772,0,0,0,0,0,0,TRUE,0.4,"MXL","AMR"
"NA19686","Africa (South)",0,0.662710971884807,0.446105845291061,"ok",4883749,4883749,0,12772,0,0,0,0,0,0,TRUE,0.4,"MXL","AMR"
"NA19718","Africa (South)",0,0.683882079457157,0.451430195047912,"ok",4883749,4883749,0,12772,0,0,0,0,0,0,TRUE,0.4,"MXL","AMR"
"NA19721","Africa (South)",0,0.676302869138831,0.450103899341168,"ok",4883749,4883749,0,12772,0,0,0,0,0,0,TRUE,0.4,"MXL","AMR"
"NA19724","Africa (South)",0.0061736,0.664392909086701,0.454207899654478,"ok",4883749,4883749,0,12772,0,0,0,0,0,0,TRUE,0.4,"MXL","AMR"
"NA19727","Africa (South)",0,0.67376663287826,0.4466666094862,"ok",4883749,4883749,0,12772,0,0,0,0,0,0,TRUE,0.4,"MXL","AMR"
"NA19730","Africa (South)",0,0.708254575293375,0.424968322466172,"ok",4883749,4883749,0,12772,0,0,0,0,0,0,TRUE,0.4,"MXL","AMR"
"NA19733","Africa (South)",0,0.711458350287214,0.42160771439602,"ok",4883749,4883749,0,12772,0,0,0,0,0,0,TRUE,0.4,"MXL","AMR"
"NA19748","Africa (South)",0,0.686465176459618,0.443217812907973,"ok",4883749,4883749,0,12772,0,0,0,0,0,0,TRUE,0.4,"MXL","AMR"
"NA19751","Africa (South)",0,0.663311743077862,0.449499018187437,"ok",4883749,4883749,0,12772,0,0,0,0,0,0,TRUE,0.4,"MXL","AMR"
"NA19757","Africa (South)",0,0.674799843998716,0.454524786617496,"ok",4883749,4883749,0,12772,0,0,0,0,0,0,TRUE,0.4,"MXL","AMR"
"NA19760","Africa (South)",0,0.695157514592797,0.436212900756985,"ok",4883749,4883749,0,12772,0,0,0,0,0,0,TRUE,0.4,"MXL","AMR"
"NA19763","Africa (South)",0,0.682378855132909,0.452630754644926,"ok",4883749,4883749,0,12772,0,0,0,0,0,0,TRUE,0.4,"MXL","AMR"
"NA19772","Africa (South)",0,0.665584091767023,0.451677990721234,"ok",4883749,4883749,0,12772,0,0,0,0,0,0,TRUE,0.4,"MXL","AMR"
"NA19775","Africa (South)",0,0.667423750313814,0.450093944932362,"ok",4883749,4883749,0,12772,0,0,0,0,0,0,TRUE,0.4,"MXL","AMR"
"NA19778","Africa (South)",0.0214118,0.661215719878911,0.467258822569164,"ok",4883749,4883749,0,12772,0,0,0,0,0,0,TRUE,0.4,"MXL","AMR"
"NA19781","Africa (South)",0,0.659645153895114,0.453300490019167,"ok",4883749,4883749,0,12772,0,0,0,0,0,0,TRUE,0.4,"MXL","AMR"
"NA19784","Africa (South)",0,0.67961954974106,0.448824533401383,"ok",4883749,4883749,0,12772,0,0,0,0,0,0,TRUE,0.4,"MXL","AMR"
"NA19787","Africa (South)",0,0.682401088913302,0.450862622339415,"ok",4883749,4883749,0,12772,0,0,0,0,0,0,TRUE,0.4,"MXL","AMR"
"NA19790","Africa (South)",0,0.675393662927151,0.451231237413231,"ok",4883749,4883749,0,12772,0,0,0,0,0,0,TRUE,0.4,"MXL","AMR"
"NA19796","Africa (South)",0,0.665700860810567,0.45037443648943,"ok",4883749,4883749,0,12772,0,0,0,0,0,0,TRUE,0.4,"MXL","AMR"
"NA19650","Africa (West)",0,0.661815618079344,0.448786677913214,"ok",4883749,4883749,0,12772,0,0,0,0,0,0,TRUE,0.4,"MXL","AMR"
"NA19653","Africa (West)",0,0.666468540600976,0.452889501220766,"ok",4883749,4883749,0,12772,0,0,0,0,0,0,TRUE,0.4,"MXL","AMR"
"NA19656","Africa (West)",0,0.665886780407712,0.453725970707541,"ok",4883749,4883749,0,12772,0,0,0,0,0,0,TRUE,0.4,"MXL","AMR"
"NA19659","Africa (West)",0,0.671542288372811,0.448691026536722,"ok",4883749,4883749,0,12772,0,0,0,0,0,0,TRUE,0.4,"MXL","AMR"
"NA19662","Africa (West)",0,0.669047672470309,0.446516526576081,"ok",4883749,4883749,0,12772,0,0,0,0,0,0,TRUE,0.4,"MXL","AMR"
"NA19665","Africa (West)",0,0.675821193259151,0.45516112900738,"ok",4883749,4883749,0,12772,0,0,0,0,0,0,TRUE,0.4,"MXL","AMR"
"NA19671","Africa (West)",0,0.672422192872601,0.451256461126057,"ok",4883749,4883749,0,12772,0,0,0,0,0,0,TRUE,0.4,"MXL","AMR"
"NA19675","Africa (West)",0,0.6664649020967,0.456569297131686,"ok",4883749,4883749,0,12772,0,0,0,0,0,0,TRUE,0.4,"MXL","AMR"
"NA19677","Africa (West)",0,0.664088421980655,0.45297780215055,"ok",4883749,4883749,0,12772,0,0,0,0,0,0,TRUE,0.4,"MXL","AMR"
"NA19680","Africa (West)",0.004179,0.664958301239259,0.456703734730286,"ok",4883749,4883749,0,12772,0,0,0,0,0,0,TRUE,0.4,"MXL","AMR"
"NA19683","Africa (West)",0,0.673251247484608,0.448603568322319,"ok",4883749,4883749,0,12772,0,0,0,0,0,0,TRUE,0.4,"MXL","AMR"
"NA19685","Africa (West)",0,0.666407157109118,0.4498429593331,"ok",4883749,4883749,0,12772,0,0,0,0,0,0,TRUE,0.4,"MXL","AMR"
"NA19686","Africa (West)",0,0.662710971884807,0.445177415186793,"ok",4883749,4883749,0,12772,0,0,0,0,0,0,TRUE,0.4,"MXL","AMR"
"NA19718","Africa (West)",0,0.683882079457157,0.450282683106487,"ok",4883749,4883749,0,12772,0,0,0,0,0,0,TRUE,0.4,"MXL","AMR"
"NA19721","Africa (West)",0,0.676302869138831,0.449699915634447,"ok",4883749,4883749,0,12772,0,0,0,0,0,0,TRUE,0.4,"MXL","AMR"
"NA19724","Africa (West)",0,0.664392909086701,0.453135865288834,"ok",4883749,4883749,0,12772,0,0,0,0,0,0,TRUE,0.4,"MXL","AMR"
"NA19727","Africa (West)",0,0.67376663287826,0.445273474218889,"ok",4883749,4883749,0,12772,0,0,0,0,0,0,TRUE,0.4,"MXL","AMR"
"NA19730","Africa (West)",0,0.708254575293375,0.424117368039379,"ok",4883749,4883749,0,12772,0,0,0,0,0,0,TRUE,0.4,"MXL","AMR"
"NA19733","Africa (West)",0,0.711458350287214,0.421042960676094,"ok",4883749,4883749,0,12772,0,0,0,0,0,0,TRUE,0.4,"MXL","AMR"
"NA19748","Africa (West)",0,0.686465176459618,0.442565822608725,"ok",4883749,4883749,0,12772,0,0,0,0,0,0,TRUE,0.4,"MXL","AMR"
"NA19751","Africa (West)",0,0.663311743077862,0.447922396421864,"ok",4883749,4883749,0,12772,0,0,0,0,0,0,TRUE,0.4,"MXL","AMR"
"NA19757","Africa (West)",0,0.674799843998716,0.453832799997362,"ok",4883749,4883749,0,12772,0,0,0,0,0,0,TRUE,0.4,"MXL","AMR"
"NA19760","Africa (West)",0,0.695157514592797,0.435268256015806,"ok",4883749,4883749,0,12772,0,0,0,0,0,0,TRUE,0.4,"MXL","AMR"
"NA19763","Africa (West)",0,0.682378855132909,0.451507721133847,"ok",4883749,4883749,0,12772,0,0,0,0,0,0,TRUE,0.4,"MXL","AMR"
"NA19772","Africa (West)",0,0.665584091767023,0.450886242617676,"ok",4883749,4883749,0,12772,0,0,0,0,0,0,TRUE,0.4,"MXL","AMR"
"NA19775","Africa (West)",0,0.667423750313814,0.448667920232994,"ok",4883749,4883749,0,12772,0,0,0,0,0,0,TRUE,0.4,"MXL","AMR"
"NA19778","Africa (West)",0.0267417,0.661215719878911,0.466804896535881,"ok",4883749,4883749,0,12772,0,0,0,0,0,0,TRUE,0.4,"MXL","AMR"
"NA19781","Africa (West)",0,0.659645153895114,0.452359311945286,"ok",4883749,4883749,0,12772,0,0,0,0,0,0,TRUE,0.4,"MXL","AMR"
"NA19784","Africa (West)",0,0.67961954974106,0.448101388424031,"ok",4883749,4883749,0,12772,0,0,0,0,0,0,TRUE,0.4,"MXL","AMR"
"NA19787","Africa (West)",0,0.682401088913302,0.449886424810554,"ok",4883749,4883749,0,12772,0,0,0,0,0,0,TRUE,0.4,"MXL","AMR"
"NA19790","Africa (West)",0,0.675393662927151,0.45031863618698,"ok",4883749,4883749,0,12772,0,0,0,0,0,0,TRUE,0.4,"MXL","AMR"
"NA19796","Africa (West)",0,0.665700860810567,0.44981377024553,"ok",4883749,4883749,0,12772,0,0,0,0,0,0,TRUE,0.4,"MXL","AMR"
"NA19650","Ashkenazi",0.0378919,0.661815618079344,0.650442368221113,"ok",4883749,4883749,0,12772,0,0,0,0,0,0,TRUE,0.4,"MXL","AMR"
"NA19653","Ashkenazi",0,0.666468540600976,0.638498656823683,"ok",4883749,4883749,0,12772,0,0,0,0,0,0,TRUE,0.4,"MXL","AMR"
"NA19656","Ashkenazi",0,0.665886780407712,0.612507455425565,"ok",4883749,4883749,0,12772,0,0,0,0,0,0,TRUE,0.4,"MXL","AMR"
"NA19659","Ashkenazi",0,0.671542288372811,0.616629563405073,"ok",4883749,4883749,0,12772,0,0,0,0,0,0,TRUE,0.4,"MXL","AMR"
"NA19662","Ashkenazi",0.0147902,0.669047672470309,0.617377322456393,"ok",4883749,4883749,0,12772,0,0,0,0,0,0,TRUE,0.4,"MXL","AMR"
"NA19665","Ashkenazi",0,0.675821193259151,0.5914363492305,"ok",4883749,4883749,0,12772,0,0,0,0,0,0,TRUE,0.4,"MXL","AMR"
"NA19671","Ashkenazi",0.0307708,0.672422192872601,0.624448782319454,"ok",4883749,4883749,0,12772,0,0,0,0,0,0,TRUE,0.4,"MXL","AMR"
"NA19675","Ashkenazi",0,0.6664649020967,0.652265248873401,"ok",4883749,4883749,0,12772,0,0,0,0,0,0,TRUE,0.4,"MXL","AMR"
"NA19677","Ashkenazi",0.0023553,0.664088421980655,0.645272816639478,"ok",4883749,4883749,0,12772,0,0,0,0,0,0,TRUE,0.4,"MXL","AMR"
"NA19680","Ashkenazi",0,0.664958301239259,0.651018158948373,"ok",4883749,4883749,0,12772,0,0,0,0,0,0,TRUE,0.4,"MXL","AMR"
"NA19683","Ashkenazi",0,0.673251247484608,0.608910678264429,"ok",4883749,4883749,0,12772,0,0,0,0,0,0,TRUE,0.4,"MXL","AMR"
"NA19685","Ashkenazi",0.0112277,0.666407157109118,0.616318117639019,"ok",4883749,4883749,0,12772,0,0,0,0,0,0,TRUE,0.4,"MXL","AMR"
"NA19686","Ashkenazi",0.0125404,0.662710971884807,0.622243869311059,"ok",4883749,4883749,0,12772,0,0,0,0,0,0,TRUE,0.4,"MXL","AMR"
"NA19718","Ashkenazi",0,0.683882079457157,0.603885593595324,"ok",4883749,4883749,0,12772,0,0,0,0,0,0,TRUE,0.4,"MXL","AMR"
"NA19721","Ashkenazi",0,0.676302869138831,0.608396893810231,"ok",4883749,4883749,0,12772,0,0,0,0,0,0,TRUE,0.4,"MXL","AMR"
"NA19724","Ashkenazi",0.0217831,0.664392909086701,0.617281146697407,"ok",4883749,4883749,0,12772,0,0,0,0,0,0,TRUE,0.4,"MXL","AMR"
"NA19727","Ashkenazi",0,0.67376663287826,0.617175094494862,"ok",4883749,4883749,0,12772,0,0,0,0,0,0,TRUE,0.4,"MXL","AMR"
"NA19730","Ashkenazi",0,0.708254575293375,0.561460153931518,"ok",4883749,4883749,0,12772,0,0,0,0,0,0,TRUE,0.4,"MXL","AMR"
"NA19733","Ashkenazi",0,0.711458350287214,0.557742223469616,"ok",4883749,4883749,0,12772,0,0,0,0,0,0,TRUE,0.4,"MXL","AMR"
"NA19748","Ashkenazi",0,0.686465176459618,0.597247014119099,"ok",4883749,4883749,0,12772,0,0,0,0,0,0,TRUE,0.4,"MXL","AMR"
"NA19751","Ashkenazi",0,0.663311743077862,0.630004315278674,"ok",4883749,4883749,0,12772,0,0,0,0,0,0,TRUE,0.4,"MXL","AMR"
"NA19757","Ashkenazi",0,0.674799843998716,0.587887723849973,"ok",4883749,4883749,0,12772,0,0,0,0,0,0,TRUE,0.4,"MXL","AMR"
"NA19760","Ashkenazi",0,0.695157514592797,0.578604372651128,"ok",4883749,4883749,0,12772,0,0,0,0,0,0,TRUE,0.4,"MXL","AMR"
"NA19763","Ashkenazi",0,0.682378855132909,0.600713633152755,"ok",4883749,4883749,0,12772,0,0,0,0,0,0,TRUE,0.4,"MXL","AMR"
"NA19772","Ashkenazi",0.0149954,0.665584091767023,0.617753751708476,"ok",4883749,4883749,0,12772,0,0,0,0,0,0,TRUE,0.4,"MXL","AMR"
"NA19775","Ashkenazi",0.0109316,0.667423750313814,0.616530514274959,"ok",4883749,4883749,0,12772,0,0,0,0,0,0,TRUE,0.4,"MXL","AMR"
"NA19778","Ashkenazi",0.0316304,0.661215719878911,0.611597840007782,"ok",4883749,4883749,0,12772,0,0,0,0,0,0,TRUE,0.4,"MXL","AMR"
"NA19781","Ashkenazi",6.7e-05,0.659645153895114,0.625182585679224,"ok",4883749,4883749,0,12772,0,0,0,0,0,0,TRUE,0.4,"MXL","AMR"
"NA19784","Ashkenazi",0,0.67961954974106,0.601429508608796,"ok",4883749,4883749,0,12772,0,0,0,0,0,0,TRUE,0.4,"MXL","AMR"
"NA19787","Ashkenazi",0,0.682401088913302,0.594195766840349,"ok",4883749,4883749,0,12772,0,0,0,0,0,0,TRUE,0.4,"MXL","AMR"
"NA19790","Ashkenazi",0,0.675393662927151,0.605077218748023,"ok",4883749,4883749,0,12772,0,0,0,0,0,0,TRUE,0.4,"MXL","AMR"
"NA19796","Ashkenazi",0.0077509,0.665700860810567,0.619341758188503,"ok",4883749,4883749,0,12772,0,0,0,0,0,0,TRUE,0.4,"MXL","AMR"
"NA19650","Asia (East)",0,0.661815618079344,0.520929333666048,"ok",4883749,4883749,0,12772,0,0,0,0,0,0,TRUE,0.4,"MXL","AMR"
"NA19653","Asia (East)",0,0.666468540600976,0.550058262335159,"ok",4883749,4883749,0,12772,0,0,0,0,0,0,TRUE,0.4,"MXL","AMR"
"NA19656","Asia (East)",0,0.665886780407712,0.561972858330013,"ok",4883749,4883749,0,12772,0,0,0,0,0,0,TRUE,0.4,"MXL","AMR"
"NA19659","Asia (East)",0.0048645,0.671542288372811,0.571617321862275,"ok",4883749,4883749,0,12772,0,0,0,0,0,0,TRUE,0.4,"MXL","AMR"
"NA19662","Asia (East)",0,0.669047672470309,0.568212162718049,"ok",4883749,4883749,0,12772,0,0,0,0,0,0,TRUE,0.4,"MXL","AMR"
"NA19665","Asia (East)",0,0.675821193259151,0.584766459860181,"ok",4883749,4883749,0,12772,0,0,0,0,0,0,TRUE,0.4,"MXL","AMR"
"NA19671","Asia (East)",0,0.672422192872601,0.570709779358532,"ok",4883749,4883749,0,12772,0,0,0,0,0,0,TRUE,0.4,"MXL","AMR"
"NA19675","Asia (East)",0,0.6664649020967,0.525796280513912,"ok",4883749,4883749,0,12772,0,0,0,0,0,0,TRUE,0.4,"MXL","AMR"
"NA19677","Asia (East)",0,0.664088421980655,0.537728402645437,"ok",4883749,4883749,0,12772,0,0,0,0,0,0,TRUE,0.4,"MXL","AMR"
"NA19680","Asia (East)",0,0.664958301239259,0.525327431803141,"ok",4883749,4883749,0,12772,0,0,0,0,0,0,TRUE,0.4,"MXL","AMR"
"NA19683","Asia (East)",0.0049807,0.673251247484608,0.575721963379302,"ok",4883749,4883749,0,12772,0,0,0,0,0,0,TRUE,0.4,"MXL","AMR"
"NA19685","Asia (East)",0,0.666407157109118,0.567868589264468,"ok",4883749,4883749,0,12772,0,0,0,0,0,0,TRUE,0.4,"MXL","AMR"
"NA19686","Asia (East)",0,0.662710971884807,0.560664254676981,"ok",4883749,4883749,0,12772,0,0,0,0,0,0,TRUE,0.4,"MXL","AMR"
"NA19718","Asia (East)",0,0.683882079457157,0.583920060661236,"ok",4883749,4883749,0,12772,0,0,0,0,0,0,TRUE,0.4,"MXL","AMR"
"NA19721","Asia (East)",0.000526,0.676302869138831,0.574952793292494,"ok",4883749,4883749,0,12772,0,0,0,0,0,0,TRUE,0.4,"MXL","AMR"
"NA19724","Asia (East)",0,0.664392909086701,0.561803463141073,"ok",4883749,4883749,0,12772,0,0,0,0,0,0,TRUE,0.4,"MXL","AMR"
"NA19727","Asia (East)",0.0108773,0.67376663287826,0.573367144167164,"ok",4883749,4883749,0,12772,0,0,0,0,0,0,TRUE,0.4,"MXL","AMR"
"NA19730","Asia (East)",0,0.708254575293375,0.615504148711068,"ok",4883749,4883749,0,12772,0,0,0,0,0,0,TRUE,0.4,"MXL","AMR"
"NA19733","Asia (East)",0,0.711458350287214,0.61527215633291,"ok",4883749,4883749,0,12772,0,0,0,0,0,0,TRUE,0.4,"MXL","AMR"
"NA19748","Asia (East)",0,0.686465176459618,0.591087344746174,"ok",4883749,4883749,0,12772,0,0,0,0,0,0,TRUE,0.4,"MXL","AMR"
"NA19751","Asia (East)",0.0455884,0.663311743077862,0.558816271120116,"ok",4883749,4883749,0,12772,0,0,0,0,0,0,TRUE,0.4,"MXL","AMR"
"NA19757","Asia (East)",0,0.674799843998716,0.579575765976442,"ok",4883749,4883749,0,12772,0,0,0,0,0,0,TRUE,0.4,"MXL","AMR"
"NA19760","Asia (East)",0,0.695157514592797,0.599376494188926,"ok",4883749,4883749,0,12772,0,0,0,0,0,0,TRUE,0.4,"MXL","AMR"
"NA19763","Asia (East)",0,0.682378855132909,0.583506085605344,"ok",4883749,4883749,0,12772,0,0,0,0,0,0,TRUE,0.4,"MXL","AMR"
"NA19772","Asia (East)",0,0.665584091767023,0.561950399539373,"ok",4883749,4883749,0,12772,0,0,0,0,0,0,TRUE,0.4,"MXL","AMR"
"NA19775","Asia (East)",0,0.667423750313814,0.562817993062313,"ok",4883749,4883749,0,12772,0,0,0,0,0,0,TRUE,0.4,"MXL","AMR"
"NA19778","Asia (East)",0,0.661215719878911,0.556103309122514,"ok",4883749,4883749,0,12772,0,0,0,0,0,0,TRUE,0.4,"MXL","AMR"
"NA19781","Asia (East)",0,0.659645153895114,0.549928682085533,"ok",4883749,4883749,0,12772,0,0,0,0,0,0,TRUE,0.4,"MXL","AMR"
"NA19784","Asia (East)",0,0.67961954974106,0.579279580724171,"ok",4883749,4883749,0,12772,0,0,0,0,0,0,TRUE,0.4,"MXL","AMR"
"NA19787","Asia (East)",0,0.682401088913302,0.586613496943576,"ok",4883749,4883749,0,12772,0,0,0,0,0,0,TRUE,0.4,"MXL","AMR"
"NA19790","Asia (East)",0,0.675393662927151,0.574908436763754,"ok",4883749,4883749,0,12772,0,0,0,0,0,0,TRUE,0.4,"MXL","AMR"
"NA19796","Asia (East)",0,0.665700860810567,0.560447424341902,"ok",4883749,4883749,0,12772,0,0,0,0,0,0,TRUE,0.4,"MXL","AMR"
"NA19650","Bangladesh",0,0.661815618079344,0.608033383404896,"ok",4883749,4883749,0,12772,0,0,0,0,0,0,TRUE,0.4,"MXL","AMR"
"NA19653","Bangladesh",0,0.666468540600976,0.620782311529426,"ok",4883749,4883749,0,12772,0,0,0,0,0,0,TRUE,0.4,"MXL","AMR"
"NA19656","Bangladesh",0,0.665886780407712,0.612307782805971,"ok",4883749,4883749,0,12772,0,0,0,0,0,0,TRUE,0.4,"MXL","AMR"
"NA19659","Bangladesh",0,0.671542288372811,0.616813579978318,"ok",4883749,4883749,0,12772,0,0,0,0,0,0,TRUE,0.4,"MXL","AMR"
"NA19662","Bangladesh",0,0.669047672470309,0.61662745949515,"ok",4883749,4883749,0,12772,0,0,0,0,0,0,TRUE,0.4,"MXL","AMR"
"NA19665","Bangladesh",0,0.675821193259151,0.612135030274622,"ok",4883749,4883749,0,12772,0,0,0,0,0,0,TRUE,0.4,"MXL","AMR"
"NA19671","Bangladesh",0,0.672422192872601,0.624699250474947,"ok",4883749,4883749,0,12772,0,0,0,0,0,0,TRUE,0.4,"MXL","AMR"
"NA19675","Bangladesh",0,0.6664649020967,0.613639134726202,"ok",4883749,4883749,0,12772,0,0,0,0,0,0,TRUE,0.4,"MXL","AMR"
"NA19677","Bangladesh",0,0.664088421980655,0.614806797033651,"ok",4883749,4883749,0,12772,0,0,0,0,0,0,TRUE,0.4,"MXL","AMR"
"NA19680","Bangladesh",0,0.664958301239259,0.612381289679316,"ok",4883749,4883749,0,12772,0,0,0,0,0,0,TRUE,0.4,"MXL","AMR"
"NA19683","Bangladesh",0,0.673251247484608,0.616887375058818,"ok",4883749,4883749,0,12772,0,0,0,0,0,0,TRUE,0.4,"MXL","AMR"
"NA19685","Bangladesh",0,0.666407157109118,0.617106655203153,"ok",4883749,4883749,0,12772,0,0,0,0,0,0,TRUE,0.4,"MXL","AMR"
"NA19686","Bangladesh",0,0.662710971884807,0.615035755561967,"ok",4883749,4883749,0,12772,0,0,0,0,0,0,TRUE,0.4,"MXL","AMR"
"NA19718","Bangladesh",0,0.683882079457157,0.621093673694863,"ok",4883749,4883749,0,12772,0,0,0,0,0,0,TRUE,0.4,"MXL","AMR"
"NA19721","Bangladesh",0,0.676302869138831,0.61514431665749,"ok",4883749,4883749,0,12772,0,0,0,0,0,0,TRUE,0.4,"MXL","AMR"
"NA19724","Bangladesh",0,0.664392909086701,0.614512131321064,"ok",4883749,4883749,0,12772,0,0,0,0,0,0,TRUE,0.4,"MXL","AMR"
"NA19727","Bangladesh",0,0.67376663287826,0.618021736273617,"ok",4883749,4883749,0,12772,0,0,0,0,0,0,TRUE,0.4,"MXL","AMR"
"NA19730","Bangladesh",0,0.708254575293375,0.6115179250946,"ok",4883749,4883749,0,12772,0,0,0,0,0,0,TRUE,0.4,"MXL","AMR"
"NA19733","Bangladesh",0,0.711458350287214,0.610763127337093,"ok",4883749,4883749,0,12772,0,0,0,0,0,0,TRUE,0.4,"MXL","AMR"
"NA19748","Bangladesh",0,0.686465176459618,0.617139728251006,"ok",4883749,4883749,0,12772,0,0,0,0,0,0,TRUE,0.4,"MXL","AMR"
"NA19751","Bangladesh",0,0.663311743077862,0.619422915333793,"ok",4883749,4883749,0,12772,0,0,0,0,0,0,TRUE,0.4,"MXL","AMR"
"NA19757","Bangladesh",0,0.674799843998716,0.609117021660083,"ok",4883749,4883749,0,12772,0,0,0,0,0,0,TRUE,0.4,"MXL","AMR"
"NA19760","Bangladesh",0,0.695157514592797,0.611497504014405,"ok",4883749,4883749,0,12772,0,0,0,0,0,0,TRUE,0.4,"MXL","AMR"
"NA19763","Bangladesh",0,0.682378855132909,0.616792878658588,"ok",4883749,4883749,0,12772,0,0,0,0,0,0,TRUE,0.4,"MXL","AMR"
"NA19772","Bangladesh",0,0.665584091767023,0.612642731838065,"ok",4883749,4883749,0,12772,0,0,0,0,0,0,TRUE,0.4,"MXL","AMR"
"NA19775","Bangladesh",0,0.667423750313814,0.614549993144404,"ok",4883749,4883749,0,12772,0,0,0,0,0,0,TRUE,0.4,"MXL","AMR"
"NA19778","Bangladesh",0,0.661215719878911,0.609151091985793,"ok",4883749,4883749,0,12772,0,0,0,0,0,0,TRUE,0.4,"MXL","AMR"
"NA19781","Bangladesh",0,0.659645153895114,0.611007781884663,"ok",4883749,4883749,0,12772,0,0,0,0,0,0,TRUE,0.4,"MXL","AMR"
"NA19784","Bangladesh",0,0.67961954974106,0.614267306351673,"ok",4883749,4883749,0,12772,0,0,0,0,0,0,TRUE,0.4,"MXL","AMR"
"NA19787","Bangladesh",0,0.682401088913302,0.614300212771454,"ok",4883749,4883749,0,12772,0,0,0,0,0,0,TRUE,0.4,"MXL","AMR"
"NA19790","Bangladesh",0,0.675393662927151,0.614496675420259,"ok",4883749,4883749,0,12772,0,0,0,0,0,0,TRUE,0.4,"MXL","AMR"
"NA19796","Bangladesh",0,0.665700860810567,0.614863161184605,"ok",4883749,4883749,0,12772,0,0,0,0,0,0,TRUE,0.4,"MXL","AMR"
"NA19650","Europe (North East)",0,0.661815618079344,0.65151119023692,"ok",4883749,4883749,0,12772,0,0,0,0,0,0,TRUE,0.4,"MXL","AMR"
"NA19653","Europe (North East)",0,0.666468540600976,0.641979269002805,"ok",4883749,4883749,0,12772,0,0,0,0,0,0,TRUE,0.4,"MXL","AMR"
"NA19656","Europe (North East)",0.0166087,0.665886780407712,0.619044350285946,"ok",4883749,4883749,0,12772,0,0,0,0,0,0,TRUE,0.4,"MXL","AMR"
"NA19659","Europe (North East)",0,0.671542288372811,0.62243192884217,"ok",4883749,4883749,0,12772,0,0,0,0,0,0,TRUE,0.4,"MXL","AMR"
"NA19662","Europe (North East)",0,0.669047672470309,0.620431807588695,"ok",4883749,4883749,0,12772,0,0,0,0,0,0,TRUE,0.4,"MXL","AMR"
"NA19665","Europe (North East)",0,0.675821193259151,0.598020869306344,"ok",4883749,4883749,0,12772,0,0,0,0,0,0,TRUE,0.4,"MXL","AMR"
"NA19671","Europe (North East)",0,0.672422192872601,0.628034272716173,"ok",4883749,4883749,0,12772,0,0,0,0,0,0,TRUE,0.4,"MXL","AMR"
"NA19675","Europe (North East)",0,0.6664649020967,0.656415269789195,"ok",4883749,4883749,0,12772,0,0,0,0,0,0,TRUE,0.4,"MXL","AMR"
"NA19677","Europe (North East)",0,0.664088421980655,0.647959031467163,"ok",4883749,4883749,0,12772,0,0,0,0,0,0,TRUE,0.4,"MXL","AMR"
"NA19680","Europe (North East)",0,0.664958301239259,0.653358699570028,"ok",4883749,4883749,0,12772,0,0,0,0,0,0,TRUE,0.4,"MXL","AMR"
"NA19683","Europe (North East)",0,0.673251247484608,0.614232168421269,"ok",4883749,4883749,0,12772,0,0,0,0,0,0,TRUE,0.4,"MXL","AMR"
"NA19685","Europe (North East)",0,0.666407157109118,0.620247524994356,"ok",4883749,4883749,0,12772,0,0,0,0,0,0,TRUE,0.4,"MXL","AMR"
"NA19686","Europe (North East)",0,0.662710971884807,0.629246719187828,"ok",4883749,4883749,0,12772,0,0,0,0,0,0,TRUE,0.4,"MXL","AMR"
"NA19718","Europe (North East)",0,0.683882079457157,0.610191660203953,"ok",4883749,4883749,0,12772,0,0,0,0,0,0,TRUE,0.4,"MXL","AMR"
"NA19721","Europe (North East)",0,0.676302869138831,0.614958971751056,"ok",4883749,4883749,0,12772,0,0,0,0,0,0,TRUE,0.4,"MXL","AMR"
"NA19724","Europe (North East)",0,0.664392909086701,0.622055408469632,"ok",4883749,4883749,0,12772,0,0,0,0,0,0,TRUE,0.4,"MXL","AMR"
"NA19727","Europe (North East)",0,0.67376663287826,0.623230811704695,"ok",4883749,4883749,0,12772,0,0,0,0,0,0,TRUE,0.4,"MXL","AMR"
"NA19730","Europe (North East)",0,0.708254575293375,0.572357108642071,"ok",4883749,4883749,0,12772,0,0,0,0,0,0,TRUE,0.4,"MXL","AMR"
"NA19733","Europe (North East)",0,0.711458350287214,0.569577898471073,"ok",4883749,4883749,0,12772,0,0,0,0,0,0,TRUE,0.4,"MXL","AMR"
"NA19748","Europe (North East)",0,0.686465176459618,0.603276312718559,"ok",4883749,4883749,0,12772,0,0,0,0,0,0,TRUE,0.4,"MXL","AMR"
"NA19751","Europe (North East)",0,0.663311743077862,0.636954916178394,"ok",4883749,4883749,0,12772,0,0,0,0,0,0,TRUE,0.4,"MXL","AMR"
"NA19757","Europe (North East)",0,0.674799843998716,0.595354492915117,"ok",4883749,4883749,0,12772,0,0,0,0,0,0,TRUE,0.4,"MXL","AMR"
"NA19760","Europe (North East)",0,0.695157514592797,0.587791094789091,"ok",4883749,4883749,0,12772,0,0,0,0,0,0,TRUE,0.4,"MXL","AMR"
"NA19763","Europe (North East)",0,0.682378855132909,0.605177701078467,"ok",4883749,4883749,0,12772,0,0,0,0,0,0,TRUE,0.4,"MXL","AMR"
"NA19772","Europe (North East)",0,0.665584091767023,0.621529647439154,"ok",4883749,4883749,0,12772,0,0,0,0,0,0,TRUE,0.4,"MXL","AMR"
"NA19775","Europe (North East)",0,0.667423750313814,0.621389498019081,"ok",4883749,4883749,0,12772,0,0,0,0,0,0,TRUE,0.4,"MXL","AMR"
"NA19778","Europe (North East)",0,0.661215719878911,0.615069182207478,"ok",4883749,4883749,0,12772,0,0,0,0,0,0,TRUE,0.4,"MXL","AMR"
"NA19781","Europe (North East)",0,0.659645153895114,0.629305830930454,"ok",4883749,4883749,0,12772,0,0,0,0,0,0,TRUE,0.4,"MXL","AMR"
"NA19784","Europe (North East)",0,0.67961954974106,0.608348600303548,"ok",4883749,4883749,0,12772,0,0,0,0,0,0,TRUE,0.4,"MXL","AMR"
"NA19787","Europe (North East)",0,0.682401088913302,0.601511364052459,"ok",4883749,4883749,0,12772,0,0,0,0,0,0,TRUE,0.4,"MXL","AMR"
"NA19790","Europe (North East)",0,0.675393662927151,0.609323560872368,"ok",4883749,4883749,0,12772,0,0,0,0,0,0,TRUE,0.4,"MXL","AMR"
"NA19796","Europe (North East)",0,0.665700860810567,0.624393953435526,"ok",4883749,4883749,0,12772,0,0,0,0,0,0,TRUE,0.4,"MXL","AMR"
"NA19650","Europe (South East)",0,0.661815618079344,0.65612218375901,"ok",4883749,4883749,0,12772,0,0,0,0,0,0,TRUE,0.4,"MXL","AMR"
"NA19653","Europe (South East)",0,0.666468540600976,0.644484370378797,"ok",4883749,4883749,0,12772,0,0,0,0,0,0,TRUE,0.4,"MXL","AMR"
"NA19656","Europe (South East)",0,0.665886780407712,0.619153751125025,"ok",4883749,4883749,0,12772,0,0,0,0,0,0,TRUE,0.4,"MXL","AMR"
"NA19659","Europe (South East)",0.0696888,0.671542288372811,0.623506333010963,"ok",4883749,4883749,0,12772,0,0,0,0,0,0,TRUE,0.4,"MXL","AMR"
"NA19662","Europe (South East)",0,0.669047672470309,0.621520351114471,"ok",4883749,4883749,0,12772,0,0,0,0,0,0,TRUE,0.4,"MXL","AMR"
"NA19665","Europe (South East)",0,0.675821193259151,0.597404667023612,"ok",4883749,4883749,0,12772,0,0,0,0,0,0,TRUE,0.4,"MXL","AMR"
"NA19671","Europe (South East)",0,0.672422192872601,0.629455652693329,"ok",4883749,4883749,0,12772,0,0,0,0,0,0,TRUE,0.4,"MXL","AMR"
"NA19675","Europe (South East)",0,0.6664649020967,0.659760804402894,"ok",4883749,4883749,0,12772,0,0,0,0,0,0,TRUE,0.4,"MXL","AMR"
"NA19677","Europe (South East)",0,0.664088421980655,0.651154277718296,"ok",4883749,4883749,0,12772,0,0,0,0,0,0,TRUE,0.4,"MXL","AMR"
"NA19680","Europe (South East)",0,0.664958301239259,0.657489528294026,"ok",4883749,4883749,0,12772,0,0,0,0,0,0,TRUE,0.4,"MXL","AMR"
"NA19683","Europe (South East)",0,0.673251247484608,0.615325836875815,"ok",4883749,4883749,0,12772,0,0,0,0,0,0,TRUE,0.4,"MXL","AMR"
"NA19685","Europe (South East)",0,0.666407157109118,0.621271663537763,"ok",4883749,4883749,0,12772,0,0,0,0,0,0,TRUE,0.4,"MXL","AMR"
"NA19686","Europe (South East)",0,0.662710971884807,0.629108135433657,"ok",4883749,4883749,0,12772,0,0,0,0,0,0,TRUE,0.4,"MXL","AMR"
"NA19718","Europe (South East)",0,0.683882079457157,0.609912548780192,"ok",4883749,4883749,0,12772,0,0,0,0,0,0,TRUE,0.4,"MXL","AMR"
"NA19721","Europe (South East)",0,0.676302869138831,0.615924974508003,"ok",4883749,4883749,0,12772,0,0,0,0,0,0,TRUE,0.4,"MXL","AMR"
"NA19724","Europe (South East)",0,0.664392909086701,0.623340484300876,"ok",4883749,4883749,0,12772,0,0,0,0,0,0,TRUE,0.4,"MXL","AMR"
"NA19727","Europe (South East)",0,0.67376663287826,0.623254037769083,"ok",4883749,4883749,0,12772,0,0,0,0,0,0,TRUE,0.4,"MXL","AMR"
"NA19730","Europe (South East)",0,0.708254575293375,0.568477089032514,"ok",4883749,4883749,0,12772,0,0,0,0,0,0,TRUE,0.4,"MXL","AMR"
"NA19733","Europe (South East)",0,0.711458350287214,0.56507102420949,"ok",4883749,4883749,0,12772,0,0,0,0,0,0,TRUE,0.4,"MXL","AMR"
"NA19748","Europe (South East)",0,0.686465176459618,0.601980824960298,"ok",4883749,4883749,0,12772,0,0,0,0,0,0,TRUE,0.4,"MXL","AMR"
"NA19751","Europe (South East)",0,0.663311743077862,0.638033991320006,"ok",4883749,4883749,0,12772,0,0,0,0,0,0,TRUE,0.4,"MXL","AMR"
"NA19757","Europe (South East)",0,0.674799843998716,0.59357947535344,"ok",4883749,4883749,0,12772,0,0,0,0,0,0,TRUE,0.4,"MXL","AMR"
"NA19760","Europe (South East)",0,0.695157514592797,0.585585539046913,"ok",4883749,4883749,0,12772,0,0,0,0,0,0,TRUE,0.4,"MXL","AMR"
"NA19763","Europe (South East)",0,0.682378855132909,0.605382418680282,"ok",4883749,4883749,0,12772,0,0,0,0,0,0,TRUE,0.4,"MXL","AMR"
"NA19772","Europe (South East)",0,0.665584091767023,0.623191552491164,"ok",4883749,4883749,0,12772,0,0,0,0,0,0,TRUE,0.4,"MXL","AMR"
"NA19775","Europe (South East)",0,0.667423750313814,0.622540236100628,"ok",4883749,4883749,0,12772,0,0,0,0,0,0,TRUE,0.4,"MXL","AMR"
"NA19778","Europe (South East)",0.0221816,0.661215719878911,0.616066818189556,"ok",4883749,4883749,0,12772,0,0,0,0,0,0,TRUE,0.4,"MXL","AMR"
"NA19781","Europe (South East)",0.059388,0.659645153895114,0.631164425325916,"ok",4883749,4883749,0,12772,0,0,0,0,0,0,TRUE,0.4,"MXL","AMR"
"NA19784","Europe (South East)",0,0.67961954974106,0.6083899896826,"ok",4883749,4883749,0,12772,0,0,0,0,0,0,TRUE,0.4,"MXL","AMR"
"NA19787","Europe (South East)",0,0.682401088913302,0.601084734329216,"ok",4883749,4883749,0,12772,0,0,0,0,0,0,TRUE,0.4,"MXL","AMR"
"NA19790","Europe (South East)",0,0.675393662927151,0.609790553415671,"ok",4883749,4883749,0,12772,0,0,0,0,0,0,TRUE,0.4,"MXL","AMR"
"NA19796","Europe (South East)",0,0.665700860810567,0.625073008763528,"ok",4883749,4883749,0,12772,0,0,0,0,0,0,TRUE,0.4,"MXL","AMR"
"NA19650","Europe (South West)",0.6437419,0.661815618079344,0.657824446190239,"ok",4883749,4883749,0,12772,0,0,0,0,0,0,TRUE,0.4,"MXL","AMR"
"NA19653","Europe (South West)",0.2201527,0.666468540600976,0.64523724073769,"ok",4883749,4883749,0,12772,0,0,0,0,0,0,TRUE,0.4,"MXL","AMR"
"NA19656","Europe (South West)",0.0571768,0.665886780407712,0.618825278587807,"ok",4883749,4883749,0,12772,0,0,0,0,0,0,TRUE,0.4,"MXL","AMR"
"NA19659","Europe (South West)",0,0.671542288372811,0.62119806463843,"ok",4883749,4883749,0,12772,0,0,0,0,0,0,TRUE,0.4,"MXL","AMR"
"NA19662","Europe (South West)",0,0.669047672470309,0.621315212190705,"ok",4883749,4883749,0,12772,0,0,0,0,0,0,TRUE,0.4,"MXL","AMR"
"NA19665","Europe (South West)",0,0.675821193259151,0.595952715882062,"ok",4883749,4883749,0,12772,0,0,0,0,0,0,TRUE,0.4,"MXL","AMR"
"NA19671","Europe (South West)",0.0892897,0.672422192872601,0.629051262540867,"ok",4883749,4883749,0,12772,0,0,0,0,0,0,TRUE,0.4,"MXL","AMR"
"NA19675","Europe (South West)",0.4790236,0.6664649020967,0.662203814015498,"ok",4883749,4883749,0,12772,0,0,0,0,0,0,TRUE,0.4,"MXL","AMR"
"NA19677","Europe (South West)",0.3969457,0.664088421980655,0.653224100100437,"ok",4883749,4883749,0,12772,0,0,0,0,0,0,TRUE,0.4,"MXL","AMR"
"NA19680","Europe (South West)",0.5899258,0.664958301239259,0.659996783487927,"ok",4883749,4883749,0,12772,0,0,0,0,0,0,TRUE,0.4,"MXL","AMR"
"NA19683","Europe (South West)",0,0.673251247484608,0.614604395635028,"ok",4883749,4883749,0,12772,0,0,0,0,0,0,TRUE,0.4,"MXL","AMR"
"NA19685","Europe (South West)",0.0686421,0.666407157109118,0.620573260058691,"ok",4883749,4883749,0,12772,0,0,0,0,0,0,TRUE,0.4,"MXL","AMR"
"NA19686","Europe (South West)",0,0.662710971884807,0.628454908907279,"ok",4883749,4883749,0,12772,0,0,0,0,0,0,TRUE,0.4,"MXL","AMR"
"NA19718","Europe (South West)",0,0.683882079457157,0.609349898965058,"ok",4883749,4883749,0,12772,0,0,0,0,0,0,TRUE,0.4,"MXL","AMR"
"NA19721","Europe (South West)",0,0.676302869138831,0.615570557238085,"ok",4883749,4883749,0,12772,0,0,0,0,0,0,TRUE,0.4,"MXL","AMR"
"NA19724","Europe (South West)",0.0497944,0.664392909086701,0.622282002831535,"ok",4883749,4883749,0,12772,0,0,0,0,0,0,TRUE,0.4,"MXL","AMR"
"NA19727","Europe (South West)",0,0.67376663287826,0.623230382474529,"ok",4883749,4883749,0,12772,0,0,0,0,0,0,TRUE,0.4,"MXL","AMR"
"NA19730","Europe (South West)",0,0.708254575293375,0.56378512650485,"ok",4883749,4883749,0,12772,0,0,0,0,0,0,TRUE,0.4,"MXL","AMR"
"NA19733","Europe (South West)",0,0.711458350287214,0.56003373485343,"ok",4883749,4883749,0,12772,0,0,0,0,0,0,TRUE,0.4,"MXL","AMR"
"NA19748","Europe (South West)",0,0.686465176459618,0.600382944925267,"ok",4883749,4883749,0,12772,0,0,0,0,0,0,TRUE,0.4,"MXL","AMR"
"NA19751","Europe (South West)",0.2926137,0.663311743077862,0.638488380907939,"ok",4883749,4883749,0,12772,0,0,0,0,0,0,TRUE,0.4,"MXL","AMR"
"NA19757","Europe (South West)",0,0.674799843998716,0.592846536598157,"ok",4883749,4883749,0,12772,0,0,0,0,0,0,TRUE,0.4,"MXL","AMR"
"NA19760","Europe (South West)",0,0.695157514592797,0.581411882506872,"ok",4883749,4883749,0,12772,0,0,0,0,0,0,TRUE,0.4,"MXL","AMR"
"NA19763","Europe (South West)",0,0.682378855132909,0.604578764494991,"ok",4883749,4883749,0,12772,0,0,0,0,0,0,TRUE,0.4,"MXL","AMR"
"NA19772","Europe (South West)",0.0343311,0.665584091767023,0.623704662632546,"ok",4883749,4883749,0,12772,0,0,0,0,0,0,TRUE,0.4,"MXL","AMR"
"NA19775","Europe (South West)",0.0377505,0.667423750313814,0.62208510575149,"ok",4883749,4883749,0,12772,0,0,0,0,0,0,TRUE,0.4,"MXL","AMR"
"NA19778","Europe (South West)",0,0.661215719878911,0.616029920987887,"ok",4883749,4883749,0,12772,0,0,0,0,0,0,TRUE,0.4,"MXL","AMR"
"NA19781","Europe (South West)",0.1843722,0.659645153895114,0.631242705796241,"ok",4883749,4883749,0,12772,0,0,0,0,0,0,TRUE,0.4,"MXL","AMR"
"NA19784","Europe (South West)",0,0.67961954974106,0.606260925110275,"ok",4883749,4883749,0,12772,0,0,0,0,0,0,TRUE,0.4,"MXL","AMR"
"NA19787","Europe (South West)",0,0.682401088913302,0.598876050517957,"ok",4883749,4883749,0,12772,0,0,0,0,0,0,TRUE,0.4,"MXL","AMR"
"NA19790","Europe (South West)",0,0.675393662927151,0.608675469955185,"ok",4883749,4883749,0,12772,0,0,0,0,0,0,TRUE,0.4,"MXL","AMR"
"NA19796","Europe (South West)",0.1653932,0.665700860810567,0.625836075355084,"ok",4883749,4883749,0,12772,0,0,0,0,0,0,TRUE,0.4,"MXL","AMR"
"NA19650","Finland",0,0.661815618079344,0.644653234441361,"ok",4883749,4883749,0,12772,0,0,0,0,0,0,TRUE,0.4,"MXL","AMR"
"NA19653","Finland",0.0308816,0.666468540600976,0.640011466427394,"ok",4883749,4883749,0,12772,0,0,0,0,0,0,TRUE,0.4,"MXL","AMR"
"NA19656","Finland",0,0.665886780407712,0.616844293627838,"ok",4883749,4883749,0,12772,0,0,0,0,0,0,TRUE,0.4,"MXL","AMR"
"NA19659","Finland",0,0.671542288372811,0.620133899117014,"ok",4883749,4883749,0,12772,0,0,0,0,0,0,TRUE,0.4,"MXL","AMR"
"NA19662","Finland",0,0.669047672470309,0.620389360085603,"ok",4883749,4883749,0,12772,0,0,0,0,0,0,TRUE,0.4,"MXL","AMR"
"NA19665","Finland",0,0.675821193259151,0.600061173157366,"ok",4883749,4883749,0,12772,0,0,0,0,0,0,TRUE,0.4,"MXL","AMR"
"NA19671","Finland",0,0.672422192872601,0.626440049516378,"ok",4883749,4883749,0,12772,0,0,0,0,0,0,TRUE,0.4,"MXL","AMR"
"NA19675","Finland",0.0145439,0.6664649020967,0.649857601197099,"ok",4883749,4883749,0,12772,0,0,0,0,0,0,TRUE,0.4,"MXL","AMR"
"NA19677","Finland",0.0188444,0.664088421980655,0.643603405254567,"ok",4883749,4883749,0,12772,0,0,0,0,0,0,TRUE,0.4,"MXL","AMR"
"NA19680","Finland",0.007669,0.664958301239259,0.647745544492748,"ok",4883749,4883749,0,12772,0,0,0,0,0,0,TRUE,0.4,"MXL","AMR"
"NA19683","Finland",0,0.673251247484608,0.614958250899371,"ok",4883749,4883749,0,12772,0,0,0,0,0,0,TRUE,0.4,"MXL","AMR"
"NA19685","Finland",0,0.666407157109118,0.618803434982047,"ok",4883749,4883749,0,12772,0,0,0,0,0,0,TRUE,0.4,"MXL","AMR"
"NA19686","Finland",0,0.662710971884807,0.627494810613442,"ok",4883749,4883749,0,12772,0,0,0,0,0,0,TRUE,0.4,"MXL","AMR"
"NA19718","Finland",0,0.683882079457157,0.610965469176494,"ok",4883749,4883749,0,12772,0,0,0,0,0,0,TRUE,0.4,"MXL","AMR"
"NA19721","Finland",0,0.676302869138831,0.614947346818512,"ok",4883749,4883749,0,12772,0,0,0,0,0,0,TRUE,0.4,"MXL","AMR"
"NA19724","Finland",0,0.664392909086701,0.620778801672894,"ok",4883749,4883749,0,12772,0,0,0,0,0,0,TRUE,0.4,"MXL","AMR"
"NA19727","Finland",0.0147337,0.67376663287826,0.623193744569692,"ok",4883749,4883749,0,12772,0,0,0,0,0,0,TRUE,0.4,"MXL","AMR"
"NA19730","Finland",0,0.708254575293375,0.578883981826104,"ok",4883749,4883749,0,12772,0,0,0,0,0,0,TRUE,0.4,"MXL","AMR"
"NA19733","Finland",0,0.711458350287214,0.576074128479192,"ok",4883749,4883749,0,12772,0,0,0,0,0,0,TRUE,0.4,"MXL","AMR"
"NA19748","Finland",0,0.686465176459618,0.605302959362377,"ok",4883749,4883749,0,12772,0,0,0,0,0,0,TRUE,0.4,"MXL","AMR"
"NA19751","Finland",0.0165415,0.663311743077862,0.63560621741907,"ok",4883749,4883749,0,12772,0,0,0,0,0,0,TRUE,0.4,"MXL","AMR"
"NA19757","Finland",0,0.674799843998716,0.597367335894293,"ok",4883749,4883749,0,12772,0,0,0,0,0,0,TRUE,0.4,"MXL","AMR"
"NA19760","Finland",0,0.695157514592797,0.59184095555983,"ok",4883749,4883749,0,12772,0,0,0,0,0,0,TRUE,0.4,"MXL","AMR"
"NA19763","Finland",0,0.682378855132909,0.607584000991359,"ok",4883749,4883749,0,12772,0,0,0,0,0,0,TRUE,0.4,"MXL","AMR"
"NA19772","Finland",0,0.665584091767023,0.620766666426021,"ok",4883749,4883749,0,12772,0,0,0,0,0,0,TRUE,0.4,"MXL","AMR"
"NA19775","Finland",0,0.667423750313814,0.62067231003777,"ok",4883749,4883749,0,12772,0,0,0,0,0,0,TRUE,0.4,"MXL","AMR"
"NA19778","Finland",0,0.661215719878911,0.613246271651759,"ok",4883749,4883749,0,12772,0,0,0,0,0,0,TRUE,0.4,"MXL","AMR"
"NA19781","Finland",0,0.659645153895114,0.626179674417682,"ok",4883749,4883749,0,12772,0,0,0,0,0,0,TRUE,0.4,"MXL","AMR"
"NA19784","Finland",0,0.67961954974106,0.609888874238028,"ok",4883749,4883749,0,12772,0,0,0,0,0,0,TRUE,0.4,"MXL","AMR"
"NA19787","Finland",0,0.682401088913302,0.602563431200586,"ok",4883749,4883749,0,12772,0,0,0,0,0,0,TRUE,0.4,"MXL","AMR"
"NA19790","Finland",0,0.675393662927151,0.608558818818162,"ok",4883749,4883749,0,12772,0,0,0,0,0,0,TRUE,0.4,"MXL","AMR"
"NA19796","Finland",0.0094833,0.665700860810567,0.622900002328472,"ok",4883749,4883749,0,12772,0,0,0,0,0,0,TRUE,0.4,"MXL","AMR"
"NA19650","Ireland",0,0.661815618079344,0.65369927266179,"ok",4883749,4883749,0,12772,0,0,0,0,0,0,TRUE,0.4,"MXL","AMR"
"NA19653","Ireland",0,0.666468540600976,0.642849756088631,"ok",4883749,4883749,0,12772,0,0,0,0,0,0,TRUE,0.4,"MXL","AMR"
"NA19656","Ireland",0,0.665886780407712,0.618257470405723,"ok",4883749,4883749,0,12772,0,0,0,0,0,0,TRUE,0.4,"MXL","AMR"
"NA19659","Ireland",0,0.671542288372811,0.620624824129153,"ok",4883749,4883749,0,12772,0,0,0,0,0,0,TRUE,0.4,"MXL","AMR"
"NA19662","Ireland",0,0.669047672470309,0.620409144870104,"ok",4883749,4883749,0,12772,0,0,0,0,0,0,TRUE,0.4,"MXL","AMR"
"NA19665","Ireland",0,0.675821193259151,0.596575943468429,"ok",4883749,4883749,0,12772,0,0,0,0,0,0,TRUE,0.4,"MXL","AMR"
"NA19671","Ireland",0,0.672422192872601,0.627236861638213,"ok",4883749,4883749,0,12772,0,0,0,0,0,0,TRUE,0.4,"MXL","AMR"
"NA19675","Ireland",0,0.6664649020967,0.659425074676381,"ok",4883749,4883749,0,12772,0,0,0,0,0,0,TRUE,0.4,"MXL","AMR"
"NA19677","Ireland",0,0.664088421980655,0.649753312584334,"ok",4883749,4883749,0,12772,0,0,0,0,0,0,TRUE,0.4,"MXL","AMR"
"NA19680","Ireland",0,0.664958301239259,0.656132095403321,"ok",4883749,4883749,0,12772,0,0,0,0,0,0,TRUE,0.4,"MXL","AMR"
"NA19683","Ireland",0,0.673251247484608,0.614501750447485,"ok",4883749,4883749,0,12772,0,0,0,0,0,0,TRUE,0.4,"MXL","AMR"
"NA19685","Ireland",0.0012675,0.666407157109118,0.619281083910665,"ok",4883749,4883749,0,12772,0,0,0,0,0,0,TRUE,0.4,"MXL","AMR"
"NA19686","Ireland",0.0919212,0.662710971884807,0.630045102296036,"ok",4883749,4883749,0,12772,0,0,0,0,0,0,TRUE,0.4,"MXL","AMR"
"NA19718","Ireland",0,0.683882079457157,0.609395804765567,"ok",4883749,4883749,0,12772,0,0,0,0,0,0,TRUE,0.4,"MXL","AMR"
"NA19721","Ireland",0,0.676302869138831,0.615344534593962,"ok",4883749,4883749,0,12772,0,0,0,0,0,0,TRUE,0.4,"MXL","AMR"
"NA19724","Ireland",0.0236163,0.664392909086701,0.621777510398889,"ok",4883749,4883749,0,12772,0,0,0,0,0,0,TRUE,0.4,"MXL","AMR"
"NA19727","Ireland",0,0.67376663287826,0.622349411756339,"ok",4883749,4883749,0,12772,0,0,0,0,0,0,TRUE,0.4,"MXL","AMR"
"NA19730","Ireland",0,0.708254575293375,0.568077298489468,"ok",4883749,4883749,0,12772,0,0,0,0,0,0,TRUE,0.4,"MXL","AMR"
"NA19733","Ireland",0,0.711458350287214,0.565488313989325,"ok",4883749,4883749,0,12772,0,0,0,0,0,0,TRUE,0.4,"MXL","AMR"
"NA19748","Ireland",0,0.686465176459618,0.601732702638431,"ok",4883749,4883749,0,12772,0,0,0,0,0,0,TRUE,0.4,"MXL","AMR"
"NA19751","Ireland",0.0641103,0.663311743077862,0.637621237911581,"ok",4883749,4883749,0,12772,0,0,0,0,0,0,TRUE,0.4,"MXL","AMR"
"NA19757","Ireland",0,0.674799843998716,0.593768810582369,"ok",4883749,4883749,0,12772,0,0,0,0,0,0,TRUE,0.4,"MXL","AMR"
"NA19760","Ireland",0,0.695157514592797,0.584654662758997,"ok",4883749,4883749,0,12772,0,0,0,0,0,0,TRUE,0.4,"MXL","AMR"
"NA19763","Ireland",0,0.682378855132909,0.605414699389597,"ok",4883749,4883749,0,12772,0,0,0,0,0,0,TRUE,0.4,"MXL","AMR"
"NA19772","Ireland",0,0.665584091767023,0.622271954817319,"ok",4883749,4883749,0,12772,0,0,0,0,0,0,TRUE,0.4,"MXL","AMR"
"NA19775","Ireland",0,0.667423750313814,0.621385409667325,"ok",4883749,4883749,0,12772,0,0,0,0,0,0,TRUE,0.4,"MXL","AMR"
"NA19778","Ireland",0,0.661215719878911,0.613774929157378,"ok",4883749,4883749,0,12772,0,0,0,0,0,0,TRUE,0.4,"MXL","AMR"
"NA19781","Ireland",0,0.659645153895114,0.628968864888418,"ok",4883749,4883749,0,12772,0,0,0,0,0,0,TRUE,0.4,"MXL","AMR"
"NA19784","Ireland",0,0.67961954974106,0.606823387993484,"ok",4883749,4883749,0,12772,0,0,0,0,0,0,TRUE,0.4,"MXL","AMR"
"NA19787","Ireland",0,0.682401088913302,0.599277093145781,"ok",4883749,4883749,0,12772,0,0,0,0,0,0,TRUE,0.4,"MXL","AMR"
"NA19790","Ireland",0,0.675393662927151,0.607401515788332,"ok",4883749,4883749,0,12772,0,0,0,0,0,0,TRUE,0.4,"MXL","AMR"
"NA19796","Ireland",0,0.665700860810567,0.624271475946171,"ok",4883749,4883749,0,12772,0,0,0,0,0,0,TRUE,0.4,"MXL","AMR"
"NA19650","Italy",0.0607365,0.661815618079344,0.656367086880036,"ok",4883749,4883749,0,12772,0,0,0,0,0,0,TRUE,0.4,"MXL","AMR"
"NA19653","Italy",0.1586729,0.666468540600976,0.643776369379738,"ok",4883749,4883749,0,12772,0,0,0,0,0,0,TRUE,0.4,"MXL","AMR"
"NA19656","Italy",0,0.665886780407712,0.616600420972628,"ok",4883749,4883749,0,12772,0,0,0,0,0,0,TRUE,0.4,"MXL","AMR"
"NA19659","Italy",0.0086521,0.671542288372811,0.620374747102042,"ok",4883749,4883749,0,12772,0,0,0,0,0,0,TRUE,0.4,"MXL","AMR"
"NA19662","Italy",0.0570216,0.669047672470309,0.619784197426882,"ok",4883749,4883749,0,12772,0,0,0,0,0,0,TRUE,0.4,"MXL","AMR"
"NA19665","Italy",0,0.675821193259151,0.594022987988826,"ok",4883749,4883749,0,12772,0,0,0,0,0,0,TRUE,0.4,"MXL","AMR"
"NA19671","Italy",0.0267118,0.672422192872601,0.627963763339763,"ok",4883749,4883749,0,12772,0,0,0,0,0,0,TRUE,0.4,"MXL","AMR"
"NA19675","Italy",0.1420064,0.6664649020967,0.659859724420589,"ok",4883749,4883749,0,12772,0,0,0,0,0,0,TRUE,0.4,"MXL","AMR"
"NA19677","Italy",0.1268451,0.664088421980655,0.650970032625362,"ok",4883749,4883749,0,12772,0,0,0,0,0,0,TRUE,0.4,"MXL","AMR"
"NA19680","Italy",0.1280342,0.664958301239259,0.657933611548852,"ok",4883749,4883749,0,12772,0,0,0,0,0,0,TRUE,0.4,"MXL","AMR"
"NA19683","Italy",0,0.673251247484608,0.612561677454824,"ok",4883749,4883749,0,12772,0,0,0,0,0,0,TRUE,0.4,"MXL","AMR"
"NA19685","Italy",0.0343413,0.666407157109118,0.619020083426616,"ok",4883749,4883749,0,12772,0,0,0,0,0,0,TRUE,0.4,"MXL","AMR"
"NA19686","Italy",0,0.662710971884807,0.625946470612851,"ok",4883749,4883749,0,12772,0,0,0,0,0,0,TRUE,0.4,"MXL","AMR"
"NA19718","Italy",0,0.683882079457157,0.607512616060141,"ok",4883749,4883749,0,12772,0,0,0,0,0,0,TRUE,0.4,"MXL","AMR"
"NA19721","Italy",0,0.676302869138831,0.613394498517242,"ok",4883749,4883749,0,12772,0,0,0,0,0,0,TRUE,0.4,"MXL","AMR"
"NA19724","Italy",0.0228086,0.664392909086701,0.620693723298161,"ok",4883749,4883749,0,12772,0,0,0,0,0,0,TRUE,0.4,"MXL","AMR"
"NA19727","Italy",0.0566831,0.67376663287826,0.620627481225963,"ok",4883749,4883749,0,12772,0,0,0,0,0,0,TRUE,0.4,"MXL","AMR"
"NA19730","Italy",0,0.708254575293375,0.562414776047397,"ok",4883749,4883749,0,12772,0,0,0,0,0,0,TRUE,0.4,"MXL","AMR"
"NA19733","Italy",0,0.711458350287214,0.558576581687432,"ok",4883749,4883749,0,12772,0,0,0,0,0,0,TRUE,0.4,"MXL","AMR"
"NA19748","Italy",0,0.686465176459618,0.598213670300242,"ok",4883749,4883749,0,12772,0,0,0,0,0,0,TRUE,0.4,"MXL","AMR"
"NA19751","Italy",0,0.663311743077862,0.635476894399414,"ok",4883749,4883749,0,12772,0,0,0,0,0,0,TRUE,0.4,"MXL","AMR"
"NA19757","Italy",0,0.674799843998716,0.590597727750913,"ok",4883749,4883749,0,12772,0,0,0,0,0,0,TRUE,0.4,"MXL","AMR"
"NA19760","Italy",0,0.695157514592797,0.579864033050981,"ok",4883749,4883749,0,12772,0,0,0,0,0,0,TRUE,0.4,"MXL","AMR"
"NA19763","Italy",0,0.682378855132909,0.603102349412535,"ok",4883749,4883749,0,12772,0,0,0,0,0,0,TRUE,0.4,"MXL","AMR"
"NA19772","Italy",0.1244307,0.665584091767023,0.621952852725477,"ok",4883749,4883749,0,12772,0,0,0,0,0,0,TRUE,0.4,"MXL","AMR"
"NA19775","Italy",0.1085495,0.667423750313814,0.620068878069658,"ok",4883749,4883749,0,12772,0,0,0,0,0,0,TRUE,0.4,"MXL","AMR"
"NA19778","Italy",0.03438,0.661215719878911,0.614888518152377,"ok",4883749,4883749,0,12772,0,0,0,0,0,0,TRUE,0.4,"MXL","AMR"
"NA19781","Italy",0.0225129,0.659645153895114,0.629411554993618,"ok",4883749,4883749,0,12772,0,0,0,0,0,0,TRUE,0.4,"MXL","AMR"
"NA19784","Italy",0,0.67961954974106,0.604947522513489,"ok",4883749,4883749,0,12772,0,0,0,0,0,0,TRUE,0.4,"MXL","AMR"
"NA19787","Italy",0,0.682401088913302,0.597590534021624,"ok",4883749,4883749,0,12772,0,0,0,0,0,0,TRUE,0.4,"MXL","AMR"
"NA19790","Italy",0,0.675393662927151,0.607503982699042,"ok",4883749,4883749,0,12772,0,0,0,0,0,0,TRUE,0.4,"MXL","AMR"
"NA19796","Italy",0,0.665700860810567,0.623447451565538,"ok",4883749,4883749,0,12772,0,0,0,0,0,0,TRUE,0.4,"MXL","AMR"
"NA19650","Japan",0.0050981,0.661815618079344,0.522925896963668,"ok",4883749,4883749,0,12772,0,0,0,0,0,0,TRUE,0.4,"MXL","AMR"
"NA19653","Japan",0.0009787,0.666468540600976,0.552590243741165,"ok",4883749,4883749,0,12772,0,0,0,0,0,0,TRUE,0.4,"MXL","AMR"
"NA19656","Japan",0,0.665886780407712,0.564344438156379,"ok",4883749,4883749,0,12772,0,0,0,0,0,0,TRUE,0.4,"MXL","AMR"
"NA19659","Japan",0,0.671542288372811,0.573694784478045,"ok",4883749,4883749,0,12772,0,0,0,0,0,0,TRUE,0.4,"MXL","AMR"
"NA19662","Japan",0.0178022,0.669047672470309,0.571498383234042,"ok",4883749,4883749,0,12772,0,0,0,0,0,0,TRUE,0.4,"MXL","AMR"
"NA19665","Japan",0.042868,0.675821193259151,0.58932748210882,"ok",4883749,4883749,0,12772,0,0,0,0,0,0,TRUE,0.4,"MXL","AMR"
"NA19671","Japan",0.0183518,0.672422192872601,0.575132919780393,"ok",4883749,4883749,0,12772,0,0,0,0,0,0,TRUE,0.4,"MXL","AMR"
"NA19675","Japan",0,0.6664649020967,0.526390380537741,"ok",4883749,4883749,0,12772,0,0,0,0,0,0,TRUE,0.4,"MXL","AMR"
"NA19677","Japan",0.0009995,0.664088421980655,0.538912746818215,"ok",4883749,4883749,0,12772,0,0,0,0,0,0,TRUE,0.4,"MXL","AMR"
"NA19680","Japan",0.0007973,0.664958301239259,0.526500529698747,"ok",4883749,4883749,0,12772,0,0,0,0,0,0,TRUE,0.4,"MXL","AMR"
"NA19683","Japan",0.0025797,0.673251247484608,0.578389491553003,"ok",4883749,4883749,0,12772,0,0,0,0,0,0,TRUE,0.4,"MXL","AMR"
"NA19685","Japan",0.0222384,0.666407157109118,0.570772511979928,"ok",4883749,4883749,0,12772,0,0,0,0,0,0,TRUE,0.4,"MXL","AMR"
"NA19686","Japan",0.0250768,0.662710971884807,0.56289399577097,"ok",4883749,4883749,0,12772,0,0,0,0,0,0,TRUE,0.4,"MXL","AMR"
"NA19718","Japan",0.0003553,0.683882079457157,0.586992323940313,"ok",4883749,4883749,0,12772,0,0,0,0,0,0,TRUE,0.4,"MXL","AMR"
"NA19721","Japan",0.0091856,0.676302869138831,0.577658870587002,"ok",4883749,4883749,0,12772,0,0,0,0,0,0,TRUE,0.4,"MXL","AMR"
"NA19724","Japan",0,0.664392909086701,0.563645735776947,"ok",4883749,4883749,0,12772,0,0,0,0,0,0,TRUE,0.4,"MXL","AMR"
"NA19727","Japan",0,0.67376663287826,0.575431375879208,"ok",4883749,4883749,0,12772,0,0,0,0,0,0,TRUE,0.4,"MXL","AMR"
"NA19730","Japan",0.0195346,0.708254575293375,0.621789527415507,"ok",4883749,4883749,0,12772,0,0,0,0,0,0,TRUE,0.4,"MXL","AMR"
"NA19733","Japan",0.0060807,0.711458350287214,0.620506479153253,"ok",4883749,4883749,0,12772,0,0,0,0,0,0,TRUE,0.4,"MXL","AMR"
"NA19748","Japan",0.0159844,0.686465176459618,0.594020295274307,"ok",4883749,4883749,0,12772,0,0,0,0,0,0,TRUE,0.4,"MXL","AMR"
"NA19751","Japan",0,0.663311743077862,0.560641230992117,"ok",4883749,4883749,0,12772,0,0,0,0,0,0,TRUE,0.4,"MXL","AMR"
"NA19757","Japan",0.0219264,0.674799843998716,0.583000460475525,"ok",4883749,4883749,0,12772,0,0,0,0,0,0,TRUE,0.4,"MXL","AMR"
"NA19760","Japan",0.0090581,0.695157514592797,0.603985983529464,"ok",4883749,4883749,0,12772,0,0,0,0,0,0,TRUE,0.4,"MXL","AMR"
"NA19763","Japan",0.0128818,0.682378855132909,0.587252607556901,"ok",4883749,4883749,0,12772,0,0,0,0,0,0,TRUE,0.4,"MXL","AMR"
"NA19772","Japan",0.0133566,0.665584091767023,0.565241910740817,"ok",4883749,4883749,0,12772,0,0,0,0,0,0,TRUE,0.4,"MXL","AMR"
"NA19775","Japan",0.012099,0.667423750313814,0.56787797441447,"ok",4883749,4883749,0,12772,0,0,0,0,0,0,TRUE,0.4,"MXL","AMR"
"NA19778","Japan",0.0008681,0.661215719878911,0.559569346113263,"ok",4883749,4883749,0,12772,0,0,0,0,0,0,TRUE,0.4,"MXL","AMR"
"NA19781","Japan",0,0.659645153895114,0.551745520418459,"ok",4883749,4883749,0,12772,0,0,0,0,0,0,TRUE,0.4,"MXL","AMR"
"NA19784","Japan",0.0123623,0.67961954974106,0.583197963694683,"ok",4883749,4883749,0,12772,0,0,0,0,0,0,TRUE,0.4,"MXL","AMR"
"NA19787","Japan",0.0108284,0.682401088913302,0.590043515602573,"ok",4883749,4883749,0,12772,0,0,0,0,0,0,TRUE,0.4,"MXL","AMR"
"NA19790","Japan",0.0223069,0.675393662927151,0.578172972475366,"ok",4883749,4883749,0,12772,0,0,0,0,0,0,TRUE,0.4,"MXL","AMR"
"NA19796","Japan",0.0034139,0.665700860810567,0.56282211691478,"ok",4883749,4883749,0,12772,0,0,0,0,0,0,TRUE,0.4,"MXL","AMR"
"NA19650","Middle East",0,0.661815618079344,0.64889842347331,"ok",4883749,4883749,0,12772,0,0,0,0,0,0,TRUE,0.4,"MXL","AMR"
"NA19653","Middle East",0,0.666468540600976,0.6418577820386,"ok",4883749,4883749,0,12772,0,0,0,0,0,0,TRUE,0.4,"MXL","AMR"
"NA19656","Middle East",0,0.665886780407712,0.617122693640764,"ok",4883749,4883749,0,12772,0,0,0,0,0,0,TRUE,0.4,"MXL","AMR"
"NA19659","Middle East",0,0.671542288372811,0.621204646710502,"ok",4883749,4883749,0,12772,0,0,0,0,0,0,TRUE,0.4,"MXL","AMR"
"NA19662","Middle East",0,0.669047672470309,0.620838293717893,"ok",4883749,4883749,0,12772,0,0,0,0,0,0,TRUE,0.4,"MXL","AMR"
"NA19665","Middle East",0,0.675821193259151,0.599482048022343,"ok",4883749,4883749,0,12772,0,0,0,0,0,0,TRUE,0.4,"MXL","AMR"
"NA19671","Middle East",0,0.672422192872601,0.628735655029739,"ok",4883749,4883749,0,12772,0,0,0,0,0,0,TRUE,0.4,"MXL","AMR"
"NA19675","Middle East",0,0.6664649020967,0.652615231411996,"ok",4883749,4883749,0,12772,0,0,0,0,0,0,TRUE,0.4,"MXL","AMR"
"NA19677","Middle East",0,0.664088421980655,0.645737183314522,"ok",4883749,4883749,0,12772,0,0,0,0,0,0,TRUE,0.4,"MXL","AMR"
"NA19680","Middle East",0,0.664958301239259,0.650595878104466,"ok",4883749,4883749,0,12772,0,0,0,0,0,0,TRUE,0.4,"MXL","AMR"
"NA19683","Middle East",0,0.673251247484608,0.614198030224222,"ok",4883749,4883749,0,12772,0,0,0,0,0,0,TRUE,0.4,"MXL","AMR"
"NA19685","Middle East",0,0.666407157109118,0.620378913553016,"ok",4883749,4883749,0,12772,0,0,0,0,0,0,TRUE,0.4,"MXL","AMR"
"NA19686","Middle East",0,0.662710971884807,0.624983510792291,"ok",4883749,4883749,0,12772,0,0,0,0,0,0,TRUE,0.4,"MXL","AMR"
"NA19718","Middle East",0,0.683882079457157,0.610658642481858,"ok",4883749,4883749,0,12772,0,0,0,0,0,0,TRUE,0.4,"MXL","AMR"
"NA19721","Middle East",0,0.676302869138831,0.615020256225793,"ok",4883749,4883749,0,12772,0,0,0,0,0,0,TRUE,0.4,"MXL","AMR"
"NA19724","Middle East",0,0.664392909086701,0.621602581655091,"ok",4883749,4883749,0,12772,0,0,0,0,0,0,TRUE,0.4,"MXL","AMR"
"NA19727","Middle East",0,0.67376663287826,0.621461630578012,"ok",4883749,4883749,0,12772,0,0,0,0,0,0,TRUE,0.4,"MXL","AMR"
"NA19730","Middle East",0,0.708254575293375,0.571729515789204,"ok",4883749,4883749,0,12772,0,0,0,0,0,0,TRUE,0.4,"MXL","AMR"
"NA19733","Middle East",0,0.711458350287214,0.568660883385473,"ok",4883749,4883749,0,12772,0,0,0,0,0,0,TRUE,0.4,"MXL","AMR"
"NA19748","Middle East",0,0.686465176459618,0.603482619085155,"ok",4883749,4883749,0,12772,0,0,0,0,0,0,TRUE,0.4,"MXL","AMR"
"NA19751","Middle East",0,0.663311743077862,0.632958942405461,"ok",4883749,4883749,0,12772,0,0,0,0,0,0,TRUE,0.4,"MXL","AMR"
"NA19757","Middle East",0,0.674799843998716,0.594715101654047,"ok",4883749,4883749,0,12772,0,0,0,0,0,0,TRUE,0.4,"MXL","AMR"
"NA19760","Middle East",0,0.695157514592797,0.587426696887743,"ok",4883749,4883749,0,12772,0,0,0,0,0,0,TRUE,0.4,"MXL","AMR"
"NA19763","Middle East",0,0.682378855132909,0.60784663767379,"ok",4883749,4883749,0,12772,0,0,0,0,0,0,TRUE,0.4,"MXL","AMR"
"NA19772","Middle East",0,0.665584091767023,0.621834868899694,"ok",4883749,4883749,0,12772,0,0,0,0,0,0,TRUE,0.4,"MXL","AMR"
"NA19775","Middle East",0,0.667423750313814,0.620161528073272,"ok",4883749,4883749,0,12772,0,0,0,0,0,0,TRUE,0.4,"MXL","AMR"
"NA19778","Middle East",0.0214856,0.661215719878911,0.616716505846373,"ok",4883749,4883749,0,12772,0,0,0,0,0,0,TRUE,0.4,"MXL","AMR"
"NA19781","Middle East",0,0.659645153895114,0.627857613475425,"ok",4883749,4883749,0,12772,0,0,0,0,0,0,TRUE,0.4,"MXL","AMR"
"NA19784","Middle East",0,0.67961954974106,0.608160033838841,"ok",4883749,4883749,0,12772,0,0,0,0,0,0,TRUE,0.4,"MXL","AMR"
"NA19787","Middle East",0,0.682401088913302,0.602428483978769,"ok",4883749,4883749,0,12772,0,0,0,0,0,0,TRUE,0.4,"MXL","AMR"
"NA19790","Middle East",0,0.675393662927151,0.611478522186433,"ok",4883749,4883749,0,12772,0,0,0,0,0,0,TRUE,0.4,"MXL","AMR"
"NA19796","Middle East",0,0.665700860810567,0.623112444655336,"ok",4883749,4883749,0,12772,0,0,0,0,0,0,TRUE,0.4,"MXL","AMR"
"NA19650","Pakistan",0,0.661815618079344,0.629296416144053,"ok",4883749,4883749,0,12772,0,0,0,0,0,0,TRUE,0.4,"MXL","AMR"
"NA19653","Pakistan",0,0.666468540600976,0.634872443710047,"ok",4883749,4883749,0,12772,0,0,0,0,0,0,TRUE,0.4,"MXL","AMR"
"NA19656","Pakistan",0,0.665886780407712,0.62006286721703,"ok",4883749,4883749,0,12772,0,0,0,0,0,0,TRUE,0.4,"MXL","AMR"
"NA19659","Pakistan",0,0.671542288372811,0.623661661109286,"ok",4883749,4883749,0,12772,0,0,0,0,0,0,TRUE,0.4,"MXL","AMR"
"NA19662","Pakistan",0,0.669047672470309,0.623652672440898,"ok",4883749,4883749,0,12772,0,0,0,0,0,0,TRUE,0.4,"MXL","AMR"
"NA19665","Pakistan",0,0.675821193259151,0.610994327896297,"ok",4883749,4883749,0,12772,0,0,0,0,0,0,TRUE,0.4,"MXL","AMR"
"NA19671","Pakistan",0,0.672422192872601,0.631559918838455,"ok",4883749,4883749,0,12772,0,0,0,0,0,0,TRUE,0.4,"MXL","AMR"
"NA19675","Pakistan",0,0.6664649020967,0.636083376379855,"ok",4883749,4883749,0,12772,0,0,0,0,0,0,TRUE,0.4,"MXL","AMR"
"NA19677","Pakistan",0,0.664088421980655,0.632630531496198,"ok",4883749,4883749,0,12772,0,0,0,0,0,0,TRUE,0.4,"MXL","AMR"
"NA19680","Pakistan",0,0.664958301239259,0.633986257352164,"ok",4883749,4883749,0,12772,0,0,0,0,0,0,TRUE,0.4,"MXL","AMR"
"NA19683","Pakistan",0,0.673251247484608,0.620686829754663,"ok",4883749,4883749,0,12772,0,0,0,0,0,0,TRUE,0.4,"MXL","AMR"
"NA19685","Pakistan",0,0.666407157109118,0.622670687142793,"ok",4883749,4883749,0,12772,0,0,0,0,0,0,TRUE,0.4,"MXL","AMR"
"NA19686","Pakistan",0,0.662710971884807,0.624505481218589,"ok",4883749,4883749,0,12772,0,0,0,0,0,0,TRUE,0.4,"MXL","AMR"
"NA19718","Pakistan",0,0.683882079457157,0.622037881455639,"ok",4883749,4883749,0,12772,0,0,0,0,0,0,TRUE,0.4,"MXL","AMR"
"NA19721","Pakistan",0,0.676302869138831,0.619884955389058,"ok",4883749,4883749,0,12772,0,0,0,0,0,0,TRUE,0.4,"MXL","AMR"
"NA19724","Pakistan",0,0.664392909086701,0.62212784256896,"ok",4883749,4883749,0,12772,0,0,0,0,0,0,TRUE,0.4,"MXL","AMR"
"NA19727","Pakistan",0,0.67376663287826,0.623943237572161,"ok",4883749,4883749,0,12772,0,0,0,0,0,0,TRUE,0.4,"MXL","AMR"
"NA19730","Pakistan",0,0.708254575293375,0.599623948929683,"ok",4883749,4883749,0,12772,0,0,0,0,0,0,TRUE,0.4,"MXL","AMR"
"NA19733","Pakistan",0,0.711458350287214,0.598504862204888,"ok",4883749,4883749,0,12772,0,0,0,0,0,0,TRUE,0.4,"MXL","AMR"
"NA19748","Pakistan",0,0.686465176459618,0.616176356534155,"ok",4883749,4883749,0,12772,0,0,0,0,0,0,TRUE,0.4,"MXL","AMR"
"NA19751","Pakistan",0,0.663311743077862,0.630692174196406,"ok",4883749,4883749,0,12772,0,0,0,0,0,0,TRUE,0.4,"MXL","AMR"
"NA19757","Pakistan",0,0.674799843998716,0.607870025735438,"ok",4883749,4883749,0,12772,0,0,0,0,0,0,TRUE,0.4,"MXL","AMR"
"NA19760","Pakistan",0,0.695157514592797,0.606721472821139,"ok",4883749,4883749,0,12772,0,0,0,0,0,0,TRUE,0.4,"MXL","AMR"
"NA19763","Pakistan",0,0.682378855132909,0.618363735694783,"ok",4883749,4883749,0,12772,0,0,0,0,0,0,TRUE,0.4,"MXL","AMR"
"NA19772","Pakistan",0,0.665584091767023,0.621312758216942,"ok",4883749,4883749,0,12772,0,0,0,0,0,0,TRUE,0.4,"MXL","AMR"
"NA19775","Pakistan",0,0.667423750313814,0.621621421639952,"ok",4883749,4883749,0,12772,0,0,0,0,0,0,TRUE,0.4,"MXL","AMR"
"NA19778","Pakistan",0,0.661215719878911,0.617413169063952,"ok",4883749,4883749,0,12772,0,0,0,0,0,0,TRUE,0.4,"MXL","AMR"
"NA19781","Pakistan",0,0.659645153895114,0.623351149724607,"ok",4883749,4883749,0,12772,0,0,0,0,0,0,TRUE,0.4,"MXL","AMR"
"NA19784","Pakistan",0,0.67961954974106,0.616900648151893,"ok",4883749,4883749,0,12772,0,0,0,0,0,0,TRUE,0.4,"MXL","AMR"
"NA19787","Pakistan",0,0.682401088913302,0.614167687884728,"ok",4883749,4883749,0,12772,0,0,0,0,0,0,TRUE,0.4,"MXL","AMR"
"NA19790","Pakistan",0,0.675393662927151,0.618084006164564,"ok",4883749,4883749,0,12772,0,0,0,0,0,0,TRUE,0.4,"MXL","AMR"
"NA19796","Pakistan",0,0.665700860810567,0.62355298986181,"ok",4883749,4883749,0,12772,0,0,0,0,0,0,TRUE,0.4,"MXL","AMR"
"NA19650","Philippines",0,0.661815618079344,0.522123056521155,"ok",4883749,4883749,0,12772,0,0,0,0,0,0,TRUE,0.4,"MXL","AMR"
"NA19653","Philippines",0,0.666468540600976,0.550054776328298,"ok",4883749,4883749,0,12772,0,0,0,0,0,0,TRUE,0.4,"MXL","AMR"
"NA19656","Philippines",0.001491,0.665886780407712,0.559565654665163,"ok",4883749,4883749,0,12772,0,0,0,0,0,0,TRUE,0.4,"MXL","AMR"
"NA19659","Philippines",0,0.671542288372811,0.567849826082169,"ok",4883749,4883749,0,12772,0,0,0,0,0,0,TRUE,0.4,"MXL","AMR"
"NA19662","Philippines",0,0.669047672470309,0.564949431974187,"ok",4883749,4883749,0,12772,0,0,0,0,0,0,TRUE,0.4,"MXL","AMR"
"NA19665","Philippines",0,0.675821193259151,0.579608154292114,"ok",4883749,4883749,0,12772,0,0,0,0,0,0,TRUE,0.4,"MXL","AMR"
"NA19671","Philippines",2.7e-06,0.672422192872601,0.568642961609351,"ok",4883749,4883749,0,12772,0,0,0,0,0,0,TRUE,0.4,"MXL","AMR"
"NA19675","Philippines",0,0.6664649020967,0.527142743560109,"ok",4883749,4883749,0,12772,0,0,0,0,0,0,TRUE,0.4,"MXL","AMR"
"NA19677","Philippines",0,0.664088421980655,0.538237938237633,"ok",4883749,4883749,0,12772,0,0,0,0,0,0,TRUE,0.4,"MXL","AMR"
"NA19680","Philippines",0,0.664958301239259,0.527029762656806,"ok",4883749,4883749,0,12772,0,0,0,0,0,0,TRUE,0.4,"MXL","AMR"
"NA19683","Philippines",0.0085472,0.673251247484608,0.572030517814721,"ok",4883749,4883749,0,12772,0,0,0,0,0,0,TRUE,0.4,"MXL","AMR"
"NA19685","Philippines",0,0.666407157109118,0.565731467883769,"ok",4883749,4883749,0,12772,0,0,0,0,0,0,TRUE,0.4,"MXL","AMR"
"NA19686","Philippines",0,0.662710971884807,0.559885700275553,"ok",4883749,4883749,0,12772,0,0,0,0,0,0,TRUE,0.4,"MXL","AMR"
"NA19718","Philippines",0,0.683882079457157,0.577933208862015,"ok",4883749,4883749,0,12772,0,0,0,0,0,0,TRUE,0.4,"MXL","AMR"
"NA19721","Philippines",0,0.676302869138831,0.570595124102066,"ok",4883749,4883749,0,12772,0,0,0,0,0,0,TRUE,0.4,"MXL","AMR"
"NA19724","Philippines",0,0.664392909086701,0.558631943796697,"ok",4883749,4883749,0,12772,0,0,0,0,0,0,TRUE,0.4,"MXL","AMR"
"NA19727","Philippines",0,0.67376663287826,0.569753771478252,"ok",4883749,4883749,0,12772,0,0,0,0,0,0,TRUE,0.4,"MXL","AMR"
"NA19730","Philippines",0,0.708254575293375,0.604507995644478,"ok",4883749,4883749,0,12772,0,0,0,0,0,0,TRUE,0.4,"MXL","AMR"
"NA19733","Philippines",0,0.711458350287214,0.607655037613059,"ok",4883749,4883749,0,12772,0,0,0,0,0,0,TRUE,0.4,"MXL","AMR"
"NA19748","Philippines",0,0.686465176459618,0.58421378547641,"ok",4883749,4883749,0,12772,0,0,0,0,0,0,TRUE,0.4,"MXL","AMR"
"NA19751","Philippines",0,0.663311743077862,0.556431116162761,"ok",4883749,4883749,0,12772,0,0,0,0,0,0,TRUE,0.4,"MXL","AMR"
"NA19757","Philippines",0,0.674799843998716,0.576619267074765,"ok",4883749,4883749,0,12772,0,0,0,0,0,0,TRUE,0.4,"MXL","AMR"
"NA19760","Philippines",0,0.695157514592797,0.593689498418078,"ok",4883749,4883749,0,12772,0,0,0,0,0,0,TRUE,0.4,"MXL","AMR"
"NA19763","Philippines",0,0.682378855132909,0.579356376648435,"ok",4883749,4883749,0,12772,0,0,0,0,0,0,TRUE,0.4,"MXL","AMR"
"NA19772","Philippines",0,0.665584091767023,0.558245715473788,"ok",4883749,4883749,0,12772,0,0,0,0,0,0,TRUE,0.4,"MXL","AMR"
"NA19775","Philippines",0,0.667423750313814,0.558985222526922,"ok",4883749,4883749,0,12772,0,0,0,0,0,0,TRUE,0.4,"MXL","AMR"
"NA19778","Philippines",0,0.661215719878911,0.553795780744317,"ok",4883749,4883749,0,12772,0,0,0,0,0,0,TRUE,0.4,"MXL","AMR"
"NA19781","Philippines",0.0002036,0.659645153895114,0.547963939771861,"ok",4883749,4883749,0,12772,0,0,0,0,0,0,TRUE,0.4,"MXL","AMR"
"NA19784","Philippines",0,0.67961954974106,0.576259132197549,"ok",4883749,4883749,0,12772,0,0,0,0,0,0,TRUE,0.4,"MXL","AMR"
"NA19787","Philippines",0,0.682401088913302,0.58118046617022,"ok",4883749,4883749,0,12772,0,0,0,0,0,0,TRUE,0.4,"MXL","AMR"
"NA19790","Philippines",0,0.675393662927151,0.570584493277784,"ok",4883749,4883749,0,12772,0,0,0,0,0,0,TRUE,0.4,"MXL","AMR"
"NA19796","Philippines",0.0008425,0.665700860810567,0.55908744591454,"ok",4883749,4883749,0,12772,0,0,0,0,0,0,TRUE,0.4,"MXL","AMR"
"NA19650","Scandinavia",0,0.661815618079344,0.653572607633555,"ok",4883749,4883749,0,12772,0,0,0,0,0,0,TRUE,0.4,"MXL","AMR"
"NA19653","Scandinavia",0,0.666468540600976,0.642723960537277,"ok",4883749,4883749,0,12772,0,0,0,0,0,0,TRUE,0.4,"MXL","AMR"
"NA19656","Scandinavia",0,0.665886780407712,0.618403853383177,"ok",4883749,4883749,0,12772,0,0,0,0,0,0,TRUE,0.4,"MXL","AMR"
"NA19659","Scandinavia",0,0.671542288372811,0.621330643543993,"ok",4883749,4883749,0,12772,0,0,0,0,0,0,TRUE,0.4,"MXL","AMR"
"NA19662","Scandinavia",0.0267268,0.669047672470309,0.620451745708167,"ok",4883749,4883749,0,12772,0,0,0,0,0,0,TRUE,0.4,"MXL","AMR"
"NA19665","Scandinavia",0,0.675821193259151,0.596361738139431,"ok",4883749,4883749,0,12772,0,0,0,0,0,0,TRUE,0.4,"MXL","AMR"
"NA19671","Scandinavia",0,0.672422192872601,0.626827940654857,"ok",4883749,4883749,0,12772,0,0,0,0,0,0,TRUE,0.4,"MXL","AMR"
"NA19675","Scandinavia",0.0809921,0.6664649020967,0.659029269592157,"ok",4883749,4883749,0,12772,0,0,0,0,0,0,TRUE,0.4,"MXL","AMR"
"NA19677","Scandinavia",0,0.664088421980655,0.64889346475592,"ok",4883749,4883749,0,12772,0,0,0,0,0,0,TRUE,0.4,"MXL","AMR"
"NA19680","Scandinavia",0,0.664958301239259,0.655072397101997,"ok",4883749,4883749,0,12772,0,0,0,0,0,0,TRUE,0.4,"MXL","AMR"
"NA19683","Scandinavia",0,0.673251247484608,0.614283225210623,"ok",4883749,4883749,0,12772,0,0,0,0,0,0,TRUE,0.4,"MXL","AMR"
"NA19685","Scandinavia",0,0.666407157109118,0.619441132501332,"ok",4883749,4883749,0,12772,0,0,0,0,0,0,TRUE,0.4,"MXL","AMR"
"NA19686","Scandinavia",0.1653933,0.662710971884807,0.629760731967832,"ok",4883749,4883749,0,12772,0,0,0,0,0,0,TRUE,0.4,"MXL","AMR"
"NA19718","Scandinavia",0,0.683882079457157,0.609180558561909,"ok",4883749,4883749,0,12772,0,0,0,0,0,0,TRUE,0.4,"MXL","AMR"
"NA19721","Scandinavia",0,0.676302869138831,0.614830600486256,"ok",4883749,4883749,0,12772,0,0,0,0,0,0,TRUE,0.4,"MXL","AMR"
"NA19724","Scandinavia",0,0.664392909086701,0.621336957553134,"ok",4883749,4883749,0,12772,0,0,0,0,0,0,TRUE,0.4,"MXL","AMR"
"NA19727","Scandinavia",0,0.67376663287826,0.621950958285933,"ok",4883749,4883749,0,12772,0,0,0,0,0,0,TRUE,0.4,"MXL","AMR"
"NA19730","Scandinavia",0,0.708254575293375,0.568615729346633,"ok",4883749,4883749,0,12772,0,0,0,0,0,0,TRUE,0.4,"MXL","AMR"
"NA19733","Scandinavia",0,0.711458350287214,0.565699120127399,"ok",4883749,4883749,0,12772,0,0,0,0,0,0,TRUE,0.4,"MXL","AMR"
"NA19748","Scandinavia",0,0.686465176459618,0.60127987473565,"ok",4883749,4883749,0,12772,0,0,0,0,0,0,TRUE,0.4,"MXL","AMR"
"NA19751","Scandinavia",0,0.663311743077862,0.636886862849444,"ok",4883749,4883749,0,12772,0,0,0,0,0,0,TRUE,0.4,"MXL","AMR"
"NA19757","Scandinavia",0,0.674799843998716,0.593314729677351,"ok",4883749,4883749,0,12772,0,0,0,0,0,0,TRUE,0.4,"MXL","AMR"
"NA19760","Scandinavia",0,0.695157514592797,0.584760568222279,"ok",4883749,4883749,0,12772,0,0,0,0,0,0,TRUE,0.4,"MXL","AMR"
"NA19763","Scandinavia",0,0.682378855132909,0.604842520435526,"ok",4883749,4883749,0,12772,0,0,0,0,0,0,TRUE,0.4,"MXL","AMR"
"NA19772","Scandinavia",0,0.665584091767023,0.622403279686581,"ok",4883749,4883749,0,12772,0,0,0,0,0,0,TRUE,0.4,"MXL","AMR"
"NA19775","Scandinavia",0,0.667423750313814,0.621107848768576,"ok",4883749,4883749,0,12772,0,0,0,0,0,0,TRUE,0.4,"MXL","AMR"
"NA19778","Scandinavia",0,0.661215719878911,0.613388844539997,"ok",4883749,4883749,0,12772,0,0,0,0,0,0,TRUE,0.4,"MXL","AMR"
"NA19781","Scandinavia",0,0.659645153895114,0.627976200343973,"ok",4883749,4883749,0,12772,0,0,0,0,0,0,TRUE,0.4,"MXL","AMR"
"NA19784","Scandinavia",0,0.67961954974106,0.607218970766116,"ok",4883749,4883749,0,12772,0,0,0,0,0,0,TRUE,0.4,"MXL","AMR"
"NA19787","Scandinavia",0,0.682401088913302,0.599522655406202,"ok",4883749,4883749,0,12772,0,0,0,0,0,0,TRUE,0.4,"MXL","AMR"
"NA19790","Scandinavia",0,0.675393662927151,0.606522234965456,"ok",4883749,4883749,0,12772,0,0,0,0,0,0,TRUE,0.4,"MXL","AMR"
"NA19796","Scandinavia",0,0.665700860810567,0.623600361202409,"ok",4883749,4883749,0,12772,0,0,0,0,0,0,TRUE,0.4,"MXL","AMR"
"NA19650","South America",0.2421144,0.661815618079344,0.626939873549338,"ok",4883749,4883749,0,12772,0,0,0,0,0,0,TRUE,0.4,"MXL","AMR"
"NA19653","South America",0.557478,0.666468540600976,0.655588538850706,"ok",4883749,4883749,0,12772,0,0,0,0,0,0,TRUE,0.4,"MXL","AMR"
"NA19656","South America",0.884162,0.665886780407712,0.664920835144026,"ok",4883749,4883749,0,12772,0,0,0,0,0,0,TRUE,0.4,"MXL","AMR"
"NA19659","South America",0.9167946,0.671542288372811,0.670814808249473,"ok",4883749,4883749,0,12772,0,0,0,0,0,0,TRUE,0.4,"MXL","AMR"
"NA19662","South America",0.8836593,0.669047672470309,0.668072626543932,"ok",4883749,4883749,0,12772,0,0,0,0,0,0,TRUE,0.4,"MXL","AMR"
"NA19665","South America",0.957132,0.675821193259151,0.675312049068839,"ok",4883749,4883749,0,12772,0,0,0,0,0,0,TRUE,0.4,"MXL","AMR"
"NA19671","South America",0.8153197,0.672422192872601,0.670498671117351,"ok",4883749,4883749,0,12772,0,0,0,0,0,0,TRUE,0.4,"MXL","AMR"
"NA19675","South America",0.2429331,0.6664649020967,0.631660026826146,"ok",4883749,4883749,0,12772,0,0,0,0,0,0,TRUE,0.4,"MXL","AMR"
"NA19677","South America",0.4288433,0.664088421980655,0.643170480483719,"ok",4883749,4883749,0,12772,0,0,0,0,0,0,TRUE,0.4,"MXL","AMR"
"NA19680","South America",0.2446499,0.664958301239259,0.63267886576152,"ok",4883749,4883749,0,12772,0,0,0,0,0,0,TRUE,0.4,"MXL","AMR"
"NA19683","South America",0.9838923,0.673251247484608,0.673169056557831,"ok",4883749,4883749,0,12772,0,0,0,0,0,0,TRUE,0.4,"MXL","AMR"
"NA19685","South America",0.847562,0.666407157109118,0.665060024477539,"ok",4883749,4883749,0,12772,0,0,0,0,0,0,TRUE,0.4,"MXL","AMR"
"NA19686","South America",0.7050683,0.662710971884807,0.657921504194081,"ok",4883749,4883749,0,12772,0,0,0,0,0,0,TRUE,0.4,"MXL","AMR"
"NA19718","South America",0.9996447,0.683882079457157,0.683879909962688,"ok",4883749,4883749,0,12772,0,0,0,0,0,0,TRUE,0.4,"MXL","AMR"
"NA19721","South America",0.9902885,0.676302869138831,0.67628381447097,"ok",4883749,4883749,0,12772,0,0,0,0,0,0,TRUE,0.4,"MXL","AMR"
"NA19724","South America",0.8676689,0.664392909086701,0.662683673790964,"ok",4883749,4883749,0,12772,0,0,0,0,0,0,TRUE,0.4,"MXL","AMR"
"NA19727","South America",0.9177059,0.67376663287826,0.673212240511623,"ok",4883749,4883749,0,12772,0,0,0,0,0,0,TRUE,0.4,"MXL","AMR"
"NA19730","South America",0.9804654,0.708254575293375,0.707872387127061,"ok",4883749,4883749,0,12772,0,0,0,0,0,0,TRUE,0.4,"MXL","AMR"
"NA19733","South America",0.9939193,0.711458350287214,0.711358088734444,"ok",4883749,4883749,0,12772,0,0,0,0,0,0,TRUE,0.4,"MXL","AMR"
"NA19748","South America",0.9840156,0.686465176459618,0.686309290916916,"ok",4883749,4883749,0,12772,0,0,0,0,0,0,TRUE,0.4,"MXL","AMR"
"NA19751","South America",0.5670713,0.663311743077862,0.654538837879851,"ok",4883749,4883749,0,12772,0,0,0,0,0,0,TRUE,0.4,"MXL","AMR"
"NA19757","South America",0.9780736,0.674799843998716,0.674625719283501,"ok",4883749,4883749,0,12772,0,0,0,0,0,0,TRUE,0.4,"MXL","AMR"
"NA19760","South America",0.9909419,0.695157514592797,0.69503715303564,"ok",4883749,4883749,0,12772,0,0,0,0,0,0,TRUE,0.4,"MXL","AMR"
"NA19763","South America",0.9871182,0.682378855132909,0.682295692563983,"ok",4883749,4883749,0,12772,0,0,0,0,0,0,TRUE,0.4,"MXL","AMR"
"NA19772","South America",0.8128863,0.665584091767023,0.663667427378628,"ok",4883749,4883749,0,12772,0,0,0,0,0,0,TRUE,0.4,"MXL","AMR"
"NA19775","South America",0.8293148,0.667423750313814,0.666177287172548,"ok",4883749,4883749,0,12772,0,0,0,0,0,0,TRUE,0.4,"MXL","AMR"
"NA19778","South America",0.8077386,0.661215719878911,0.65938264988125,"ok",4883749,4883749,0,12772,0,0,0,0,0,0,TRUE,0.4,"MXL","AMR"
"NA19781","South America",0.6802562,0.659645153895114,0.653296060043924,"ok",4883749,4883749,0,12772,0,0,0,0,0,0,TRUE,0.4,"MXL","AMR"
"NA19784","South America",0.9876377,0.67961954974106,0.679562249980204,"ok",4883749,4883749,0,12772,0,0,0,0,0,0,TRUE,0.4,"MXL","AMR"
"NA19787","South America",0.9891716,0.682401088913302,0.682295803917201,"ok",4883749,4883749,0,12772,0,0,0,0,0,0,TRUE,0.4,"MXL","AMR"
"NA19790","South America",0.9776931,0.675393662927151,0.67534977933187,"ok",4883749,4883749,0,12772,0,0,0,0,0,0,TRUE,0.4,"MXL","AMR"
"NA19796","South America",0.8128966,0.665700860810567,0.663362077536704,"ok",4883749,4883749,0,12772,0,0,0,0,0,0,TRUE,0.4,"MXL","AMR"
"NA19650","Sri Lanka",0,0.661815618079344,0.602486344459499,"ok",4883749,4883749,0,12772,0,0,0,0,0,0,TRUE,0.4,"MXL","AMR"
"NA19653","Sri Lanka",0,0.666468540600976,0.613905318519991,"ok",4883749,4883749,0,12772,0,0,0,0,0,0,TRUE,0.4,"MXL","AMR"
"NA19656","Sri Lanka",0.0084707,0.665886780407712,0.603815328876602,"ok",4883749,4883749,0,12772,0,0,0,0,0,0,TRUE,0.4,"MXL","AMR"
"NA19659","Sri Lanka",0,0.671542288372811,0.607390352584051,"ok",4883749,4883749,0,12772,0,0,0,0,0,0,TRUE,0.4,"MXL","AMR"
"NA19662","Sri Lanka",0,0.669047672470309,0.607744394944385,"ok",4883749,4883749,0,12772,0,0,0,0,0,0,TRUE,0.4,"MXL","AMR"
"NA19665","Sri Lanka",0,0.675821193259151,0.599975584324412,"ok",4883749,4883749,0,12772,0,0,0,0,0,0,TRUE,0.4,"MXL","AMR"
"NA19671","Sri Lanka",0.0083358,0.672422192872601,0.614959102494658,"ok",4883749,4883749,0,12772,0,0,0,0,0,0,TRUE,0.4,"MXL","AMR"
"NA19675","Sri Lanka",0,0.6664649020967,0.608380826773255,"ok",4883749,4883749,0,12772,0,0,0,0,0,0,TRUE,0.4,"MXL","AMR"
"NA19677","Sri Lanka",0,0.664088421980655,0.607515778848905,"ok",4883749,4883749,0,12772,0,0,0,0,0,0,TRUE,0.4,"MXL","AMR"
"NA19680","Sri Lanka",0,0.664958301239259,0.607485351467812,"ok",4883749,4883749,0,12772,0,0,0,0,0,0,TRUE,0.4,"MXL","AMR"
"NA19683","Sri Lanka",0,0.673251247484608,0.606631887692934,"ok",4883749,4883749,0,12772,0,0,0,0,0,0,TRUE,0.4,"MXL","AMR"
"NA19685","Sri Lanka",0.014721,0.666407157109118,0.607948355073418,"ok",4883749,4883749,0,12772,0,0,0,0,0,0,TRUE,0.4,"MXL","AMR"
"NA19686","Sri Lanka",0,0.662710971884807,0.60601614241269,"ok",4883749,4883749,0,12772,0,0,0,0,0,0,TRUE,0.4,"MXL","AMR"
"NA19718","Sri Lanka",0,0.683882079457157,0.610265706590527,"ok",4883749,4883749,0,12772,0,0,0,0,0,0,TRUE,0.4,"MXL","AMR"
"NA19721","Sri Lanka",0,0.676302869138831,0.60477102158639,"ok",4883749,4883749,0,12772,0,0,0,0,0,0,TRUE,0.4,"MXL","AMR"
"NA19724","Sri Lanka",0.0081552,0.664392909086701,0.605984325784776,"ok",4883749,4883749,0,12772,0,0,0,0,0,0,TRUE,0.4,"MXL","AMR"
"NA19727","Sri Lanka",0,0.67376663287826,0.60781279935599,"ok",4883749,4883749,0,12772,0,0,0,0,0,0,TRUE,0.4,"MXL","AMR"
"NA19730","Sri Lanka",0,0.708254575293375,0.59689633485702,"ok",4883749,4883749,0,12772,0,0,0,0,0,0,TRUE,0.4,"MXL","AMR"
"NA19733","Sri Lanka",0,0.711458350287214,0.59648525262484,"ok",4883749,4883749,0,12772,0,0,0,0,0,0,TRUE,0.4,"MXL","AMR"
"NA19748","Sri Lanka",0,0.686465176459618,0.605742367630753,"ok",4883749,4883749,0,12772,0,0,0,0,0,0,TRUE,0.4,"MXL","AMR"
"NA19751","Sri Lanka",0.0140749,0.663311743077862,0.611055138412889,"ok",4883749,4883749,0,12772,0,0,0,0,0,0,TRUE,0.4,"MXL","AMR"
"NA19757","Sri Lanka",0,0.674799843998716,0.598215287875033,"ok",4883749,4883749,0,12772,0,0,0,0,0,0,TRUE,0.4,"MXL","AMR"
"NA19760","Sri Lanka",0,0.695157514592797,0.598550566826964,"ok",4883749,4883749,0,12772,0,0,0,0,0,0,TRUE,0.4,"MXL","AMR"
"NA19763","Sri Lanka",0,0.682378855132909,0.606272870569591,"ok",4883749,4883749,0,12772,0,0,0,0,0,0,TRUE,0.4,"MXL","AMR"
"NA19772","Sri Lanka",0,0.665584091767023,0.604173032596706,"ok",4883749,4883749,0,12772,0,0,0,0,0,0,TRUE,0.4,"MXL","AMR"
"NA19775","Sri Lanka",0,0.667423750313814,0.604773405927066,"ok",4883749,4883749,0,12772,0,0,0,0,0,0,TRUE,0.4,"MXL","AMR"
"NA19778","Sri Lanka",0,0.661215719878911,0.60032375207588,"ok",4883749,4883749,0,12772,0,0,0,0,0,0,TRUE,0.4,"MXL","AMR"
"NA19781","Sri Lanka",0,0.659645153895114,0.603662669567718,"ok",4883749,4883749,0,12772,0,0,0,0,0,0,TRUE,0.4,"MXL","AMR"
"NA19784","Sri Lanka",0,0.67961954974106,0.603787795044045,"ok",4883749,4883749,0,12772,0,0,0,0,0,0,TRUE,0.4,"MXL","AMR"
"NA19787","Sri Lanka",0,0.682401088913302,0.603054457151393,"ok",4883749,4883749,0,12772,0,0,0,0,0,0,TRUE,0.4,"MXL","AMR"
"NA19790","Sri Lanka",0,0.675393662927151,0.60484216953249,"ok",4883749,4883749,0,12772,0,0,0,0,0,0,TRUE,0.4,"MXL","AMR"
"NA19796","Sri Lanka",0,0.665700860810567,0.605801249928289,"ok",4883749,4883749,0,12772,0,0,0,0,0,0,TRUE,0.4,"MXL","AMR"
"NA19650","United Kingdom",0,0.661815618079344,0.65544549575421,"ok",4883749,4883749,0,12772,0,0,0,0,0,0,TRUE,0.4,"MXL","AMR"
"NA19653","United Kingdom",0,0.666468540600976,0.643982387704245,"ok",4883749,4883749,0,12772,0,0,0,0,0,0,TRUE,0.4,"MXL","AMR"
"NA19656","United Kingdom",0,0.665886780407712,0.619151970542053,"ok",4883749,4883749,0,12772,0,0,0,0,0,0,TRUE,0.4,"MXL","AMR"
"NA19659","United Kingdom",0,0.671542288372811,0.621730773832464,"ok",4883749,4883749,0,12772,0,0,0,0,0,0,TRUE,0.4,"MXL","AMR"
"NA19662","United Kingdom",0,0.669047672470309,0.621460223497378,"ok",4883749,4883749,0,12772,0,0,0,0,0,0,TRUE,0.4,"MXL","AMR"
"NA19665","United Kingdom",0,0.675821193259151,0.596784009126139,"ok",4883749,4883749,0,12772,0,0,0,0,0,0,TRUE,0.4,"MXL","AMR"
"NA19671","United Kingdom",0,0.672422192872601,0.628520448549474,"ok",4883749,4883749,0,12772,0,0,0,0,0,0,TRUE,0.4,"MXL","AMR"
"NA19675","United Kingdom",0,0.6664649020967,0.660824209001594,"ok",4883749,4883749,0,12772,0,0,0,0,0,0,TRUE,0.4,"MXL","AMR"
"NA19677","United Kingdom",0,0.664088421980655,0.650918451884667,"ok",4883749,4883749,0,12772,0,0,0,0,0,0,TRUE,0.4,"MXL","AMR"
"NA19680","United Kingdom",0,0.664958301239259,0.657501240862339,"ok",4883749,4883749,0,12772,0,0,0,0,0,0,TRUE,0.4,"MXL","AMR"
"NA19683","United Kingdom",0,0.673251247484608,0.615204628044107,"ok",4883749,4883749,0,12772,0,0,0,0,0,0,TRUE,0.4,"MXL","AMR"
"NA19685","United Kingdom",0,0.666407157109118,0.620397888665566,"ok",4883749,4883749,0,12772,0,0,0,0,0,0,TRUE,0.4,"MXL","AMR"
"NA19686","United Kingdom",0,0.662710971884807,0.630927875214709,"ok",4883749,4883749,0,12772,0,0,0,0,0,0,TRUE,0.4,"MXL","AMR"
"NA19718","United Kingdom",0,0.683882079457157,0.610018170192624,"ok",4883749,4883749,0,12772,0,0,0,0,0,0,TRUE,0.4,"MXL","AMR"
"NA19721","United Kingdom",0,0.676302869138831,0.616230252325294,"ok",4883749,4883749,0,12772,0,0,0,0,0,0,TRUE,0.4,"MXL","AMR"
"NA19724","United Kingdom",0,0.664392909086701,0.62244483966314,"ok",4883749,4883749,0,12772,0,0,0,0,0,0,TRUE,0.4,"MXL","AMR"
"NA19727","United Kingdom",0,0.67376663287826,0.623259412947099,"ok",4883749,4883749,0,12772,0,0,0,0,0,0,TRUE,0.4,"MXL","AMR"
"NA19730","United Kingdom",0,0.708254575293375,0.56814027348442,"ok",4883749,4883749,0,12772,0,0,0,0,0,0,TRUE,0.4,"MXL","AMR"
"NA19733","United Kingdom",0,0.711458350287214,0.56498632293051,"ok",4883749,4883749,0,12772,0,0,0,0,0,0,TRUE,0.4,"MXL","AMR"
"NA19748","United Kingdom",0,0.686465176459618,0.602130587440995,"ok",4883749,4883749,0,12772,0,0,0,0,0,0,TRUE,0.4,"MXL","AMR"
"NA19751","United Kingdom",0,0.663311743077862,0.638019795352872,"ok",4883749,4883749,0,12772,0,0,0,0,0,0,TRUE,0.4,"MXL","AMR"
"NA19757","United Kingdom",0,0.674799843998716,0.59426672596857,"ok",4883749,4883749,0,12772,0,0,0,0,0,0,TRUE,0.4,"MXL","AMR"
"NA19760","United Kingdom",0,0.695157514592797,0.584585068928992,"ok",4883749,4883749,0,12772,0,0,0,0,0,0,TRUE,0.4,"MXL","AMR"
"NA19763","United Kingdom",0,0.682378855132909,0.605677170275323,"ok",4883749,4883749,0,12772,0,0,0,0,0,0,TRUE,0.4,"MXL","AMR"
"NA19772","United Kingdom",0,0.665584091767023,0.62339661015924,"ok",4883749,4883749,0,12772,0,0,0,0,0,0,TRUE,0.4,"MXL","AMR"
"NA19775","United Kingdom",0,0.667423750313814,0.622285614725163,"ok",4883749,4883749,0,12772,0,0,0,0,0,0,TRUE,0.4,"MXL","AMR"
"NA19778","United Kingdom",0,0.661215719878911,0.615010101881837,"ok",4883749,4883749,0,12772,0,0,0,0,0,0,TRUE,0.4,"MXL","AMR"
"NA19781","United Kingdom",0,0.659645153895114,0.62996026628117,"ok",4883749,4883749,0,12772,0,0,0,0,0,0,TRUE,0.4,"MXL","AMR"
"NA19784","United Kingdom",0,0.67961954974106,0.607749014557334,"ok",4883749,4883749,0,12772,0,0,0,0,0,0,TRUE,0.4,"MXL","AMR"
"NA19787","United Kingdom",0,0.682401088913302,0.599899915812381,"ok",4883749,4883749,0,12772,0,0,0,0,0,0,TRUE,0.4,"MXL","AMR"
"NA19790","United Kingdom",0,0.675393662927151,0.608019214915097,"ok",4883749,4883749,0,12772,0,0,0,0,0,0,TRUE,0.4,"MXL","AMR"
"NA19796","United Kingdom",0,0.665700860810567,0.625126677582014,"ok",4883749,4883749,0,12772,0,0,0,0,0,0,TRUE,0.4,"MXL","AMR"
"HG01567","Africa (East)",0,0.686974324698659,0.558685150637644,"ok",4883749,4883749,0,12772,0,0,0,0,0,0,TRUE,0.4,"PEL","AMR"
"HG01573","Africa (East)",0,0.705867402279503,0.538176727772218,"ok",4883749,4883749,0,12772,0,0,0,0,0,0,TRUE,0.4,"PEL","AMR"
"HG01579","Africa (East)",0,0.680355290937426,0.564595082375414,"ok",4883749,4883749,0,12772,0,0,0,0,0,0,TRUE,0.4,"PEL","AMR"
"HG01898","Africa (East)",0,0.681668507912089,0.558810004364319,"ok",4883749,4883749,0,12772,0,0,0,0,0,0,TRUE,0.4,"PEL","AMR"
"HG01919","Africa (East)",0,0.707805434699112,0.537204271853604,"ok",4883749,4883749,0,12772,0,0,0,0,0,0,TRUE,0.4,"PEL","AMR"
"HG01922","Africa (East)",0,0.71064610401214,0.526300063210987,"ok",4883749,4883749,0,12772,0,0,0,0,0,0,TRUE,0.4,"PEL","AMR"
"HG01925","Africa (East)",0,0.702767022359502,0.531881605877841,"ok",4883749,4883749,0,12772,0,0,0,0,0,0,TRUE,0.4,"PEL","AMR"
"HG01928","Africa (East)",0,0.719384050346477,0.515891005034964,"ok",4883749,4883749,0,12772,0,0,0,0,0,0,TRUE,0.4,"PEL","AMR"
"HG01934","Africa (East)",0,0.696330905072436,0.543540555513514,"ok",4883749,4883749,0,12772,0,0,0,0,0,0,TRUE,0.4,"PEL","AMR"
"HG01937","Africa (East)",0,0.695129725159639,0.547429415276326,"ok",4883749,4883749,0,12772,0,0,0,0,0,0,TRUE,0.4,"PEL","AMR"
"HG01940","Africa (East)",0,0.71453877833435,0.526998591400149,"ok",4883749,4883749,0,12772,0,0,0,0,0,0,TRUE,0.4,"PEL","AMR"
"HG01943","Africa (East)",0,0.709000764378193,0.528047231303843,"ok",4883749,4883749,0,12772,0,0,0,0,0,0,TRUE,0.4,"PEL","AMR"
"HG01946","Africa (East)",0,0.699398196237203,0.538630844380434,"ok",4883749,4883749,0,12772,0,0,0,0,0,0,TRUE,0.4,"PEL","AMR"
"HG01949","Africa (East)",0,0.685072262958336,0.556166256417359,"ok",4883749,4883749,0,12772,0,0,0,0,0,0,TRUE,0.4,"PEL","AMR"
"HG01952","Africa (East)",0,0.70995959735667,0.52107078484891,"ok",4883749,4883749,0,12772,0,0,0,0,0,0,TRUE,0.4,"PEL","AMR"
"HG01955","Africa (East)",0,0.713480342905025,0.523744157920961,"ok",4883749,4883749,0,12772,0,0,0,0,0,0,TRUE,0.4,"PEL","AMR"
"HG01969","Africa (East)",0,0.708148884460165,0.53853836491258,"ok",4883749,4883749,0,12772,0,0,0,0,0,0,TRUE,0.4,"PEL","AMR"
"HG01972","Africa (East)",0,0.683906852290342,0.563348733613314,"ok",4883749,4883749,0,12772,0,0,0,0,0,0,TRUE,0.4,"PEL","AMR"
"HG01975","Africa (East)",0,0.709323797920376,0.524951299244484,"ok",4883749,4883749,0,12772,0,0,0,0,0,0,TRUE,0.4,"PEL","AMR"
"HG01978","Africa (East)",0,0.702568782380218,0.536036458776363,"ok",4883749,4883749,0,12772,0,0,0,0,0,0,TRUE,0.4,"PEL","AMR"
"HG01981","Africa (East)",0,0.698815723498973,0.544632456147785,"ok",4883749,4883749,0,12772,0,0,0,0,0,0,TRUE,0.4,"PEL","AMR"
"HG01984","Africa (East)",0,0.701746864065016,0.541253819113752,"ok",4883749,4883749,0,12772,0,0,0,0,0,0,TRUE,0.4,"PEL","AMR"
"HG01993","Africa (East)",0,0.711516472061007,0.534937260482229,"ok",4883749,4883749,0,12772,0,0,0,0,0,0,TRUE,0.4,"PEL","AMR"
"HG01998","Africa (East)",0,0.71167284834609,0.529516755566656,"ok",4883749,4883749,0,12772,0,0,0,0,0,0,TRUE,0.4,"PEL","AMR"
"HG02004","Africa (East)",0,0.707048462918692,0.529443855190943,"ok",4883749,4883749,0,12772,0,0,0,0,0,0,TRUE,0.4,"PEL","AMR"
"HG02091","Africa (East)",0,0.681557671366496,0.56083968616983,"ok",4883749,4883749,0,12772,0,0,0,0,0,0,TRUE,0.4,"PEL","AMR"
"HG02106","Africa (East)",0,0.713689547288561,0.517959074072911,"ok",4883749,4883749,0,12772,0,0,0,0,0,0,TRUE,0.4,"PEL","AMR"
"HG02148","Africa (East)",0,0.713263463558485,0.523474140384027,"ok",4883749,4883749,0,12772,0,0,0,0,0,0,TRUE,0.4,"PEL","AMR"
"HG02261","Africa (East)",0,0.710730470315674,0.521275200565098,"ok",4883749,4883749,0,12772,0,0,0,0,0,0,TRUE,0.4,"PEL","AMR"
"HG02273","Africa (East)",0,0.713212631617023,0.506305878369049,"ok",4883749,4883749,0,12772,0,0,0,0,0,0,TRUE,0.4,"PEL","AMR"
"HG02279","Africa (East)",0,0.710316859763701,0.538370404889135,"ok",4883749,4883749,0,12772,0,0,0,0,0,0,TRUE,0.4,"PEL","AMR"
"HG02287","Africa (East)",0,0.706184320893795,0.538588995064747,"ok",4883749,4883749,0,12772,0,0,0,0,0,0,TRUE,0.4,"PEL","AMR"
"HG02293","Africa (East)",0,0.711606324454216,0.51892860381938,"ok",4883749,4883749,0,12772,0,0,0,0,0,0,TRUE,0.4,"PEL","AMR"
"HG02300","Africa (East)",0,0.702835696502198,0.545530643367029,"ok",4883749,4883749,0,12772,0,0,0,0,0,0,TRUE,0.4,"PEL","AMR"
"HG02303","Africa (East)",0,0.694470345682683,0.542984695330437,"ok",4883749,4883749,0,12772,0,0,0,0,0,0,TRUE,0.4,"PEL","AMR"
"HG01567","Africa (North)",0,0.686974324698659,0.597269322255845,"ok",4883749,4883749,0,12772,0,0,0,0,0,0,TRUE,0.4,"PEL","AMR"
"HG01573","Africa (North)",0,0.705867402279503,0.570278790642745,"ok",4883749,4883749,0,12772,0,0,0,0,0,0,TRUE,0.4,"PEL","AMR"
"HG01579","Africa (North)",0,0.680355290937426,0.602533546005543,"ok",4883749,4883749,0,12772,0,0,0,0,0,0,TRUE,0.4,"PEL","AMR"
"HG01898","Africa (North)",0,0.681668507912089,0.58288419647966,"ok",4883749,4883749,0,12772,0,0,0,0,0,0,TRUE,0.4,"PEL","AMR"
"HG01919","Africa (North)",0,0.707805434699112,0.569441610113919,"ok",4883749,4883749,0,12772,0,0,0,0,0,0,TRUE,0.4,"PEL","AMR"
"HG01922","Africa (North)",0,0.71064610401214,0.557416295170145,"ok",4883749,4883749,0,12772,0,0,0,0,0,0,TRUE,0.4,"PEL","AMR"
"HG01925","Africa (North)",0,0.702767022359502,0.555076300415642,"ok",4883749,4883749,0,12772,0,0,0,0,0,0,TRUE,0.4,"PEL","AMR"
"HG01928","Africa (North)",0,0.719384050346477,0.54390435290955,"ok",4883749,4883749,0,12772,0,0,0,0,0,0,TRUE,0.4,"PEL","AMR"
"HG01934","Africa (North)",0,0.696330905072436,0.573714287918185,"ok",4883749,4883749,0,12772,0,0,0,0,0,0,TRUE,0.4,"PEL","AMR"
"HG01937","Africa (North)",0,0.695129725159639,0.581236942936011,"ok",4883749,4883749,0,12772,0,0,0,0,0,0,TRUE,0.4,"PEL","AMR"
"HG01940","Africa (North)",0,0.71453877833435,0.557360039078042,"ok",4883749,4883749,0,12772,0,0,0,0,0,0,TRUE,0.4,"PEL","AMR"
"HG01943","Africa (North)",0,0.709000764378193,0.558064947226235,"ok",4883749,4883749,0,12772,0,0,0,0,0,0,TRUE,0.4,"PEL","AMR"
"HG01946","Africa (North)",0,0.699398196237203,0.569396173061253,"ok",4883749,4883749,0,12772,0,0,0,0,0,0,TRUE,0.4,"PEL","AMR"
"HG01949","Africa (North)",0,0.685072262958336,0.580030732762426,"ok",4883749,4883749,0,12772,0,0,0,0,0,0,TRUE,0.4,"PEL","AMR"
"HG01952","Africa (North)",0,0.70995959735667,0.544852759936069,"ok",4883749,4883749,0,12772,0,0,0,0,0,0,TRUE,0.4,"PEL","AMR"
"HG01955","Africa (North)",0,0.713480342905025,0.552994684781197,"ok",4883749,4883749,0,12772,0,0,0,0,0,0,TRUE,0.4,"PEL","AMR"
"HG01969","Africa (North)",0,0.708148884460165,0.57058642123205,"ok",4883749,4883749,0,12772,0,0,0,0,0,0,TRUE,0.4,"PEL","AMR"
"HG01972","Africa (North)",0,0.683906852290342,0.589955634194184,"ok",4883749,4883749,0,12772,0,0,0,0,0,0,TRUE,0.4,"PEL","AMR"
"HG01975","Africa (North)",0,0.709323797920376,0.549593795454987,"ok",4883749,4883749,0,12772,0,0,0,0,0,0,TRUE,0.4,"PEL","AMR"
"HG01978","Africa (North)",0,0.702568782380218,0.570387978500823,"ok",4883749,4883749,0,12772,0,0,0,0,0,0,TRUE,0.4,"PEL","AMR"
"HG01981","Africa (North)",0,0.698815723498973,0.577813396898311,"ok",4883749,4883749,0,12772,0,0,0,0,0,0,TRUE,0.4,"PEL","AMR"
"HG01984","Africa (North)",0,0.701746864065016,0.576217658065923,"ok",4883749,4883749,0,12772,0,0,0,0,0,0,TRUE,0.4,"PEL","AMR"
"HG01993","Africa (North)",0,0.711516472061007,0.564963759879571,"ok",4883749,4883749,0,12772,0,0,0,0,0,0,TRUE,0.4,"PEL","AMR"
"HG01998","Africa (North)",0,0.71167284834609,0.559413376024592,"ok",4883749,4883749,0,12772,0,0,0,0,0,0,TRUE,0.4,"PEL","AMR"
"HG02004","Africa (North)",0,0.707048462918692,0.563442654068229,"ok",4883749,4883749,0,12772,0,0,0,0,0,0,TRUE,0.4,"PEL","AMR"
"HG02091","Africa (North)",0,0.681557671366496,0.590134792066757,"ok",4883749,4883749,0,12772,0,0,0,0,0,0,TRUE,0.4,"PEL","AMR"
"HG02106","Africa (North)",0,0.713689547288561,0.545912597631644,"ok",4883749,4883749,0,12772,0,0,0,0,0,0,TRUE,0.4,"PEL","AMR"
"HG02148","Africa (North)",0,0.713263463558485,0.553038583580876,"ok",4883749,4883749,0,12772,0,0,0,0,0,0,TRUE,0.4,"PEL","AMR"
"HG02261","Africa (North)",0,0.710730470315674,0.550129063618795,"ok",4883749,4883749,0,12772,0,0,0,0,0,0,TRUE,0.4,"PEL","AMR"
"HG02273","Africa (North)",0,0.713212631617023,0.532679192582525,"ok",4883749,4883749,0,12772,0,0,0,0,0,0,TRUE,0.4,"PEL","AMR"
"HG02279","Africa (North)",0,0.710316859763701,0.570026279455794,"ok",4883749,4883749,0,12772,0,0,0,0,0,0,TRUE,0.4,"PEL","AMR"
"HG02287","Africa (North)",0,0.706184320893795,0.572789415016849,"ok",4883749,4883749,0,12772,0,0,0,0,0,0,TRUE,0.4,"PEL","AMR"
"HG02293","Africa (North)",0,0.711606324454216,0.549392811877917,"ok",4883749,4883749,0,12772,0,0,0,0,0,0,TRUE,0.4,"PEL","AMR"
"HG02300","Africa (North)",0,0.702835696502198,0.581503109128976,"ok",4883749,4883749,0,12772,0,0,0,0,0,0,TRUE,0.4,"PEL","AMR"
"HG02303","Africa (North)",0,0.694470345682683,0.576205964700142,"ok",4883749,4883749,0,12772,0,0,0,0,0,0,TRUE,0.4,"PEL","AMR"
"HG01567","Africa (South)",0,0.686974324698659,0.437447266657514,"ok",4883749,4883749,0,12772,0,0,0,0,0,0,TRUE,0.4,"PEL","AMR"
"HG01573","Africa (South)",0,0.705867402279503,0.427864037398939,"ok",4883749,4883749,0,12772,0,0,0,0,0,0,TRUE,0.4,"PEL","AMR"
"HG01579","Africa (South)",0,0.680355290937426,0.44585181997056,"ok",4883749,4883749,0,12772,0,0,0,0,0,0,TRUE,0.4,"PEL","AMR"
"HG01898","Africa (South)",0,0.681668507912089,0.461449892100958,"ok",4883749,4883749,0,12772,0,0,0,0,0,0,TRUE,0.4,"PEL","AMR"
"HG01919","Africa (South)",0,0.707805434699112,0.431194015062414,"ok",4883749,4883749,0,12772,0,0,0,0,0,0,TRUE,0.4,"PEL","AMR"
"HG01922","Africa (South)",0,0.71064610401214,0.422476105683095,"ok",4883749,4883749,0,12772,0,0,0,0,0,0,TRUE,0.4,"PEL","AMR"
"HG01925","Africa (South)",0,0.702767022359502,0.441190499946975,"ok",4883749,4883749,0,12772,0,0,0,0,0,0,TRUE,0.4,"PEL","AMR"
"HG01928","Africa (South)",0,0.719384050346477,0.414751374630282,"ok",4883749,4883749,0,12772,0,0,0,0,0,0,TRUE,0.4,"PEL","AMR"
"HG01934","Africa (South)",0,0.696330905072436,0.438876674422137,"ok",4883749,4883749,0,12772,0,0,0,0,0,0,TRUE,0.4,"PEL","AMR"
"HG01937","Africa (South)",0,0.695129725159639,0.434921571615859,"ok",4883749,4883749,0,12772,0,0,0,0,0,0,TRUE,0.4,"PEL","AMR"
"HG01940","Africa (South)",0,0.71453877833435,0.423786628735533,"ok",4883749,4883749,0,12772,0,0,0,0,0,0,TRUE,0.4,"PEL","AMR"
"HG01943","Africa (South)",0,0.709000764378193,0.426095243890343,"ok",4883749,4883749,0,12772,0,0,0,0,0,0,TRUE,0.4,"PEL","AMR"
"HG01946","Africa (South)",0,0.699398196237203,0.431411489190177,"ok",4883749,4883749,0,12772,0,0,0,0,0,0,TRUE,0.4,"PEL","AMR"
"HG01949","Africa (South)",0,0.685072262958336,0.46068989859985,"ok",4883749,4883749,0,12772,0,0,0,0,0,0,TRUE,0.4,"PEL","AMR"
"HG01952","Africa (South)",0,0.70995959735667,0.425196694794476,"ok",4883749,4883749,0,12772,0,0,0,0,0,0,TRUE,0.4,"PEL","AMR"
"HG01955","Africa (South)",0,0.713480342905025,0.422684070075732,"ok",4883749,4883749,0,12772,0,0,0,0,0,0,TRUE,0.4,"PEL","AMR"
"HG01969","Africa (South)",0,0.708148884460165,0.429730017724714,"ok",4883749,4883749,0,12772,0,0,0,0,0,0,TRUE,0.4,"PEL","AMR"
"HG01972","Africa (South)",0,0.683906852290342,0.466605055887162,"ok",4883749,4883749,0,12772,0,0,0,0,0,0,TRUE,0.4,"PEL","AMR"
"HG01975","Africa (South)",0,0.709323797920376,0.428562697672448,"ok",4883749,4883749,0,12772,0,0,0,0,0,0,TRUE,0.4,"PEL","AMR"
"HG01978","Africa (South)",0,0.702568782380218,0.426360778012691,"ok",4883749,4883749,0,12772,0,0,0,0,0,0,TRUE,0.4,"PEL","AMR"
"HG01981","Africa (South)",0,0.698815723498973,0.433558306028746,"ok",4883749,4883749,0,12772,0,0,0,0,0,0,TRUE,0.4,"PEL","AMR"
"HG01984","Africa (South)",0,0.701746864065016,0.429058388599472,"ok",4883749,4883749,0,12772,0,0,0,0,0,0,TRUE,0.4,"PEL","AMR"
"HG01993","Africa (South)",0,0.711516472061007,0.426064333333025,"ok",4883749,4883749,0,12772,0,0,0,0,0,0,TRUE,0.4,"PEL","AMR"
"HG01998","Africa (South)",0,0.71167284834609,0.424113523174115,"ok",4883749,4883749,0,12772,0,0,0,0,0,0,TRUE,0.4,"PEL","AMR"
"HG02004","Africa (South)",0,0.707048462918692,0.42319631239858,"ok",4883749,4883749,0,12772,0,0,0,0,0,0,TRUE,0.4,"PEL","AMR"
"HG02091","Africa (South)",0,0.681557671366496,0.458935316974894,"ok",4883749,4883749,0,12772,0,0,0,0,0,0,TRUE,0.4,"PEL","AMR"
"HG02106","Africa (South)",0,0.713689547288561,0.415960812563308,"ok",4883749,4883749,0,12772,0,0,0,0,0,0,TRUE,0.4,"PEL","AMR"
"HG02148","Africa (South)",0,0.713263463558485,0.41913427971766,"ok",4883749,4883749,0,12772,0,0,0,0,0,0,TRUE,0.4,"PEL","AMR"
"HG02261","Africa (South)",0,0.710730470315674,0.41806146916774,"ok",4883749,4883749,0,12772,0,0,0,0,0,0,TRUE,0.4,"PEL","AMR"
"HG02273","Africa (South)",0,0.713212631617023,0.410407546942059,"ok",4883749,4883749,0,12772,0,0,0,0,0,0,TRUE,0.4,"PEL","AMR"
"HG02279","Africa (South)",0,0.710316859763701,0.432554816264344,"ok",4883749,4883749,0,12772,0,0,0,0,0,0,TRUE,0.4,"PEL","AMR"
"HG02287","Africa (South)",0,0.706184320893795,0.428281448414742,"ok",4883749,4883749,0,12772,0,0,0,0,0,0,TRUE,0.4,"PEL","AMR"
"HG02293","Africa (South)",0,0.711606324454216,0.415923120713695,"ok",4883749,4883749,0,12772,0,0,0,0,0,0,TRUE,0.4,"PEL","AMR"
"HG02300","Africa (South)",0,0.702835696502198,0.432090101963611,"ok",4883749,4883749,0,12772,0,0,0,0,0,0,TRUE,0.4,"PEL","AMR"
"HG02303","Africa (South)",0,0.694470345682683,0.432620116497188,"ok",4883749,4883749,0,12772,0,0,0,0,0,0,TRUE,0.4,"PEL","AMR"
"HG01567","Africa (West)",0,0.686974324698659,0.436483846852013,"ok",4883749,4883749,0,12772,0,0,0,0,0,0,TRUE,0.4,"PEL","AMR"
"HG01573","Africa (West)",0,0.705867402279503,0.426614399376002,"ok",4883749,4883749,0,12772,0,0,0,0,0,0,TRUE,0.4,"PEL","AMR"
"HG01579","Africa (West)",0,0.680355290937426,0.444722069141292,"ok",4883749,4883749,0,12772,0,0,0,0,0,0,TRUE,0.4,"PEL","AMR"
"HG01898","Africa (West)",0,0.681668507912089,0.460540206281948,"ok",4883749,4883749,0,12772,0,0,0,0,0,0,TRUE,0.4,"PEL","AMR"
"HG01919","Africa (West)",0,0.707805434699112,0.430413946726777,"ok",4883749,4883749,0,12772,0,0,0,0,0,0,TRUE,0.4,"PEL","AMR"
"HG01922","Africa (West)",0,0.71064610401214,0.421338856571837,"ok",4883749,4883749,0,12772,0,0,0,0,0,0,TRUE,0.4,"PEL","AMR"
"HG01925","Africa (West)",0,0.702767022359502,0.441184044082703,"ok",4883749,4883749,0,12772,0,0,0,0,0,0,TRUE,0.4,"PEL","AMR"
"HG01928","Africa (West)",0,0.719384050346477,0.413861588204753,"ok",4883749,4883749,0,12772,0,0,0,0,0,0,TRUE,0.4,"PEL","AMR"
"HG01934","Africa (West)",0,0.696330905072436,0.437839736056019,"ok",4883749,4883749,0,12772,0,0,0,0,0,0,TRUE,0.4,"PEL","AMR"
"HG01937","Africa (West)",0,0.695129725159639,0.433801275989434,"ok",4883749,4883749,0,12772,0,0,0,0,0,0,TRUE,0.4,"PEL","AMR"
"HG01940","Africa (West)",0,0.71453877833435,0.423371819484198,"ok",4883749,4883749,0,12772,0,0,0,0,0,0,TRUE,0.4,"PEL","AMR"
"HG01943","Africa (West)",0,0.709000764378193,0.425343402834,"ok",4883749,4883749,0,12772,0,0,0,0,0,0,TRUE,0.4,"PEL","AMR"
"HG01946","Africa (West)",0,0.699398196237203,0.4303127847142,"ok",4883749,4883749,0,12772,0,0,0,0,0,0,TRUE,0.4,"PEL","AMR"
"HG01949","Africa (West)",0,0.685072262958336,0.460714617091297,"ok",4883749,4883749,0,12772,0,0,0,0,0,0,TRUE,0.4,"PEL","AMR"
"HG01952","Africa (West)",0,0.70995959735667,0.424700578201455,"ok",4883749,4883749,0,12772,0,0,0,0,0,0,TRUE,0.4,"PEL","AMR"
"HG01955","Africa (West)",0,0.713480342905025,0.421766030614886,"ok",4883749,4883749,0,12772,0,0,0,0,0,0,TRUE,0.4,"PEL","AMR"
"HG01969","Africa (West)",0,0.708148884460165,0.428263921149192,"ok",4883749,4883749,0,12772,0,0,0,0,0,0,TRUE,0.4,"PEL","AMR"
"HG01972","Africa (West)",0,0.683906852290342,0.46603661998071,"ok",4883749,4883749,0,12772,0,0,0,0,0,0,TRUE,0.4,"PEL","AMR"
"HG01975","Africa (West)",0,0.709323797920376,0.427749411920091,"ok",4883749,4883749,0,12772,0,0,0,0,0,0,TRUE,0.4,"PEL","AMR"
"HG01978","Africa (West)",0,0.702568782380218,0.425018389108501,"ok",4883749,4883749,0,12772,0,0,0,0,0,0,TRUE,0.4,"PEL","AMR"
"HG01981","Africa (West)",0,0.698815723498973,0.432674303379298,"ok",4883749,4883749,0,12772,0,0,0,0,0,0,TRUE,0.4,"PEL","AMR"
"HG01984","Africa (West)",0,0.701746864065016,0.427354879624074,"ok",4883749,4883749,0,12772,0,0,0,0,0,0,TRUE,0.4,"PEL","AMR"
"HG01993","Africa (West)",0,0.711516472061007,0.425179476599928,"ok",4883749,4883749,0,12772,0,0,0,0,0,0,TRUE,0.4,"PEL","AMR"
"HG01998","Africa (West)",0,0.71167284834609,0.424210628415283,"ok",4883749,4883749,0,12772,0,0,0,0,0,0,TRUE,0.4,"PEL","AMR"
"HG02004","Africa (West)",0,0.707048462918692,0.42210782575928,"ok",4883749,4883749,0,12772,0,0,0,0,0,0,TRUE,0.4,"PEL","AMR"
"HG02091","Africa (West)",0,0.681557671366496,0.458541089615432,"ok",4883749,4883749,0,12772,0,0,0,0,0,0,TRUE,0.4,"PEL","AMR"
"HG02106","Africa (West)",0,0.713689547288561,0.415147544822126,"ok",4883749,4883749,0,12772,0,0,0,0,0,0,TRUE,0.4,"PEL","AMR"
"HG02148","Africa (West)",0,0.713263463558485,0.418566748785333,"ok",4883749,4883749,0,12772,0,0,0,0,0,0,TRUE,0.4,"PEL","AMR"
"HG02261","Africa (West)",0,0.710730470315674,0.417713702264757,"ok",4883749,4883749,0,12772,0,0,0,0,0,0,TRUE,0.4,"PEL","AMR"
"HG02273","Africa (West)",0,0.713212631617023,0.409507925429361,"ok",4883749,4883749,0,12772,0,0,0,0,0,0,TRUE,0.4,"PEL","AMR"
"HG02279","Africa (West)",0,0.710316859763701,0.431014352723742,"ok",4883749,4883749,0,12772,0,0,0,0,0,0,TRUE,0.4,"PEL","AMR"
"HG02287","Africa (West)",0,0.706184320893795,0.428252038417638,"ok",4883749,4883749,0,12772,0,0,0,0,0,0,TRUE,0.4,"PEL","AMR"
"HG02293","Africa (West)",0,0.711606324454216,0.415198072925502,"ok",4883749,4883749,0,12772,0,0,0,0,0,0,TRUE,0.4,"PEL","AMR"
"HG02300","Africa (West)",0,0.702835696502198,0.431445205714728,"ok",4883749,4883749,0,12772,0,0,0,0,0,0,TRUE,0.4,"PEL","AMR"
"HG02303","Africa (West)",0,0.694470345682683,0.430985304682814,"ok",4883749,4883749,0,12772,0,0,0,0,0,0,TRUE,0.4,"PEL","AMR"
"HG01567","Ashkenazi",0,0.686974324698659,0.603153934517969,"ok",4883749,4883749,0,12772,0,0,0,0,0,0,TRUE,0.4,"PEL","AMR"
"HG01573","Ashkenazi",0,0.705867402279503,0.577092725235716,"ok",4883749,4883749,0,12772,0,0,0,0,0,0,TRUE,0.4,"PEL","AMR"
"HG01579","Ashkenazi",0,0.680355290937426,0.608822224014128,"ok",4883749,4883749,0,12772,0,0,0,0,0,0,TRUE,0.4,"PEL","AMR"
"HG01898","Ashkenazi",0,0.681668507912089,0.58295930194246,"ok",4883749,4883749,0,12772,0,0,0,0,0,0,TRUE,0.4,"PEL","AMR"
"HG01919","Ashkenazi",0,0.707805434699112,0.574773181570483,"ok",4883749,4883749,0,12772,0,0,0,0,0,0,TRUE,0.4,"PEL","AMR"
"HG01922","Ashkenazi",0,0.71064610401214,0.563881533968202,"ok",4883749,4883749,0,12772,0,0,0,0,0,0,TRUE,0.4,"PEL","AMR"
"HG01925","Ashkenazi",0,0.702767022359502,0.556931565956625,"ok",4883749,4883749,0,12772,0,0,0,0,0,0,TRUE,0.4,"PEL","AMR"
"HG01928","Ashkenazi",0,0.719384050346477,0.551409905034096,"ok",4883749,4883749,0,12772,0,0,0,0,0,0,TRUE,0.4,"PEL","AMR"
"HG01934","Ashkenazi",0,0.696330905072436,0.577273721608312,"ok",4883749,4883749,0,12772,0,0,0,0,0,0,TRUE,0.4,"PEL","AMR"
"HG01937","Ashkenazi",0,0.695129725159639,0.586996412240732,"ok",4883749,4883749,0,12772,0,0,0,0,0,0,TRUE,0.4,"PEL","AMR"
"HG01940","Ashkenazi",0,0.71453877833435,0.564926711659498,"ok",4883749,4883749,0,12772,0,0,0,0,0,0,TRUE,0.4,"PEL","AMR"
"HG01943","Ashkenazi",0,0.709000764378193,0.564265012922836,"ok",4883749,4883749,0,12772,0,0,0,0,0,0,TRUE,0.4,"PEL","AMR"
"HG01946","Ashkenazi",0,0.699398196237203,0.574734504746546,"ok",4883749,4883749,0,12772,0,0,0,0,0,0,TRUE,0.4,"PEL","AMR"
"HG01949","Ashkenazi",0,0.685072262958336,0.580064665330963,"ok",4883749,4883749,0,12772,0,0,0,0,0,0,TRUE,0.4,"PEL","AMR"
"HG01952","Ashkenazi",0,0.70995959735667,0.549478798802336,"ok",4883749,4883749,0,12772,0,0,0,0,0,0,TRUE,0.4,"PEL","AMR"
"HG01955","Ashkenazi",0,0.713480342905025,0.559716662850011,"ok",4883749,4883749,0,12772,0,0,0,0,0,0,TRUE,0.4,"PEL","AMR"
"HG01969","Ashkenazi",0,0.708148884460165,0.577363949975939,"ok",4883749,4883749,0,12772,0,0,0,0,0,0,TRUE,0.4,"PEL","AMR"
"HG01972","Ashkenazi",0,0.683906852290342,0.588386720717084,"ok",4883749,4883749,0,12772,0,0,0,0,0,0,TRUE,0.4,"PEL","AMR"
"HG01975","Ashkenazi",0,0.709323797920376,0.552344907944705,"ok",4883749,4883749,0,12772,0,0,0,0,0,0,TRUE,0.4,"PEL","AMR"
"HG01978","Ashkenazi",0,0.702568782380218,0.577373300467024,"ok",4883749,4883749,0,12772,0,0,0,0,0,0,TRUE,0.4,"PEL","AMR"
"HG01981","Ashkenazi",0,0.698815723498973,0.583709896962381,"ok",4883749,4883749,0,12772,0,0,0,0,0,0,TRUE,0.4,"PEL","AMR"
"HG01984","Ashkenazi",0,0.701746864065016,0.583017618440028,"ok",4883749,4883749,0,12772,0,0,0,0,0,0,TRUE,0.4,"PEL","AMR"
"HG01993","Ashkenazi",0,0.711516472061007,0.571508948991561,"ok",4883749,4883749,0,12772,0,0,0,0,0,0,TRUE,0.4,"PEL","AMR"
"HG01998","Ashkenazi",0,0.71167284834609,0.5653073288367,"ok",4883749,4883749,0,12772,0,0,0,0,0,0,TRUE,0.4,"PEL","AMR"
"HG02004","Ashkenazi",0,0.707048462918692,0.569492914815974,"ok",4883749,4883749,0,12772,0,0,0,0,0,0,TRUE,0.4,"PEL","AMR"
"HG02091","Ashkenazi",0,0.681557671366496,0.591208586578126,"ok",4883749,4883749,0,12772,0,0,0,0,0,0,TRUE,0.4,"PEL","AMR"
"HG02106","Ashkenazi",0,0.713689547288561,0.550833606719883,"ok",4883749,4883749,0,12772,0,0,0,0,0,0,TRUE,0.4,"PEL","AMR"
"HG02148","Ashkenazi",0,0.713263463558485,0.558860933586412,"ok",4883749,4883749,0,12772,0,0,0,0,0,0,TRUE,0.4,"PEL","AMR"
"HG02261","Ashkenazi",0,0.710730470315674,0.556408878771932,"ok",4883749,4883749,0,12772,0,0,0,0,0,0,TRUE,0.4,"PEL","AMR"
"HG02273","Ashkenazi",0,0.713212631617023,0.538695944650314,"ok",4883749,4883749,0,12772,0,0,0,0,0,0,TRUE,0.4,"PEL","AMR"
"HG02279","Ashkenazi",0,0.710316859763701,0.575283571773929,"ok",4883749,4883749,0,12772,0,0,0,0,0,0,TRUE,0.4,"PEL","AMR"
"HG02287","Ashkenazi",0,0.706184320893795,0.579622595774085,"ok",4883749,4883749,0,12772,0,0,0,0,0,0,TRUE,0.4,"PEL","AMR"
"HG02293","Ashkenazi",0,0.711606324454216,0.55535150532655,"ok",4883749,4883749,0,12772,0,0,0,0,0,0,TRUE,0.4,"PEL","AMR"
"HG02300","Ashkenazi",0,0.702835696502198,0.58798807251868,"ok",4883749,4883749,0,12772,0,0,0,0,0,0,TRUE,0.4,"PEL","AMR"
"HG02303","Ashkenazi",0,0.694470345682683,0.583185848258143,"ok",4883749,4883749,0,12772,0,0,0,0,0,0,TRUE,0.4,"PEL","AMR"
"HG01567","Asia (East)",0,0.686974324698659,0.577902011322113,"ok",4883749,4883749,0,12772,0,0,0,0,0,0,TRUE,0.4,"PEL","AMR"
"HG01573","Asia (East)",0,0.705867402279503,0.596515131897244,"ok",4883749,4883749,0,12772,0,0,0,0,0,0,TRUE,0.4,"PEL","AMR"
"HG01579","Asia (East)",0,0.680355290937426,0.569602716177383,"ok",4883749,4883749,0,12772,0,0,0,0,0,0,TRUE,0.4,"PEL","AMR"
"HG01898","Asia (East)",0,0.681668507912089,0.57982364507684,"ok",4883749,4883749,0,12772,0,0,0,0,0,0,TRUE,0.4,"PEL","AMR"
"HG01919","Asia (East)",0,0.707805434699112,0.595747171271584,"ok",4883749,4883749,0,12772,0,0,0,0,0,0,TRUE,0.4,"PEL","AMR"
"HG01922","Asia (East)",0,0.71064610401214,0.601917808677474,"ok",4883749,4883749,0,12772,0,0,0,0,0,0,TRUE,0.4,"PEL","AMR"
"HG01925","Asia (East)",0,0.702767022359502,0.600733938223353,"ok",4883749,4883749,0,12772,0,0,0,0,0,0,TRUE,0.4,"PEL","AMR"
"HG01928","Asia (East)",0,0.719384050346477,0.613817280508756,"ok",4883749,4883749,0,12772,0,0,0,0,0,0,TRUE,0.4,"PEL","AMR"
"HG01934","Asia (East)",0,0.696330905072436,0.59251089709586,"ok",4883749,4883749,0,12772,0,0,0,0,0,0,TRUE,0.4,"PEL","AMR"
"HG01937","Asia (East)",0,0.695129725159639,0.588985206866809,"ok",4883749,4883749,0,12772,0,0,0,0,0,0,TRUE,0.4,"PEL","AMR"
"HG01940","Asia (East)",0,0.71453877833435,0.599743102582184,"ok",4883749,4883749,0,12772,0,0,0,0,0,0,TRUE,0.4,"PEL","AMR"
"HG01943","Asia (East)",0,0.709000764378193,0.602467968203417,"ok",4883749,4883749,0,12772,0,0,0,0,0,0,TRUE,0.4,"PEL","AMR"
"HG01946","Asia (East)",0.0258461,0.699398196237203,0.62240822011014,"ok",4883749,4883749,0,12772,0,0,0,0,0,0,TRUE,0.4,"PEL","AMR"
"HG01949","Asia (East)",0,0.685072262958336,0.59084434394418,"ok",4883749,4883749,0,12772,0,0,0,0,0,0,TRUE,0.4,"PEL","AMR"
"HG01952","Asia (East)",0,0.70995959735667,0.601715669472286,"ok",4883749,4883749,0,12772,0,0,0,0,0,0,TRUE,0.4,"PEL","AMR"
"HG01955","Asia (East)",0,0.713480342905025,0.606630386687511,"ok",4883749,4883749,0,12772,0,0,0,0,0,0,TRUE,0.4,"PEL","AMR"
"HG01969","Asia (East)",0,0.708148884460165,0.600507406578079,"ok",4883749,4883749,0,12772,0,0,0,0,0,0,TRUE,0.4,"PEL","AMR"
"HG01972","Asia (East)",0,0.683906852290342,0.578754980819226,"ok",4883749,4883749,0,12772,0,0,0,0,0,0,TRUE,0.4,"PEL","AMR"
"HG01975","Asia (East)",0,0.709323797920376,0.602185658319191,"ok",4883749,4883749,0,12772,0,0,0,0,0,0,TRUE,0.4,"PEL","AMR"
"HG01978","Asia (East)",0,0.702568782380218,0.594434183773886,"ok",4883749,4883749,0,12772,0,0,0,0,0,0,TRUE,0.4,"PEL","AMR"
"HG01981","Asia (East)",0,0.698815723498973,0.590386763187887,"ok",4883749,4883749,0,12772,0,0,0,0,0,0,TRUE,0.4,"PEL","AMR"
"HG01984","Asia (East)",0,0.701746864065016,0.594635195258554,"ok",4883749,4883749,0,12772,0,0,0,0,0,0,TRUE,0.4,"PEL","AMR"
"HG01993","Asia (East)",0,0.711516472061007,0.605083812803082,"ok",4883749,4883749,0,12772,0,0,0,0,0,0,TRUE,0.4,"PEL","AMR"
"HG01998","Asia (East)",0,0.71167284834609,0.60191065482688,"ok",4883749,4883749,0,12772,0,0,0,0,0,0,TRUE,0.4,"PEL","AMR"
"HG02004","Asia (East)",0,0.707048462918692,0.600545722670636,"ok",4883749,4883749,0,12772,0,0,0,0,0,0,TRUE,0.4,"PEL","AMR"
"HG02091","Asia (East)",0,0.681557671366496,0.575785483476793,"ok",4883749,4883749,0,12772,0,0,0,0,0,0,TRUE,0.4,"PEL","AMR"
"HG02106","Asia (East)",0,0.713689547288561,0.608527116695428,"ok",4883749,4883749,0,12772,0,0,0,0,0,0,TRUE,0.4,"PEL","AMR"
"HG02148","Asia (East)",0,0.713263463558485,0.606632235303451,"ok",4883749,4883749,0,12772,0,0,0,0,0,0,TRUE,0.4,"PEL","AMR"
"HG02261","Asia (East)",0,0.710730470315674,0.606251499057027,"ok",4883749,4883749,0,12772,0,0,0,0,0,0,TRUE,0.4,"PEL","AMR"
"HG02273","Asia (East)",0,0.713212631617023,0.604467204008635,"ok",4883749,4883749,0,12772,0,0,0,0,0,0,TRUE,0.4,"PEL","AMR"
"HG02279","Asia (East)",0,0.710316859763701,0.603684936715631,"ok",4883749,4883749,0,12772,0,0,0,0,0,0,TRUE,0.4,"PEL","AMR"
"HG02287","Asia (East)",0,0.706184320893795,0.599731331367207,"ok",4883749,4883749,0,12772,0,0,0,0,0,0,TRUE,0.4,"PEL","AMR"
"HG02293","Asia (East)",0,0.711606324454216,0.604826759062101,"ok",4883749,4883749,0,12772,0,0,0,0,0,0,TRUE,0.4,"PEL","AMR"
"HG02300","Asia (East)",0,0.702835696502198,0.596405283054185,"ok",4883749,4883749,0,12772,0,0,0,0,0,0,TRUE,0.4,"PEL","AMR"
"HG02303","Asia (East)",0,0.694470345682683,0.586758466812434,"ok",4883749,4883749,0,12772,0,0,0,0,0,0,TRUE,0.4,"PEL","AMR"
"HG01567","Bangladesh",0,0.686974324698659,0.612680749403191,"ok",4883749,4883749,0,12772,0,0,0,0,0,0,TRUE,0.4,"PEL","AMR"
"HG01573","Bangladesh",0,0.705867402279503,0.610518760490964,"ok",4883749,4883749,0,12772,0,0,0,0,0,0,TRUE,0.4,"PEL","AMR"
"HG01579","Bangladesh",0,0.680355290937426,0.61095220226324,"ok",4883749,4883749,0,12772,0,0,0,0,0,0,TRUE,0.4,"PEL","AMR"
"HG01898","Bangladesh",0,0.681668507912089,0.606793711328726,"ok",4883749,4883749,0,12772,0,0,0,0,0,0,TRUE,0.4,"PEL","AMR"
"HG01919","Bangladesh",0,0.707805434699112,0.608791831903849,"ok",4883749,4883749,0,12772,0,0,0,0,0,0,TRUE,0.4,"PEL","AMR"
"HG01922","Bangladesh",0,0.71064610401214,0.605904419269224,"ok",4883749,4883749,0,12772,0,0,0,0,0,0,TRUE,0.4,"PEL","AMR"
"HG01925","Bangladesh",0,0.702767022359502,0.601742554876026,"ok",4883749,4883749,0,12772,0,0,0,0,0,0,TRUE,0.4,"PEL","AMR"
"HG01928","Bangladesh",0,0.719384050346477,0.605100530901692,"ok",4883749,4883749,0,12772,0,0,0,0,0,0,TRUE,0.4,"PEL","AMR"
"HG01934","Bangladesh",0,0.696330905072436,0.608115580767868,"ok",4883749,4883749,0,12772,0,0,0,0,0,0,TRUE,0.4,"PEL","AMR"
"HG01937","Bangladesh",0,0.695129725159639,0.610429883999763,"ok",4883749,4883749,0,12772,0,0,0,0,0,0,TRUE,0.4,"PEL","AMR"
"HG01940","Bangladesh",0,0.71453877833435,0.604205498811839,"ok",4883749,4883749,0,12772,0,0,0,0,0,0,TRUE,0.4,"PEL","AMR"
"HG01943","Bangladesh",0,0.709000764378193,0.606876463439635,"ok",4883749,4883749,0,12772,0,0,0,0,0,0,TRUE,0.4,"PEL","AMR"
"HG01946","Bangladesh",0,0.699398196237203,0.618050244726621,"ok",4883749,4883749,0,12772,0,0,0,0,0,0,TRUE,0.4,"PEL","AMR"
"HG01949","Bangladesh",0,0.685072262958336,0.608649928952483,"ok",4883749,4883749,0,12772,0,0,0,0,0,0,TRUE,0.4,"PEL","AMR"
"HG01952","Bangladesh",0,0.70995959735667,0.60054249483084,"ok",4883749,4883749,0,12772,0,0,0,0,0,0,TRUE,0.4,"PEL","AMR"
"HG01955","Bangladesh",0,0.713480342905025,0.606746237972099,"ok",4883749,4883749,0,12772,0,0,0,0,0,0,TRUE,0.4,"PEL","AMR"
"HG01969","Bangladesh",0,0.708148884460165,0.610236800318141,"ok",4883749,4883749,0,12772,0,0,0,0,0,0,TRUE,0.4,"PEL","AMR"
"HG01972","Bangladesh",0,0.683906852290342,0.608667214729424,"ok",4883749,4883749,0,12772,0,0,0,0,0,0,TRUE,0.4,"PEL","AMR"
"HG01975","Bangladesh",0,0.709323797920376,0.599379581140515,"ok",4883749,4883749,0,12772,0,0,0,0,0,0,TRUE,0.4,"PEL","AMR"
"HG01978","Bangladesh",0,0.702568782380218,0.60903959566326,"ok",4883749,4883749,0,12772,0,0,0,0,0,0,TRUE,0.4,"PEL","AMR"
"HG01981","Bangladesh",0,0.698815723498973,0.61268495478815,"ok",4883749,4883749,0,12772,0,0,0,0,0,0,TRUE,0.4,"PEL","AMR"
"HG01984","Bangladesh",0,0.701746864065016,0.612204705733136,"ok",4883749,4883749,0,12772,0,0,0,0,0,0,TRUE,0.4,"PEL","AMR"
"HG01993","Bangladesh",0,0.711516472061007,0.611693205002754,"ok",4883749,4883749,0,12772,0,0,0,0,0,0,TRUE,0.4,"PEL","AMR"
"HG01998","Bangladesh",0,0.71167284834609,0.609604031311045,"ok",4883749,4883749,0,12772,0,0,0,0,0,0,TRUE,0.4,"PEL","AMR"
"HG02004","Bangladesh",0,0.707048462918692,0.606877307893118,"ok",4883749,4883749,0,12772,0,0,0,0,0,0,TRUE,0.4,"PEL","AMR"
"HG02091","Bangladesh",0,0.681557671366496,0.608617267642528,"ok",4883749,4883749,0,12772,0,0,0,0,0,0,TRUE,0.4,"PEL","AMR"
"HG02106","Bangladesh",0,0.713689547288561,0.602072022112499,"ok",4883749,4883749,0,12772,0,0,0,0,0,0,TRUE,0.4,"PEL","AMR"
"HG02148","Bangladesh",0,0.713263463558485,0.602724136392992,"ok",4883749,4883749,0,12772,0,0,0,0,0,0,TRUE,0.4,"PEL","AMR"
"HG02261","Bangladesh",0,0.710730470315674,0.604052934358011,"ok",4883749,4883749,0,12772,0,0,0,0,0,0,TRUE,0.4,"PEL","AMR"
"HG02273","Bangladesh",0,0.713212631617023,0.595057418494971,"ok",4883749,4883749,0,12772,0,0,0,0,0,0,TRUE,0.4,"PEL","AMR"
"HG02279","Bangladesh",0,0.710316859763701,0.614198213936225,"ok",4883749,4883749,0,12772,0,0,0,0,0,0,TRUE,0.4,"PEL","AMR"
"HG02287","Bangladesh",0,0.706184320893795,0.612340562204425,"ok",4883749,4883749,0,12772,0,0,0,0,0,0,TRUE,0.4,"PEL","AMR"
"HG02293","Bangladesh",0,0.711606324454216,0.601250572638325,"ok",4883749,4883749,0,12772,0,0,0,0,0,0,TRUE,0.4,"PEL","AMR"
"HG02300","Bangladesh",0,0.702835696502198,0.614667031856613,"ok",4883749,4883749,0,12772,0,0,0,0,0,0,TRUE,0.4,"PEL","AMR"
"HG02303","Bangladesh",0,0.694470345682683,0.607683359230332,"ok",4883749,4883749,0,12772,0,0,0,0,0,0,TRUE,0.4,"PEL","AMR"
"HG01567","Europe (North East)",0,0.686974324698659,0.609682860358276,"ok",4883749,4883749,0,12772,0,0,0,0,0,0,TRUE,0.4,"PEL","AMR"
"HG01573","Europe (North East)",0,0.705867402279503,0.587440737012331,"ok",4883749,4883749,0,12772,0,0,0,0,0,0,TRUE,0.4,"PEL","AMR"
"HG01579","Europe (North East)",0,0.680355290937426,0.615641874585674,"ok",4883749,4883749,0,12772,0,0,0,0,0,0,TRUE,0.4,"PEL","AMR"
"HG01898","Europe (North East)",0,0.681668507912089,0.586585815934291,"ok",4883749,4883749,0,12772,0,0,0,0,0,0,TRUE,0.4,"PEL","AMR"
"HG01919","Europe (North East)",0,0.707805434699112,0.585381510216024,"ok",4883749,4883749,0,12772,0,0,0,0,0,0,TRUE,0.4,"PEL","AMR"
"HG01922","Europe (North East)",0,0.71064610401214,0.576152205206037,"ok",4883749,4883749,0,12772,0,0,0,0,0,0,TRUE,0.4,"PEL","AMR"
"HG01925","Europe (North East)",0,0.702767022359502,0.567054064403053,"ok",4883749,4883749,0,12772,0,0,0,0,0,0,TRUE,0.4,"PEL","AMR"
"HG01928","Europe (North East)",0,0.719384050346477,0.565005585084558,"ok",4883749,4883749,0,12772,0,0,0,0,0,0,TRUE,0.4,"PEL","AMR"
"HG01934","Europe (North East)",0,0.696330905072436,0.586049196291698,"ok",4883749,4883749,0,12772,0,0,0,0,0,0,TRUE,0.4,"PEL","AMR"
"HG01937","Europe (North East)",0,0.695129725159639,0.594684008748472,"ok",4883749,4883749,0,12772,0,0,0,0,0,0,TRUE,0.4,"PEL","AMR"
"HG01940","Europe (North East)",0,0.71453877833435,0.578085431392888,"ok",4883749,4883749,0,12772,0,0,0,0,0,0,TRUE,0.4,"PEL","AMR"
"HG01943","Europe (North East)",0,0.709000764378193,0.573411209225609,"ok",4883749,4883749,0,12772,0,0,0,0,0,0,TRUE,0.4,"PEL","AMR"
"HG01946","Europe (North East)",0,0.699398196237203,0.583785085567639,"ok",4883749,4883749,0,12772,0,0,0,0,0,0,TRUE,0.4,"PEL","AMR"
"HG01949","Europe (North East)",0,0.685072262958336,0.58586313030742,"ok",4883749,4883749,0,12772,0,0,0,0,0,0,TRUE,0.4,"PEL","AMR"
"HG01952","Europe (North East)",0,0.70995959735667,0.560113871404479,"ok",4883749,4883749,0,12772,0,0,0,0,0,0,TRUE,0.4,"PEL","AMR"
"HG01955","Europe (North East)",0,0.713480342905025,0.570006011735529,"ok",4883749,4883749,0,12772,0,0,0,0,0,0,TRUE,0.4,"PEL","AMR"
"HG01969","Europe (North East)",0,0.708148884460165,0.586209514454483,"ok",4883749,4883749,0,12772,0,0,0,0,0,0,TRUE,0.4,"PEL","AMR"
"HG01972","Europe (North East)",0,0.683906852290342,0.595965627735338,"ok",4883749,4883749,0,12772,0,0,0,0,0,0,TRUE,0.4,"PEL","AMR"
"HG01975","Europe (North East)",0,0.709323797920376,0.563557250131438,"ok",4883749,4883749,0,12772,0,0,0,0,0,0,TRUE,0.4,"PEL","AMR"
"HG01978","Europe (North East)",0,0.702568782380218,0.587898726620037,"ok",4883749,4883749,0,12772,0,0,0,0,0,0,TRUE,0.4,"PEL","AMR"
"HG01981","Europe (North East)",0,0.698815723498973,0.591845852124044,"ok",4883749,4883749,0,12772,0,0,0,0,0,0,TRUE,0.4,"PEL","AMR"
"HG01984","Europe (North East)",0,0.701746864065016,0.592346730502405,"ok",4883749,4883749,0,12772,0,0,0,0,0,0,TRUE,0.4,"PEL","AMR"
"HG01993","Europe (North East)",0,0.711516472061007,0.582366417152638,"ok",4883749,4883749,0,12772,0,0,0,0,0,0,TRUE,0.4,"PEL","AMR"
"HG01998","Europe (North East)",0,0.71167284834609,0.57638652024097,"ok",4883749,4883749,0,12772,0,0,0,0,0,0,TRUE,0.4,"PEL","AMR"
"HG02004","Europe (North East)",0,0.707048462918692,0.580335565667777,"ok",4883749,4883749,0,12772,0,0,0,0,0,0,TRUE,0.4,"PEL","AMR"
"HG02091","Europe (North East)",0,0.681557671366496,0.595786735754855,"ok",4883749,4883749,0,12772,0,0,0,0,0,0,TRUE,0.4,"PEL","AMR"
"HG02106","Europe (North East)",0,0.713689547288561,0.563269313765925,"ok",4883749,4883749,0,12772,0,0,0,0,0,0,TRUE,0.4,"PEL","AMR"
"HG02148","Europe (North East)",0,0.713263463558485,0.569886244316146,"ok",4883749,4883749,0,12772,0,0,0,0,0,0,TRUE,0.4,"PEL","AMR"
"HG02261","Europe (North East)",0,0.710730470315674,0.56790165264649,"ok",4883749,4883749,0,12772,0,0,0,0,0,0,TRUE,0.4,"PEL","AMR"
"HG02273","Europe (North East)",0,0.713212631617023,0.552914896975572,"ok",4883749,4883749,0,12772,0,0,0,0,0,0,TRUE,0.4,"PEL","AMR"
"HG02279","Europe (North East)",0,0.710316859763701,0.585632467133966,"ok",4883749,4883749,0,12772,0,0,0,0,0,0,TRUE,0.4,"PEL","AMR"
"HG02287","Europe (North East)",0,0.706184320893795,0.5896904081825,"ok",4883749,4883749,0,12772,0,0,0,0,0,0,TRUE,0.4,"PEL","AMR"
"HG02293","Europe (North East)",0,0.711606324454216,0.566221744576676,"ok",4883749,4883749,0,12772,0,0,0,0,0,0,TRUE,0.4,"PEL","AMR"
"HG02300","Europe (North East)",0,0.702835696502198,0.5988071303812,"ok",4883749,4883749,0,12772,0,0,0,0,0,0,TRUE,0.4,"PEL","AMR"
"HG02303","Europe (North East)",0,0.694470345682683,0.592463634633253,"ok",4883749,4883749,0,12772,0,0,0,0,0,0,TRUE,0.4,"PEL","AMR"
"HG01567","Europe (South East)",0,0.686974324698659,0.610107885649603,"ok",4883749,4883749,0,12772,0,0,0,0,0,0,TRUE,0.4,"PEL","AMR"
"HG01573","Europe (South East)",0,0.705867402279503,0.584187839144058,"ok",4883749,4883749,0,12772,0,0,0,0,0,0,TRUE,0.4,"PEL","AMR"
"HG01579","Europe (South East)",0,0.680355290937426,0.615491425868281,"ok",4883749,4883749,0,12772,0,0,0,0,0,0,TRUE,0.4,"PEL","AMR"
"HG01898","Europe (South East)",0,0.681668507912089,0.586626079676456,"ok",4883749,4883749,0,12772,0,0,0,0,0,0,TRUE,0.4,"PEL","AMR"
"HG01919","Europe (South East)",0,0.707805434699112,0.582659983280081,"ok",4883749,4883749,0,12772,0,0,0,0,0,0,TRUE,0.4,"PEL","AMR"
"HG01922","Europe (South East)",0,0.71064610401214,0.572355201191257,"ok",4883749,4883749,0,12772,0,0,0,0,0,0,TRUE,0.4,"PEL","AMR"
"HG01925","Europe (South East)",0,0.702767022359502,0.56381334132959,"ok",4883749,4883749,0,12772,0,0,0,0,0,0,TRUE,0.4,"PEL","AMR"
"HG01928","Europe (South East)",0,0.719384050346477,0.559788999561315,"ok",4883749,4883749,0,12772,0,0,0,0,0,0,TRUE,0.4,"PEL","AMR"
"HG01934","Europe (South East)",0,0.696330905072436,0.583553157492707,"ok",4883749,4883749,0,12772,0,0,0,0,0,0,TRUE,0.4,"PEL","AMR"
"HG01937","Europe (South East)",0,0.695129725159639,0.593421486483357,"ok",4883749,4883749,0,12772,0,0,0,0,0,0,TRUE,0.4,"PEL","AMR"
"HG01940","Europe (South East)",0,0.71453877833435,0.573766003480417,"ok",4883749,4883749,0,12772,0,0,0,0,0,0,TRUE,0.4,"PEL","AMR"
"HG01943","Europe (South East)",0,0.709000764378193,0.570081738220003,"ok",4883749,4883749,0,12772,0,0,0,0,0,0,TRUE,0.4,"PEL","AMR"
"HG01946","Europe (South East)",0,0.699398196237203,0.581414614751921,"ok",4883749,4883749,0,12772,0,0,0,0,0,0,TRUE,0.4,"PEL","AMR"
"HG01949","Europe (South East)",0,0.685072262958336,0.585255880307605,"ok",4883749,4883749,0,12772,0,0,0,0,0,0,TRUE,0.4,"PEL","AMR"
"HG01952","Europe (South East)",0,0.70995959735667,0.556048929076817,"ok",4883749,4883749,0,12772,0,0,0,0,0,0,TRUE,0.4,"PEL","AMR"
"HG01955","Europe (South East)",0,0.713480342905025,0.566295807106368,"ok",4883749,4883749,0,12772,0,0,0,0,0,0,TRUE,0.4,"PEL","AMR"
"HG01969","Europe (South East)",0,0.708148884460165,0.583514411660652,"ok",4883749,4883749,0,12772,0,0,0,0,0,0,TRUE,0.4,"PEL","AMR"
"HG01972","Europe (South East)",0,0.683906852290342,0.595365039023466,"ok",4883749,4883749,0,12772,0,0,0,0,0,0,TRUE,0.4,"PEL","AMR"
"HG01975","Europe (South East)",0,0.709323797920376,0.559211852578445,"ok",4883749,4883749,0,12772,0,0,0,0,0,0,TRUE,0.4,"PEL","AMR"
"HG01978","Europe (South East)",0,0.702568782380218,0.584901712866027,"ok",4883749,4883749,0,12772,0,0,0,0,0,0,TRUE,0.4,"PEL","AMR"
"HG01981","Europe (South East)",0,0.698815723498973,0.589847380517765,"ok",4883749,4883749,0,12772,0,0,0,0,0,0,TRUE,0.4,"PEL","AMR"
"HG01984","Europe (South East)",0,0.701746864065016,0.590631832131667,"ok",4883749,4883749,0,12772,0,0,0,0,0,0,TRUE,0.4,"PEL","AMR"
"HG01993","Europe (South East)",0,0.711516472061007,0.578614180994784,"ok",4883749,4883749,0,12772,0,0,0,0,0,0,TRUE,0.4,"PEL","AMR"
"HG01998","Europe (South East)",0,0.71167284834609,0.572943389303318,"ok",4883749,4883749,0,12772,0,0,0,0,0,0,TRUE,0.4,"PEL","AMR"
"HG02004","Europe (South East)",0,0.707048462918692,0.577323850930188,"ok",4883749,4883749,0,12772,0,0,0,0,0,0,TRUE,0.4,"PEL","AMR"
"HG02091","Europe (South East)",0,0.681557671366496,0.595316988446124,"ok",4883749,4883749,0,12772,0,0,0,0,0,0,TRUE,0.4,"PEL","AMR"
"HG02106","Europe (South East)",0,0.713689547288561,0.558813158743272,"ok",4883749,4883749,0,12772,0,0,0,0,0,0,TRUE,0.4,"PEL","AMR"
"HG02148","Europe (South East)",0,0.713263463558485,0.566378936158561,"ok",4883749,4883749,0,12772,0,0,0,0,0,0,TRUE,0.4,"PEL","AMR"
"HG02261","Europe (South East)",0,0.710730470315674,0.564553297332261,"ok",4883749,4883749,0,12772,0,0,0,0,0,0,TRUE,0.4,"PEL","AMR"
"HG02273","Europe (South East)",0,0.713212631617023,0.547692500599569,"ok",4883749,4883749,0,12772,0,0,0,0,0,0,TRUE,0.4,"PEL","AMR"
"HG02279","Europe (South East)",0,0.710316859763701,0.582771653237503,"ok",4883749,4883749,0,12772,0,0,0,0,0,0,TRUE,0.4,"PEL","AMR"
"HG02287","Europe (South East)",0,0.706184320893795,0.586680680226372,"ok",4883749,4883749,0,12772,0,0,0,0,0,0,TRUE,0.4,"PEL","AMR"
"HG02293","Europe (South East)",0,0.711606324454216,0.562305891667627,"ok",4883749,4883749,0,12772,0,0,0,0,0,0,TRUE,0.4,"PEL","AMR"
"HG02300","Europe (South East)",0,0.702835696502198,0.596219856357853,"ok",4883749,4883749,0,12772,0,0,0,0,0,0,TRUE,0.4,"PEL","AMR"
"HG02303","Europe (South East)",0,0.694470345682683,0.590170524130036,"ok",4883749,4883749,0,12772,0,0,0,0,0,0,TRUE,0.4,"PEL","AMR"
"HG01567","Europe (South West)",0,0.686974324698659,0.608331278484662,"ok",4883749,4883749,0,12772,0,0,0,0,0,0,TRUE,0.4,"PEL","AMR"
"HG01573","Europe (South West)",0,0.705867402279503,0.580816245228584,"ok",4883749,4883749,0,12772,0,0,0,0,0,0,TRUE,0.4,"PEL","AMR"
"HG01579","Europe (South West)",0,0.680355290937426,0.614385877923633,"ok",4883749,4883749,0,12772,0,0,0,0,0,0,TRUE,0.4,"PEL","AMR"
"HG01898","Europe (South West)",0,0.681668507912089,0.585777290800608,"ok",4883749,4883749,0,12772,0,0,0,0,0,0,TRUE,0.4,"PEL","AMR"
"HG01919","Europe (South West)",0,0.707805434699112,0.578739264336267,"ok",4883749,4883749,0,12772,0,0,0,0,0,0,TRUE,0.4,"PEL","AMR"
"HG01922","Europe (South West)",0,0.71064610401214,0.568354561215884,"ok",4883749,4883749,0,12772,0,0,0,0,0,0,TRUE,0.4,"PEL","AMR"
"HG01925","Europe (South West)",0,0.702767022359502,0.560071259758213,"ok",4883749,4883749,0,12772,0,0,0,0,0,0,TRUE,0.4,"PEL","AMR"
"HG01928","Europe (South West)",0,0.719384050346477,0.554282257682096,"ok",4883749,4883749,0,12772,0,0,0,0,0,0,TRUE,0.4,"PEL","AMR"
"HG01934","Europe (South West)",0,0.696330905072436,0.581586607610915,"ok",4883749,4883749,0,12772,0,0,0,0,0,0,TRUE,0.4,"PEL","AMR"
"HG01937","Europe (South West)",0,0.695129725159639,0.591552022857273,"ok",4883749,4883749,0,12772,0,0,0,0,0,0,TRUE,0.4,"PEL","AMR"
"HG01940","Europe (South West)",0,0.71453877833435,0.568047924389018,"ok",4883749,4883749,0,12772,0,0,0,0,0,0,TRUE,0.4,"PEL","AMR"
"HG01943","Europe (South West)",0,0.709000764378193,0.56697191834335,"ok",4883749,4883749,0,12772,0,0,0,0,0,0,TRUE,0.4,"PEL","AMR"
"HG01946","Europe (South West)",0,0.699398196237203,0.577627478981327,"ok",4883749,4883749,0,12772,0,0,0,0,0,0,TRUE,0.4,"PEL","AMR"
"HG01949","Europe (South West)",0,0.685072262958336,0.583444340144384,"ok",4883749,4883749,0,12772,0,0,0,0,0,0,TRUE,0.4,"PEL","AMR"
"HG01952","Europe (South West)",0,0.70995959735667,0.551539145560292,"ok",4883749,4883749,0,12772,0,0,0,0,0,0,TRUE,0.4,"PEL","AMR"
"HG01955","Europe (South West)",0,0.713480342905025,0.561892235016678,"ok",4883749,4883749,0,12772,0,0,0,0,0,0,TRUE,0.4,"PEL","AMR"
"HG01969","Europe (South West)",0,0.708148884460165,0.580324181770661,"ok",4883749,4883749,0,12772,0,0,0,0,0,0,TRUE,0.4,"PEL","AMR"
"HG01972","Europe (South West)",0,0.683906852290342,0.593269704265843,"ok",4883749,4883749,0,12772,0,0,0,0,0,0,TRUE,0.4,"PEL","AMR"
"HG01975","Europe (South West)",0,0.709323797920376,0.554845795209566,"ok",4883749,4883749,0,12772,0,0,0,0,0,0,TRUE,0.4,"PEL","AMR"
"HG01978","Europe (South West)",0,0.702568782380218,0.581330414544327,"ok",4883749,4883749,0,12772,0,0,0,0,0,0,TRUE,0.4,"PEL","AMR"
"HG01981","Europe (South West)",0,0.698815723498973,0.587242713034153,"ok",4883749,4883749,0,12772,0,0,0,0,0,0,TRUE,0.4,"PEL","AMR"
"HG01984","Europe (South West)",0,0.701746864065016,0.588343224374949,"ok",4883749,4883749,0,12772,0,0,0,0,0,0,TRUE,0.4,"PEL","AMR"
"HG01993","Europe (South West)",0,0.711516472061007,0.575352580434378,"ok",4883749,4883749,0,12772,0,0,0,0,0,0,TRUE,0.4,"PEL","AMR"
"HG01998","Europe (South West)",0,0.71167284834609,0.568718968399091,"ok",4883749,4883749,0,12772,0,0,0,0,0,0,TRUE,0.4,"PEL","AMR"
"HG02004","Europe (South West)",0,0.707048462918692,0.574273373872601,"ok",4883749,4883749,0,12772,0,0,0,0,0,0,TRUE,0.4,"PEL","AMR"
"HG02091","Europe (South West)",0,0.681557671366496,0.59429431550869,"ok",4883749,4883749,0,12772,0,0,0,0,0,0,TRUE,0.4,"PEL","AMR"
"HG02106","Europe (South West)",0,0.713689547288561,0.554601894856104,"ok",4883749,4883749,0,12772,0,0,0,0,0,0,TRUE,0.4,"PEL","AMR"
"HG02148","Europe (South West)",0,0.713263463558485,0.562597782648702,"ok",4883749,4883749,0,12772,0,0,0,0,0,0,TRUE,0.4,"PEL","AMR"
"HG02261","Europe (South West)",0,0.710730470315674,0.559322229897767,"ok",4883749,4883749,0,12772,0,0,0,0,0,0,TRUE,0.4,"PEL","AMR"
"HG02273","Europe (South West)",0,0.713212631617023,0.542541178712275,"ok",4883749,4883749,0,12772,0,0,0,0,0,0,TRUE,0.4,"PEL","AMR"
"HG02279","Europe (South West)",0,0.710316859763701,0.579625162895316,"ok",4883749,4883749,0,12772,0,0,0,0,0,0,TRUE,0.4,"PEL","AMR"
"HG02287","Europe (South West)",0,0.706184320893795,0.583593711218463,"ok",4883749,4883749,0,12772,0,0,0,0,0,0,TRUE,0.4,"PEL","AMR"
"HG02293","Europe (South West)",0,0.711606324454216,0.557710505920936,"ok",4883749,4883749,0,12772,0,0,0,0,0,0,TRUE,0.4,"PEL","AMR"
"HG02300","Europe (South West)",0,0.702835696502198,0.593422632419329,"ok",4883749,4883749,0,12772,0,0,0,0,0,0,TRUE,0.4,"PEL","AMR"
"HG02303","Europe (South West)",0,0.694470345682683,0.58743011442037,"ok",4883749,4883749,0,12772,0,0,0,0,0,0,TRUE,0.4,"PEL","AMR"
"HG01567","Finland",0,0.686974324698659,0.610620132352607,"ok",4883749,4883749,0,12772,0,0,0,0,0,0,TRUE,0.4,"PEL","AMR"
"HG01573","Finland",0,0.705867402279503,0.590762866031937,"ok",4883749,4883749,0,12772,0,0,0,0,0,0,TRUE,0.4,"PEL","AMR"
"HG01579","Finland",0,0.680355290937426,0.615019483315352,"ok",4883749,4883749,0,12772,0,0,0,0,0,0,TRUE,0.4,"PEL","AMR"
"HG01898","Finland",0,0.681668507912089,0.58946530330656,"ok",4883749,4883749,0,12772,0,0,0,0,0,0,TRUE,0.4,"PEL","AMR"
"HG01919","Finland",0,0.707805434699112,0.590452904490342,"ok",4883749,4883749,0,12772,0,0,0,0,0,0,TRUE,0.4,"PEL","AMR"
"HG01922","Finland",0,0.71064610401214,0.581003887856721,"ok",4883749,4883749,0,12772,0,0,0,0,0,0,TRUE,0.4,"PEL","AMR"
"HG01925","Finland",0,0.702767022359502,0.572234817123354,"ok",4883749,4883749,0,12772,0,0,0,0,0,0,TRUE,0.4,"PEL","AMR"
"HG01928","Finland",0,0.719384050346477,0.572445976467996,"ok",4883749,4883749,0,12772,0,0,0,0,0,0,TRUE,0.4,"PEL","AMR"
"HG01934","Finland",0,0.696330905072436,0.590293114106259,"ok",4883749,4883749,0,12772,0,0,0,0,0,0,TRUE,0.4,"PEL","AMR"
"HG01937","Finland",0,0.695129725159639,0.596916023700931,"ok",4883749,4883749,0,12772,0,0,0,0,0,0,TRUE,0.4,"PEL","AMR"
"HG01940","Finland",0,0.71453877833435,0.582960658555551,"ok",4883749,4883749,0,12772,0,0,0,0,0,0,TRUE,0.4,"PEL","AMR"
"HG01943","Finland",0,0.709000764378193,0.579174536138714,"ok",4883749,4883749,0,12772,0,0,0,0,0,0,TRUE,0.4,"PEL","AMR"
"HG01946","Finland",0,0.699398196237203,0.589342000349446,"ok",4883749,4883749,0,12772,0,0,0,0,0,0,TRUE,0.4,"PEL","AMR"
"HG01949","Finland",0,0.685072262958336,0.588485868925818,"ok",4883749,4883749,0,12772,0,0,0,0,0,0,TRUE,0.4,"PEL","AMR"
"HG01952","Finland",0,0.70995959735667,0.566167480463142,"ok",4883749,4883749,0,12772,0,0,0,0,0,0,TRUE,0.4,"PEL","AMR"
"HG01955","Finland",0,0.713480342905025,0.577182510597478,"ok",4883749,4883749,0,12772,0,0,0,0,0,0,TRUE,0.4,"PEL","AMR"
"HG01969","Finland",0,0.708148884460165,0.589656780848706,"ok",4883749,4883749,0,12772,0,0,0,0,0,0,TRUE,0.4,"PEL","AMR"
"HG01972","Finland",0,0.683906852290342,0.59792409102724,"ok",4883749,4883749,0,12772,0,0,0,0,0,0,TRUE,0.4,"PEL","AMR"
"HG01975","Finland",0,0.709323797920376,0.569790046525683,"ok",4883749,4883749,0,12772,0,0,0,0,0,0,TRUE,0.4,"PEL","AMR"
"HG01978","Finland",0,0.702568782380218,0.592073986303015,"ok",4883749,4883749,0,12772,0,0,0,0,0,0,TRUE,0.4,"PEL","AMR"
"HG01981","Finland",0,0.698815723498973,0.595955423388464,"ok",4883749,4883749,0,12772,0,0,0,0,0,0,TRUE,0.4,"PEL","AMR"
"HG01984","Finland",0,0.701746864065016,0.595932954043684,"ok",4883749,4883749,0,12772,0,0,0,0,0,0,TRUE,0.4,"PEL","AMR"
"HG01993","Finland",0,0.711516472061007,0.587380488388878,"ok",4883749,4883749,0,12772,0,0,0,0,0,0,TRUE,0.4,"PEL","AMR"
"HG01998","Finland",0,0.71167284834609,0.582892932158683,"ok",4883749,4883749,0,12772,0,0,0,0,0,0,TRUE,0.4,"PEL","AMR"
"HG02004","Finland",0,0.707048462918692,0.585426830280408,"ok",4883749,4883749,0,12772,0,0,0,0,0,0,TRUE,0.4,"PEL","AMR"
"HG02091","Finland",0,0.681557671366496,0.598244340892273,"ok",4883749,4883749,0,12772,0,0,0,0,0,0,TRUE,0.4,"PEL","AMR"
"HG02106","Finland",0,0.713689547288561,0.569590362028682,"ok",4883749,4883749,0,12772,0,0,0,0,0,0,TRUE,0.4,"PEL","AMR"
"HG02148","Finland",0,0.713263463558485,0.57514258018551,"ok",4883749,4883749,0,12772,0,0,0,0,0,0,TRUE,0.4,"PEL","AMR"
"HG02261","Finland",0,0.710730470315674,0.573481964697383,"ok",4883749,4883749,0,12772,0,0,0,0,0,0,TRUE,0.4,"PEL","AMR"
"HG02273","Finland",0,0.713212631617023,0.560271724950934,"ok",4883749,4883749,0,12772,0,0,0,0,0,0,TRUE,0.4,"PEL","AMR"
"HG02279","Finland",0,0.710316859763701,0.590319880221089,"ok",4883749,4883749,0,12772,0,0,0,0,0,0,TRUE,0.4,"PEL","AMR"
"HG02287","Finland",0,0.706184320893795,0.593766492659048,"ok",4883749,4883749,0,12772,0,0,0,0,0,0,TRUE,0.4,"PEL","AMR"
"HG02293","Finland",0,0.711606324454216,0.571133088722775,"ok",4883749,4883749,0,12772,0,0,0,0,0,0,TRUE,0.4,"PEL","AMR"
"HG02300","Finland",0,0.702835696502198,0.601293362651143,"ok",4883749,4883749,0,12772,0,0,0,0,0,0,TRUE,0.4,"PEL","AMR"
"HG02303","Finland",0,0.694470345682683,0.595613522105145,"ok",4883749,4883749,0,12772,0,0,0,0,0,0,TRUE,0.4,"PEL","AMR"
"HG01567","Ireland",0,0.686974324698659,0.608619274533667,"ok",4883749,4883749,0,12772,0,0,0,0,0,0,TRUE,0.4,"PEL","AMR"
"HG01573","Ireland",0,0.705867402279503,0.584264316419748,"ok",4883749,4883749,0,12772,0,0,0,0,0,0,TRUE,0.4,"PEL","AMR"
"HG01579","Ireland",0,0.680355290937426,0.614492863043864,"ok",4883749,4883749,0,12772,0,0,0,0,0,0,TRUE,0.4,"PEL","AMR"
"HG01898","Ireland",0,0.681668507912089,0.586488273470067,"ok",4883749,4883749,0,12772,0,0,0,0,0,0,TRUE,0.4,"PEL","AMR"
"HG01919","Ireland",0,0.707805434699112,0.582572912511193,"ok",4883749,4883749,0,12772,0,0,0,0,0,0,TRUE,0.4,"PEL","AMR"
"HG01922","Ireland",0,0.71064610401214,0.573496710500514,"ok",4883749,4883749,0,12772,0,0,0,0,0,0,TRUE,0.4,"PEL","AMR"
"HG01925","Ireland",0,0.702767022359502,0.563253646343207,"ok",4883749,4883749,0,12772,0,0,0,0,0,0,TRUE,0.4,"PEL","AMR"
"HG01928","Ireland",0,0.719384050346477,0.559893048639399,"ok",4883749,4883749,0,12772,0,0,0,0,0,0,TRUE,0.4,"PEL","AMR"
"HG01934","Ireland",0,0.696330905072436,0.583518476519435,"ok",4883749,4883749,0,12772,0,0,0,0,0,0,TRUE,0.4,"PEL","AMR"
"HG01937","Ireland",0,0.695129725159639,0.592940020779307,"ok",4883749,4883749,0,12772,0,0,0,0,0,0,TRUE,0.4,"PEL","AMR"
"HG01940","Ireland",0,0.71453877833435,0.572723871798893,"ok",4883749,4883749,0,12772,0,0,0,0,0,0,TRUE,0.4,"PEL","AMR"
"HG01943","Ireland",0,0.709000764378193,0.570427291367948,"ok",4883749,4883749,0,12772,0,0,0,0,0,0,TRUE,0.4,"PEL","AMR"
"HG01946","Ireland",0,0.699398196237203,0.580244578390599,"ok",4883749,4883749,0,12772,0,0,0,0,0,0,TRUE,0.4,"PEL","AMR"
"HG01949","Ireland",0,0.685072262958336,0.583855359739211,"ok",4883749,4883749,0,12772,0,0,0,0,0,0,TRUE,0.4,"PEL","AMR"
"HG01952","Ireland",0,0.70995959735667,0.556645312342057,"ok",4883749,4883749,0,12772,0,0,0,0,0,0,TRUE,0.4,"PEL","AMR"
"HG01955","Ireland",0,0.713480342905025,0.566641370203512,"ok",4883749,4883749,0,12772,0,0,0,0,0,0,TRUE,0.4,"PEL","AMR"
"HG01969","Ireland",0,0.708148884460165,0.582976865293991,"ok",4883749,4883749,0,12772,0,0,0,0,0,0,TRUE,0.4,"PEL","AMR"
"HG01972","Ireland",0,0.683906852290342,0.594921406535582,"ok",4883749,4883749,0,12772,0,0,0,0,0,0,TRUE,0.4,"PEL","AMR"
"HG01975","Ireland",0,0.709323797920376,0.559371855569713,"ok",4883749,4883749,0,12772,0,0,0,0,0,0,TRUE,0.4,"PEL","AMR"
"HG01978","Ireland",0,0.702568782380218,0.584028890457852,"ok",4883749,4883749,0,12772,0,0,0,0,0,0,TRUE,0.4,"PEL","AMR"
"HG01981","Ireland",0,0.698815723498973,0.589790895516817,"ok",4883749,4883749,0,12772,0,0,0,0,0,0,TRUE,0.4,"PEL","AMR"
"HG01984","Ireland",0,0.701746864065016,0.590296685926534,"ok",4883749,4883749,0,12772,0,0,0,0,0,0,TRUE,0.4,"PEL","AMR"
"HG01993","Ireland",0,0.711516472061007,0.579448113491359,"ok",4883749,4883749,0,12772,0,0,0,0,0,0,TRUE,0.4,"PEL","AMR"
"HG01998","Ireland",0,0.71167284834609,0.572542653623655,"ok",4883749,4883749,0,12772,0,0,0,0,0,0,TRUE,0.4,"PEL","AMR"
"HG02004","Ireland",0,0.707048462918692,0.577414023626668,"ok",4883749,4883749,0,12772,0,0,0,0,0,0,TRUE,0.4,"PEL","AMR"
"HG02091","Ireland",0,0.681557671366496,0.594981457684314,"ok",4883749,4883749,0,12772,0,0,0,0,0,0,TRUE,0.4,"PEL","AMR"
"HG02106","Ireland",0,0.713689547288561,0.559292516665328,"ok",4883749,4883749,0,12772,0,0,0,0,0,0,TRUE,0.4,"PEL","AMR"
"HG02148","Ireland",0,0.713263463558485,0.56640495486974,"ok",4883749,4883749,0,12772,0,0,0,0,0,0,TRUE,0.4,"PEL","AMR"
"HG02261","Ireland",0,0.710730470315674,0.563186320927587,"ok",4883749,4883749,0,12772,0,0,0,0,0,0,TRUE,0.4,"PEL","AMR"
"HG02273","Ireland",0,0.713212631617023,0.54892342495892,"ok",4883749,4883749,0,12772,0,0,0,0,0,0,TRUE,0.4,"PEL","AMR"
"HG02279","Ireland",0,0.710316859763701,0.582521873043575,"ok",4883749,4883749,0,12772,0,0,0,0,0,0,TRUE,0.4,"PEL","AMR"
"HG02287","Ireland",0,0.706184320893795,0.586746325050536,"ok",4883749,4883749,0,12772,0,0,0,0,0,0,TRUE,0.4,"PEL","AMR"
"HG02293","Ireland",0,0.711606324454216,0.562330584055815,"ok",4883749,4883749,0,12772,0,0,0,0,0,0,TRUE,0.4,"PEL","AMR"
"HG02300","Ireland",0,0.702835696502198,0.596081643320311,"ok",4883749,4883749,0,12772,0,0,0,0,0,0,TRUE,0.4,"PEL","AMR"
"HG02303","Ireland",0,0.694470345682683,0.590014497244382,"ok",4883749,4883749,0,12772,0,0,0,0,0,0,TRUE,0.4,"PEL","AMR"
"HG01567","Italy",0,0.686974324698659,0.606643847774853,"ok",4883749,4883749,0,12772,0,0,0,0,0,0,TRUE,0.4,"PEL","AMR"
"HG01573","Italy",0,0.705867402279503,0.578802188518408,"ok",4883749,4883749,0,12772,0,0,0,0,0,0,TRUE,0.4,"PEL","AMR"
"HG01579","Italy",0,0.680355290937426,0.612521420488006,"ok",4883749,4883749,0,12772,0,0,0,0,0,0,TRUE,0.4,"PEL","AMR"
"HG01898","Italy",0,0.681668507912089,0.583407334010811,"ok",4883749,4883749,0,12772,0,0,0,0,0,0,TRUE,0.4,"PEL","AMR"
"HG01919","Italy",0,0.707805434699112,0.577655896304609,"ok",4883749,4883749,0,12772,0,0,0,0,0,0,TRUE,0.4,"PEL","AMR"
"HG01922","Italy",0,0.71064610401214,0.56668765797179,"ok",4883749,4883749,0,12772,0,0,0,0,0,0,TRUE,0.4,"PEL","AMR"
"HG01925","Italy",0,0.702767022359502,0.558402056918564,"ok",4883749,4883749,0,12772,0,0,0,0,0,0,TRUE,0.4,"PEL","AMR"
"HG01928","Italy",0,0.719384050346477,0.552513419244271,"ok",4883749,4883749,0,12772,0,0,0,0,0,0,TRUE,0.4,"PEL","AMR"
"HG01934","Italy",0,0.696330905072436,0.579362779635854,"ok",4883749,4883749,0,12772,0,0,0,0,0,0,TRUE,0.4,"PEL","AMR"
"HG01937","Italy",0,0.695129725159639,0.589439240425303,"ok",4883749,4883749,0,12772,0,0,0,0,0,0,TRUE,0.4,"PEL","AMR"
"HG01940","Italy",0,0.71453877833435,0.566611826400946,"ok",4883749,4883749,0,12772,0,0,0,0,0,0,TRUE,0.4,"PEL","AMR"
"HG01943","Italy",0,0.709000764378193,0.565177208428401,"ok",4883749,4883749,0,12772,0,0,0,0,0,0,TRUE,0.4,"PEL","AMR"
"HG01946","Italy",0,0.699398196237203,0.576408675880352,"ok",4883749,4883749,0,12772,0,0,0,0,0,0,TRUE,0.4,"PEL","AMR"
"HG01949","Italy",0,0.685072262958336,0.581951278196604,"ok",4883749,4883749,0,12772,0,0,0,0,0,0,TRUE,0.4,"PEL","AMR"
"HG01952","Italy",0,0.70995959735667,0.549655508698007,"ok",4883749,4883749,0,12772,0,0,0,0,0,0,TRUE,0.4,"PEL","AMR"
"HG01955","Italy",0,0.713480342905025,0.560049221440465,"ok",4883749,4883749,0,12772,0,0,0,0,0,0,TRUE,0.4,"PEL","AMR"
"HG01969","Italy",0,0.708148884460165,0.578524168626739,"ok",4883749,4883749,0,12772,0,0,0,0,0,0,TRUE,0.4,"PEL","AMR"
"HG01972","Italy",0,0.683906852290342,0.591598126893679,"ok",4883749,4883749,0,12772,0,0,0,0,0,0,TRUE,0.4,"PEL","AMR"
"HG01975","Italy",0,0.709323797920376,0.55316438098308,"ok",4883749,4883749,0,12772,0,0,0,0,0,0,TRUE,0.4,"PEL","AMR"
"HG01978","Italy",0,0.702568782380218,0.579336022363353,"ok",4883749,4883749,0,12772,0,0,0,0,0,0,TRUE,0.4,"PEL","AMR"
"HG01981","Italy",0,0.698815723498973,0.585835069976649,"ok",4883749,4883749,0,12772,0,0,0,0,0,0,TRUE,0.4,"PEL","AMR"
"HG01984","Italy",0,0.701746864065016,0.586529605668143,"ok",4883749,4883749,0,12772,0,0,0,0,0,0,TRUE,0.4,"PEL","AMR"
"HG01993","Italy",0,0.711516472061007,0.573609360816396,"ok",4883749,4883749,0,12772,0,0,0,0,0,0,TRUE,0.4,"PEL","AMR"
"HG01998","Italy",0,0.71167284834609,0.56705737949633,"ok",4883749,4883749,0,12772,0,0,0,0,0,0,TRUE,0.4,"PEL","AMR"
"HG02004","Italy",0,0.707048462918692,0.572079772268736,"ok",4883749,4883749,0,12772,0,0,0,0,0,0,TRUE,0.4,"PEL","AMR"
"HG02091","Italy",0,0.681557671366496,0.59257651772676,"ok",4883749,4883749,0,12772,0,0,0,0,0,0,TRUE,0.4,"PEL","AMR"
"HG02106","Italy",0,0.713689547288561,0.552643728253368,"ok",4883749,4883749,0,12772,0,0,0,0,0,0,TRUE,0.4,"PEL","AMR"
"HG02148","Italy",0,0.713263463558485,0.560742362415722,"ok",4883749,4883749,0,12772,0,0,0,0,0,0,TRUE,0.4,"PEL","AMR"
"HG02261","Italy",0,0.710730470315674,0.558587918534837,"ok",4883749,4883749,0,12772,0,0,0,0,0,0,TRUE,0.4,"PEL","AMR"
"HG02273","Italy",0,0.713212631617023,0.540723099924168,"ok",4883749,4883749,0,12772,0,0,0,0,0,0,TRUE,0.4,"PEL","AMR"
"HG02279","Italy",0,0.710316859763701,0.577493816538088,"ok",4883749,4883749,0,12772,0,0,0,0,0,0,TRUE,0.4,"PEL","AMR"
"HG02287","Italy",0,0.706184320893795,0.581697221596237,"ok",4883749,4883749,0,12772,0,0,0,0,0,0,TRUE,0.4,"PEL","AMR"
"HG02293","Italy",0,0.711606324454216,0.556152614894264,"ok",4883749,4883749,0,12772,0,0,0,0,0,0,TRUE,0.4,"PEL","AMR"
"HG02300","Italy",0,0.702835696502198,0.591617817387242,"ok",4883749,4883749,0,12772,0,0,0,0,0,0,TRUE,0.4,"PEL","AMR"
"HG02303","Italy",0,0.694470345682683,0.585474636957623,"ok",4883749,4883749,0,12772,0,0,0,0,0,0,TRUE,0.4,"PEL","AMR"
"HG01567","Japan",0,0.686974324698659,0.582227294740151,"ok",4883749,4883749,0,12772,0,0,0,0,0,0,TRUE,0.4,"PEL","AMR"
"HG01573","Japan",0,0.705867402279503,0.601827409849993,"ok",4883749,4883749,0,12772,0,0,0,0,0,0,TRUE,0.4,"PEL","AMR"
"HG01579","Japan",0,0.680355290937426,0.572360820614088,"ok",4883749,4883749,0,12772,0,0,0,0,0,0,TRUE,0.4,"PEL","AMR"
"HG01898","Japan",0,0.681668507912089,0.583484495555749,"ok",4883749,4883749,0,12772,0,0,0,0,0,0,TRUE,0.4,"PEL","AMR"
"HG01919","Japan",0,0.707805434699112,0.600396457719509,"ok",4883749,4883749,0,12772,0,0,0,0,0,0,TRUE,0.4,"PEL","AMR"
"HG01922","Japan",0,0.71064610401214,0.606200993910028,"ok",4883749,4883749,0,12772,0,0,0,0,0,0,TRUE,0.4,"PEL","AMR"
"HG01925","Japan",0,0.702767022359502,0.605025994084961,"ok",4883749,4883749,0,12772,0,0,0,0,0,0,TRUE,0.4,"PEL","AMR"
"HG01928","Japan",0,0.719384050346477,0.619600103949638,"ok",4883749,4883749,0,12772,0,0,0,0,0,0,TRUE,0.4,"PEL","AMR"
"HG01934","Japan",0,0.696330905072436,0.596696484755466,"ok",4883749,4883749,0,12772,0,0,0,0,0,0,TRUE,0.4,"PEL","AMR"
"HG01937","Japan",0,0.695129725159639,0.59283548772718,"ok",4883749,4883749,0,12772,0,0,0,0,0,0,TRUE,0.4,"PEL","AMR"
"HG01940","Japan",0,0.71453877833435,0.605305060654168,"ok",4883749,4883749,0,12772,0,0,0,0,0,0,TRUE,0.4,"PEL","AMR"
"HG01943","Japan",0,0.709000764378193,0.607206046261307,"ok",4883749,4883749,0,12772,0,0,0,0,0,0,TRUE,0.4,"PEL","AMR"
"HG01946","Japan",0.0808172,0.699398196237203,0.625369543615142,"ok",4883749,4883749,0,12772,0,0,0,0,0,0,TRUE,0.4,"PEL","AMR"
"HG01949","Japan",0.0123676,0.685072262958336,0.594019237713122,"ok",4883749,4883749,0,12772,0,0,0,0,0,0,TRUE,0.4,"PEL","AMR"
"HG01952","Japan",0,0.70995959735667,0.608158839840397,"ok",4883749,4883749,0,12772,0,0,0,0,0,0,TRUE,0.4,"PEL","AMR"
"HG01955","Japan",0,0.713480342905025,0.611909170586873,"ok",4883749,4883749,0,12772,0,0,0,0,0,0,TRUE,0.4,"PEL","AMR"
"HG01969","Japan",0,0.708148884460165,0.605394173612282,"ok",4883749,4883749,0,12772,0,0,0,0,0,0,TRUE,0.4,"PEL","AMR"
"HG01972","Japan",0,0.683906852290342,0.584161166687531,"ok",4883749,4883749,0,12772,0,0,0,0,0,0,TRUE,0.4,"PEL","AMR"
"HG01975","Japan",0,0.709323797920376,0.608459238309394,"ok",4883749,4883749,0,12772,0,0,0,0,0,0,TRUE,0.4,"PEL","AMR"
"HG01978","Japan",0,0.702568782380218,0.598469283050723,"ok",4883749,4883749,0,12772,0,0,0,0,0,0,TRUE,0.4,"PEL","AMR"
"HG01981","Japan",0,0.698815723498973,0.593930421049409,"ok",4883749,4883749,0,12772,0,0,0,0,0,0,TRUE,0.4,"PEL","AMR"
"HG01984","Japan",0,0.701746864065016,0.59893272491397,"ok",4883749,4883749,0,12772,0,0,0,0,0,0,TRUE,0.4,"PEL","AMR"
"HG01993","Japan",0,0.711516472061007,0.60942499370651,"ok",4883749,4883749,0,12772,0,0,0,0,0,0,TRUE,0.4,"PEL","AMR"
"HG01998","Japan",0,0.71167284834609,0.60673523590587,"ok",4883749,4883749,0,12772,0,0,0,0,0,0,TRUE,0.4,"PEL","AMR"
"HG02004","Japan",0,0.707048462918692,0.604170861739311,"ok",4883749,4883749,0,12772,0,0,0,0,0,0,TRUE,0.4,"PEL","AMR"
"HG02091","Japan",0,0.681557671366496,0.578454364767783,"ok",4883749,4883749,0,12772,0,0,0,0,0,0,TRUE,0.4,"PEL","AMR"
"HG02106","Japan",0,0.713689547288561,0.611485733828981,"ok",4883749,4883749,0,12772,0,0,0,0,0,0,TRUE,0.4,"PEL","AMR"
"HG02148","Japan",0,0.713263463558485,0.612332166019303,"ok",4883749,4883749,0,12772,0,0,0,0,0,0,TRUE,0.4,"PEL","AMR"
"HG02261","Japan",0,0.710730470315674,0.610654214049866,"ok",4883749,4883749,0,12772,0,0,0,0,0,0,TRUE,0.4,"PEL","AMR"
"HG02273","Japan",0,0.713212631617023,0.610055115608659,"ok",4883749,4883749,0,12772,0,0,0,0,0,0,TRUE,0.4,"PEL","AMR"
"HG02279","Japan",0,0.710316859763701,0.608119225252355,"ok",4883749,4883749,0,12772,0,0,0,0,0,0,TRUE,0.4,"PEL","AMR"
"HG02287","Japan",0,0.706184320893795,0.603746965813305,"ok",4883749,4883749,0,12772,0,0,0,0,0,0,TRUE,0.4,"PEL","AMR"
"HG02293","Japan",0,0.711606324454216,0.609480787220029,"ok",4883749,4883749,0,12772,0,0,0,0,0,0,TRUE,0.4,"PEL","AMR"
"HG02300","Japan",0,0.702835696502198,0.600477436870589,"ok",4883749,4883749,0,12772,0,0,0,0,0,0,TRUE,0.4,"PEL","AMR"
"HG02303","Japan",0,0.694470345682683,0.591931478365003,"ok",4883749,4883749,0,12772,0,0,0,0,0,0,TRUE,0.4,"PEL","AMR"
"HG01567","Middle East",0,0.686974324698659,0.609103899977128,"ok",4883749,4883749,0,12772,0,0,0,0,0,0,TRUE,0.4,"PEL","AMR"
"HG01573","Middle East",0,0.705867402279503,0.584783302112358,"ok",4883749,4883749,0,12772,0,0,0,0,0,0,TRUE,0.4,"PEL","AMR"
"HG01579","Middle East",0,0.680355290937426,0.613801629462581,"ok",4883749,4883749,0,12772,0,0,0,0,0,0,TRUE,0.4,"PEL","AMR"
"HG01898","Middle East",0,0.681668507912089,0.589914137596058,"ok",4883749,4883749,0,12772,0,0,0,0,0,0,TRUE,0.4,"PEL","AMR"
"HG01919","Middle East",0,0.707805434699112,0.585200791024788,"ok",4883749,4883749,0,12772,0,0,0,0,0,0,TRUE,0.4,"PEL","AMR"
"HG01922","Middle East",0,0.71064610401214,0.574492251359117,"ok",4883749,4883749,0,12772,0,0,0,0,0,0,TRUE,0.4,"PEL","AMR"
"HG01925","Middle East",0,0.702767022359502,0.568021750557005,"ok",4883749,4883749,0,12772,0,0,0,0,0,0,TRUE,0.4,"PEL","AMR"
"HG01928","Middle East",0,0.719384050346477,0.562742174693826,"ok",4883749,4883749,0,12772,0,0,0,0,0,0,TRUE,0.4,"PEL","AMR"
"HG01934","Middle East",0,0.696330905072436,0.585325926207511,"ok",4883749,4883749,0,12772,0,0,0,0,0,0,TRUE,0.4,"PEL","AMR"
"HG01937","Middle East",0,0.695129725159639,0.594572756081763,"ok",4883749,4883749,0,12772,0,0,0,0,0,0,TRUE,0.4,"PEL","AMR"
"HG01940","Middle East",0,0.71453877833435,0.574196412163527,"ok",4883749,4883749,0,12772,0,0,0,0,0,0,TRUE,0.4,"PEL","AMR"
"HG01943","Middle East",0,0.709000764378193,0.573934015339098,"ok",4883749,4883749,0,12772,0,0,0,0,0,0,TRUE,0.4,"PEL","AMR"
"HG01946","Middle East",0,0.699398196237203,0.584197335896384,"ok",4883749,4883749,0,12772,0,0,0,0,0,0,TRUE,0.4,"PEL","AMR"
"HG01949","Middle East",0,0.685072262958336,0.589174886426469,"ok",4883749,4883749,0,12772,0,0,0,0,0,0,TRUE,0.4,"PEL","AMR"
"HG01952","Middle East",0,0.70995959735667,0.560384299160431,"ok",4883749,4883749,0,12772,0,0,0,0,0,0,TRUE,0.4,"PEL","AMR"
"HG01955","Middle East",0,0.713480342905025,0.569406733693067,"ok",4883749,4883749,0,12772,0,0,0,0,0,0,TRUE,0.4,"PEL","AMR"
"HG01969","Middle East",0,0.708148884460165,0.585322339278187,"ok",4883749,4883749,0,12772,0,0,0,0,0,0,TRUE,0.4,"PEL","AMR"
"HG01972","Middle East",0,0.683906852290342,0.596289279746053,"ok",4883749,4883749,0,12772,0,0,0,0,0,0,TRUE,0.4,"PEL","AMR"
"HG01975","Middle East",0,0.709323797920376,0.563168481367164,"ok",4883749,4883749,0,12772,0,0,0,0,0,0,TRUE,0.4,"PEL","AMR"
"HG01978","Middle East",0,0.702568782380218,0.585359106190609,"ok",4883749,4883749,0,12772,0,0,0,0,0,0,TRUE,0.4,"PEL","AMR"
"HG01981","Middle East",0,0.698815723498973,0.592574241208877,"ok",4883749,4883749,0,12772,0,0,0,0,0,0,TRUE,0.4,"PEL","AMR"
"HG01984","Middle East",0,0.701746864065016,0.592187607004537,"ok",4883749,4883749,0,12772,0,0,0,0,0,0,TRUE,0.4,"PEL","AMR"
"HG01993","Middle East",0,0.711516472061007,0.581230795928111,"ok",4883749,4883749,0,12772,0,0,0,0,0,0,TRUE,0.4,"PEL","AMR"
"HG01998","Middle East",0,0.71167284834609,0.574635129793563,"ok",4883749,4883749,0,12772,0,0,0,0,0,0,TRUE,0.4,"PEL","AMR"
"HG02004","Middle East",0,0.707048462918692,0.579197254237648,"ok",4883749,4883749,0,12772,0,0,0,0,0,0,TRUE,0.4,"PEL","AMR"
"HG02091","Middle East",0,0.681557671366496,0.597732408608717,"ok",4883749,4883749,0,12772,0,0,0,0,0,0,TRUE,0.4,"PEL","AMR"
"HG02106","Middle East",0,0.713689547288561,0.562201592168809,"ok",4883749,4883749,0,12772,0,0,0,0,0,0,TRUE,0.4,"PEL","AMR"
"HG02148","Middle East",0,0.713263463558485,0.570083844435376,"ok",4883749,4883749,0,12772,0,0,0,0,0,0,TRUE,0.4,"PEL","AMR"
"HG02261","Middle East",0,0.710730470315674,0.568163851824595,"ok",4883749,4883749,0,12772,0,0,0,0,0,0,TRUE,0.4,"PEL","AMR"
"HG02273","Middle East",0,0.713212631617023,0.550873449438153,"ok",4883749,4883749,0,12772,0,0,0,0,0,0,TRUE,0.4,"PEL","AMR"
"HG02279","Middle East",0,0.710316859763701,0.58464697439942,"ok",4883749,4883749,0,12772,0,0,0,0,0,0,TRUE,0.4,"PEL","AMR"
"HG02287","Middle East",0,0.706184320893795,0.587649013669733,"ok",4883749,4883749,0,12772,0,0,0,0,0,0,TRUE,0.4,"PEL","AMR"
"HG02293","Middle East",0,0.711606324454216,0.565079805721313,"ok",4883749,4883749,0,12772,0,0,0,0,0,0,TRUE,0.4,"PEL","AMR"
"HG02300","Middle East",0,0.702835696502198,0.595995001049459,"ok",4883749,4883749,0,12772,0,0,0,0,0,0,TRUE,0.4,"PEL","AMR"
"HG02303","Middle East",0,0.694470345682683,0.590880076289924,"ok",4883749,4883749,0,12772,0,0,0,0,0,0,TRUE,0.4,"PEL","AMR"
"HG01567","Pakistan",0,0.686974324698659,0.616016427641957,"ok",4883749,4883749,0,12772,0,0,0,0,0,0,TRUE,0.4,"PEL","AMR"
"HG01573","Pakistan",0,0.705867402279503,0.604338485542933,"ok",4883749,4883749,0,12772,0,0,0,0,0,0,TRUE,0.4,"PEL","AMR"
"HG01579","Pakistan",0,0.680355290937426,0.617275647910907,"ok",4883749,4883749,0,12772,0,0,0,0,0,0,TRUE,0.4,"PEL","AMR"
"HG01898","Pakistan",0,0.681668507912089,0.604692379207479,"ok",4883749,4883749,0,12772,0,0,0,0,0,0,TRUE,0.4,"PEL","AMR"
"HG01919","Pakistan",0,0.707805434699112,0.604424056466574,"ok",4883749,4883749,0,12772,0,0,0,0,0,0,TRUE,0.4,"PEL","AMR"
"HG01922","Pakistan",0,0.71064610401214,0.598017320377369,"ok",4883749,4883749,0,12772,0,0,0,0,0,0,TRUE,0.4,"PEL","AMR"
"HG01925","Pakistan",0,0.702767022359502,0.591846960211043,"ok",4883749,4883749,0,12772,0,0,0,0,0,0,TRUE,0.4,"PEL","AMR"
"HG01928","Pakistan",0,0.719384050346477,0.592375468858213,"ok",4883749,4883749,0,12772,0,0,0,0,0,0,TRUE,0.4,"PEL","AMR"
"HG01934","Pakistan",0,0.696330905072436,0.603059735017358,"ok",4883749,4883749,0,12772,0,0,0,0,0,0,TRUE,0.4,"PEL","AMR"
"HG01937","Pakistan",0,0.695129725159639,0.608720618264684,"ok",4883749,4883749,0,12772,0,0,0,0,0,0,TRUE,0.4,"PEL","AMR"
"HG01940","Pakistan",0,0.71453877833435,0.596710372102053,"ok",4883749,4883749,0,12772,0,0,0,0,0,0,TRUE,0.4,"PEL","AMR"
"HG01943","Pakistan",0,0.709000764378193,0.597411109733981,"ok",4883749,4883749,0,12772,0,0,0,0,0,0,TRUE,0.4,"PEL","AMR"
"HG01946","Pakistan",0,0.699398196237203,0.606943244254208,"ok",4883749,4883749,0,12772,0,0,0,0,0,0,TRUE,0.4,"PEL","AMR"
"HG01949","Pakistan",0,0.685072262958336,0.604018714364769,"ok",4883749,4883749,0,12772,0,0,0,0,0,0,TRUE,0.4,"PEL","AMR"
"HG01952","Pakistan",0,0.70995959735667,0.588472983290016,"ok",4883749,4883749,0,12772,0,0,0,0,0,0,TRUE,0.4,"PEL","AMR"
"HG01955","Pakistan",0,0.713480342905025,0.59593795583849,"ok",4883749,4883749,0,12772,0,0,0,0,0,0,TRUE,0.4,"PEL","AMR"
"HG01969","Pakistan",0,0.708148884460165,0.604183786635531,"ok",4883749,4883749,0,12772,0,0,0,0,0,0,TRUE,0.4,"PEL","AMR"
"HG01972","Pakistan",0,0.683906852290342,0.609118406701063,"ok",4883749,4883749,0,12772,0,0,0,0,0,0,TRUE,0.4,"PEL","AMR"
"HG01975","Pakistan",0,0.709323797920376,0.588318526465261,"ok",4883749,4883749,0,12772,0,0,0,0,0,0,TRUE,0.4,"PEL","AMR"
"HG01978","Pakistan",0,0.702568782380218,0.604042553383997,"ok",4883749,4883749,0,12772,0,0,0,0,0,0,TRUE,0.4,"PEL","AMR"
"HG01981","Pakistan",0,0.698815723498973,0.609451793919682,"ok",4883749,4883749,0,12772,0,0,0,0,0,0,TRUE,0.4,"PEL","AMR"
"HG01984","Pakistan",0,0.701746864065016,0.608486772083083,"ok",4883749,4883749,0,12772,0,0,0,0,0,0,TRUE,0.4,"PEL","AMR"
"HG01993","Pakistan",0,0.711516472061007,0.603984031297619,"ok",4883749,4883749,0,12772,0,0,0,0,0,0,TRUE,0.4,"PEL","AMR"
"HG01998","Pakistan",0,0.71167284834609,0.599174804378607,"ok",4883749,4883749,0,12772,0,0,0,0,0,0,TRUE,0.4,"PEL","AMR"
"HG02004","Pakistan",0,0.707048462918692,0.600218053331355,"ok",4883749,4883749,0,12772,0,0,0,0,0,0,TRUE,0.4,"PEL","AMR"
"HG02091","Pakistan",0,0.681557671366496,0.608353206726852,"ok",4883749,4883749,0,12772,0,0,0,0,0,0,TRUE,0.4,"PEL","AMR"
"HG02106","Pakistan",0,0.713689547288561,0.589313674774124,"ok",4883749,4883749,0,12772,0,0,0,0,0,0,TRUE,0.4,"PEL","AMR"
"HG02148","Pakistan",0,0.713263463558485,0.593882967620302,"ok",4883749,4883749,0,12772,0,0,0,0,0,0,TRUE,0.4,"PEL","AMR"
"HG02261","Pakistan",0,0.710730470315674,0.593978662399257,"ok",4883749,4883749,0,12772,0,0,0,0,0,0,TRUE,0.4,"PEL","AMR"
"HG02273","Pakistan",0,0.713212631617023,0.581950383559224,"ok",4883749,4883749,0,12772,0,0,0,0,0,0,TRUE,0.4,"PEL","AMR"
"HG02279","Pakistan",0,0.710316859763701,0.606526533653759,"ok",4883749,4883749,0,12772,0,0,0,0,0,0,TRUE,0.4,"PEL","AMR"
"HG02287","Pakistan",0,0.706184320893795,0.606844022674659,"ok",4883749,4883749,0,12772,0,0,0,0,0,0,TRUE,0.4,"PEL","AMR"
"HG02293","Pakistan",0,0.711606324454216,0.59024834496694,"ok",4883749,4883749,0,12772,0,0,0,0,0,0,TRUE,0.4,"PEL","AMR"
"HG02300","Pakistan",0,0.702835696502198,0.61166991126576,"ok",4883749,4883749,0,12772,0,0,0,0,0,0,TRUE,0.4,"PEL","AMR"
"HG02303","Pakistan",0,0.694470345682683,0.605837017260538,"ok",4883749,4883749,0,12772,0,0,0,0,0,0,TRUE,0.4,"PEL","AMR"
"HG01567","Philippines",0,0.686974324698659,0.571737909589726,"ok",4883749,4883749,0,12772,0,0,0,0,0,0,TRUE,0.4,"PEL","AMR"
"HG01573","Philippines",0,0.705867402279503,0.588767468608918,"ok",4883749,4883749,0,12772,0,0,0,0,0,0,TRUE,0.4,"PEL","AMR"
"HG01579","Philippines",0,0.680355290937426,0.565162027065465,"ok",4883749,4883749,0,12772,0,0,0,0,0,0,TRUE,0.4,"PEL","AMR"
"HG01898","Philippines",0,0.681668507912089,0.57450675099481,"ok",4883749,4883749,0,12772,0,0,0,0,0,0,TRUE,0.4,"PEL","AMR"
"HG01919","Philippines",0,0.707805434699112,0.589818060062832,"ok",4883749,4883749,0,12772,0,0,0,0,0,0,TRUE,0.4,"PEL","AMR"
"HG01922","Philippines",0,0.71064610401214,0.593829392858519,"ok",4883749,4883749,0,12772,0,0,0,0,0,0,TRUE,0.4,"PEL","AMR"
"HG01925","Philippines",0,0.702767022359502,0.592631239004068,"ok",4883749,4883749,0,12772,0,0,0,0,0,0,TRUE,0.4,"PEL","AMR"
"HG01928","Philippines",0,0.719384050346477,0.604532617280003,"ok",4883749,4883749,0,12772,0,0,0,0,0,0,TRUE,0.4,"PEL","AMR"
"HG01934","Philippines",0,0.696330905072436,0.586612072810737,"ok",4883749,4883749,0,12772,0,0,0,0,0,0,TRUE,0.4,"PEL","AMR"
"HG01937","Philippines",0,0.695129725159639,0.583061363289967,"ok",4883749,4883749,0,12772,0,0,0,0,0,0,TRUE,0.4,"PEL","AMR"
"HG01940","Philippines",0,0.71453877833435,0.590683592236982,"ok",4883749,4883749,0,12772,0,0,0,0,0,0,TRUE,0.4,"PEL","AMR"
"HG01943","Philippines",0,0.709000764378193,0.593243582121479,"ok",4883749,4883749,0,12772,0,0,0,0,0,0,TRUE,0.4,"PEL","AMR"
"HG01946","Philippines",0,0.699398196237203,0.61427537716275,"ok",4883749,4883749,0,12772,0,0,0,0,0,0,TRUE,0.4,"PEL","AMR"
"HG01949","Philippines",0,0.685072262958336,0.585398959587835,"ok",4883749,4883749,0,12772,0,0,0,0,0,0,TRUE,0.4,"PEL","AMR"
"HG01952","Philippines",0,0.70995959735667,0.593470444329494,"ok",4883749,4883749,0,12772,0,0,0,0,0,0,TRUE,0.4,"PEL","AMR"
"HG01955","Philippines",0,0.713480342905025,0.596765647232565,"ok",4883749,4883749,0,12772,0,0,0,0,0,0,TRUE,0.4,"PEL","AMR"
"HG01969","Philippines",0,0.708148884460165,0.592170936984725,"ok",4883749,4883749,0,12772,0,0,0,0,0,0,TRUE,0.4,"PEL","AMR"
"HG01972","Philippines",0,0.683906852290342,0.573272722618394,"ok",4883749,4883749,0,12772,0,0,0,0,0,0,TRUE,0.4,"PEL","AMR"
"HG01975","Philippines",0,0.709323797920376,0.593836410088678,"ok",4883749,4883749,0,12772,0,0,0,0,0,0,TRUE,0.4,"PEL","AMR"
"HG01978","Philippines",0,0.702568782380218,0.587132483338384,"ok",4883749,4883749,0,12772,0,0,0,0,0,0,TRUE,0.4,"PEL","AMR"
"HG01981","Philippines",0,0.698815723498973,0.583842810083141,"ok",4883749,4883749,0,12772,0,0,0,0,0,0,TRUE,0.4,"PEL","AMR"
"HG01984","Philippines",0,0.701746864065016,0.587745821675565,"ok",4883749,4883749,0,12772,0,0,0,0,0,0,TRUE,0.4,"PEL","AMR"
"HG01993","Philippines",0,0.711516472061007,0.596783965917048,"ok",4883749,4883749,0,12772,0,0,0,0,0,0,TRUE,0.4,"PEL","AMR"
"HG01998","Philippines",0,0.71167284834609,0.593275943848367,"ok",4883749,4883749,0,12772,0,0,0,0,0,0,TRUE,0.4,"PEL","AMR"
"HG02004","Philippines",0,0.707048462918692,0.592205745601913,"ok",4883749,4883749,0,12772,0,0,0,0,0,0,TRUE,0.4,"PEL","AMR"
"HG02091","Philippines",0,0.681557671366496,0.5720943182063,"ok",4883749,4883749,0,12772,0,0,0,0,0,0,TRUE,0.4,"PEL","AMR"
"HG02106","Philippines",0,0.713689547288561,0.598522859541931,"ok",4883749,4883749,0,12772,0,0,0,0,0,0,TRUE,0.4,"PEL","AMR"
"HG02148","Philippines",0,0.713263463558485,0.598101811542077,"ok",4883749,4883749,0,12772,0,0,0,0,0,0,TRUE,0.4,"PEL","AMR"
"HG02261","Philippines",0,0.710730470315674,0.595685784462499,"ok",4883749,4883749,0,12772,0,0,0,0,0,0,TRUE,0.4,"PEL","AMR"
"HG02273","Philippines",0,0.713212631617023,0.594468411304135,"ok",4883749,4883749,0,12772,0,0,0,0,0,0,TRUE,0.4,"PEL","AMR"
"HG02279","Philippines",0,0.710316859763701,0.596162511355761,"ok",4883749,4883749,0,12772,0,0,0,0,0,0,TRUE,0.4,"PEL","AMR"
"HG02287","Philippines",0,0.706184320893795,0.592131800161156,"ok",4883749,4883749,0,12772,0,0,0,0,0,0,TRUE,0.4,"PEL","AMR"
"HG02293","Philippines",0,0.711606324454216,0.595173702472378,"ok",4883749,4883749,0,12772,0,0,0,0,0,0,TRUE,0.4,"PEL","AMR"
"HG02300","Philippines",0,0.702835696502198,0.590031164517379,"ok",4883749,4883749,0,12772,0,0,0,0,0,0,TRUE,0.4,"PEL","AMR"
"HG02303","Philippines",0,0.694470345682683,0.580339458043781,"ok",4883749,4883749,0,12772,0,0,0,0,0,0,TRUE,0.4,"PEL","AMR"
"HG01567","Scandinavia",0,0.686974324698659,0.608788380800198,"ok",4883749,4883749,0,12772,0,0,0,0,0,0,TRUE,0.4,"PEL","AMR"
"HG01573","Scandinavia",0,0.705867402279503,0.584466742411187,"ok",4883749,4883749,0,12772,0,0,0,0,0,0,TRUE,0.4,"PEL","AMR"
"HG01579","Scandinavia",0,0.680355290937426,0.614316288805861,"ok",4883749,4883749,0,12772,0,0,0,0,0,0,TRUE,0.4,"PEL","AMR"
"HG01898","Scandinavia",0,0.681668507912089,0.58642356245851,"ok",4883749,4883749,0,12772,0,0,0,0,0,0,TRUE,0.4,"PEL","AMR"
"HG01919","Scandinavia",0,0.707805434699112,0.583878060718947,"ok",4883749,4883749,0,12772,0,0,0,0,0,0,TRUE,0.4,"PEL","AMR"
"HG01922","Scandinavia",0,0.71064610401214,0.573294824064974,"ok",4883749,4883749,0,12772,0,0,0,0,0,0,TRUE,0.4,"PEL","AMR"
"HG01925","Scandinavia",0,0.702767022359502,0.563221690135375,"ok",4883749,4883749,0,12772,0,0,0,0,0,0,TRUE,0.4,"PEL","AMR"
"HG01928","Scandinavia",0,0.719384050346477,0.560416319473506,"ok",4883749,4883749,0,12772,0,0,0,0,0,0,TRUE,0.4,"PEL","AMR"
"HG01934","Scandinavia",0,0.696330905072436,0.583449493381946,"ok",4883749,4883749,0,12772,0,0,0,0,0,0,TRUE,0.4,"PEL","AMR"
"HG01937","Scandinavia",0,0.695129725159639,0.592759387858349,"ok",4883749,4883749,0,12772,0,0,0,0,0,0,TRUE,0.4,"PEL","AMR"
"HG01940","Scandinavia",0,0.71453877833435,0.573698535162879,"ok",4883749,4883749,0,12772,0,0,0,0,0,0,TRUE,0.4,"PEL","AMR"
"HG01943","Scandinavia",0,0.709000764378193,0.570673116653383,"ok",4883749,4883749,0,12772,0,0,0,0,0,0,TRUE,0.4,"PEL","AMR"
"HG01946","Scandinavia",0,0.699398196237203,0.580937314462412,"ok",4883749,4883749,0,12772,0,0,0,0,0,0,TRUE,0.4,"PEL","AMR"
"HG01949","Scandinavia",0,0.685072262958336,0.583539555112026,"ok",4883749,4883749,0,12772,0,0,0,0,0,0,TRUE,0.4,"PEL","AMR"
"HG01952","Scandinavia",0,0.70995959735667,0.556275185338248,"ok",4883749,4883749,0,12772,0,0,0,0,0,0,TRUE,0.4,"PEL","AMR"
"HG01955","Scandinavia",0,0.713480342905025,0.566445337714256,"ok",4883749,4883749,0,12772,0,0,0,0,0,0,TRUE,0.4,"PEL","AMR"
"HG01969","Scandinavia",0,0.708148884460165,0.583246080177372,"ok",4883749,4883749,0,12772,0,0,0,0,0,0,TRUE,0.4,"PEL","AMR"
"HG01972","Scandinavia",0,0.683906852290342,0.594500307201264,"ok",4883749,4883749,0,12772,0,0,0,0,0,0,TRUE,0.4,"PEL","AMR"
"HG01975","Scandinavia",0,0.709323797920376,0.559765267978255,"ok",4883749,4883749,0,12772,0,0,0,0,0,0,TRUE,0.4,"PEL","AMR"
"HG01978","Scandinavia",0,0.702568782380218,0.584561363549078,"ok",4883749,4883749,0,12772,0,0,0,0,0,0,TRUE,0.4,"PEL","AMR"
"HG01981","Scandinavia",0,0.698815723498973,0.590162529135882,"ok",4883749,4883749,0,12772,0,0,0,0,0,0,TRUE,0.4,"PEL","AMR"
"HG01984","Scandinavia",0,0.701746864065016,0.590166171263378,"ok",4883749,4883749,0,12772,0,0,0,0,0,0,TRUE,0.4,"PEL","AMR"
"HG01993","Scandinavia",0,0.711516472061007,0.57961781836462,"ok",4883749,4883749,0,12772,0,0,0,0,0,0,TRUE,0.4,"PEL","AMR"
"HG01998","Scandinavia",0,0.71167284834609,0.573082137389791,"ok",4883749,4883749,0,12772,0,0,0,0,0,0,TRUE,0.4,"PEL","AMR"
"HG02004","Scandinavia",0,0.707048462918692,0.577313715426457,"ok",4883749,4883749,0,12772,0,0,0,0,0,0,TRUE,0.4,"PEL","AMR"
"HG02091","Scandinavia",0,0.681557671366496,0.59479495924773,"ok",4883749,4883749,0,12772,0,0,0,0,0,0,TRUE,0.4,"PEL","AMR"
"HG02106","Scandinavia",0,0.713689547288561,0.55968343028585,"ok",4883749,4883749,0,12772,0,0,0,0,0,0,TRUE,0.4,"PEL","AMR"
"HG02148","Scandinavia",0,0.713263463558485,0.566422764602612,"ok",4883749,4883749,0,12772,0,0,0,0,0,0,TRUE,0.4,"PEL","AMR"
"HG02261","Scandinavia",0,0.710730470315674,0.564030846183064,"ok",4883749,4883749,0,12772,0,0,0,0,0,0,TRUE,0.4,"PEL","AMR"
"HG02273","Scandinavia",0,0.713212631617023,0.549376734241838,"ok",4883749,4883749,0,12772,0,0,0,0,0,0,TRUE,0.4,"PEL","AMR"
"HG02279","Scandinavia",0,0.710316859763701,0.582418953177758,"ok",4883749,4883749,0,12772,0,0,0,0,0,0,TRUE,0.4,"PEL","AMR"
"HG02287","Scandinavia",0,0.706184320893795,0.587653370250506,"ok",4883749,4883749,0,12772,0,0,0,0,0,0,TRUE,0.4,"PEL","AMR"
"HG02293","Scandinavia",0,0.711606324454216,0.562527552518417,"ok",4883749,4883749,0,12772,0,0,0,0,0,0,TRUE,0.4,"PEL","AMR"
"HG02300","Scandinavia",0,0.702835696502198,0.596130516679149,"ok",4883749,4883749,0,12772,0,0,0,0,0,0,TRUE,0.4,"PEL","AMR"
"HG02303","Scandinavia",0,0.694470345682683,0.590186583146434,"ok",4883749,4883749,0,12772,0,0,0,0,0,0,TRUE,0.4,"PEL","AMR"
"HG01567","South America",1,0.686974324698659,0.686974324698688,"ok",4883749,4883749,0,12772,0,0,0,0,0,0,TRUE,0.4,"PEL","AMR"
"HG01573","South America",1,0.705867402279503,0.705867402279468,"ok",4883749,4883749,0,12772,0,0,0,0,0,0,TRUE,0.4,"PEL","AMR"
"HG01579","South America",1,0.680355290937426,0.680355290937427,"ok",4883749,4883749,0,12772,0,0,0,0,0,0,TRUE,0.4,"PEL","AMR"
"HG01898","South America",1,0.681668507912089,0.68166850791209,"ok",4883749,4883749,0,12772,0,0,0,0,0,0,TRUE,0.4,"PEL","AMR"
"HG01919","South America",1,0.707805434699112,0.707805434699088,"ok",4883749,4883749,0,12772,0,0,0,0,0,0,TRUE,0.4,"PEL","AMR"
"HG01922","South America",1,0.71064610401214,0.71064610401216,"ok",4883749,4883749,0,12772,0,0,0,0,0,0,TRUE,0.4,"PEL","AMR"
"HG01925","South America",1,0.702767022359502,0.70276702235951,"ok",4883749,4883749,0,12772,0,0,0,0,0,0,TRUE,0.4,"PEL","AMR"
"HG01928","South America",1,0.719384050346477,0.719384050346498,"ok",4883749,4883749,0,12772,0,0,0,0,0,0,TRUE,0.4,"PEL","AMR"
"HG01934","South America",1,0.696330905072436,0.696330905072437,"ok",4883749,4883749,0,12772,0,0,0,0,0,0,TRUE,0.4,"PEL","AMR"
"HG01937","South America",1,0.695129725159639,0.695129725159666,"ok",4883749,4883749,0,12772,0,0,0,0,0,0,TRUE,0.4,"PEL","AMR"
"HG01940","South America",1,0.71453877833435,0.714538778334346,"ok",4883749,4883749,0,12772,0,0,0,0,0,0,TRUE,0.4,"PEL","AMR"
"HG01943","South America",1,0.709000764378193,0.709000764378166,"ok",4883749,4883749,0,12772,0,0,0,0,0,0,TRUE,0.4,"PEL","AMR"
"HG01946","South America",0.8933367,0.699398196237203,0.696830742278131,"ok",4883749,4883749,0,12772,0,0,0,0,0,0,TRUE,0.4,"PEL","AMR"
"HG01949","South America",0.9876324,0.685072262958336,0.684930832439657,"ok",4883749,4883749,0,12772,0,0,0,0,0,0,TRUE,0.4,"PEL","AMR"
"HG01952","South America",1,0.70995959735667,0.709959597356698,"ok",4883749,4883749,0,12772,0,0,0,0,0,0,TRUE,0.4,"PEL","AMR"
"HG01955","South America",1,0.713480342905025,0.713480342905044,"ok",4883749,4883749,0,12772,0,0,0,0,0,0,TRUE,0.4,"PEL","AMR"
"HG01969","South America",1,0.708148884460165,0.708148884460173,"ok",4883749,4883749,0,12772,0,0,0,0,0,0,TRUE,0.4,"PEL","AMR"
"HG01972","South America",1,0.683906852290342,0.683906852290355,"ok",4883749,4883749,0,12772,0,0,0,0,0,0,TRUE,0.4,"PEL","AMR"
"HG01975","South America",1,0.709323797920376,0.709323797920369,"ok",4883749,4883749,0,12772,0,0,0,0,0,0,TRUE,0.4,"PEL","AMR"
"HG01978","South America",1,0.702568782380218,0.702568782380202,"ok",4883749,4883749,0,12772,0,0,0,0,0,0,TRUE,0.4,"PEL","AMR"
"HG01981","South America",1,0.698815723498973,0.698815723498988,"ok",4883749,4883749,0,12772,0,0,0,0,0,0,TRUE,0.4,"PEL","AMR"
"HG01984","South America",1,0.701746864065016,0.701746864065019,"ok",4883749,4883749,0,12772,0,0,0,0,0,0,TRUE,0.4,"PEL","AMR"
"HG01993","South America",1,0.711516472061007,0.711516472061004,"ok",4883749,4883749,0,12772,0,0,0,0,0,0,TRUE,0.4,"PEL","AMR"
"HG01998","South America",1,0.71167284834609,0.711672848346094,"ok",4883749,4883749,0,12772,0,0,0,0,0,0,TRUE,0.4,"PEL","AMR"
"HG02004","South America",1,0.707048462918692,0.707048462918691,"ok",4883749,4883749,0,12772,0,0,0,0,0,0,TRUE,0.4,"PEL","AMR"
"HG02091","South America",1,0.681557671366496,0.681557671366479,"ok",4883749,4883749,0,12772,0,0,0,0,0,0,TRUE,0.4,"PEL","AMR"
"HG02106","South America",1,0.713689547288561,0.713689547288593,"ok",4883749,4883749,0,12772,0,0,0,0,0,0,TRUE,0.4,"PEL","AMR"
"HG02148","South America",1,0.713263463558485,0.713263463558509,"ok",4883749,4883749,0,12772,0,0,0,0,0,0,TRUE,0.4,"PEL","AMR"
"HG02261","South America",1,0.710730470315674,0.71073047031565,"ok",4883749,4883749,0,12772,0,0,0,0,0,0,TRUE,0.4,"PEL","AMR"
"HG02273","South America",1,0.713212631617023,0.713212631617012,"ok",4883749,4883749,0,12772,0,0,0,0,0,0,TRUE,0.4,"PEL","AMR"
"HG02279","South America",1,0.710316859763701,0.710316859763681,"ok",4883749,4883749,0,12772,0,0,0,0,0,0,TRUE,0.4,"PEL","AMR"
"HG02287","South America",1,0.706184320893795,0.706184320893789,"ok",4883749,4883749,0,12772,0,0,0,0,0,0,TRUE,0.4,"PEL","AMR"
"HG02293","South America",1,0.711606324454216,0.711606324454257,"ok",4883749,4883749,0,12772,0,0,0,0,0,0,TRUE,0.4,"PEL","AMR"
"HG02300","South America",1,0.702835696502198,0.702835696502224,"ok",4883749,4883749,0,12772,0,0,0,0,0,0,TRUE,0.4,"PEL","AMR"
"HG02303","South America",1,0.694470345682683,0.694470345682662,"ok",4883749,4883749,0,12772,0,0,0,0,0,0,TRUE,0.4,"PEL","AMR"
"HG01567","Sri Lanka",0,0.686974324698659,0.601987554155576,"ok",4883749,4883749,0,12772,0,0,0,0,0,0,TRUE,0.4,"PEL","AMR"
"HG01573","Sri Lanka",0,0.705867402279503,0.596331368135952,"ok",4883749,4883749,0,12772,0,0,0,0,0,0,TRUE,0.4,"PEL","AMR"
"HG01579","Sri Lanka",0,0.680355290937426,0.601205562441289,"ok",4883749,4883749,0,12772,0,0,0,0,0,0,TRUE,0.4,"PEL","AMR"
"HG01898","Sri Lanka",0,0.681668507912089,0.596327543118027,"ok",4883749,4883749,0,12772,0,0,0,0,0,0,TRUE,0.4,"PEL","AMR"
"HG01919","Sri Lanka",0,0.707805434699112,0.59537488975087,"ok",4883749,4883749,0,12772,0,0,0,0,0,0,TRUE,0.4,"PEL","AMR"
"HG01922","Sri Lanka",0,0.71064610401214,0.590526469074797,"ok",4883749,4883749,0,12772,0,0,0,0,0,0,TRUE,0.4,"PEL","AMR"
"HG01925","Sri Lanka",0,0.702767022359502,0.586626423865746,"ok",4883749,4883749,0,12772,0,0,0,0,0,0,TRUE,0.4,"PEL","AMR"
"HG01928","Sri Lanka",0,0.719384050346477,0.589650859092284,"ok",4883749,4883749,0,12772,0,0,0,0,0,0,TRUE,0.4,"PEL","AMR"
"HG01934","Sri Lanka",0,0.696330905072436,0.59503908338539,"ok",4883749,4883749,0,12772,0,0,0,0,0,0,TRUE,0.4,"PEL","AMR"
"HG01937","Sri Lanka",0,0.695129725159639,0.598026556664628,"ok",4883749,4883749,0,12772,0,0,0,0,0,0,TRUE,0.4,"PEL","AMR"
"HG01940","Sri Lanka",0,0.71453877833435,0.589608610911335,"ok",4883749,4883749,0,12772,0,0,0,0,0,0,TRUE,0.4,"PEL","AMR"
"HG01943","Sri Lanka",0,0.709000764378193,0.592831622981907,"ok",4883749,4883749,0,12772,0,0,0,0,0,0,TRUE,0.4,"PEL","AMR"
"HG01946","Sri Lanka",0,0.699398196237203,0.602866240684095,"ok",4883749,4883749,0,12772,0,0,0,0,0,0,TRUE,0.4,"PEL","AMR"
"HG01949","Sri Lanka",0,0.685072262958336,0.596118171126626,"ok",4883749,4883749,0,12772,0,0,0,0,0,0,TRUE,0.4,"PEL","AMR"
"HG01952","Sri Lanka",0,0.70995959735667,0.585884412549173,"ok",4883749,4883749,0,12772,0,0,0,0,0,0,TRUE,0.4,"PEL","AMR"
"HG01955","Sri Lanka",0,0.713480342905025,0.592237844267432,"ok",4883749,4883749,0,12772,0,0,0,0,0,0,TRUE,0.4,"PEL","AMR"
"HG01969","Sri Lanka",0,0.708148884460165,0.596609682854283,"ok",4883749,4883749,0,12772,0,0,0,0,0,0,TRUE,0.4,"PEL","AMR"
"HG01972","Sri Lanka",0,0.683906852290342,0.598100558780916,"ok",4883749,4883749,0,12772,0,0,0,0,0,0,TRUE,0.4,"PEL","AMR"
"HG01975","Sri Lanka",0,0.709323797920376,0.584803411774445,"ok",4883749,4883749,0,12772,0,0,0,0,0,0,TRUE,0.4,"PEL","AMR"
"HG01978","Sri Lanka",0,0.702568782380218,0.595421225470687,"ok",4883749,4883749,0,12772,0,0,0,0,0,0,TRUE,0.4,"PEL","AMR"
"HG01981","Sri Lanka",0,0.698815723498973,0.600665195555369,"ok",4883749,4883749,0,12772,0,0,0,0,0,0,TRUE,0.4,"PEL","AMR"
"HG01984","Sri Lanka",0,0.701746864065016,0.59908668517711,"ok",4883749,4883749,0,12772,0,0,0,0,0,0,TRUE,0.4,"PEL","AMR"
"HG01993","Sri Lanka",0,0.711516472061007,0.597441728661375,"ok",4883749,4883749,0,12772,0,0,0,0,0,0,TRUE,0.4,"PEL","AMR"
"HG01998","Sri Lanka",0,0.71167284834609,0.594700397423146,"ok",4883749,4883749,0,12772,0,0,0,0,0,0,TRUE,0.4,"PEL","AMR"
"HG02004","Sri Lanka",0,0.707048462918692,0.592918908426317,"ok",4883749,4883749,0,12772,0,0,0,0,0,0,TRUE,0.4,"PEL","AMR"
"HG02091","Sri Lanka",0,0.681557671366496,0.598294958289401,"ok",4883749,4883749,0,12772,0,0,0,0,0,0,TRUE,0.4,"PEL","AMR"
"HG02106","Sri Lanka",0,0.713689547288561,0.586047547574797,"ok",4883749,4883749,0,12772,0,0,0,0,0,0,TRUE,0.4,"PEL","AMR"
"HG02148","Sri Lanka",0,0.713263463558485,0.588323634385232,"ok",4883749,4883749,0,12772,0,0,0,0,0,0,TRUE,0.4,"PEL","AMR"
"HG02261","Sri Lanka",0,0.710730470315674,0.589482088884595,"ok",4883749,4883749,0,12772,0,0,0,0,0,0,TRUE,0.4,"PEL","AMR"
"HG02273","Sri Lanka",0,0.713212631617023,0.579215224230635,"ok",4883749,4883749,0,12772,0,0,0,0,0,0,TRUE,0.4,"PEL","AMR"
"HG02279","Sri Lanka",0,0.710316859763701,0.60068981720507,"ok",4883749,4883749,0,12772,0,0,0,0,0,0,TRUE,0.4,"PEL","AMR"
"HG02287","Sri Lanka",0,0.706184320893795,0.59841311439283,"ok",4883749,4883749,0,12772,0,0,0,0,0,0,TRUE,0.4,"PEL","AMR"
"HG02293","Sri Lanka",0,0.711606324454216,0.585879629173441,"ok",4883749,4883749,0,12772,0,0,0,0,0,0,TRUE,0.4,"PEL","AMR"
"HG02300","Sri Lanka",0,0.702835696502198,0.601758632232796,"ok",4883749,4883749,0,12772,0,0,0,0,0,0,TRUE,0.4,"PEL","AMR"
"HG02303","Sri Lanka",0,0.694470345682683,0.59493106552646,"ok",4883749,4883749,0,12772,0,0,0,0,0,0,TRUE,0.4,"PEL","AMR"
"HG01567","United Kingdom",0,0.686974324698659,0.609369602968945,"ok",4883749,4883749,0,12772,0,0,0,0,0,0,TRUE,0.4,"PEL","AMR"
"HG01573","United Kingdom",0,0.705867402279503,0.584432475964253,"ok",4883749,4883749,0,12772,0,0,0,0,0,0,TRUE,0.4,"PEL","AMR"
"HG01579","United Kingdom",0,0.680355290937426,0.615064955242902,"ok",4883749,4883749,0,12772,0,0,0,0,0,0,TRUE,0.4,"PEL","AMR"
"HG01898","United Kingdom",0,0.681668507912089,0.586722201436158,"ok",4883749,4883749,0,12772,0,0,0,0,0,0,TRUE,0.4,"PEL","AMR"
"HG01919","United Kingdom",0,0.707805434699112,0.583078223343768,"ok",4883749,4883749,0,12772,0,0,0,0,0,0,TRUE,0.4,"PEL","AMR"
"HG01922","United Kingdom",0,0.71064610401214,0.573246505014335,"ok",4883749,4883749,0,12772,0,0,0,0,0,0,TRUE,0.4,"PEL","AMR"
"HG01925","United Kingdom",0,0.702767022359502,0.563299707938882,"ok",4883749,4883749,0,12772,0,0,0,0,0,0,TRUE,0.4,"PEL","AMR"
"HG01928","United Kingdom",0,0.719384050346477,0.559691507265968,"ok",4883749,4883749,0,12772,0,0,0,0,0,0,TRUE,0.4,"PEL","AMR"
"HG01934","United Kingdom",0,0.696330905072436,0.583728497372587,"ok",4883749,4883749,0,12772,0,0,0,0,0,0,TRUE,0.4,"PEL","AMR"
"HG01937","United Kingdom",0,0.695129725159639,0.593135133203177,"ok",4883749,4883749,0,12772,0,0,0,0,0,0,TRUE,0.4,"PEL","AMR"
"HG01940","United Kingdom",0,0.71453877833435,0.572929293089808,"ok",4883749,4883749,0,12772,0,0,0,0,0,0,TRUE,0.4,"PEL","AMR"
"HG01943","United Kingdom",0,0.709000764378193,0.570352280631337,"ok",4883749,4883749,0,12772,0,0,0,0,0,0,TRUE,0.4,"PEL","AMR"
"HG01946","United Kingdom",0,0.699398196237203,0.580808109046925,"ok",4883749,4883749,0,12772,0,0,0,0,0,0,TRUE,0.4,"PEL","AMR"
"HG01949","United Kingdom",0,0.685072262958336,0.584300433739547,"ok",4883749,4883749,0,12772,0,0,0,0,0,0,TRUE,0.4,"PEL","AMR"
"HG01952","United Kingdom",0,0.70995959735667,0.556401477201264,"ok",4883749,4883749,0,12772,0,0,0,0,0,0,TRUE,0.4,"PEL","AMR"
"HG01955","United Kingdom",0,0.713480342905025,0.566348849569922,"ok",4883749,4883749,0,12772,0,0,0,0,0,0,TRUE,0.4,"PEL","AMR"
"HG01969","United Kingdom",0,0.708148884460165,0.583590309012983,"ok",4883749,4883749,0,12772,0,0,0,0,0,0,TRUE,0.4,"PEL","AMR"
"HG01972","United Kingdom",0,0.683906852290342,0.59500751873246,"ok",4883749,4883749,0,12772,0,0,0,0,0,0,TRUE,0.4,"PEL","AMR"
"HG01975","United Kingdom",0,0.709323797920376,0.559571838136311,"ok",4883749,4883749,0,12772,0,0,0,0,0,0,TRUE,0.4,"PEL","AMR"
"HG01978","United Kingdom",0,0.702568782380218,0.584406499154467,"ok",4883749,4883749,0,12772,0,0,0,0,0,0,TRUE,0.4,"PEL","AMR"
"HG01981","United Kingdom",0,0.698815723498973,0.590318668456671,"ok",4883749,4883749,0,12772,0,0,0,0,0,0,TRUE,0.4,"PEL","AMR"
"HG01984","United Kingdom",0,0.701746864065016,0.590557204289911,"ok",4883749,4883749,0,12772,0,0,0,0,0,0,TRUE,0.4,"PEL","AMR"
"HG01993","United Kingdom",0,0.711516472061007,0.57939590005639,"ok",4883749,4883749,0,12772,0,0,0,0,0,0,TRUE,0.4,"PEL","AMR"
"HG01998","United Kingdom",0,0.71167284834609,0.57267808865522,"ok",4883749,4883749,0,12772,0,0,0,0,0,0,TRUE,0.4,"PEL","AMR"
"HG02004","United Kingdom",0,0.707048462918692,0.577371860172304,"ok",4883749,4883749,0,12772,0,0,0,0,0,0,TRUE,0.4,"PEL","AMR"
"HG02091","United Kingdom",0,0.681557671366496,0.5953643413406,"ok",4883749,4883749,0,12772,0,0,0,0,0,0,TRUE,0.4,"PEL","AMR"
"HG02106","United Kingdom",0,0.713689547288561,0.559145697920925,"ok",4883749,4883749,0,12772,0,0,0,0,0,0,TRUE,0.4,"PEL","AMR"
"HG02148","United Kingdom",0,0.713263463558485,0.566432568966705,"ok",4883749,4883749,0,12772,0,0,0,0,0,0,TRUE,0.4,"PEL","AMR"
"HG02261","United Kingdom",0,0.710730470315674,0.563677835732942,"ok",4883749,4883749,0,12772,0,0,0,0,0,0,TRUE,0.4,"PEL","AMR"
"HG02273","United Kingdom",0,0.713212631617023,0.548488440375112,"ok",4883749,4883749,0,12772,0,0,0,0,0,0,TRUE,0.4,"PEL","AMR"
"HG02279","United Kingdom",0,0.710316859763701,0.58264899102968,"ok",4883749,4883749,0,12772,0,0,0,0,0,0,TRUE,0.4,"PEL","AMR"
"HG02287","United Kingdom",0,0.706184320893795,0.587403692774533,"ok",4883749,4883749,0,12772,0,0,0,0,0,0,TRUE,0.4,"PEL","AMR"
"HG02293","United Kingdom",0,0.711606324454216,0.562224003446933,"ok",4883749,4883749,0,12772,0,0,0,0,0,0,TRUE,0.4,"PEL","AMR"
"HG02300","United Kingdom",0,0.702835696502198,0.596522646010168,"ok",4883749,4883749,0,12772,0,0,0,0,0,0,TRUE,0.4,"PEL","AMR"
"HG02303","United Kingdom",0,0.694470345682683,0.590203085043327,"ok",4883749,4883749,0,12772,0,0,0,0,0,0,TRUE,0.4,"PEL","AMR"
"HG00552","Africa (East)",0.0198573,0.662166795608127,0.598496565738584,"ok",4883749,4883749,0,12772,0,0,0,0,0,0,TRUE,0.4,"PUR","AMR"
"HG00555","Africa (East)",0,0.649046923995841,0.593949822510117,"ok",4883749,4883749,0,12772,0,0,0,0,0,0,TRUE,0.4,"PUR","AMR"
"HG00639","Africa (East)",0,0.649755815580238,0.597563513775715,"ok",4883749,4883749,0,12772,0,0,0,0,0,0,TRUE,0.4,"PUR","AMR"
"HG00642","Africa (East)",0,0.653883273496288,0.592831399566973,"ok",4883749,4883749,0,12772,0,0,0,0,0,0,TRUE,0.4,"PUR","AMR"
"HG00733","Africa (East)",0.0017062,0.660884963149937,0.594501847612601,"ok",4883749,4883749,0,12772,0,0,0,0,0,0,TRUE,0.4,"PUR","AMR"
"HG00735","Africa (East)",0,0.654506149116671,0.594886998785057,"ok",4883749,4883749,0,12772,0,0,0,0,0,0,TRUE,0.4,"PUR","AMR"
"HG00738","Africa (East)",0.0237228,0.66073328171602,0.596698801758486,"ok",4883749,4883749,0,12772,0,0,0,0,0,0,TRUE,0.4,"PUR","AMR"
"HG00741","Africa (East)",0,0.656400887337798,0.595412320432254,"ok",4883749,4883749,0,12772,0,0,0,0,0,0,TRUE,0.4,"PUR","AMR"
"HG01050","Africa (East)",0.0058647,0.646185602281765,0.598180484002972,"ok",4883749,4883749,0,12772,0,0,0,0,0,0,TRUE,0.4,"PUR","AMR"
"HG01053","Africa (East)",0,0.644667365834351,0.596361006296469,"ok",4883749,4883749,0,12772,0,0,0,0,0,0,TRUE,0.4,"PUR","AMR"
"HG01056","Africa (East)",0,0.655033583128544,0.596857941604951,"ok",4883749,4883749,0,12772,0,0,0,0,0,0,TRUE,0.4,"PUR","AMR"
"HG01062","Africa (East)",0,0.663698317986345,0.600420005064211,"ok",4883749,4883749,0,12772,0,0,0,0,0,0,TRUE,0.4,"PUR","AMR"
"HG01068","Africa (East)",0,0.655290362409076,0.593449355886204,"ok",4883749,4883749,0,12772,0,0,0,0,0,0,TRUE,0.4,"PUR","AMR"
"HG01071","Africa (East)",0,0.654580762358273,0.593008856335975,"ok",4883749,4883749,0,12772,0,0,0,0,0,0,TRUE,0.4,"PUR","AMR"
"HG01074","Africa (East)",0,0.655656539361053,0.594088439140899,"ok",4883749,4883749,0,12772,0,0,0,0,0,0,TRUE,0.4,"PUR","AMR"
"HG01081","Africa (East)",0.0196599,0.653555502363689,0.600028528875527,"ok",4883749,4883749,0,12772,0,0,0,0,0,0,TRUE,0.4,"PUR","AMR"
"HG01084","Africa (East)",0,0.644035717919627,0.599925142200475,"ok",4883749,4883749,0,12772,0,0,0,0,0,0,TRUE,0.4,"PUR","AMR"
"HG01087","Africa (East)",0,0.648941911468157,0.597969738137087,"ok",4883749,4883749,0,12772,0,0,0,0,0,0,TRUE,0.4,"PUR","AMR"
"HG01096","Africa (East)",0.0084958,0.653392686463942,0.602210323078147,"ok",4883749,4883749,0,12772,0,0,0,0,0,0,TRUE,0.4,"PUR","AMR"
"HG01099","Africa (East)",0,0.657231080880013,0.596103904478895,"ok",4883749,4883749,0,12772,0,0,0,0,0,0,TRUE,0.4,"PUR","AMR"
"HG01100","Africa (East)",0.0192943,0.652974506442837,0.603476119784124,"ok",4883749,4883749,0,12772,0,0,0,0,0,0,TRUE,0.4,"PUR","AMR"
"HG01103","Africa (East)",0.0087614,0.650177373195584,0.602483243817737,"ok",4883749,4883749,0,12772,0,0,0,0,0,0,TRUE,0.4,"PUR","AMR"
"HG01106","Africa (East)",0.0076206,0.655599286238133,0.594014165406661,"ok",4883749,4883749,0,12772,0,0,0,0,0,0,TRUE,0.4,"PUR","AMR"
"HG01109","Africa (East)",0,0.643847014800434,0.618559242628063,"ok",4883749,4883749,0,12772,0,0,0,0,0,0,TRUE,0.4,"PUR","AMR"
"HG01169","Africa (East)",0,0.656916256940257,0.600840458262383,"ok",4883749,4883749,0,12772,0,0,0,0,0,0,TRUE,0.4,"PUR","AMR"
"HG01172","Africa (East)",0,0.644922901113936,0.597262757907826,"ok",4883749,4883749,0,12772,0,0,0,0,0,0,TRUE,0.4,"PUR","AMR"
"HG01175","Africa (East)",0,0.658972447715911,0.595239316147869,"ok",4883749,4883749,0,12772,0,0,0,0,0,0,TRUE,0.4,"PUR","AMR"
"HG01178","Africa (East)",0,0.658271625106395,0.59555434820296,"ok",4883749,4883749,0,12772,0,0,0,0,0,0,TRUE,0.4,"PUR","AMR"
"HG01184","Africa (East)",0.0101356,0.64912615776553,0.597094586258984,"ok",4883749,4883749,0,12772,0,0,0,0,0,0,TRUE,0.4,"PUR","AMR"
"HG01189","Africa (East)",0,0.645311382813622,0.595579103478993,"ok",4883749,4883749,0,12772,0,0,0,0,0,0,TRUE,0.4,"PUR","AMR"
"HG01192","Africa (East)",0,0.653170153347502,0.593833981774014,"ok",4883749,4883749,0,12772,0,0,0,0,0,0,TRUE,0.4,"PUR","AMR"
"HG01199","Africa (East)",0,0.655420555951301,0.600446265482809,"ok",4883749,4883749,0,12772,0,0,0,0,0,0,TRUE,0.4,"PUR","AMR"
"HG01206","Africa (East)",0,0.649812687141636,0.594621319098134,"ok",4883749,4883749,0,12772,0,0,0,0,0,0,TRUE,0.4,"PUR","AMR"
"HG01243","Africa (East)",0.0058241,0.646959881338251,0.619691728105779,"ok",4883749,4883749,0,12772,0,0,0,0,0,0,TRUE,0.4,"PUR","AMR"
"HG01249","Africa (East)",0,0.653695461577408,0.596597520545823,"ok",4883749,4883749,0,12772,0,0,0,0,0,0,TRUE,0.4,"PUR","AMR"
"HG00552","Africa (North)",0,0.662166795608127,0.645376564944843,"ok",4883749,4883749,0,12772,0,0,0,0,0,0,TRUE,0.4,"PUR","AMR"
"HG00555","Africa (North)",0.006065,0.649046923995841,0.63079518536603,"ok",4883749,4883749,0,12772,0,0,0,0,0,0,TRUE,0.4,"PUR","AMR"
"HG00639","Africa (North)",0.0217972,0.649755815580238,0.634379343807447,"ok",4883749,4883749,0,12772,0,0,0,0,0,0,TRUE,0.4,"PUR","AMR"
"HG00642","Africa (North)",0.0791148,0.653883273496288,0.638295724436626,"ok",4883749,4883749,0,12772,0,0,0,0,0,0,TRUE,0.4,"PUR","AMR"
"HG00733","Africa (North)",0.0601033,0.660884963149937,0.644061413154743,"ok",4883749,4883749,0,12772,0,0,0,0,0,0,TRUE,0.4,"PUR","AMR"
"HG00735","Africa (North)",0.1046763,0.654506149116671,0.637681743203107,"ok",4883749,4883749,0,12772,0,0,0,0,0,0,TRUE,0.4,"PUR","AMR"
"HG00738","Africa (North)",0,0.66073328171602,0.643183358871344,"ok",4883749,4883749,0,12772,0,0,0,0,0,0,TRUE,0.4,"PUR","AMR"
"HG00741","Africa (North)",0.0458355,0.656400887337798,0.639666783207665,"ok",4883749,4883749,0,12772,0,0,0,0,0,0,TRUE,0.4,"PUR","AMR"
"HG01050","Africa (North)",0.0366084,0.646185602281765,0.629402101389199,"ok",4883749,4883749,0,12772,0,0,0,0,0,0,TRUE,0.4,"PUR","AMR"
"HG01053","Africa (North)",0.0080452,0.644667365834351,0.625550332254547,"ok",4883749,4883749,0,12772,0,0,0,0,0,0,TRUE,0.4,"PUR","AMR"
"HG01056","Africa (North)",0.1050136,0.655033583128544,0.639437099732879,"ok",4883749,4883749,0,12772,0,0,0,0,0,0,TRUE,0.4,"PUR","AMR"
"HG01062","Africa (North)",0.0552383,0.663698317986345,0.64715947260348,"ok",4883749,4883749,0,12772,0,0,0,0,0,0,TRUE,0.4,"PUR","AMR"
"HG01068","Africa (North)",0.0410694,0.655290362409076,0.637630053368537,"ok",4883749,4883749,0,12772,0,0,0,0,0,0,TRUE,0.4,"PUR","AMR"
"HG01071","Africa (North)",0.1082663,0.654580762358273,0.637609855740769,"ok",4883749,4883749,0,12772,0,0,0,0,0,0,TRUE,0.4,"PUR","AMR"
"HG01074","Africa (North)",0.1195947,0.655656539361053,0.63883339930562,"ok",4883749,4883749,0,12772,0,0,0,0,0,0,TRUE,0.4,"PUR","AMR"
"HG01081","Africa (North)",0.0415118,0.653555502363689,0.636308206803291,"ok",4883749,4883749,0,12772,0,0,0,0,0,0,TRUE,0.4,"PUR","AMR"
"HG01084","Africa (North)",0.1153123,0.644035717919627,0.630999160704735,"ok",4883749,4883749,0,12772,0,0,0,0,0,0,TRUE,0.4,"PUR","AMR"
"HG01087","Africa (North)",0.0763346,0.648941911468157,0.63368814393442,"ok",4883749,4883749,0,12772,0,0,0,0,0,0,TRUE,0.4,"PUR","AMR"
"HG01096","Africa (North)",0.0238736,0.653392686463942,0.639995269446646,"ok",4883749,4883749,0,12772,0,0,0,0,0,0,TRUE,0.4,"PUR","AMR"
"HG01099","Africa (North)",0.0484036,0.657231080880013,0.639124379826059,"ok",4883749,4883749,0,12772,0,0,0,0,0,0,TRUE,0.4,"PUR","AMR"
"HG01100","Africa (North)",0.0357622,0.652974506442837,0.637646875641882,"ok",4883749,4883749,0,12772,0,0,0,0,0,0,TRUE,0.4,"PUR","AMR"
"HG01103","Africa (North)",0.0152786,0.650177373195584,0.635018294291147,"ok",4883749,4883749,0,12772,0,0,0,0,0,0,TRUE,0.4,"PUR","AMR"
"HG01106","Africa (North)",0,0.655599286238133,0.638213288463122,"ok",4883749,4883749,0,12772,0,0,0,0,0,0,TRUE,0.4,"PUR","AMR"
"HG01109","Africa (North)",0.0156167,0.643847014800434,0.615661520962436,"ok",4883749,4883749,0,12772,0,0,0,0,0,0,TRUE,0.4,"PUR","AMR"
"HG01169","Africa (North)",0.0397222,0.656916256940257,0.644222994884394,"ok",4883749,4883749,0,12772,0,0,0,0,0,0,TRUE,0.4,"PUR","AMR"
"HG01172","Africa (North)",0.0802479,0.644922901113936,0.629269487372408,"ok",4883749,4883749,0,12772,0,0,0,0,0,0,TRUE,0.4,"PUR","AMR"
"HG01175","Africa (North)",0.0988206,0.658972447715911,0.643269691165106,"ok",4883749,4883749,0,12772,0,0,0,0,0,0,TRUE,0.4,"PUR","AMR"
"HG01178","Africa (North)",0.0494803,0.658271625106395,0.641675028206072,"ok",4883749,4883749,0,12772,0,0,0,0,0,0,TRUE,0.4,"PUR","AMR"
"HG01184","Africa (North)",0.0536019,0.64912615776553,0.632096398052344,"ok",4883749,4883749,0,12772,0,0,0,0,0,0,TRUE,0.4,"PUR","AMR"
"HG01189","Africa (North)",0,0.645311382813622,0.619630859028925,"ok",4883749,4883749,0,12772,0,0,0,0,0,0,TRUE,0.4,"PUR","AMR"
"HG01192","Africa (North)",0.0618114,0.653170153347502,0.630603926896715,"ok",4883749,4883749,0,12772,0,0,0,0,0,0,TRUE,0.4,"PUR","AMR"
"HG01199","Africa (North)",0.06642,0.655420555951301,0.640942254265872,"ok",4883749,4883749,0,12772,0,0,0,0,0,0,TRUE,0.4,"PUR","AMR"
"HG01206","Africa (North)",0.1368548,0.649812687141636,0.634985053382877,"ok",4883749,4883749,0,12772,0,0,0,0,0,0,TRUE,0.4,"PUR","AMR"
"HG01243","Africa (North)",0.0496433,0.646959881338251,0.589264136102807,"ok",4883749,4883749,0,12772,0,0,0,0,0,0,TRUE,0.4,"PUR","AMR"
"HG01249","Africa (North)",0.1118901,0.653695461577408,0.636140610938675,"ok",4883749,4883749,0,12772,0,0,0,0,0,0,TRUE,0.4,"PUR","AMR"
"HG00552","Africa (South)",0.0411436,0.662166795608127,0.465638038529243,"ok",4883749,4883749,0,12772,0,0,0,0,0,0,TRUE,0.4,"PUR","AMR"
"HG00555","Africa (South)",0.0472404,0.649046923995841,0.479376400797571,"ok",4883749,4883749,0,12772,0,0,0,0,0,0,TRUE,0.4,"PUR","AMR"
"HG00639","Africa (South)",0.0345492,0.649755815580238,0.484322438664331,"ok",4883749,4883749,0,12772,0,0,0,0,0,0,TRUE,0.4,"PUR","AMR"
"HG00642","Africa (South)",0.0312336,0.653883273496288,0.462376654172291,"ok",4883749,4883749,0,12772,0,0,0,0,0,0,TRUE,0.4,"PUR","AMR"
"HG00733","Africa (South)",0.0075977,0.660884963149937,0.456588806075704,"ok",4883749,4883749,0,12772,0,0,0,0,0,0,TRUE,0.4,"PUR","AMR"
"HG00735","Africa (South)",0.0146615,0.654506149116671,0.469574415746509,"ok",4883749,4883749,0,12772,0,0,0,0,0,0,TRUE,0.4,"PUR","AMR"
"HG00738","Africa (South)",0.0122836,0.66073328171602,0.463654236211601,"ok",4883749,4883749,0,12772,0,0,0,0,0,0,TRUE,0.4,"PUR","AMR"
"HG00741","Africa (South)",0.0518844,0.656400887337798,0.468894967070376,"ok",4883749,4883749,0,12772,0,0,0,0,0,0,TRUE,0.4,"PUR","AMR"
"HG01050","Africa (South)",0.0679912,0.646185602281765,0.491687248255393,"ok",4883749,4883749,0,12772,0,0,0,0,0,0,TRUE,0.4,"PUR","AMR"
"HG01053","Africa (South)",0.0216387,0.644667365834351,0.494782711883644,"ok",4883749,4883749,0,12772,0,0,0,0,0,0,TRUE,0.4,"PUR","AMR"
"HG01056","Africa (South)",0,0.655033583128544,0.472521825103803,"ok",4883749,4883749,0,12772,0,0,0,0,0,0,TRUE,0.4,"PUR","AMR"
"HG01062","Africa (South)",0,0.663698317986345,0.46806390840076,"ok",4883749,4883749,0,12772,0,0,0,0,0,0,TRUE,0.4,"PUR","AMR"
"HG01068","Africa (South)",0.0155347,0.655290362409076,0.463796354841208,"ok",4883749,4883749,0,12772,0,0,0,0,0,0,TRUE,0.4,"PUR","AMR"
"HG01071","Africa (South)",0.0300579,0.654580762358273,0.465109540185967,"ok",4883749,4883749,0,12772,0,0,0,0,0,0,TRUE,0.4,"PUR","AMR"
"HG01074","Africa (South)",0.0246546,0.655656539361053,0.463951338773261,"ok",4883749,4883749,0,12772,0,0,0,0,0,0,TRUE,0.4,"PUR","AMR"
"HG01081","Africa (South)",0.0431634,0.653555502363689,0.482215441221093,"ok",4883749,4883749,0,12772,0,0,0,0,0,0,TRUE,0.4,"PUR","AMR"
"HG01084","Africa (South)",0.0039762,0.644035717919627,0.492883569793458,"ok",4883749,4883749,0,12772,0,0,0,0,0,0,TRUE,0.4,"PUR","AMR"
"HG01087","Africa (South)",0.0269972,0.648941911468157,0.483823728772584,"ok",4883749,4883749,0,12772,0,0,0,0,0,0,TRUE,0.4,"PUR","AMR"
"HG01096","Africa (South)",0.0384507,0.653392686463942,0.482797414592443,"ok",4883749,4883749,0,12772,0,0,0,0,0,0,TRUE,0.4,"PUR","AMR"
"HG01099","Africa (South)",0,0.657231080880013,0.470200850421697,"ok",4883749,4883749,0,12772,0,0,0,0,0,0,TRUE,0.4,"PUR","AMR"
"HG01100","Africa (South)",0.0290437,0.652974506442837,0.487722938766941,"ok",4883749,4883749,0,12772,0,0,0,0,0,0,TRUE,0.4,"PUR","AMR"
"HG01103","Africa (South)",0.0219671,0.650177373195584,0.490030623229652,"ok",4883749,4883749,0,12772,0,0,0,0,0,0,TRUE,0.4,"PUR","AMR"
"HG01106","Africa (South)",0.0169772,0.655599286238133,0.465012433473849,"ok",4883749,4883749,0,12772,0,0,0,0,0,0,TRUE,0.4,"PUR","AMR"
"HG01109","Africa (South)",0.0743562,0.643847014800434,0.571016793320048,"ok",4883749,4883749,0,12772,0,0,0,0,0,0,TRUE,0.4,"PUR","AMR"
"HG01169","Africa (South)",0.0196114,0.656916256940257,0.474309989232626,"ok",4883749,4883749,0,12772,0,0,0,0,0,0,TRUE,0.4,"PUR","AMR"
"HG01172","Africa (South)",0.0351404,0.644922901113936,0.488368833842779,"ok",4883749,4883749,0,12772,0,0,0,0,0,0,TRUE,0.4,"PUR","AMR"
"HG01175","Africa (South)",0.0283546,0.658972447715911,0.46138873802443,"ok",4883749,4883749,0,12772,0,0,0,0,0,0,TRUE,0.4,"PUR","AMR"
"HG01178","Africa (South)",0,0.658271625106395,0.466101670146055,"ok",4883749,4883749,0,12772,0,0,0,0,0,0,TRUE,0.4,"PUR","AMR"
"HG01184","Africa (South)",0.0117773,0.64912615776553,0.481663970492339,"ok",4883749,4883749,0,12772,0,0,0,0,0,0,TRUE,0.4,"PUR","AMR"
"HG01189","Africa (South)",0.0006662,0.645311382813622,0.502403864340028,"ok",4883749,4883749,0,12772,0,0,0,0,0,0,TRUE,0.4,"PUR","AMR"
"HG01192","Africa (South)",0.0296509,0.653170153347502,0.477311132477785,"ok",4883749,4883749,0,12772,0,0,0,0,0,0,TRUE,0.4,"PUR","AMR"
"HG01199","Africa (South)",0.0766803,0.655420555951301,0.480778511999477,"ok",4883749,4883749,0,12772,0,0,0,0,0,0,TRUE,0.4,"PUR","AMR"
"HG01206","Africa (South)",0,0.649812687141636,0.476268858064382,"ok",4883749,4883749,0,12772,0,0,0,0,0,0,TRUE,0.4,"PUR","AMR"
"HG01243","Africa (South)",0.1693,0.646959881338251,0.614816249283585,"ok",4883749,4883749,0,12772,0,0,0,0,0,0,TRUE,0.4,"PUR","AMR"
"HG01249","Africa (South)",0.0200501,0.653695461577408,0.477654135358961,"ok",4883749,4883749,0,12772,0,0,0,0,0,0,TRUE,0.4,"PUR","AMR"
"HG00552","Africa (West)",0,0.662166795608127,0.464431138954524,"ok",4883749,4883749,0,12772,0,0,0,0,0,0,TRUE,0.4,"PUR","AMR"
"HG00555","Africa (West)",0.0571443,0.649046923995841,0.478402170212893,"ok",4883749,4883749,0,12772,0,0,0,0,0,0,TRUE,0.4,"PUR","AMR"
"HG00639","Africa (West)",0.087654,0.649755815580238,0.484121033389711,"ok",4883749,4883749,0,12772,0,0,0,0,0,0,TRUE,0.4,"PUR","AMR"
"HG00642","Africa (West)",0,0.653883273496288,0.461215426593891,"ok",4883749,4883749,0,12772,0,0,0,0,0,0,TRUE,0.4,"PUR","AMR"
"HG00733","Africa (West)",0,0.660884963149937,0.45531368763081,"ok",4883749,4883749,0,12772,0,0,0,0,0,0,TRUE,0.4,"PUR","AMR"
"HG00735","Africa (West)",0.0337167,0.654506149116671,0.469259306508319,"ok",4883749,4883749,0,12772,0,0,0,0,0,0,TRUE,0.4,"PUR","AMR"
"HG00738","Africa (West)",0.0202918,0.66073328171602,0.462794138790166,"ok",4883749,4883749,0,12772,0,0,0,0,0,0,TRUE,0.4,"PUR","AMR"
"HG00741","Africa (West)",0.008918,0.656400887337798,0.468062147706929,"ok",4883749,4883749,0,12772,0,0,0,0,0,0,TRUE,0.4,"PUR","AMR"
"HG01050","Africa (West)",0.0666457,0.646185602281765,0.491023634206966,"ok",4883749,4883749,0,12772,0,0,0,0,0,0,TRUE,0.4,"PUR","AMR"
"HG01053","Africa (West)",0.1369209,0.644667365834351,0.494986016823828,"ok",4883749,4883749,0,12772,0,0,0,0,0,0,TRUE,0.4,"PUR","AMR"
"HG01056","Africa (West)",0.0533222,0.655033583128544,0.472406989649834,"ok",4883749,4883749,0,12772,0,0,0,0,0,0,TRUE,0.4,"PUR","AMR"
"HG01062","Africa (West)",0.0345575,0.663698317986345,0.467451893639211,"ok",4883749,4883749,0,12772,0,0,0,0,0,0,TRUE,0.4,"PUR","AMR"
"HG01068","Africa (West)",0.0240249,0.655290362409076,0.463039543667692,"ok",4883749,4883749,0,12772,0,0,0,0,0,0,TRUE,0.4,"PUR","AMR"
"HG01071","Africa (West)",0,0.654580762358273,0.464383385453471,"ok",4883749,4883749,0,12772,0,0,0,0,0,0,TRUE,0.4,"PUR","AMR"
"HG01074","Africa (West)",0,0.655656539361053,0.462771278089898,"ok",4883749,4883749,0,12772,0,0,0,0,0,0,TRUE,0.4,"PUR","AMR"
"HG01081","Africa (West)",0.0347185,0.653555502363689,0.480751736429693,"ok",4883749,4883749,0,12772,0,0,0,0,0,0,TRUE,0.4,"PUR","AMR"
"HG01084","Africa (West)",0.1267057,0.644035717919627,0.493349611604825,"ok",4883749,4883749,0,12772,0,0,0,0,0,0,TRUE,0.4,"PUR","AMR"
"HG01087","Africa (West)",0.0766931,0.648941911468157,0.483379239842985,"ok",4883749,4883749,0,12772,0,0,0,0,0,0,TRUE,0.4,"PUR","AMR"
"HG01096","Africa (West)",0.0708596,0.653392686463942,0.482290353233783,"ok",4883749,4883749,0,12772,0,0,0,0,0,0,TRUE,0.4,"PUR","AMR"
"HG01099","Africa (West)",0.0586912,0.657231080880013,0.470212106561843,"ok",4883749,4883749,0,12772,0,0,0,0,0,0,TRUE,0.4,"PUR","AMR"
"HG01100","Africa (West)",0.0733622,0.652974506442837,0.487061681206168,"ok",4883749,4883749,0,12772,0,0,0,0,0,0,TRUE,0.4,"PUR","AMR"
"HG01103","Africa (West)",0.106535,0.650177373195584,0.489495862474256,"ok",4883749,4883749,0,12772,0,0,0,0,0,0,TRUE,0.4,"PUR","AMR"
"HG01106","Africa (West)",0.0492835,0.655599286238133,0.464486387326848,"ok",4883749,4883749,0,12772,0,0,0,0,0,0,TRUE,0.4,"PUR","AMR"
"HG01109","Africa (West)",0.3440444,0.643847014800434,0.572138141688736,"ok",4883749,4883749,0,12772,0,0,0,0,0,0,TRUE,0.4,"PUR","AMR"
"HG01169","Africa (West)",0.0631299,0.656916256940257,0.47426414420672,"ok",4883749,4883749,0,12772,0,0,0,0,0,0,TRUE,0.4,"PUR","AMR"
"HG01172","Africa (West)",0.0821009,0.644922901113936,0.487902090441317,"ok",4883749,4883749,0,12772,0,0,0,0,0,0,TRUE,0.4,"PUR","AMR"
"HG01175","Africa (West)",0,0.658972447715911,0.460312577341726,"ok",4883749,4883749,0,12772,0,0,0,0,0,0,TRUE,0.4,"PUR","AMR"
"HG01178","Africa (West)",0.0513307,0.658271625106395,0.465597562717871,"ok",4883749,4883749,0,12772,0,0,0,0,0,0,TRUE,0.4,"PUR","AMR"
"HG01184","Africa (West)",0.0812435,0.64912615776553,0.481526707361439,"ok",4883749,4883749,0,12772,0,0,0,0,0,0,TRUE,0.4,"PUR","AMR"
"HG01189","Africa (West)",0.1734357,0.645311382813622,0.502699314256816,"ok",4883749,4883749,0,12772,0,0,0,0,0,0,TRUE,0.4,"PUR","AMR"
"HG01192","Africa (West)",0.0445249,0.653170153347502,0.476683407193768,"ok",4883749,4883749,0,12772,0,0,0,0,0,0,TRUE,0.4,"PUR","AMR"
"HG01199","Africa (West)",0.0066412,0.655420555951301,0.479616042418304,"ok",4883749,4883749,0,12772,0,0,0,0,0,0,TRUE,0.4,"PUR","AMR"
"HG01206","Africa (West)",0.0674874,0.649812687141636,0.475922696112799,"ok",4883749,4883749,0,12772,0,0,0,0,0,0,TRUE,0.4,"PUR","AMR"
"HG01243","Africa (West)",0.4284477,0.646959881338251,0.616164262819942,"ok",4883749,4883749,0,12772,0,0,0,0,0,0,TRUE,0.4,"PUR","AMR"
"HG01249","Africa (West)",0.0521182,0.653695461577408,0.476545886835686,"ok",4883749,4883749,0,12772,0,0,0,0,0,0,TRUE,0.4,"PUR","AMR"
"HG00552","Ashkenazi",0,0.662166795608127,0.649055856284213,"ok",4883749,4883749,0,12772,0,0,0,0,0,0,TRUE,0.4,"PUR","AMR"
"HG00555","Ashkenazi",0,0.649046923995841,0.630513738702731,"ok",4883749,4883749,0,12772,0,0,0,0,0,0,TRUE,0.4,"PUR","AMR"
"HG00639","Ashkenazi",0,0.649755815580238,0.632835979130339,"ok",4883749,4883749,0,12772,0,0,0,0,0,0,TRUE,0.4,"PUR","AMR"
"HG00642","Ashkenazi",0,0.653883273496288,0.639186126237104,"ok",4883749,4883749,0,12772,0,0,0,0,0,0,TRUE,0.4,"PUR","AMR"
"HG00733","Ashkenazi",0.0075166,0.660884963149937,0.648671801199037,"ok",4883749,4883749,0,12772,0,0,0,0,0,0,TRUE,0.4,"PUR","AMR"
"HG00735","Ashkenazi",0,0.654506149116671,0.638676874815863,"ok",4883749,4883749,0,12772,0,0,0,0,0,0,TRUE,0.4,"PUR","AMR"
"HG00738","Ashkenazi",0,0.66073328171602,0.647196785328787,"ok",4883749,4883749,0,12772,0,0,0,0,0,0,TRUE,0.4,"PUR","AMR"
"HG00741","Ashkenazi",0,0.656400887337798,0.641659889710744,"ok",4883749,4883749,0,12772,0,0,0,0,0,0,TRUE,0.4,"PUR","AMR"
"HG01050","Ashkenazi",0,0.646185602281765,0.624402164210717,"ok",4883749,4883749,0,12772,0,0,0,0,0,0,TRUE,0.4,"PUR","AMR"
"HG01053","Ashkenazi",0.0175453,0.644667365834351,0.620578866572421,"ok",4883749,4883749,0,12772,0,0,0,0,0,0,TRUE,0.4,"PUR","AMR"
"HG01056","Ashkenazi",0,0.655033583128544,0.639239485708075,"ok",4883749,4883749,0,12772,0,0,0,0,0,0,TRUE,0.4,"PUR","AMR"
"HG01062","Ashkenazi",0,0.663698317986345,0.649515357549392,"ok",4883749,4883749,0,12772,0,0,0,0,0,0,TRUE,0.4,"PUR","AMR"
"HG01068","Ashkenazi",0.0243098,0.655290362409076,0.640775863384243,"ok",4883749,4883749,0,12772,0,0,0,0,0,0,TRUE,0.4,"PUR","AMR"
"HG01071","Ashkenazi",0,0.654580762358273,0.638861503462694,"ok",4883749,4883749,0,12772,0,0,0,0,0,0,TRUE,0.4,"PUR","AMR"
"HG01074","Ashkenazi",0.0210221,0.655656539361053,0.641092734397825,"ok",4883749,4883749,0,12772,0,0,0,0,0,0,TRUE,0.4,"PUR","AMR"
"HG01081","Ashkenazi",0.0276698,0.653555502363689,0.635919830578809,"ok",4883749,4883749,0,12772,0,0,0,0,0,0,TRUE,0.4,"PUR","AMR"
"HG01084","Ashkenazi",0,0.644035717919627,0.624173192474697,"ok",4883749,4883749,0,12772,0,0,0,0,0,0,TRUE,0.4,"PUR","AMR"
"HG01087","Ashkenazi",0,0.648941911468157,0.630468302846589,"ok",4883749,4883749,0,12772,0,0,0,0,0,0,TRUE,0.4,"PUR","AMR"
"HG01096","Ashkenazi",0.0251073,0.653392686463942,0.63938062601944,"ok",4883749,4883749,0,12772,0,0,0,0,0,0,TRUE,0.4,"PUR","AMR"
"HG01099","Ashkenazi",0,0.657231080880013,0.639794998243257,"ok",4883749,4883749,0,12772,0,0,0,0,0,0,TRUE,0.4,"PUR","AMR"
"HG01100","Ashkenazi",0.0198328,0.652974506442837,0.63501618597034,"ok",4883749,4883749,0,12772,0,0,0,0,0,0,TRUE,0.4,"PUR","AMR"
"HG01103","Ashkenazi",0,0.650177373195584,0.63219393525357,"ok",4883749,4883749,0,12772,0,0,0,0,0,0,TRUE,0.4,"PUR","AMR"
"HG01106","Ashkenazi",0.0134035,0.655599286238133,0.642073738214358,"ok",4883749,4883749,0,12772,0,0,0,0,0,0,TRUE,0.4,"PUR","AMR"
"HG01109","Ashkenazi",0.0021916,0.643847014800434,0.589911630593209,"ok",4883749,4883749,0,12772,0,0,0,0,0,0,TRUE,0.4,"PUR","AMR"
"HG01169","Ashkenazi",0.025806,0.656916256940257,0.645640868844327,"ok",4883749,4883749,0,12772,0,0,0,0,0,0,TRUE,0.4,"PUR","AMR"
"HG01172","Ashkenazi",0,0.644922901113936,0.624879617641347,"ok",4883749,4883749,0,12772,0,0,0,0,0,0,TRUE,0.4,"PUR","AMR"
"HG01175","Ashkenazi",0.042345,0.658972447715911,0.647961696603264,"ok",4883749,4883749,0,12772,0,0,0,0,0,0,TRUE,0.4,"PUR","AMR"
"HG01178","Ashkenazi",0,0.658271625106395,0.644462799424241,"ok",4883749,4883749,0,12772,0,0,0,0,0,0,TRUE,0.4,"PUR","AMR"
"HG01184","Ashkenazi",0.0124055,0.64912615776553,0.630449194825151,"ok",4883749,4883749,0,12772,0,0,0,0,0,0,TRUE,0.4,"PUR","AMR"
"HG01189","Ashkenazi",0,0.645311382813622,0.612551380026761,"ok",4883749,4883749,0,12772,0,0,0,0,0,0,TRUE,0.4,"PUR","AMR"
"HG01192","Ashkenazi",0,0.653170153347502,0.629303695362738,"ok",4883749,4883749,0,12772,0,0,0,0,0,0,TRUE,0.4,"PUR","AMR"
"HG01199","Ashkenazi",0,0.655420555951301,0.640100992834471,"ok",4883749,4883749,0,12772,0,0,0,0,0,0,TRUE,0.4,"PUR","AMR"
"HG01206","Ashkenazi",0,0.649812687141636,0.634008705802901,"ok",4883749,4883749,0,12772,0,0,0,0,0,0,TRUE,0.4,"PUR","AMR"
"HG01243","Ashkenazi",0,0.646959881338251,0.548714828609061,"ok",4883749,4883749,0,12772,0,0,0,0,0,0,TRUE,0.4,"PUR","AMR"
"HG01249","Ashkenazi",0,0.653695461577408,0.635518249998884,"ok",4883749,4883749,0,12772,0,0,0,0,0,0,TRUE,0.4,"PUR","AMR"
"HG00552","Asia (East)",0,0.662166795608127,0.520635832802389,"ok",4883749,4883749,0,12772,0,0,0,0,0,0,TRUE,0.4,"PUR","AMR"
"HG00555","Asia (East)",0,0.649046923995841,0.524816547001849,"ok",4883749,4883749,0,12772,0,0,0,0,0,0,TRUE,0.4,"PUR","AMR"
"HG00639","Asia (East)",0,0.649755815580238,0.522792688563556,"ok",4883749,4883749,0,12772,0,0,0,0,0,0,TRUE,0.4,"PUR","AMR"
"HG00642","Asia (East)",0,0.653883273496288,0.522385260705375,"ok",4883749,4883749,0,12772,0,0,0,0,0,0,TRUE,0.4,"PUR","AMR"
"HG00733","Asia (East)",0,0.660884963149937,0.523239500842919,"ok",4883749,4883749,0,12772,0,0,0,0,0,0,TRUE,0.4,"PUR","AMR"
"HG00735","Asia (East)",0.001849,0.654506149116671,0.526922953664654,"ok",4883749,4883749,0,12772,0,0,0,0,0,0,TRUE,0.4,"PUR","AMR"
"HG00738","Asia (East)",0,0.66073328171602,0.51751222670596,"ok",4883749,4883749,0,12772,0,0,0,0,0,0,TRUE,0.4,"PUR","AMR"
"HG00741","Asia (East)",0,0.656400887337798,0.523234770159957,"ok",4883749,4883749,0,12772,0,0,0,0,0,0,TRUE,0.4,"PUR","AMR"
"HG01050","Asia (East)",0,0.646185602281765,0.519381561214176,"ok",4883749,4883749,0,12772,0,0,0,0,0,0,TRUE,0.4,"PUR","AMR"
"HG01053","Asia (East)",0,0.644667365834351,0.525162895218481,"ok",4883749,4883749,0,12772,0,0,0,0,0,0,TRUE,0.4,"PUR","AMR"
"HG01056","Asia (East)",0,0.655033583128544,0.523582356243857,"ok",4883749,4883749,0,12772,0,0,0,0,0,0,TRUE,0.4,"PUR","AMR"
"HG01062","Asia (East)",0,0.663698317986345,0.524062377322087,"ok",4883749,4883749,0,12772,0,0,0,0,0,0,TRUE,0.4,"PUR","AMR"
"HG01068","Asia (East)",0,0.655290362409076,0.518429456136169,"ok",4883749,4883749,0,12772,0,0,0,0,0,0,TRUE,0.4,"PUR","AMR"
"HG01071","Asia (East)",0,0.654580762358273,0.521197377385222,"ok",4883749,4883749,0,12772,0,0,0,0,0,0,TRUE,0.4,"PUR","AMR"
"HG01074","Asia (East)",0,0.655656539361053,0.521098200329654,"ok",4883749,4883749,0,12772,0,0,0,0,0,0,TRUE,0.4,"PUR","AMR"
"HG01081","Asia (East)",0,0.653555502363689,0.52571682636379,"ok",4883749,4883749,0,12772,0,0,0,0,0,0,TRUE,0.4,"PUR","AMR"
"HG01084","Asia (East)",0,0.644035717919627,0.517379076421278,"ok",4883749,4883749,0,12772,0,0,0,0,0,0,TRUE,0.4,"PUR","AMR"
"HG01087","Asia (East)",0.0020368,0.648941911468157,0.524711028277308,"ok",4883749,4883749,0,12772,0,0,0,0,0,0,TRUE,0.4,"PUR","AMR"
"HG01096","Asia (East)",0,0.653392686463942,0.517932106886196,"ok",4883749,4883749,0,12772,0,0,0,0,0,0,TRUE,0.4,"PUR","AMR"
"HG01099","Asia (East)",0,0.657231080880013,0.527178805336933,"ok",4883749,4883749,0,12772,0,0,0,0,0,0,TRUE,0.4,"PUR","AMR"
"HG01100","Asia (East)",0,0.652974506442837,0.523238287881176,"ok",4883749,4883749,0,12772,0,0,0,0,0,0,TRUE,0.4,"PUR","AMR"
"HG01103","Asia (East)",0,0.650177373195584,0.522409095234944,"ok",4883749,4883749,0,12772,0,0,0,0,0,0,TRUE,0.4,"PUR","AMR"
"HG01106","Asia (East)",0.0091103,0.655599286238133,0.520951477154218,"ok",4883749,4883749,0,12772,0,0,0,0,0,0,TRUE,0.4,"PUR","AMR"
"HG01109","Asia (East)",0,0.643847014800434,0.498759489572492,"ok",4883749,4883749,0,12772,0,0,0,0,0,0,TRUE,0.4,"PUR","AMR"
"HG01169","Asia (East)",0,0.656916256940257,0.516957067019828,"ok",4883749,4883749,0,12772,0,0,0,0,0,0,TRUE,0.4,"PUR","AMR"
"HG01172","Asia (East)",0,0.644922901113936,0.517186746853875,"ok",4883749,4883749,0,12772,0,0,0,0,0,0,TRUE,0.4,"PUR","AMR"
"HG01175","Asia (East)",0.0001038,0.658972447715911,0.518714006408367,"ok",4883749,4883749,0,12772,0,0,0,0,0,0,TRUE,0.4,"PUR","AMR"
"HG01178","Asia (East)",0.0034425,0.658271625106395,0.526359286654134,"ok",4883749,4883749,0,12772,0,0,0,0,0,0,TRUE,0.4,"PUR","AMR"
"HG01184","Asia (East)",0,0.64912615776553,0.525625530467841,"ok",4883749,4883749,0,12772,0,0,0,0,0,0,TRUE,0.4,"PUR","AMR"
"HG01189","Asia (East)",0,0.645311382813622,0.537372879081451,"ok",4883749,4883749,0,12772,0,0,0,0,0,0,TRUE,0.4,"PUR","AMR"
"HG01192","Asia (East)",0,0.653170153347502,0.533039350784626,"ok",4883749,4883749,0,12772,0,0,0,0,0,0,TRUE,0.4,"PUR","AMR"
"HG01199","Asia (East)",0,0.655420555951301,0.519804563722651,"ok",4883749,4883749,0,12772,0,0,0,0,0,0,TRUE,0.4,"PUR","AMR"
"HG01206","Asia (East)",0,0.649812687141636,0.521782485039238,"ok",4883749,4883749,0,12772,0,0,0,0,0,0,TRUE,0.4,"PUR","AMR"
"HG01243","Asia (East)",0,0.646959881338251,0.475154894831658,"ok",4883749,4883749,0,12772,0,0,0,0,0,0,TRUE,0.4,"PUR","AMR"
"HG01249","Asia (East)",0,0.653695461577408,0.531917528653032,"ok",4883749,4883749,0,12772,0,0,0,0,0,0,TRUE,0.4,"PUR","AMR"
"HG00552","Bangladesh",0,0.662166795608127,0.610117431034412,"ok",4883749,4883749,0,12772,0,0,0,0,0,0,TRUE,0.4,"PUR","AMR"
"HG00555","Bangladesh",0,0.649046923995841,0.604493610373647,"ok",4883749,4883749,0,12772,0,0,0,0,0,0,TRUE,0.4,"PUR","AMR"
"HG00639","Bangladesh",0,0.649755815580238,0.602810651774589,"ok",4883749,4883749,0,12772,0,0,0,0,0,0,TRUE,0.4,"PUR","AMR"
"HG00642","Bangladesh",0,0.653883273496288,0.606738128918087,"ok",4883749,4883749,0,12772,0,0,0,0,0,0,TRUE,0.4,"PUR","AMR"
"HG00733","Bangladesh",0,0.660884963149937,0.609987904692427,"ok",4883749,4883749,0,12772,0,0,0,0,0,0,TRUE,0.4,"PUR","AMR"
"HG00735","Bangladesh",0,0.654506149116671,0.605649699385597,"ok",4883749,4883749,0,12772,0,0,0,0,0,0,TRUE,0.4,"PUR","AMR"
"HG00738","Bangladesh",0,0.66073328171602,0.606785780968487,"ok",4883749,4883749,0,12772,0,0,0,0,0,0,TRUE,0.4,"PUR","AMR"
"HG00741","Bangladesh",0,0.656400887337798,0.604269338671457,"ok",4883749,4883749,0,12772,0,0,0,0,0,0,TRUE,0.4,"PUR","AMR"
"HG01050","Bangladesh",0,0.646185602281765,0.599335755670011,"ok",4883749,4883749,0,12772,0,0,0,0,0,0,TRUE,0.4,"PUR","AMR"
"HG01053","Bangladesh",0,0.644667365834351,0.599788708068483,"ok",4883749,4883749,0,12772,0,0,0,0,0,0,TRUE,0.4,"PUR","AMR"
"HG01056","Bangladesh",0,0.655033583128544,0.607002270333181,"ok",4883749,4883749,0,12772,0,0,0,0,0,0,TRUE,0.4,"PUR","AMR"
"HG01062","Bangladesh",0,0.663698317986345,0.610283489341298,"ok",4883749,4883749,0,12772,0,0,0,0,0,0,TRUE,0.4,"PUR","AMR"
"HG01068","Bangladesh",0,0.655290362409076,0.601671428502297,"ok",4883749,4883749,0,12772,0,0,0,0,0,0,TRUE,0.4,"PUR","AMR"
"HG01071","Bangladesh",0,0.654580762358273,0.60656258620957,"ok",4883749,4883749,0,12772,0,0,0,0,0,0,TRUE,0.4,"PUR","AMR"
"HG01074","Bangladesh",0,0.655656539361053,0.604554069425991,"ok",4883749,4883749,0,12772,0,0,0,0,0,0,TRUE,0.4,"PUR","AMR"
"HG01081","Bangladesh",0,0.653555502363689,0.604475081512481,"ok",4883749,4883749,0,12772,0,0,0,0,0,0,TRUE,0.4,"PUR","AMR"
"HG01084","Bangladesh",0,0.644035717919627,0.595503494908646,"ok",4883749,4883749,0,12772,0,0,0,0,0,0,TRUE,0.4,"PUR","AMR"
"HG01087","Bangladesh",0,0.648941911468157,0.60346285687681,"ok",4883749,4883749,0,12772,0,0,0,0,0,0,TRUE,0.4,"PUR","AMR"
"HG01096","Bangladesh",0,0.653392686463942,0.604345275466854,"ok",4883749,4883749,0,12772,0,0,0,0,0,0,TRUE,0.4,"PUR","AMR"
"HG01099","Bangladesh",0,0.657231080880013,0.607300341837472,"ok",4883749,4883749,0,12772,0,0,0,0,0,0,TRUE,0.4,"PUR","AMR"
"HG01100","Bangladesh",0,0.652974506442837,0.606011866183502,"ok",4883749,4883749,0,12772,0,0,0,0,0,0,TRUE,0.4,"PUR","AMR"
"HG01103","Bangladesh",0,0.650177373195584,0.601148387070778,"ok",4883749,4883749,0,12772,0,0,0,0,0,0,TRUE,0.4,"PUR","AMR"
"HG01106","Bangladesh",0,0.655599286238133,0.604649986774756,"ok",4883749,4883749,0,12772,0,0,0,0,0,0,TRUE,0.4,"PUR","AMR"
"HG01109","Bangladesh",0,0.643847014800434,0.574025491948719,"ok",4883749,4883749,0,12772,0,0,0,0,0,0,TRUE,0.4,"PUR","AMR"
"HG01169","Bangladesh",0,0.656916256940257,0.60580608411129,"ok",4883749,4883749,0,12772,0,0,0,0,0,0,TRUE,0.4,"PUR","AMR"
"HG01172","Bangladesh",0,0.644922901113936,0.597745878834074,"ok",4883749,4883749,0,12772,0,0,0,0,0,0,TRUE,0.4,"PUR","AMR"
"HG01175","Bangladesh",0,0.658972447715911,0.605422164630088,"ok",4883749,4883749,0,12772,0,0,0,0,0,0,TRUE,0.4,"PUR","AMR"
"HG01178","Bangladesh",0,0.658271625106395,0.608325691437362,"ok",4883749,4883749,0,12772,0,0,0,0,0,0,TRUE,0.4,"PUR","AMR"
"HG01184","Bangladesh",0,0.64912615776553,0.602034165064219,"ok",4883749,4883749,0,12772,0,0,0,0,0,0,TRUE,0.4,"PUR","AMR"
"HG01189","Bangladesh",0,0.645311382813622,0.599925927724528,"ok",4883749,4883749,0,12772,0,0,0,0,0,0,TRUE,0.4,"PUR","AMR"
"HG01192","Bangladesh",0,0.653170153347502,0.608478894171297,"ok",4883749,4883749,0,12772,0,0,0,0,0,0,TRUE,0.4,"PUR","AMR"
"HG01199","Bangladesh",0,0.655420555951301,0.60351930725916,"ok",4883749,4883749,0,12772,0,0,0,0,0,0,TRUE,0.4,"PUR","AMR"
"HG01206","Bangladesh",0,0.649812687141636,0.603146304086053,"ok",4883749,4883749,0,12772,0,0,0,0,0,0,TRUE,0.4,"PUR","AMR"
"HG01243","Bangladesh",0,0.646959881338251,0.541255445565557,"ok",4883749,4883749,0,12772,0,0,0,0,0,0,TRUE,0.4,"PUR","AMR"
"HG01249","Bangladesh",0,0.653695461577408,0.607609262528783,"ok",4883749,4883749,0,12772,0,0,0,0,0,0,TRUE,0.4,"PUR","AMR"
"HG00552","Europe (North East)",0.0090061,0.662166795608127,0.651845747118043,"ok",4883749,4883749,0,12772,0,0,0,0,0,0,TRUE,0.4,"PUR","AMR"
"HG00555","Europe (North East)",0,0.649046923995841,0.630795066629868,"ok",4883749,4883749,0,12772,0,0,0,0,0,0,TRUE,0.4,"PUR","AMR"
"HG00639","Europe (North East)",0,0.649755815580238,0.632877911454144,"ok",4883749,4883749,0,12772,0,0,0,0,0,0,TRUE,0.4,"PUR","AMR"
"HG00642","Europe (North East)",0,0.653883273496288,0.640694125097631,"ok",4883749,4883749,0,12772,0,0,0,0,0,0,TRUE,0.4,"PUR","AMR"
"HG00733","Europe (North East)",0,0.660884963149937,0.648065880042921,"ok",4883749,4883749,0,12772,0,0,0,0,0,0,TRUE,0.4,"PUR","AMR"
"HG00735","Europe (North East)",0.0108226,0.654506149116671,0.639399103391235,"ok",4883749,4883749,0,12772,0,0,0,0,0,0,TRUE,0.4,"PUR","AMR"
"HG00738","Europe (North East)",0,0.66073328171602,0.650296828947676,"ok",4883749,4883749,0,12772,0,0,0,0,0,0,TRUE,0.4,"PUR","AMR"
"HG00741","Europe (North East)",0.1137365,0.656400887337798,0.64501576548932,"ok",4883749,4883749,0,12772,0,0,0,0,0,0,TRUE,0.4,"PUR","AMR"
"HG01050","Europe (North East)",0,0.646185602281765,0.623979108817281,"ok",4883749,4883749,0,12772,0,0,0,0,0,0,TRUE,0.4,"PUR","AMR"
"HG01053","Europe (North East)",0,0.644667365834351,0.619481089802432,"ok",4883749,4883749,0,12772,0,0,0,0,0,0,TRUE,0.4,"PUR","AMR"
"HG01056","Europe (North East)",0,0.655033583128544,0.640112282684735,"ok",4883749,4883749,0,12772,0,0,0,0,0,0,TRUE,0.4,"PUR","AMR"
"HG01062","Europe (North East)",0,0.663698317986345,0.650389078988418,"ok",4883749,4883749,0,12772,0,0,0,0,0,0,TRUE,0.4,"PUR","AMR"
"HG01068","Europe (North East)",0,0.655290362409076,0.641494228881608,"ok",4883749,4883749,0,12772,0,0,0,0,0,0,TRUE,0.4,"PUR","AMR"
"HG01071","Europe (North East)",0,0.654580762358273,0.63896377738503,"ok",4883749,4883749,0,12772,0,0,0,0,0,0,TRUE,0.4,"PUR","AMR"
"HG01074","Europe (North East)",0,0.655656539361053,0.640217713264009,"ok",4883749,4883749,0,12772,0,0,0,0,0,0,TRUE,0.4,"PUR","AMR"
"HG01081","Europe (North East)",0,0.653555502363689,0.634839241440209,"ok",4883749,4883749,0,12772,0,0,0,0,0,0,TRUE,0.4,"PUR","AMR"
"HG01084","Europe (North East)",0.0092584,0.644035717919627,0.622746669037879,"ok",4883749,4883749,0,12772,0,0,0,0,0,0,TRUE,0.4,"PUR","AMR"
"HG01087","Europe (North East)",0,0.648941911468157,0.63079612927626,"ok",4883749,4883749,0,12772,0,0,0,0,0,0,TRUE,0.4,"PUR","AMR"
"HG01096","Europe (North East)",0,0.653392686463942,0.639517083665319,"ok",4883749,4883749,0,12772,0,0,0,0,0,0,TRUE,0.4,"PUR","AMR"
"HG01099","Europe (North East)",0,0.657231080880013,0.64237688112027,"ok",4883749,4883749,0,12772,0,0,0,0,0,0,TRUE,0.4,"PUR","AMR"
"HG01100","Europe (North East)",0,0.652974506442837,0.635109270331019,"ok",4883749,4883749,0,12772,0,0,0,0,0,0,TRUE,0.4,"PUR","AMR"
"HG01103","Europe (North East)",0,0.650177373195584,0.630670478275877,"ok",4883749,4883749,0,12772,0,0,0,0,0,0,TRUE,0.4,"PUR","AMR"
"HG01106","Europe (North East)",0,0.655599286238133,0.643591331303463,"ok",4883749,4883749,0,12772,0,0,0,0,0,0,TRUE,0.4,"PUR","AMR"
"HG01109","Europe (North East)",0,0.643847014800434,0.585604761968216,"ok",4883749,4883749,0,12772,0,0,0,0,0,0,TRUE,0.4,"PUR","AMR"
"HG01169","Europe (North East)",0,0.656916256940257,0.643327367364476,"ok",4883749,4883749,0,12772,0,0,0,0,0,0,TRUE,0.4,"PUR","AMR"
"HG01172","Europe (North East)",0,0.644922901113936,0.624937213270344,"ok",4883749,4883749,0,12772,0,0,0,0,0,0,TRUE,0.4,"PUR","AMR"
"HG01175","Europe (North East)",0.0172856,0.658972447715911,0.648314430077742,"ok",4883749,4883749,0,12772,0,0,0,0,0,0,TRUE,0.4,"PUR","AMR"
"HG01178","Europe (North East)",0,0.658271625106395,0.645395397702712,"ok",4883749,4883749,0,12772,0,0,0,0,0,0,TRUE,0.4,"PUR","AMR"
"HG01184","Europe (North East)",0,0.64912615776553,0.629512236334277,"ok",4883749,4883749,0,12772,0,0,0,0,0,0,TRUE,0.4,"PUR","AMR"
"HG01189","Europe (North East)",0.0001882,0.645311382813622,0.613796363796367,"ok",4883749,4883749,0,12772,0,0,0,0,0,0,TRUE,0.4,"PUR","AMR"
"HG01192","Europe (North East)",0.0259003,0.653170153347502,0.631507179497056,"ok",4883749,4883749,0,12772,0,0,0,0,0,0,TRUE,0.4,"PUR","AMR"
"HG01199","Europe (North East)",0,0.655420555951301,0.639523388614525,"ok",4883749,4883749,0,12772,0,0,0,0,0,0,TRUE,0.4,"PUR","AMR"
"HG01206","Europe (North East)",0,0.649812687141636,0.635201722368698,"ok",4883749,4883749,0,12772,0,0,0,0,0,0,TRUE,0.4,"PUR","AMR"
"HG01243","Europe (North East)",0.0215939,0.646959881338251,0.540582616688581,"ok",4883749,4883749,0,12772,0,0,0,0,0,0,TRUE,0.4,"PUR","AMR"
"HG01249","Europe (North East)",0,0.653695461577408,0.634983276965407,"ok",4883749,4883749,0,12772,0,0,0,0,0,0,TRUE,0.4,"PUR","AMR"
"HG00552","Europe (South East)",0.0183548,0.662166795608127,0.655593270880446,"ok",4883749,4883749,0,12772,0,0,0,0,0,0,TRUE,0.4,"PUR","AMR"
"HG00555","Europe (South East)",0,0.649046923995841,0.634645591989862,"ok",4883749,4883749,0,12772,0,0,0,0,0,0,TRUE,0.4,"PUR","AMR"
"HG00639","Europe (South East)",0.0135627,0.649755815580238,0.637148096730701,"ok",4883749,4883749,0,12772,0,0,0,0,0,0,TRUE,0.4,"PUR","AMR"
"HG00642","Europe (South East)",0,0.653883273496288,0.645520608241065,"ok",4883749,4883749,0,12772,0,0,0,0,0,0,TRUE,0.4,"PUR","AMR"
"HG00733","Europe (South East)",0,0.660884963149937,0.653602016260165,"ok",4883749,4883749,0,12772,0,0,0,0,0,0,TRUE,0.4,"PUR","AMR"
"HG00735","Europe (South East)",0,0.654506149116671,0.643577978518933,"ok",4883749,4883749,0,12772,0,0,0,0,0,0,TRUE,0.4,"PUR","AMR"
"HG00738","Europe (South East)",0,0.66073328171602,0.654336986262962,"ok",4883749,4883749,0,12772,0,0,0,0,0,0,TRUE,0.4,"PUR","AMR"
"HG00741","Europe (South East)",0,0.656400887337798,0.648719597017034,"ok",4883749,4883749,0,12772,0,0,0,0,0,0,TRUE,0.4,"PUR","AMR"
"HG01050","Europe (South East)",0,0.646185602281765,0.627772509159592,"ok",4883749,4883749,0,12772,0,0,0,0,0,0,TRUE,0.4,"PUR","AMR"
"HG01053","Europe (South East)",0,0.644667365834351,0.623745122261097,"ok",4883749,4883749,0,12772,0,0,0,0,0,0,TRUE,0.4,"PUR","AMR"
"HG01056","Europe (South East)",0,0.655033583128544,0.644937258645751,"ok",4883749,4883749,0,12772,0,0,0,0,0,0,TRUE,0.4,"PUR","AMR"
"HG01062","Europe (South East)",0,0.663698317986345,0.654953413677589,"ok",4883749,4883749,0,12772,0,0,0,0,0,0,TRUE,0.4,"PUR","AMR"
"HG01068","Europe (South East)",0,0.655290362409076,0.646017650836679,"ok",4883749,4883749,0,12772,0,0,0,0,0,0,TRUE,0.4,"PUR","AMR"
"HG01071","Europe (South East)",0,0.654580762358273,0.643306577889825,"ok",4883749,4883749,0,12772,0,0,0,0,0,0,TRUE,0.4,"PUR","AMR"
"HG01074","Europe (South East)",0,0.655656539361053,0.644940597681214,"ok",4883749,4883749,0,12772,0,0,0,0,0,0,TRUE,0.4,"PUR","AMR"
"HG01081","Europe (South East)",0,0.653555502363689,0.639763648741933,"ok",4883749,4883749,0,12772,0,0,0,0,0,0,TRUE,0.4,"PUR","AMR"
"HG01084","Europe (South East)",0,0.644035717919627,0.626718206939849,"ok",4883749,4883749,0,12772,0,0,0,0,0,0,TRUE,0.4,"PUR","AMR"
"HG01087","Europe (South East)",0,0.648941911468157,0.635518067257566,"ok",4883749,4883749,0,12772,0,0,0,0,0,0,TRUE,0.4,"PUR","AMR"
"HG01096","Europe (South East)",0.0344415,0.653392686463942,0.64450133659005,"ok",4883749,4883749,0,12772,0,0,0,0,0,0,TRUE,0.4,"PUR","AMR"
"HG01099","Europe (South East)",0,0.657231080880013,0.645492507649688,"ok",4883749,4883749,0,12772,0,0,0,0,0,0,TRUE,0.4,"PUR","AMR"
"HG01100","Europe (South East)",0,0.652974506442837,0.639194831767342,"ok",4883749,4883749,0,12772,0,0,0,0,0,0,TRUE,0.4,"PUR","AMR"
"HG01103","Europe (South East)",0,0.650177373195584,0.63541868010629,"ok",4883749,4883749,0,12772,0,0,0,0,0,0,TRUE,0.4,"PUR","AMR"
"HG01106","Europe (South East)",0.0532171,0.655599286238133,0.647531442074836,"ok",4883749,4883749,0,12772,0,0,0,0,0,0,TRUE,0.4,"PUR","AMR"
"HG01109","Europe (South East)",0,0.643847014800434,0.589858235775533,"ok",4883749,4883749,0,12772,0,0,0,0,0,0,TRUE,0.4,"PUR","AMR"
"HG01169","Europe (South East)",0,0.656916256940257,0.649216448172607,"ok",4883749,4883749,0,12772,0,0,0,0,0,0,TRUE,0.4,"PUR","AMR"
"HG01172","Europe (South East)",0,0.644922901113936,0.629293938075436,"ok",4883749,4883749,0,12772,0,0,0,0,0,0,TRUE,0.4,"PUR","AMR"
"HG01175","Europe (South East)",0,0.658972447715911,0.651968554304986,"ok",4883749,4883749,0,12772,0,0,0,0,0,0,TRUE,0.4,"PUR","AMR"
"HG01178","Europe (South East)",0,0.658271625106395,0.649268973156561,"ok",4883749,4883749,0,12772,0,0,0,0,0,0,TRUE,0.4,"PUR","AMR"
"HG01184","Europe (South East)",0,0.64912615776553,0.633599621197076,"ok",4883749,4883749,0,12772,0,0,0,0,0,0,TRUE,0.4,"PUR","AMR"
"HG01189","Europe (South East)",0.0092348,0.645311382813622,0.616676196380872,"ok",4883749,4883749,0,12772,0,0,0,0,0,0,TRUE,0.4,"PUR","AMR"
"HG01192","Europe (South East)",0.0008379,0.653170153347502,0.634381437641304,"ok",4883749,4883749,0,12772,0,0,0,0,0,0,TRUE,0.4,"PUR","AMR"
"HG01199","Europe (South East)",0,0.655420555951301,0.644246408441201,"ok",4883749,4883749,0,12772,0,0,0,0,0,0,TRUE,0.4,"PUR","AMR"
"HG01206","Europe (South East)",0,0.649812687141636,0.638614204315212,"ok",4883749,4883749,0,12772,0,0,0,0,0,0,TRUE,0.4,"PUR","AMR"
"HG01243","Europe (South East)",0.0531007,0.646959881338251,0.54530266028222,"ok",4883749,4883749,0,12772,0,0,0,0,0,0,TRUE,0.4,"PUR","AMR"
"HG01249","Europe (South East)",0,0.653695461577408,0.639012591257457,"ok",4883749,4883749,0,12772,0,0,0,0,0,0,TRUE,0.4,"PUR","AMR"
"HG00552","Europe (South West)",0.6732911,0.662166795608127,0.658942864280454,"ok",4883749,4883749,0,12772,0,0,0,0,0,0,TRUE,0.4,"PUR","AMR"
"HG00555","Europe (South West)",0.4381431,0.649046923995841,0.637079468042768,"ok",4883749,4883749,0,12772,0,0,0,0,0,0,TRUE,0.4,"PUR","AMR"
"HG00639","Europe (South West)",0.437591,0.649755815580238,0.638944627668823,"ok",4883749,4883749,0,12772,0,0,0,0,0,0,TRUE,0.4,"PUR","AMR"
"HG00642","Europe (South West)",0.52574,0.653883273496288,0.64821379992144,"ok",4883749,4883749,0,12772,0,0,0,0,0,0,TRUE,0.4,"PUR","AMR"
"HG00733","Europe (South West)",0.6364703,0.660884963149937,0.656623558638704,"ok",4883749,4883749,0,12772,0,0,0,0,0,0,TRUE,0.4,"PUR","AMR"
"HG00735","Europe (South West)",0.512886,0.654506149116671,0.646078616559017,"ok",4883749,4883749,0,12772,0,0,0,0,0,0,TRUE,0.4,"PUR","AMR"
"HG00738","Europe (South West)",0.7050719,0.66073328171602,0.656808679519242,"ok",4883749,4883749,0,12772,0,0,0,0,0,0,TRUE,0.4,"PUR","AMR"
"HG00741","Europe (South West)",0.5349173,0.656400887337798,0.650114757612187,"ok",4883749,4883749,0,12772,0,0,0,0,0,0,TRUE,0.4,"PUR","AMR"
"HG01050","Europe (South West)",0.4451913,0.646185602281765,0.631364860507511,"ok",4883749,4883749,0,12772,0,0,0,0,0,0,TRUE,0.4,"PUR","AMR"
"HG01053","Europe (South West)",0.3769784,0.644667365834351,0.625839901823123,"ok",4883749,4883749,0,12772,0,0,0,0,0,0,TRUE,0.4,"PUR","AMR"
"HG01056","Europe (South West)",0.5004174,0.655033583128544,0.647713269310168,"ok",4883749,4883749,0,12772,0,0,0,0,0,0,TRUE,0.4,"PUR","AMR"
"HG01062","Europe (South West)",0.5796249,0.663698317986345,0.658384137067584,"ok",4883749,4883749,0,12772,0,0,0,0,0,0,TRUE,0.4,"PUR","AMR"
"HG01068","Europe (South West)",0.5830499,0.655290362409076,0.649310483780901,"ok",4883749,4883749,0,12772,0,0,0,0,0,0,TRUE,0.4,"PUR","AMR"
"HG01071","Europe (South West)",0.5575228,0.654580762358273,0.646629921798265,"ok",4883749,4883749,0,12772,0,0,0,0,0,0,TRUE,0.4,"PUR","AMR"
"HG01074","Europe (South West)",0.5176566,0.655656539361053,0.648166637895187,"ok",4883749,4883749,0,12772,0,0,0,0,0,0,TRUE,0.4,"PUR","AMR"
"HG01081","Europe (South West)",0.4552095,0.653555502363689,0.6414753879795,"ok",4883749,4883749,0,12772,0,0,0,0,0,0,TRUE,0.4,"PUR","AMR"
"HG01084","Europe (South West)",0.4024157,0.644035717919627,0.630725073020973,"ok",4883749,4883749,0,12772,0,0,0,0,0,0,TRUE,0.4,"PUR","AMR"
"HG01087","Europe (South West)",0.4098705,0.648941911468157,0.637698763964457,"ok",4883749,4883749,0,12772,0,0,0,0,0,0,TRUE,0.4,"PUR","AMR"
"HG01096","Europe (South West)",0.5451831,0.653392686463942,0.64660353217812,"ok",4883749,4883749,0,12772,0,0,0,0,0,0,TRUE,0.4,"PUR","AMR"
"HG01099","Europe (South West)",0.5787027,0.657231080880013,0.648867320677134,"ok",4883749,4883749,0,12772,0,0,0,0,0,0,TRUE,0.4,"PUR","AMR"
"HG01100","Europe (South West)",0.4795465,0.652974506442837,0.64164198348975,"ok",4883749,4883749,0,12772,0,0,0,0,0,0,TRUE,0.4,"PUR","AMR"
"HG01103","Europe (South West)",0.5056553,0.650177373195584,0.638691207976711,"ok",4883749,4883749,0,12772,0,0,0,0,0,0,TRUE,0.4,"PUR","AMR"
"HG01106","Europe (South West)",0.6024518,0.655599286238133,0.650751159351873,"ok",4883749,4883749,0,12772,0,0,0,0,0,0,TRUE,0.4,"PUR","AMR"
"HG01109","Europe (South West)",0.3393536,0.643847014800434,0.59463096748406,"ok",4883749,4883749,0,12772,0,0,0,0,0,0,TRUE,0.4,"PUR","AMR"
"HG01169","Europe (South West)",0.2762058,0.656916256940257,0.651365476143985,"ok",4883749,4883749,0,12772,0,0,0,0,0,0,TRUE,0.4,"PUR","AMR"
"HG01172","Europe (South West)",0.4176757,0.644922901113936,0.631894349422364,"ok",4883749,4883749,0,12772,0,0,0,0,0,0,TRUE,0.4,"PUR","AMR"
"HG01175","Europe (South West)",0.5904353,0.658972447715911,0.655513344537912,"ok",4883749,4883749,0,12772,0,0,0,0,0,0,TRUE,0.4,"PUR","AMR"
"HG01178","Europe (South West)",0.6256501,0.658271625106395,0.652555243670317,"ok",4883749,4883749,0,12772,0,0,0,0,0,0,TRUE,0.4,"PUR","AMR"
"HG01184","Europe (South West)",0.4885367,0.64912615776553,0.636984086848499,"ok",4883749,4883749,0,12772,0,0,0,0,0,0,TRUE,0.4,"PUR","AMR"
"HG01189","Europe (South West)",0.3488209,0.645311382813622,0.618321551910748,"ok",4883749,4883749,0,12772,0,0,0,0,0,0,TRUE,0.4,"PUR","AMR"
"HG01192","Europe (South West)",0.401942,0.653170153347502,0.636050094283191,"ok",4883749,4883749,0,12772,0,0,0,0,0,0,TRUE,0.4,"PUR","AMR"
"HG01199","Europe (South West)",0.5853633,0.655420555951301,0.647669450951248,"ok",4883749,4883749,0,12772,0,0,0,0,0,0,TRUE,0.4,"PUR","AMR"
"HG01206","Europe (South West)",0.4665509,0.649812687141636,0.641678540587453,"ok",4883749,4883749,0,12772,0,0,0,0,0,0,TRUE,0.4,"PUR","AMR"
"HG01243","Europe (South West)",0.1109615,0.646959881338251,0.550027328582649,"ok",4883749,4883749,0,12772,0,0,0,0,0,0,TRUE,0.4,"PUR","AMR"
"HG01249","Europe (South West)",0.442145,0.653695461577408,0.642564384682633,"ok",4883749,4883749,0,12772,0,0,0,0,0,0,TRUE,0.4,"PUR","AMR"
"HG00552","Finland",0,0.662166795608127,0.644564345718992,"ok",4883749,4883749,0,12772,0,0,0,0,0,0,TRUE,0.4,"PUR","AMR"
"HG00555","Finland",0,0.649046923995841,0.62549670769066,"ok",4883749,4883749,0,12772,0,0,0,0,0,0,TRUE,0.4,"PUR","AMR"
"HG00639","Finland",0,0.649755815580238,0.626621948022286,"ok",4883749,4883749,0,12772,0,0,0,0,0,0,TRUE,0.4,"PUR","AMR"
"HG00642","Finland",0.0258581,0.653883273496288,0.6358283605036,"ok",4883749,4883749,0,12772,0,0,0,0,0,0,TRUE,0.4,"PUR","AMR"
"HG00733","Finland",0,0.660884963149937,0.641880242395039,"ok",4883749,4883749,0,12772,0,0,0,0,0,0,TRUE,0.4,"PUR","AMR"
"HG00735","Finland",0,0.654506149116671,0.633976620036551,"ok",4883749,4883749,0,12772,0,0,0,0,0,0,TRUE,0.4,"PUR","AMR"
"HG00738","Finland",0.0176305,0.66073328171602,0.64403137395471,"ok",4883749,4883749,0,12772,0,0,0,0,0,0,TRUE,0.4,"PUR","AMR"
"HG00741","Finland",0,0.656400887337798,0.638138420456118,"ok",4883749,4883749,0,12772,0,0,0,0,0,0,TRUE,0.4,"PUR","AMR"
"HG01050","Finland",0.0075536,0.646185602281765,0.619709294011695,"ok",4883749,4883749,0,12772,0,0,0,0,0,0,TRUE,0.4,"PUR","AMR"
"HG01053","Finland",0.00063,0.644667365834351,0.61546829174256,"ok",4883749,4883749,0,12772,0,0,0,0,0,0,TRUE,0.4,"PUR","AMR"
"HG01056","Finland",0.052014,0.655033583128544,0.636039674128952,"ok",4883749,4883749,0,12772,0,0,0,0,0,0,TRUE,0.4,"PUR","AMR"
"HG01062","Finland",0.0038609,0.663698317986345,0.644480830627692,"ok",4883749,4883749,0,12772,0,0,0,0,0,0,TRUE,0.4,"PUR","AMR"
"HG01068","Finland",0,0.655290362409076,0.636261716617297,"ok",4883749,4883749,0,12772,0,0,0,0,0,0,TRUE,0.4,"PUR","AMR"
"HG01071","Finland",0,0.654580762358273,0.633594583418236,"ok",4883749,4883749,0,12772,0,0,0,0,0,0,TRUE,0.4,"PUR","AMR"
"HG01074","Finland",0,0.655656539361053,0.634574583660804,"ok",4883749,4883749,0,12772,0,0,0,0,0,0,TRUE,0.4,"PUR","AMR"
"HG01081","Finland",0,0.653555502363689,0.629039872410638,"ok",4883749,4883749,0,12772,0,0,0,0,0,0,TRUE,0.4,"PUR","AMR"
"HG01084","Finland",0,0.644035717919627,0.616886286857092,"ok",4883749,4883749,0,12772,0,0,0,0,0,0,TRUE,0.4,"PUR","AMR"
"HG01087","Finland",0.0350508,0.648941911468157,0.626463916053419,"ok",4883749,4883749,0,12772,0,0,0,0,0,0,TRUE,0.4,"PUR","AMR"
"HG01096","Finland",0,0.653392686463942,0.632815895749947,"ok",4883749,4883749,0,12772,0,0,0,0,0,0,TRUE,0.4,"PUR","AMR"
"HG01099","Finland",0,0.657231080880013,0.636174861692683,"ok",4883749,4883749,0,12772,0,0,0,0,0,0,TRUE,0.4,"PUR","AMR"
"HG01100","Finland",0.0145994,0.652974506442837,0.629399267491921,"ok",4883749,4883749,0,12772,0,0,0,0,0,0,TRUE,0.4,"PUR","AMR"
"HG01103","Finland",0,0.650177373195584,0.625631337449124,"ok",4883749,4883749,0,12772,0,0,0,0,0,0,TRUE,0.4,"PUR","AMR"
"HG01106","Finland",0,0.655599286238133,0.636608111993848,"ok",4883749,4883749,0,12772,0,0,0,0,0,0,TRUE,0.4,"PUR","AMR"
"HG01109","Finland",0,0.643847014800434,0.580725587410098,"ok",4883749,4883749,0,12772,0,0,0,0,0,0,TRUE,0.4,"PUR","AMR"
"HG01169","Finland",0.0200326,0.656916256940257,0.637642411962302,"ok",4883749,4883749,0,12772,0,0,0,0,0,0,TRUE,0.4,"PUR","AMR"
"HG01172","Finland",0.0344415,0.644922901113936,0.621201559122179,"ok",4883749,4883749,0,12772,0,0,0,0,0,0,TRUE,0.4,"PUR","AMR"
"HG01175","Finland",0,0.658972447715911,0.641693429652559,"ok",4883749,4883749,0,12772,0,0,0,0,0,0,TRUE,0.4,"PUR","AMR"
"HG01178","Finland",0,0.658271625106395,0.639169706483218,"ok",4883749,4883749,0,12772,0,0,0,0,0,0,TRUE,0.4,"PUR","AMR"
"HG01184","Finland",0,0.64912615776553,0.625410505579862,"ok",4883749,4883749,0,12772,0,0,0,0,0,0,TRUE,0.4,"PUR","AMR"
"HG01189","Finland",0,0.645311382813622,0.610620389776209,"ok",4883749,4883749,0,12772,0,0,0,0,0,0,TRUE,0.4,"PUR","AMR"
"HG01192","Finland",0,0.653170153347502,0.626778954977512,"ok",4883749,4883749,0,12772,0,0,0,0,0,0,TRUE,0.4,"PUR","AMR"
"HG01199","Finland",0.0005288,0.655420555951301,0.634003722527626,"ok",4883749,4883749,0,12772,0,0,0,0,0,0,TRUE,0.4,"PUR","AMR"
"HG01206","Finland",0,0.649812687141636,0.629844079343187,"ok",4883749,4883749,0,12772,0,0,0,0,0,0,TRUE,0.4,"PUR","AMR"
"HG01243","Finland",0,0.646959881338251,0.535840555138493,"ok",4883749,4883749,0,12772,0,0,0,0,0,0,TRUE,0.4,"PUR","AMR"
"HG01249","Finland",0.0034491,0.653695461577408,0.630680068438019,"ok",4883749,4883749,0,12772,0,0,0,0,0,0,TRUE,0.4,"PUR","AMR"
"HG00552","Ireland",0.0452849,0.662166795608127,0.655267586822022,"ok",4883749,4883749,0,12772,0,0,0,0,0,0,TRUE,0.4,"PUR","AMR"
"HG00555","Ireland",0,0.649046923995841,0.632423993890684,"ok",4883749,4883749,0,12772,0,0,0,0,0,0,TRUE,0.4,"PUR","AMR"
"HG00639","Ireland",0.0170619,0.649755815580238,0.634488086175032,"ok",4883749,4883749,0,12772,0,0,0,0,0,0,TRUE,0.4,"PUR","AMR"
"HG00642","Ireland",0.0169471,0.653883273496288,0.643970810615242,"ok",4883749,4883749,0,12772,0,0,0,0,0,0,TRUE,0.4,"PUR","AMR"
"HG00733","Ireland",0,0.660884963149937,0.651651687132925,"ok",4883749,4883749,0,12772,0,0,0,0,0,0,TRUE,0.4,"PUR","AMR"
"HG00735","Ireland",0,0.654506149116671,0.641747469661194,"ok",4883749,4883749,0,12772,0,0,0,0,0,0,TRUE,0.4,"PUR","AMR"
"HG00738","Ireland",0,0.66073328171602,0.652676928945867,"ok",4883749,4883749,0,12772,0,0,0,0,0,0,TRUE,0.4,"PUR","AMR"
"HG00741","Ireland",0.0140121,0.656400887337798,0.646469770515247,"ok",4883749,4883749,0,12772,0,0,0,0,0,0,TRUE,0.4,"PUR","AMR"
"HG01050","Ireland",0,0.646185602281765,0.626797209858156,"ok",4883749,4883749,0,12772,0,0,0,0,0,0,TRUE,0.4,"PUR","AMR"
"HG01053","Ireland",0.0194877,0.644667365834351,0.621355480709905,"ok",4883749,4883749,0,12772,0,0,0,0,0,0,TRUE,0.4,"PUR","AMR"
"HG01056","Ireland",0,0.655033583128544,0.64320553328809,"ok",4883749,4883749,0,12772,0,0,0,0,0,0,TRUE,0.4,"PUR","AMR"
"HG01062","Ireland",0,0.663698317986345,0.653109769099835,"ok",4883749,4883749,0,12772,0,0,0,0,0,0,TRUE,0.4,"PUR","AMR"
"HG01068","Ireland",0.0541239,0.655290362409076,0.645806948515267,"ok",4883749,4883749,0,12772,0,0,0,0,0,0,TRUE,0.4,"PUR","AMR"
"HG01071","Ireland",0,0.654580762358273,0.641780894718688,"ok",4883749,4883749,0,12772,0,0,0,0,0,0,TRUE,0.4,"PUR","AMR"
"HG01074","Ireland",0,0.655656539361053,0.642395316611576,"ok",4883749,4883749,0,12772,0,0,0,0,0,0,TRUE,0.4,"PUR","AMR"
"HG01081","Ireland",0,0.653555502363689,0.637079372237462,"ok",4883749,4883749,0,12772,0,0,0,0,0,0,TRUE,0.4,"PUR","AMR"
"HG01084","Ireland",0.0481885,0.644035717919627,0.6250374364489,"ok",4883749,4883749,0,12772,0,0,0,0,0,0,TRUE,0.4,"PUR","AMR"
"HG01087","Ireland",0,0.648941911468157,0.63242358667054,"ok",4883749,4883749,0,12772,0,0,0,0,0,0,TRUE,0.4,"PUR","AMR"
"HG01096","Ireland",0.0480646,0.653392686463942,0.641618509130766,"ok",4883749,4883749,0,12772,0,0,0,0,0,0,TRUE,0.4,"PUR","AMR"
"HG01099","Ireland",0,0.657231080880013,0.644162512051559,"ok",4883749,4883749,0,12772,0,0,0,0,0,0,TRUE,0.4,"PUR","AMR"
"HG01100","Ireland",0.0120585,0.652974506442837,0.636882258333564,"ok",4883749,4883749,0,12772,0,0,0,0,0,0,TRUE,0.4,"PUR","AMR"
"HG01103","Ireland",0,0.650177373195584,0.632849695525625,"ok",4883749,4883749,0,12772,0,0,0,0,0,0,TRUE,0.4,"PUR","AMR"
"HG01106","Ireland",0,0.655599286238133,0.646256998599751,"ok",4883749,4883749,0,12772,0,0,0,0,0,0,TRUE,0.4,"PUR","AMR"
"HG01109","Ireland",0.0212387,0.643847014800434,0.587299741064508,"ok",4883749,4883749,0,12772,0,0,0,0,0,0,TRUE,0.4,"PUR","AMR"
"HG01169","Ireland",0,0.656916256940257,0.645752005034416,"ok",4883749,4883749,0,12772,0,0,0,0,0,0,TRUE,0.4,"PUR","AMR"
"HG01172","Ireland",0.0326147,0.644922901113936,0.627819357292519,"ok",4883749,4883749,0,12772,0,0,0,0,0,0,TRUE,0.4,"PUR","AMR"
"HG01175","Ireland",0.0449488,0.658972447715911,0.651120477423516,"ok",4883749,4883749,0,12772,0,0,0,0,0,0,TRUE,0.4,"PUR","AMR"
"HG01178","Ireland",0.0211528,0.658271625106395,0.648085335430619,"ok",4883749,4883749,0,12772,0,0,0,0,0,0,TRUE,0.4,"PUR","AMR"
"HG01184","Ireland",0.0137108,0.64912615776553,0.631986109501179,"ok",4883749,4883749,0,12772,0,0,0,0,0,0,TRUE,0.4,"PUR","AMR"
"HG01189","Ireland",0,0.645311382813622,0.614214581248953,"ok",4883749,4883749,0,12772,0,0,0,0,0,0,TRUE,0.4,"PUR","AMR"
"HG01192","Ireland",0,0.653170153347502,0.632134957684991,"ok",4883749,4883749,0,12772,0,0,0,0,0,0,TRUE,0.4,"PUR","AMR"
"HG01199","Ireland",0,0.655420555951301,0.642046825510384,"ok",4883749,4883749,0,12772,0,0,0,0,0,0,TRUE,0.4,"PUR","AMR"
"HG01206","Ireland",0.0668789,0.649812687141636,0.637812156464337,"ok",4883749,4883749,0,12772,0,0,0,0,0,0,TRUE,0.4,"PUR","AMR"
"HG01243","Ireland",0.0272582,0.646959881338251,0.540675714713233,"ok",4883749,4883749,0,12772,0,0,0,0,0,0,TRUE,0.4,"PUR","AMR"
"HG01249","Ireland",0.0380479,0.653695461577408,0.638038221916569,"ok",4883749,4883749,0,12772,0,0,0,0,0,0,TRUE,0.4,"PUR","AMR"
"HG00552","Italy",0,0.662166795608127,0.656009449211357,"ok",4883749,4883749,0,12772,0,0,0,0,0,0,TRUE,0.4,"PUR","AMR"
"HG00555","Italy",0.0858219,0.649046923995841,0.63545965935865,"ok",4883749,4883749,0,12772,0,0,0,0,0,0,TRUE,0.4,"PUR","AMR"
"HG00639","Italy",0.1093731,0.649755815580238,0.636865142548224,"ok",4883749,4883749,0,12772,0,0,0,0,0,0,TRUE,0.4,"PUR","AMR"
"HG00642","Italy",0,0.653883273496288,0.646106083197963,"ok",4883749,4883749,0,12772,0,0,0,0,0,0,TRUE,0.4,"PUR","AMR"
"HG00733","Italy",0.0599493,0.660884963149937,0.655247820876093,"ok",4883749,4883749,0,12772,0,0,0,0,0,0,TRUE,0.4,"PUR","AMR"
"HG00735","Italy",0,0.654506149116671,0.643147862191323,"ok",4883749,4883749,0,12772,0,0,0,0,0,0,TRUE,0.4,"PUR","AMR"
"HG00738","Italy",0,0.66073328171602,0.654022548181871,"ok",4883749,4883749,0,12772,0,0,0,0,0,0,TRUE,0.4,"PUR","AMR"
"HG00741","Italy",0,0.656400887337798,0.647852343064148,"ok",4883749,4883749,0,12772,0,0,0,0,0,0,TRUE,0.4,"PUR","AMR"
"HG01050","Italy",0.0399146,0.646185602281765,0.629244424836248,"ok",4883749,4883749,0,12772,0,0,0,0,0,0,TRUE,0.4,"PUR","AMR"
"HG01053","Italy",0,0.644667365834351,0.623778465276474,"ok",4883749,4883749,0,12772,0,0,0,0,0,0,TRUE,0.4,"PUR","AMR"
"HG01056","Italy",0.0245821,0.655033583128544,0.645938410314975,"ok",4883749,4883749,0,12772,0,0,0,0,0,0,TRUE,0.4,"PUR","AMR"
"HG01062","Italy",0.055759,0.663698317986345,0.655604971480775,"ok",4883749,4883749,0,12772,0,0,0,0,0,0,TRUE,0.4,"PUR","AMR"
"HG01068","Italy",0,0.655290362409076,0.646084335575325,"ok",4883749,4883749,0,12772,0,0,0,0,0,0,TRUE,0.4,"PUR","AMR"
"HG01071","Italy",0,0.654580762358273,0.644510584635543,"ok",4883749,4883749,0,12772,0,0,0,0,0,0,TRUE,0.4,"PUR","AMR"
"HG01074","Italy",0,0.655656539361053,0.646032146705709,"ok",4883749,4883749,0,12772,0,0,0,0,0,0,TRUE,0.4,"PUR","AMR"
"HG01081","Italy",0.0405231,0.653555502363689,0.639527658167926,"ok",4883749,4883749,0,12772,0,0,0,0,0,0,TRUE,0.4,"PUR","AMR"
"HG01084","Italy",0,0.644035717919627,0.628439577690712,"ok",4883749,4883749,0,12772,0,0,0,0,0,0,TRUE,0.4,"PUR","AMR"
"HG01087","Italy",0.0747087,0.648941911468157,0.63591203358551,"ok",4883749,4883749,0,12772,0,0,0,0,0,0,TRUE,0.4,"PUR","AMR"
"HG01096","Italy",0,0.653392686463942,0.644258264025275,"ok",4883749,4883749,0,12772,0,0,0,0,0,0,TRUE,0.4,"PUR","AMR"
"HG01099","Italy",0,0.657231080880013,0.645863424168242,"ok",4883749,4883749,0,12772,0,0,0,0,0,0,TRUE,0.4,"PUR","AMR"
"HG01100","Italy",0.0279673,0.652974506442837,0.639580645838703,"ok",4883749,4883749,0,12772,0,0,0,0,0,0,TRUE,0.4,"PUR","AMR"
"HG01103","Italy",0.0693017,0.650177373195584,0.636440039041808,"ok",4883749,4883749,0,12772,0,0,0,0,0,0,TRUE,0.4,"PUR","AMR"
"HG01106","Italy",0.007291,0.655599286238133,0.647690224337519,"ok",4883749,4883749,0,12772,0,0,0,0,0,0,TRUE,0.4,"PUR","AMR"
"HG01109","Italy",0,0.643847014800434,0.591580544809892,"ok",4883749,4883749,0,12772,0,0,0,0,0,0,TRUE,0.4,"PUR","AMR"
"HG01169","Italy",0.3836337,0.656916256940257,0.650992776668884,"ok",4883749,4883749,0,12772,0,0,0,0,0,0,TRUE,0.4,"PUR","AMR"
"HG01172","Italy",0,0.644922901113936,0.629594503188261,"ok",4883749,4883749,0,12772,0,0,0,0,0,0,TRUE,0.4,"PUR","AMR"
"HG01175","Italy",0,0.658972447715911,0.652562822707297,"ok",4883749,4883749,0,12772,0,0,0,0,0,0,TRUE,0.4,"PUR","AMR"
"HG01178","Italy",0,0.658271625106395,0.650547622341194,"ok",4883749,4883749,0,12772,0,0,0,0,0,0,TRUE,0.4,"PUR","AMR"
"HG01184","Italy",0,0.64912615776553,0.634267326801464,"ok",4883749,4883749,0,12772,0,0,0,0,0,0,TRUE,0.4,"PUR","AMR"
"HG01189","Italy",0,0.645311382813622,0.616641909470018,"ok",4883749,4883749,0,12772,0,0,0,0,0,0,TRUE,0.4,"PUR","AMR"
"HG01192","Italy",0,0.653170153347502,0.633788276089573,"ok",4883749,4883749,0,12772,0,0,0,0,0,0,TRUE,0.4,"PUR","AMR"
"HG01199","Italy",0,0.655420555951301,0.645095338050265,"ok",4883749,4883749,0,12772,0,0,0,0,0,0,TRUE,0.4,"PUR","AMR"
"HG01206","Italy",0,0.649812687141636,0.639116426855314,"ok",4883749,4883749,0,12772,0,0,0,0,0,0,TRUE,0.4,"PUR","AMR"
"HG01243","Italy",0,0.646959881338251,0.547724097222,"ok",4883749,4883749,0,12772,0,0,0,0,0,0,TRUE,0.4,"PUR","AMR"
"HG01249","Italy",0,0.653695461577408,0.639714063328717,"ok",4883749,4883749,0,12772,0,0,0,0,0,0,TRUE,0.4,"PUR","AMR"
"HG00552","Japan",0.0036586,0.662166795608127,0.520716498262117,"ok",4883749,4883749,0,12772,0,0,0,0,0,0,TRUE,0.4,"PUR","AMR"
"HG00555","Japan",0,0.649046923995841,0.524938256171613,"ok",4883749,4883749,0,12772,0,0,0,0,0,0,TRUE,0.4,"PUR","AMR"
"HG00639","Japan",0,0.649755815580238,0.523559859556143,"ok",4883749,4883749,0,12772,0,0,0,0,0,0,TRUE,0.4,"PUR","AMR"
"HG00642","Japan",0.0123427,0.653883273496288,0.523860131445934,"ok",4883749,4883749,0,12772,0,0,0,0,0,0,TRUE,0.4,"PUR","AMR"
"HG00733","Japan",0.0062404,0.660884963149937,0.52415995470779,"ok",4883749,4883749,0,12772,0,0,0,0,0,0,TRUE,0.4,"PUR","AMR"
"HG00735","Japan",0,0.654506149116671,0.52759739305226,"ok",4883749,4883749,0,12772,0,0,0,0,0,0,TRUE,0.4,"PUR","AMR"
"HG00738","Japan",0,0.66073328171602,0.518891919179788,"ok",4883749,4883749,0,12772,0,0,0,0,0,0,TRUE,0.4,"PUR","AMR"
"HG00741","Japan",0,0.656400887337798,0.524440990013773,"ok",4883749,4883749,0,12772,0,0,0,0,0,0,TRUE,0.4,"PUR","AMR"
"HG01050","Japan",0,0.646185602281765,0.52048557918782,"ok",4883749,4883749,0,12772,0,0,0,0,0,0,TRUE,0.4,"PUR","AMR"
"HG01053","Japan",0,0.644667365834351,0.526501239589713,"ok",4883749,4883749,0,12772,0,0,0,0,0,0,TRUE,0.4,"PUR","AMR"
"HG01056","Japan",0.0005384,0.655033583128544,0.524447298374644,"ok",4883749,4883749,0,12772,0,0,0,0,0,0,TRUE,0.4,"PUR","AMR"
"HG01062","Japan",0,0.663698317986345,0.525948322768537,"ok",4883749,4883749,0,12772,0,0,0,0,0,0,TRUE,0.4,"PUR","AMR"
"HG01068","Japan",0,0.655290362409076,0.518164055465854,"ok",4883749,4883749,0,12772,0,0,0,0,0,0,TRUE,0.4,"PUR","AMR"
"HG01071","Japan",0,0.654580762358273,0.523423746538286,"ok",4883749,4883749,0,12772,0,0,0,0,0,0,TRUE,0.4,"PUR","AMR"
"HG01074","Japan",0,0.655656539361053,0.522840450207886,"ok",4883749,4883749,0,12772,0,0,0,0,0,0,TRUE,0.4,"PUR","AMR"
"HG01081","Japan",0,0.653555502363689,0.525844601960112,"ok",4883749,4883749,0,12772,0,0,0,0,0,0,TRUE,0.4,"PUR","AMR"
"HG01084","Japan",0,0.644035717919627,0.516945011373446,"ok",4883749,4883749,0,12772,0,0,0,0,0,0,TRUE,0.4,"PUR","AMR"
"HG01087","Japan",0.0013719,0.648941911468157,0.524997473388204,"ok",4883749,4883749,0,12772,0,0,0,0,0,0,TRUE,0.4,"PUR","AMR"
"HG01096","Japan",0,0.653392686463942,0.518063888307761,"ok",4883749,4883749,0,12772,0,0,0,0,0,0,TRUE,0.4,"PUR","AMR"
"HG01099","Japan",0,0.657231080880013,0.52782427632854,"ok",4883749,4883749,0,12772,0,0,0,0,0,0,TRUE,0.4,"PUR","AMR"
"HG01100","Japan",0,0.652974506442837,0.524824470359098,"ok",4883749,4883749,0,12772,0,0,0,0,0,0,TRUE,0.4,"PUR","AMR"
"HG01103","Japan",0,0.650177373195584,0.523558662181004,"ok",4883749,4883749,0,12772,0,0,0,0,0,0,TRUE,0.4,"PUR","AMR"
"HG01106","Japan",0,0.655599286238133,0.520396865178848,"ok",4883749,4883749,0,12772,0,0,0,0,0,0,TRUE,0.4,"PUR","AMR"
"HG01109","Japan",0,0.643847014800434,0.498768278061923,"ok",4883749,4883749,0,12772,0,0,0,0,0,0,TRUE,0.4,"PUR","AMR"
"HG01169","Japan",0.002019,0.656916256940257,0.518805635478425,"ok",4883749,4883749,0,12772,0,0,0,0,0,0,TRUE,0.4,"PUR","AMR"
"HG01172","Japan",0,0.644922901113936,0.516419298200532,"ok",4883749,4883749,0,12772,0,0,0,0,0,0,TRUE,0.4,"PUR","AMR"
"HG01175","Japan",0,0.658972447715911,0.520133944969252,"ok",4883749,4883749,0,12772,0,0,0,0,0,0,TRUE,0.4,"PUR","AMR"
"HG01178","Japan",0.0143513,0.658271625106395,0.526836210296414,"ok",4883749,4883749,0,12772,0,0,0,0,0,0,TRUE,0.4,"PUR","AMR"
"HG01184","Japan",0,0.64912615776553,0.527162733611238,"ok",4883749,4883749,0,12772,0,0,0,0,0,0,TRUE,0.4,"PUR","AMR"
"HG01189","Japan",0.0218186,0.645311382813622,0.539486290348002,"ok",4883749,4883749,0,12772,0,0,0,0,0,0,TRUE,0.4,"PUR","AMR"
"HG01192","Japan",0,0.653170153347502,0.534184837414982,"ok",4883749,4883749,0,12772,0,0,0,0,0,0,TRUE,0.4,"PUR","AMR"
"HG01199","Japan",0,0.655420555951301,0.520519631711965,"ok",4883749,4883749,0,12772,0,0,0,0,0,0,TRUE,0.4,"PUR","AMR"
"HG01206","Japan",0,0.649812687141636,0.521851711911197,"ok",4883749,4883749,0,12772,0,0,0,0,0,0,TRUE,0.4,"PUR","AMR"
"HG01243","Japan",0,0.646959881338251,0.474766565131833,"ok",4883749,4883749,0,12772,0,0,0,0,0,0,TRUE,0.4,"PUR","AMR"
"HG01249","Japan",0.0086892,0.653695461577408,0.533675966447806,"ok",4883749,4883749,0,12772,0,0,0,0,0,0,TRUE,0.4,"PUR","AMR"
"HG00552","Middle East",0,0.662166795608127,0.648581693335014,"ok",4883749,4883749,0,12772,0,0,0,0,0,0,TRUE,0.4,"PUR","AMR"
"HG00555","Middle East",0.0288691,0.649046923995841,0.632595390888503,"ok",4883749,4883749,0,12772,0,0,0,0,0,0,TRUE,0.4,"PUR","AMR"
"HG00639","Middle East",0,0.649755815580238,0.634279185463263,"ok",4883749,4883749,0,12772,0,0,0,0,0,0,TRUE,0.4,"PUR","AMR"
"HG00642","Middle East",0.0528351,0.653883273496288,0.641701680751014,"ok",4883749,4883749,0,12772,0,0,0,0,0,0,TRUE,0.4,"PUR","AMR"
"HG00733","Middle East",0,0.660884963149937,0.648757224433585,"ok",4883749,4883749,0,12772,0,0,0,0,0,0,TRUE,0.4,"PUR","AMR"
"HG00735","Middle East",0,0.654506149116671,0.637735699216233,"ok",4883749,4883749,0,12772,0,0,0,0,0,0,TRUE,0.4,"PUR","AMR"
"HG00738","Middle East",0,0.66073328171602,0.646315935505867,"ok",4883749,4883749,0,12772,0,0,0,0,0,0,TRUE,0.4,"PUR","AMR"
"HG00741","Middle East",0,0.656400887337798,0.640892796269905,"ok",4883749,4883749,0,12772,0,0,0,0,0,0,TRUE,0.4,"PUR","AMR"
"HG01050","Middle East",0.0023761,0.646185602281765,0.626714286955685,"ok",4883749,4883749,0,12772,0,0,0,0,0,0,TRUE,0.4,"PUR","AMR"
"HG01053","Middle East",0.0440205,0.644667365834351,0.623122400451497,"ok",4883749,4883749,0,12772,0,0,0,0,0,0,TRUE,0.4,"PUR","AMR"
"HG01056","Middle East",0,0.655033583128544,0.640939372432742,"ok",4883749,4883749,0,12772,0,0,0,0,0,0,TRUE,0.4,"PUR","AMR"
"HG01062","Middle East",0,0.663698317986345,0.64994252206112,"ok",4883749,4883749,0,12772,0,0,0,0,0,0,TRUE,0.4,"PUR","AMR"
"HG01068","Middle East",0,0.655290362409076,0.639726893276585,"ok",4883749,4883749,0,12772,0,0,0,0,0,0,TRUE,0.4,"PUR","AMR"
"HG01071","Middle East",0,0.654580762358273,0.639736297640845,"ok",4883749,4883749,0,12772,0,0,0,0,0,0,TRUE,0.4,"PUR","AMR"
"HG01074","Middle East",0,0.655656539361053,0.640932406871534,"ok",4883749,4883749,0,12772,0,0,0,0,0,0,TRUE,0.4,"PUR","AMR"
"HG01081","Middle East",0,0.653555502363689,0.63608067898629,"ok",4883749,4883749,0,12772,0,0,0,0,0,0,TRUE,0.4,"PUR","AMR"
"HG01084","Middle East",0,0.644035717919627,0.626330165106575,"ok",4883749,4883749,0,12772,0,0,0,0,0,0,TRUE,0.4,"PUR","AMR"
"HG01087","Middle East",0,0.648941911468157,0.632711895593305,"ok",4883749,4883749,0,12772,0,0,0,0,0,0,TRUE,0.4,"PUR","AMR"
"HG01096","Middle East",0,0.653392686463942,0.640023963613251,"ok",4883749,4883749,0,12772,0,0,0,0,0,0,TRUE,0.4,"PUR","AMR"
"HG01099","Middle East",0,0.657231080880013,0.640798237045244,"ok",4883749,4883749,0,12772,0,0,0,0,0,0,TRUE,0.4,"PUR","AMR"
"HG01100","Middle East",0.0081428,0.652974506442837,0.636726523924474,"ok",4883749,4883749,0,12772,0,0,0,0,0,0,TRUE,0.4,"PUR","AMR"
"HG01103","Middle East",0,0.650177373195584,0.632840825677557,"ok",4883749,4883749,0,12772,0,0,0,0,0,0,TRUE,0.4,"PUR","AMR"
"HG01106","Middle East",0,0.655599286238133,0.642084201328562,"ok",4883749,4883749,0,12772,0,0,0,0,0,0,TRUE,0.4,"PUR","AMR"
"HG01109","Middle East",0,0.643847014800434,0.593798638235455,"ok",4883749,4883749,0,12772,0,0,0,0,0,0,TRUE,0.4,"PUR","AMR"
"HG01169","Middle East",0,0.656916256940257,0.64655094545415,"ok",4883749,4883749,0,12772,0,0,0,0,0,0,TRUE,0.4,"PUR","AMR"
"HG01172","Middle East",0.0119003,0.644922901113936,0.627264269756106,"ok",4883749,4883749,0,12772,0,0,0,0,0,0,TRUE,0.4,"PUR","AMR"
"HG01175","Middle East",0,0.658972447715911,0.645569494969105,"ok",4883749,4883749,0,12772,0,0,0,0,0,0,TRUE,0.4,"PUR","AMR"
"HG01178","Middle East",0,0.658271625106395,0.644118792278718,"ok",4883749,4883749,0,12772,0,0,0,0,0,0,TRUE,0.4,"PUR","AMR"
"HG01184","Middle East",0,0.64912615776553,0.630574930185556,"ok",4883749,4883749,0,12772,0,0,0,0,0,0,TRUE,0.4,"PUR","AMR"
"HG01189","Middle East",0,0.645311382813622,0.616881061633434,"ok",4883749,4883749,0,12772,0,0,0,0,0,0,TRUE,0.4,"PUR","AMR"
"HG01192","Middle East",0,0.653170153347502,0.631849263283801,"ok",4883749,4883749,0,12772,0,0,0,0,0,0,TRUE,0.4,"PUR","AMR"
"HG01199","Middle East",0,0.655420555951301,0.640430648946967,"ok",4883749,4883749,0,12772,0,0,0,0,0,0,TRUE,0.4,"PUR","AMR"
"HG01206","Middle East",0,0.649812687141636,0.635333452281766,"ok",4883749,4883749,0,12772,0,0,0,0,0,0,TRUE,0.4,"PUR","AMR"
"HG01243","Middle East",0,0.646959881338251,0.55433095060235,"ok",4883749,4883749,0,12772,0,0,0,0,0,0,TRUE,0.4,"PUR","AMR"
"HG01249","Middle East",3.48e-05,0.653695461577408,0.636472891056742,"ok",4883749,4883749,0,12772,0,0,0,0,0,0,TRUE,0.4,"PUR","AMR"
"HG00552","Pakistan",0,0.662166795608127,0.631057884153618,"ok",4883749,4883749,0,12772,0,0,0,0,0,0,TRUE,0.4,"PUR","AMR"
"HG00555","Pakistan",0,0.649046923995841,0.621188000336602,"ok",4883749,4883749,0,12772,0,0,0,0,0,0,TRUE,0.4,"PUR","AMR"
"HG00639","Pakistan",0,0.649755815580238,0.620395111847822,"ok",4883749,4883749,0,12772,0,0,0,0,0,0,TRUE,0.4,"PUR","AMR"
"HG00642","Pakistan",0,0.653883273496288,0.627119702880182,"ok",4883749,4883749,0,12772,0,0,0,0,0,0,TRUE,0.4,"PUR","AMR"
"HG00733","Pakistan",0,0.660884963149937,0.630888508371122,"ok",4883749,4883749,0,12772,0,0,0,0,0,0,TRUE,0.4,"PUR","AMR"
"HG00735","Pakistan",0,0.654506149116671,0.623327760853513,"ok",4883749,4883749,0,12772,0,0,0,0,0,0,TRUE,0.4,"PUR","AMR"
"HG00738","Pakistan",0,0.66073328171602,0.627858591120351,"ok",4883749,4883749,0,12772,0,0,0,0,0,0,TRUE,0.4,"PUR","AMR"
"HG00741","Pakistan",0,0.656400887337798,0.624718039520156,"ok",4883749,4883749,0,12772,0,0,0,0,0,0,TRUE,0.4,"PUR","AMR"
"HG01050","Pakistan",0,0.646185602281765,0.615672067384896,"ok",4883749,4883749,0,12772,0,0,0,0,0,0,TRUE,0.4,"PUR","AMR"
"HG01053","Pakistan",0.0079534,0.644667365834351,0.614028264213422,"ok",4883749,4883749,0,12772,0,0,0,0,0,0,TRUE,0.4,"PUR","AMR"
"HG01056","Pakistan",0,0.655033583128544,0.626426326869932,"ok",4883749,4883749,0,12772,0,0,0,0,0,0,TRUE,0.4,"PUR","AMR"
"HG01062","Pakistan",0,0.663698317986345,0.631149959284589,"ok",4883749,4883749,0,12772,0,0,0,0,0,0,TRUE,0.4,"PUR","AMR"
"HG01068","Pakistan",0,0.655290362409076,0.623224533974716,"ok",4883749,4883749,0,12772,0,0,0,0,0,0,TRUE,0.4,"PUR","AMR"
"HG01071","Pakistan",0,0.654580762358273,0.625955281134367,"ok",4883749,4883749,0,12772,0,0,0,0,0,0,TRUE,0.4,"PUR","AMR"
"HG01074","Pakistan",0,0.655656539361053,0.625082675443697,"ok",4883749,4883749,0,12772,0,0,0,0,0,0,TRUE,0.4,"PUR","AMR"
"HG01081","Pakistan",0,0.653555502363689,0.621971225907283,"ok",4883749,4883749,0,12772,0,0,0,0,0,0,TRUE,0.4,"PUR","AMR"
"HG01084","Pakistan",0,0.644035717919627,0.612746942035664,"ok",4883749,4883749,0,12772,0,0,0,0,0,0,TRUE,0.4,"PUR","AMR"
"HG01087","Pakistan",0,0.648941911468157,0.619660905310003,"ok",4883749,4883749,0,12772,0,0,0,0,0,0,TRUE,0.4,"PUR","AMR"
"HG01096","Pakistan",0,0.653392686463942,0.623870240772259,"ok",4883749,4883749,0,12772,0,0,0,0,0,0,TRUE,0.4,"PUR","AMR"
"HG01099","Pakistan",0,0.657231080880013,0.625716844337106,"ok",4883749,4883749,0,12772,0,0,0,0,0,0,TRUE,0.4,"PUR","AMR"
"HG01100","Pakistan",0,0.652974506442837,0.62304523193937,"ok",4883749,4883749,0,12772,0,0,0,0,0,0,TRUE,0.4,"PUR","AMR"
"HG01103","Pakistan",0,0.650177373195584,0.618347726511982,"ok",4883749,4883749,0,12772,0,0,0,0,0,0,TRUE,0.4,"PUR","AMR"
"HG01106","Pakistan",0,0.655599286238133,0.62560821949679,"ok",4883749,4883749,0,12772,0,0,0,0,0,0,TRUE,0.4,"PUR","AMR"
"HG01109","Pakistan",0,0.643847014800434,0.585990474029834,"ok",4883749,4883749,0,12772,0,0,0,0,0,0,TRUE,0.4,"PUR","AMR"
"HG01169","Pakistan",0,0.656916256940257,0.627493155394619,"ok",4883749,4883749,0,12772,0,0,0,0,0,0,TRUE,0.4,"PUR","AMR"
"HG01172","Pakistan",0,0.644922901113936,0.615325937991351,"ok",4883749,4883749,0,12772,0,0,0,0,0,0,TRUE,0.4,"PUR","AMR"
"HG01175","Pakistan",0,0.658972447715911,0.626933259297141,"ok",4883749,4883749,0,12772,0,0,0,0,0,0,TRUE,0.4,"PUR","AMR"
"HG01178","Pakistan",0,0.658271625106395,0.628102339728946,"ok",4883749,4883749,0,12772,0,0,0,0,0,0,TRUE,0.4,"PUR","AMR"
"HG01184","Pakistan",0,0.64912615776553,0.618464067563657,"ok",4883749,4883749,0,12772,0,0,0,0,0,0,TRUE,0.4,"PUR","AMR"
"HG01189","Pakistan",0,0.645311382813622,0.611080265975748,"ok",4883749,4883749,0,12772,0,0,0,0,0,0,TRUE,0.4,"PUR","AMR"
"HG01192","Pakistan",0,0.653170153347502,0.623082317848352,"ok",4883749,4883749,0,12772,0,0,0,0,0,0,TRUE,0.4,"PUR","AMR"
"HG01199","Pakistan",0,0.655420555951301,0.623218992837228,"ok",4883749,4883749,0,12772,0,0,0,0,0,0,TRUE,0.4,"PUR","AMR"
"HG01206","Pakistan",0.0105809,0.649812687141636,0.621354676163139,"ok",4883749,4883749,0,12772,0,0,0,0,0,0,TRUE,0.4,"PUR","AMR"
"HG01243","Pakistan",0,0.646959881338251,0.549713576579377,"ok",4883749,4883749,0,12772,0,0,0,0,0,0,TRUE,0.4,"PUR","AMR"
"HG01249","Pakistan",0,0.653695461577408,0.624597115322654,"ok",4883749,4883749,0,12772,0,0,0,0,0,0,TRUE,0.4,"PUR","AMR"
"HG00552","Philippines",0,0.662166795608127,0.522930354900806,"ok",4883749,4883749,0,12772,0,0,0,0,0,0,TRUE,0.4,"PUR","AMR"
"HG00555","Philippines",0,0.649046923995841,0.526344045260741,"ok",4883749,4883749,0,12772,0,0,0,0,0,0,TRUE,0.4,"PUR","AMR"
"HG00639","Philippines",0,0.649755815580238,0.521843085657838,"ok",4883749,4883749,0,12772,0,0,0,0,0,0,TRUE,0.4,"PUR","AMR"
"HG00642","Philippines",0,0.653883273496288,0.52429552754543,"ok",4883749,4883749,0,12772,0,0,0,0,0,0,TRUE,0.4,"PUR","AMR"
"HG00733","Philippines",0,0.660884963149937,0.525323284275395,"ok",4883749,4883749,0,12772,0,0,0,0,0,0,TRUE,0.4,"PUR","AMR"
"HG00735","Philippines",0,0.654506149116671,0.527020199894442,"ok",4883749,4883749,0,12772,0,0,0,0,0,0,TRUE,0.4,"PUR","AMR"
"HG00738","Philippines",0,0.66073328171602,0.519255207818341,"ok",4883749,4883749,0,12772,0,0,0,0,0,0,TRUE,0.4,"PUR","AMR"
"HG00741","Philippines",0,0.656400887337798,0.524139073405793,"ok",4883749,4883749,0,12772,0,0,0,0,0,0,TRUE,0.4,"PUR","AMR"
"HG01050","Philippines",0,0.646185602281765,0.520662766348173,"ok",4883749,4883749,0,12772,0,0,0,0,0,0,TRUE,0.4,"PUR","AMR"
"HG01053","Philippines",0,0.644667365834351,0.525572481205772,"ok",4883749,4883749,0,12772,0,0,0,0,0,0,TRUE,0.4,"PUR","AMR"
"HG01056","Philippines",0,0.655033583128544,0.52666399306637,"ok",4883749,4883749,0,12772,0,0,0,0,0,0,TRUE,0.4,"PUR","AMR"
"HG01062","Philippines",0,0.663698317986345,0.526938832305317,"ok",4883749,4883749,0,12772,0,0,0,0,0,0,TRUE,0.4,"PUR","AMR"
"HG01068","Philippines",0,0.655290362409076,0.519935789446345,"ok",4883749,4883749,0,12772,0,0,0,0,0,0,TRUE,0.4,"PUR","AMR"
"HG01071","Philippines",0,0.654580762358273,0.523107429757693,"ok",4883749,4883749,0,12772,0,0,0,0,0,0,TRUE,0.4,"PUR","AMR"
"HG01074","Philippines",0,0.655656539361053,0.521896759939238,"ok",4883749,4883749,0,12772,0,0,0,0,0,0,TRUE,0.4,"PUR","AMR"
"HG01081","Philippines",0,0.653555502363689,0.526109659328493,"ok",4883749,4883749,0,12772,0,0,0,0,0,0,TRUE,0.4,"PUR","AMR"
"HG01084","Philippines",0.0025385,0.644035717919627,0.519088498017723,"ok",4883749,4883749,0,12772,0,0,0,0,0,0,TRUE,0.4,"PUR","AMR"
"HG01087","Philippines",0,0.648941911468157,0.524454371759951,"ok",4883749,4883749,0,12772,0,0,0,0,0,0,TRUE,0.4,"PUR","AMR"
"HG01096","Philippines",0,0.653392686463942,0.520390641068596,"ok",4883749,4883749,0,12772,0,0,0,0,0,0,TRUE,0.4,"PUR","AMR"
"HG01099","Philippines",0.0029372,0.657231080880013,0.530126331179434,"ok",4883749,4883749,0,12772,0,0,0,0,0,0,TRUE,0.4,"PUR","AMR"
"HG01100","Philippines",0,0.652974506442837,0.525172694818189,"ok",4883749,4883749,0,12772,0,0,0,0,0,0,TRUE,0.4,"PUR","AMR"
"HG01103","Philippines",0,0.650177373195584,0.522219335852795,"ok",4883749,4883749,0,12772,0,0,0,0,0,0,TRUE,0.4,"PUR","AMR"
"HG01106","Philippines",0,0.655599286238133,0.521044794439238,"ok",4883749,4883749,0,12772,0,0,0,0,0,0,TRUE,0.4,"PUR","AMR"
"HG01109","Philippines",0,0.643847014800434,0.501926999655238,"ok",4883749,4883749,0,12772,0,0,0,0,0,0,TRUE,0.4,"PUR","AMR"
"HG01169","Philippines",0,0.656916256940257,0.518608339514767,"ok",4883749,4883749,0,12772,0,0,0,0,0,0,TRUE,0.4,"PUR","AMR"
"HG01172","Philippines",0,0.644922901113936,0.519303438234325,"ok",4883749,4883749,0,12772,0,0,0,0,0,0,TRUE,0.4,"PUR","AMR"
"HG01175","Philippines",0,0.658972447715911,0.51981338637256,"ok",4883749,4883749,0,12772,0,0,0,0,0,0,TRUE,0.4,"PUR","AMR"
"HG01178","Philippines",0,0.658271625106395,0.524852363194448,"ok",4883749,4883749,0,12772,0,0,0,0,0,0,TRUE,0.4,"PUR","AMR"
"HG01184","Philippines",0,0.64912615776553,0.525546376883303,"ok",4883749,4883749,0,12772,0,0,0,0,0,0,TRUE,0.4,"PUR","AMR"
"HG01189","Philippines",5.32e-05,0.645311382813622,0.537871413016953,"ok",4883749,4883749,0,12772,0,0,0,0,0,0,TRUE,0.4,"PUR","AMR"
"HG01192","Philippines",0,0.653170153347502,0.533501926840124,"ok",4883749,4883749,0,12772,0,0,0,0,0,0,TRUE,0.4,"PUR","AMR"
"HG01199","Philippines",0,0.655420555951301,0.520098114886092,"ok",4883749,4883749,0,12772,0,0,0,0,0,0,TRUE,0.4,"PUR","AMR"
"HG01206","Philippines",0.0090676,0.649812687141636,0.523499090386164,"ok",4883749,4883749,0,12772,0,0,0,0,0,0,TRUE,0.4,"PUR","AMR"
"HG01243","Philippines",0,0.646959881338251,0.477716734454762,"ok",4883749,4883749,0,12772,0,0,0,0,0,0,TRUE,0.4,"PUR","AMR"
"HG01249","Philippines",0,0.653695461577408,0.53097534566677,"ok",4883749,4883749,0,12772,0,0,0,0,0,0,TRUE,0.4,"PUR","AMR"
"HG00552","Scandinavia",0,0.662166795608127,0.654543711555753,"ok",4883749,4883749,0,12772,0,0,0,0,0,0,TRUE,0.4,"PUR","AMR"
"HG00555","Scandinavia",0,0.649046923995841,0.631698273249307,"ok",4883749,4883749,0,12772,0,0,0,0,0,0,TRUE,0.4,"PUR","AMR"
"HG00639","Scandinavia",0,0.649755815580238,0.634051609076482,"ok",4883749,4883749,0,12772,0,0,0,0,0,0,TRUE,0.4,"PUR","AMR"
"HG00642","Scandinavia",0,0.653883273496288,0.643169811089501,"ok",4883749,4883749,0,12772,0,0,0,0,0,0,TRUE,0.4,"PUR","AMR"
"HG00733","Scandinavia",0,0.660884963149937,0.650564526841642,"ok",4883749,4883749,0,12772,0,0,0,0,0,0,TRUE,0.4,"PUR","AMR"
"HG00735","Scandinavia",0.0329766,0.654506149116671,0.640743077403031,"ok",4883749,4883749,0,12772,0,0,0,0,0,0,TRUE,0.4,"PUR","AMR"
"HG00738","Scandinavia",0,0.66073328171602,0.652143987909325,"ok",4883749,4883749,0,12772,0,0,0,0,0,0,TRUE,0.4,"PUR","AMR"
"HG00741","Scandinavia",0,0.656400887337798,0.645802668452961,"ok",4883749,4883749,0,12772,0,0,0,0,0,0,TRUE,0.4,"PUR","AMR"
"HG01050","Scandinavia",0,0.646185602281765,0.625574349106282,"ok",4883749,4883749,0,12772,0,0,0,0,0,0,TRUE,0.4,"PUR","AMR"
"HG01053","Scandinavia",0,0.644667365834351,0.620585919901347,"ok",4883749,4883749,0,12772,0,0,0,0,0,0,TRUE,0.4,"PUR","AMR"
"HG01056","Scandinavia",0,0.655033583128544,0.642376814719625,"ok",4883749,4883749,0,12772,0,0,0,0,0,0,TRUE,0.4,"PUR","AMR"
"HG01062","Scandinavia",0,0.663698317986345,0.652454567038118,"ok",4883749,4883749,0,12772,0,0,0,0,0,0,TRUE,0.4,"PUR","AMR"
"HG01068","Scandinavia",0,0.655290362409076,0.643930168075875,"ok",4883749,4883749,0,12772,0,0,0,0,0,0,TRUE,0.4,"PUR","AMR"
"HG01071","Scandinavia",0,0.654580762358273,0.640637711993972,"ok",4883749,4883749,0,12772,0,0,0,0,0,0,TRUE,0.4,"PUR","AMR"
"HG01074","Scandinavia",0.0076172,0.655656539361053,0.642118996472098,"ok",4883749,4883749,0,12772,0,0,0,0,0,0,TRUE,0.4,"PUR","AMR"
"HG01081","Scandinavia",0,0.653555502363689,0.636351391053923,"ok",4883749,4883749,0,12772,0,0,0,0,0,0,TRUE,0.4,"PUR","AMR"
"HG01084","Scandinavia",0,0.644035717919627,0.623476677368572,"ok",4883749,4883749,0,12772,0,0,0,0,0,0,TRUE,0.4,"PUR","AMR"
"HG01087","Scandinavia",0,0.648941911468157,0.631611710782012,"ok",4883749,4883749,0,12772,0,0,0,0,0,0,TRUE,0.4,"PUR","AMR"
"HG01096","Scandinavia",0,0.653392686463942,0.640599630621816,"ok",4883749,4883749,0,12772,0,0,0,0,0,0,TRUE,0.4,"PUR","AMR"
"HG01099","Scandinavia",0,0.657231080880013,0.643552502697813,"ok",4883749,4883749,0,12772,0,0,0,0,0,0,TRUE,0.4,"PUR","AMR"
"HG01100","Scandinavia",0,0.652974506442837,0.636028305109688,"ok",4883749,4883749,0,12772,0,0,0,0,0,0,TRUE,0.4,"PUR","AMR"
"HG01103","Scandinavia",0,0.650177373195584,0.632737010585546,"ok",4883749,4883749,0,12772,0,0,0,0,0,0,TRUE,0.4,"PUR","AMR"
"HG01106","Scandinavia",0,0.655599286238133,0.645262504036892,"ok",4883749,4883749,0,12772,0,0,0,0,0,0,TRUE,0.4,"PUR","AMR"
"HG01109","Scandinavia",0,0.643847014800434,0.586308872907413,"ok",4883749,4883749,0,12772,0,0,0,0,0,0,TRUE,0.4,"PUR","AMR"
"HG01169","Scandinavia",0,0.656916256940257,0.644625432948728,"ok",4883749,4883749,0,12772,0,0,0,0,0,0,TRUE,0.4,"PUR","AMR"
"HG01172","Scandinavia",0,0.644922901113936,0.627250960997711,"ok",4883749,4883749,0,12772,0,0,0,0,0,0,TRUE,0.4,"PUR","AMR"
"HG01175","Scandinavia",0,0.658972447715911,0.649735219550293,"ok",4883749,4883749,0,12772,0,0,0,0,0,0,TRUE,0.4,"PUR","AMR"
"HG01178","Scandinavia",0,0.658271625106395,0.64669409847804,"ok",4883749,4883749,0,12772,0,0,0,0,0,0,TRUE,0.4,"PUR","AMR"
"HG01184","Scandinavia",0,0.64912615776553,0.631164686057878,"ok",4883749,4883749,0,12772,0,0,0,0,0,0,TRUE,0.4,"PUR","AMR"
"HG01189","Scandinavia",0,0.645311382813622,0.614505076482417,"ok",4883749,4883749,0,12772,0,0,0,0,0,0,TRUE,0.4,"PUR","AMR"
"HG01192","Scandinavia",0,0.653170153347502,0.631678401768127,"ok",4883749,4883749,0,12772,0,0,0,0,0,0,TRUE,0.4,"PUR","AMR"
"HG01199","Scandinavia",0,0.655420555951301,0.641359925320218,"ok",4883749,4883749,0,12772,0,0,0,0,0,0,TRUE,0.4,"PUR","AMR"
"HG01206","Scandinavia",0,0.649812687141636,0.636561626119575,"ok",4883749,4883749,0,12772,0,0,0,0,0,0,TRUE,0.4,"PUR","AMR"
"HG01243","Scandinavia",0,0.646959881338251,0.540120879335938,"ok",4883749,4883749,0,12772,0,0,0,0,0,0,TRUE,0.4,"PUR","AMR"
"HG01249","Scandinavia",0,0.653695461577408,0.636722046674236,"ok",4883749,4883749,0,12772,0,0,0,0,0,0,TRUE,0.4,"PUR","AMR"
"HG00552","South America",0.1807658,0.662166795608127,0.622763225087842,"ok",4883749,4883749,0,12772,0,0,0,0,0,0,TRUE,0.4,"PUR","AMR"
"HG00555","South America",0.3320468,0.649046923995841,0.6250284265096,"ok",4883749,4883749,0,12772,0,0,0,0,0,0,TRUE,0.4,"PUR","AMR"
"HG00639","South America",0.278411,0.649755815580238,0.621901269666664,"ok",4883749,4883749,0,12772,0,0,0,0,0,0,TRUE,0.4,"PUR","AMR"
"HG00642","South America",0.2489875,0.653883273496288,0.621645775474622,"ok",4883749,4883749,0,12772,0,0,0,0,0,0,TRUE,0.4,"PUR","AMR"
"HG00733","South America",0.2204161,0.660884963149937,0.626194027153067,"ok",4883749,4883749,0,12772,0,0,0,0,0,0,TRUE,0.4,"PUR","AMR"
"HG00735","South America",0.2884112,0.654506149116671,0.627496335722623,"ok",4883749,4883749,0,12772,0,0,0,0,0,0,TRUE,0.4,"PUR","AMR"
"HG00738","South America",0.2209994,0.66073328171602,0.62462560913067,"ok",4883749,4883749,0,12772,0,0,0,0,0,0,TRUE,0.4,"PUR","AMR"
"HG00741","South America",0.2306962,0.656400887337798,0.62474096536921,"ok",4883749,4883749,0,12772,0,0,0,0,0,0,TRUE,0.4,"PUR","AMR"
"HG01050","South America",0.3278544,0.646185602281765,0.621478468243103,"ok",4883749,4883749,0,12772,0,0,0,0,0,0,TRUE,0.4,"PUR","AMR"
"HG01053","South America",0.3667799,0.644667365834351,0.623244986291298,"ok",4883749,4883749,0,12772,0,0,0,0,0,0,TRUE,0.4,"PUR","AMR"
"HG01056","South America",0.2635336,0.655033583128544,0.624617138240968,"ok",4883749,4883749,0,12772,0,0,0,0,0,0,TRUE,0.4,"PUR","AMR"
"HG01062","South America",0.2709595,0.663698317986345,0.630881087731031,"ok",4883749,4883749,0,12772,0,0,0,0,0,0,TRUE,0.4,"PUR","AMR"
"HG01068","South America",0.2578875,0.655290362409076,0.624444660576973,"ok",4883749,4883749,0,12772,0,0,0,0,0,0,TRUE,0.4,"PUR","AMR"
"HG01071","South America",0.3037079,0.654580762358273,0.627529368729973,"ok",4883749,4883749,0,12772,0,0,0,0,0,0,TRUE,0.4,"PUR","AMR"
"HG01074","South America",0.3094548,0.655656539361053,0.627742510151014,"ok",4883749,4883749,0,12772,0,0,0,0,0,0,TRUE,0.4,"PUR","AMR"
"HG01081","South America",0.3375439,0.653555502363689,0.629547737951286,"ok",4883749,4883749,0,12772,0,0,0,0,0,0,TRUE,0.4,"PUR","AMR"
"HG01084","South America",0.2916048,0.644035717919627,0.614463979594934,"ok",4883749,4883749,0,12772,0,0,0,0,0,0,TRUE,0.4,"PUR","AMR"
"HG01087","South America",0.288133,0.648941911468157,0.621694792770654,"ok",4883749,4883749,0,12772,0,0,0,0,0,0,TRUE,0.4,"PUR","AMR"
"HG01096","South America",0.1949199,0.653392686463942,0.616926234586783,"ok",4883749,4883749,0,12772,0,0,0,0,0,0,TRUE,0.4,"PUR","AMR"
"HG01099","South America",0.3112653,0.657231080880013,0.630435260480913,"ok",4883749,4883749,0,12772,0,0,0,0,0,0,TRUE,0.4,"PUR","AMR"
"HG01100","South America",0.2803903,0.652974506442837,0.625524798438088,"ok",4883749,4883749,0,12772,0,0,0,0,0,0,TRUE,0.4,"PUR","AMR"
"HG01103","South America",0.2725009,0.650177373195584,0.621454628768403,"ok",4883749,4883749,0,12772,0,0,0,0,0,0,TRUE,0.4,"PUR","AMR"
"HG01106","South America",0.2227773,0.655599286238133,0.621600230896412,"ok",4883749,4883749,0,12772,0,0,0,0,0,0,TRUE,0.4,"PUR","AMR"
"HG01109","South America",0.2031988,0.643847014800434,0.587266569081921,"ok",4883749,4883749,0,12772,0,0,0,0,0,0,TRUE,0.4,"PUR","AMR"
"HG01169","South America",0.1698394,0.656916256940257,0.6186946916457,"ok",4883749,4883749,0,12772,0,0,0,0,0,0,TRUE,0.4,"PUR","AMR"
"HG01172","South America",0.3058788,0.644922901113936,0.618107882247967,"ok",4883749,4883749,0,12772,0,0,0,0,0,0,TRUE,0.4,"PUR","AMR"
"HG01175","South America",0.1777064,0.658972447715911,0.620625246680185,"ok",4883749,4883749,0,12772,0,0,0,0,0,0,TRUE,0.4,"PUR","AMR"
"HG01178","South America",0.2345923,0.658271625106395,0.626396749640618,"ok",4883749,4883749,0,12772,0,0,0,0,0,0,TRUE,0.4,"PUR","AMR"
"HG01184","South America",0.3285887,0.64912615776553,0.624630273295723,"ok",4883749,4883749,0,12772,0,0,0,0,0,0,TRUE,0.4,"PUR","AMR"
"HG01189","South America",0.4457824,0.645311382813622,0.628428891061213,"ok",4883749,4883749,0,12772,0,0,0,0,0,0,TRUE,0.4,"PUR","AMR"
"HG01192","South America",0.4289716,0.653170153347502,0.636761181091162,"ok",4883749,4883749,0,12772,0,0,0,0,0,0,TRUE,0.4,"PUR","AMR"
"HG01199","South America",0.2643664,0.655420555951301,0.623908055617327,"ok",4883749,4883749,0,12772,0,0,0,0,0,0,TRUE,0.4,"PUR","AMR"
"HG01206","South America",0.2425794,0.649812687141636,0.61918486860211,"ok",4883749,4883749,0,12772,0,0,0,0,0,0,TRUE,0.4,"PUR","AMR"
"HG01243","South America",0.1338707,0.646959881338251,0.549536262078147,"ok",4883749,4883749,0,12772,0,0,0,0,0,0,TRUE,0.4,"PUR","AMR"
"HG01249","South America",0.3235755,0.653695461577408,0.629519643520091,"ok",4883749,4883749,0,12772,0,0,0,0,0,0,TRUE,0.4,"PUR","AMR"
"HG00552","Sri Lanka",0.0086378,0.662166795608127,0.605378009476398,"ok",4883749,4883749,0,12772,0,0,0,0,0,0,TRUE,0.4,"PUR","AMR"
"HG00555","Sri Lanka",0.0046695,0.649046923995841,0.599566630135568,"ok",4883749,4883749,0,12772,0,0,0,0,0,0,TRUE,0.4,"PUR","AMR"
"HG00639","Sri Lanka",0,0.649755815580238,0.598402738610579,"ok",4883749,4883749,0,12772,0,0,0,0,0,0,TRUE,0.4,"PUR","AMR"
"HG00642","Sri Lanka",0.0069411,0.653883273496288,0.602803639022872,"ok",4883749,4883749,0,12772,0,0,0,0,0,0,TRUE,0.4,"PUR","AMR"
"HG00733","Sri Lanka",0,0.660884963149937,0.605617320344367,"ok",4883749,4883749,0,12772,0,0,0,0,0,0,TRUE,0.4,"PUR","AMR"
"HG00735","Sri Lanka",0,0.654506149116671,0.599833937593091,"ok",4883749,4883749,0,12772,0,0,0,0,0,0,TRUE,0.4,"PUR","AMR"
"HG00738","Sri Lanka",0,0.66073328171602,0.602625456658966,"ok",4883749,4883749,0,12772,0,0,0,0,0,0,TRUE,0.4,"PUR","AMR"
"HG00741","Sri Lanka",0,0.656400887337798,0.598195592210649,"ok",4883749,4883749,0,12772,0,0,0,0,0,0,TRUE,0.4,"PUR","AMR"
"HG01050","Sri Lanka",0,0.646185602281765,0.594842613963492,"ok",4883749,4883749,0,12772,0,0,0,0,0,0,TRUE,0.4,"PUR","AMR"
"HG01053","Sri Lanka",0,0.644667365834351,0.594811370278492,"ok",4883749,4883749,0,12772,0,0,0,0,0,0,TRUE,0.4,"PUR","AMR"
"HG01056","Sri Lanka",0.0005787,0.655033583128544,0.602809895226733,"ok",4883749,4883749,0,12772,0,0,0,0,0,0,TRUE,0.4,"PUR","AMR"
"HG01062","Sri Lanka",0,0.663698317986345,0.60529116756434,"ok",4883749,4883749,0,12772,0,0,0,0,0,0,TRUE,0.4,"PUR","AMR"
"HG01068","Sri Lanka",0,0.655290362409076,0.596171834043321,"ok",4883749,4883749,0,12772,0,0,0,0,0,0,TRUE,0.4,"PUR","AMR"
"HG01071","Sri Lanka",0.0004452,0.654580762358273,0.602759480735412,"ok",4883749,4883749,0,12772,0,0,0,0,0,0,TRUE,0.4,"PUR","AMR"
"HG01074","Sri Lanka",0,0.655656539361053,0.599473537182268,"ok",4883749,4883749,0,12772,0,0,0,0,0,0,TRUE,0.4,"PUR","AMR"
"HG01081","Sri Lanka",0,0.653555502363689,0.599091578439764,"ok",4883749,4883749,0,12772,0,0,0,0,0,0,TRUE,0.4,"PUR","AMR"
"HG01084","Sri Lanka",0,0.644035717919627,0.59019594205942,"ok",4883749,4883749,0,12772,0,0,0,0,0,0,TRUE,0.4,"PUR","AMR"
"HG01087","Sri Lanka",0.0088035,0.648941911468157,0.59722899636239,"ok",4883749,4883749,0,12772,0,0,0,0,0,0,TRUE,0.4,"PUR","AMR"
"HG01096","Sri Lanka",0.010604,0.653392686463942,0.599339422094417,"ok",4883749,4883749,0,12772,0,0,0,0,0,0,TRUE,0.4,"PUR","AMR"
"HG01099","Sri Lanka",0,0.657231080880013,0.60188268844233,"ok",4883749,4883749,0,12772,0,0,0,0,0,0,TRUE,0.4,"PUR","AMR"
"HG01100","Sri Lanka",0,0.652974506442837,0.601471332408781,"ok",4883749,4883749,0,12772,0,0,0,0,0,0,TRUE,0.4,"PUR","AMR"
"HG01103","Sri Lanka",0,0.650177373195584,0.595607829146263,"ok",4883749,4883749,0,12772,0,0,0,0,0,0,TRUE,0.4,"PUR","AMR"
"HG01106","Sri Lanka",0,0.655599286238133,0.59924478545204,"ok",4883749,4883749,0,12772,0,0,0,0,0,0,TRUE,0.4,"PUR","AMR"
"HG01109","Sri Lanka",0,0.643847014800434,0.570348520491254,"ok",4883749,4883749,0,12772,0,0,0,0,0,0,TRUE,0.4,"PUR","AMR"
"HG01169","Sri Lanka",0,0.656916256940257,0.601822478441483,"ok",4883749,4883749,0,12772,0,0,0,0,0,0,TRUE,0.4,"PUR","AMR"
"HG01172","Sri Lanka",0,0.644922901113936,0.593917024597378,"ok",4883749,4883749,0,12772,0,0,0,0,0,0,TRUE,0.4,"PUR","AMR"
"HG01175","Sri Lanka",0,0.658972447715911,0.600256946891177,"ok",4883749,4883749,0,12772,0,0,0,0,0,0,TRUE,0.4,"PUR","AMR"
"HG01178","Sri Lanka",0,0.658271625106395,0.60340930801342,"ok",4883749,4883749,0,12772,0,0,0,0,0,0,TRUE,0.4,"PUR","AMR"
"HG01184","Sri Lanka",0,0.64912615776553,0.596773964649619,"ok",4883749,4883749,0,12772,0,0,0,0,0,0,TRUE,0.4,"PUR","AMR"
"HG01189","Sri Lanka",0,0.645311382813622,0.593265895381476,"ok",4883749,4883749,0,12772,0,0,0,0,0,0,TRUE,0.4,"PUR","AMR"
"HG01192","Sri Lanka",0.006361,0.653170153347502,0.60150663271813,"ok",4883749,4883749,0,12772,0,0,0,0,0,0,TRUE,0.4,"PUR","AMR"
"HG01199","Sri Lanka",0,0.655420555951301,0.598060208900358,"ok",4883749,4883749,0,12772,0,0,0,0,0,0,TRUE,0.4,"PUR","AMR"
"HG01206","Sri Lanka",0,0.649812687141636,0.597928490684733,"ok",4883749,4883749,0,12772,0,0,0,0,0,0,TRUE,0.4,"PUR","AMR"
"HG01243","Sri Lanka",0,0.646959881338251,0.538651442585832,"ok",4883749,4883749,0,12772,0,0,0,0,0,0,TRUE,0.4,"PUR","AMR"
"HG01249","Sri Lanka",0,0.653695461577408,0.602179392549213,"ok",4883749,4883749,0,12772,0,0,0,0,0,0,TRUE,0.4,"PUR","AMR"
"HG00552","United Kingdom",0,0.662166795608127,0.656515372309797,"ok",4883749,4883749,0,12772,0,0,0,0,0,0,TRUE,0.4,"PUR","AMR"
"HG00555","United Kingdom",0,0.649046923995841,0.633654669776632,"ok",4883749,4883749,0,12772,0,0,0,0,0,0,TRUE,0.4,"PUR","AMR"
"HG00639","United Kingdom",0,0.649755815580238,0.635982178116514,"ok",4883749,4883749,0,12772,0,0,0,0,0,0,TRUE,0.4,"PUR","AMR"
"HG00642","United Kingdom",0,0.653883273496288,0.645072261472987,"ok",4883749,4883749,0,12772,0,0,0,0,0,0,TRUE,0.4,"PUR","AMR"
"HG00733","United Kingdom",0,0.660884963149937,0.653022383873316,"ok",4883749,4883749,0,12772,0,0,0,0,0,0,TRUE,0.4,"PUR","AMR"
"HG00735","United Kingdom",0,0.654506149116671,0.643128652698616,"ok",4883749,4883749,0,12772,0,0,0,0,0,0,TRUE,0.4,"PUR","AMR"
"HG00738","United Kingdom",0,0.66073328171602,0.654133682555958,"ok",4883749,4883749,0,12772,0,0,0,0,0,0,TRUE,0.4,"PUR","AMR"
"HG00741","United Kingdom",0,0.656400887337798,0.647674966475161,"ok",4883749,4883749,0,12772,0,0,0,0,0,0,TRUE,0.4,"PUR","AMR"
"HG01050","United Kingdom",0,0.646185602281765,0.628140315315576,"ok",4883749,4883749,0,12772,0,0,0,0,0,0,TRUE,0.4,"PUR","AMR"
"HG01053","United Kingdom",0,0.644667365834351,0.622446857615359,"ok",4883749,4883749,0,12772,0,0,0,0,0,0,TRUE,0.4,"PUR","AMR"
"HG01056","United Kingdom",0,0.655033583128544,0.644556392074894,"ok",4883749,4883749,0,12772,0,0,0,0,0,0,TRUE,0.4,"PUR","AMR"
"HG01062","United Kingdom",0,0.663698317986345,0.6548203234267,"ok",4883749,4883749,0,12772,0,0,0,0,0,0,TRUE,0.4,"PUR","AMR"
"HG01068","United Kingdom",0,0.655290362409076,0.646355399149798,"ok",4883749,4883749,0,12772,0,0,0,0,0,0,TRUE,0.4,"PUR","AMR"
"HG01071","United Kingdom",0,0.654580762358273,0.643322457172664,"ok",4883749,4883749,0,12772,0,0,0,0,0,0,TRUE,0.4,"PUR","AMR"
"HG01074","United Kingdom",0,0.655656539361053,0.644230329581606,"ok",4883749,4883749,0,12772,0,0,0,0,0,0,TRUE,0.4,"PUR","AMR"
"HG01081","United Kingdom",0,0.653555502363689,0.638071584417496,"ok",4883749,4883749,0,12772,0,0,0,0,0,0,TRUE,0.4,"PUR","AMR"
"HG01084","United Kingdom",0,0.644035717919627,0.626234376002168,"ok",4883749,4883749,0,12772,0,0,0,0,0,0,TRUE,0.4,"PUR","AMR"
"HG01087","United Kingdom",0,0.648941911468157,0.633711498742018,"ok",4883749,4883749,0,12772,0,0,0,0,0,0,TRUE,0.4,"PUR","AMR"
"HG01096","United Kingdom",0,0.653392686463942,0.642757870575918,"ok",4883749,4883749,0,12772,0,0,0,0,0,0,TRUE,0.4,"PUR","AMR"
"HG01099","United Kingdom",0,0.657231080880013,0.645787794890086,"ok",4883749,4883749,0,12772,0,0,0,0,0,0,TRUE,0.4,"PUR","AMR"
"HG01100","United Kingdom",0,0.652974506442837,0.638215510209952,"ok",4883749,4883749,0,12772,0,0,0,0,0,0,TRUE,0.4,"PUR","AMR"
"HG01103","United Kingdom",0,0.650177373195584,0.634859707437356,"ok",4883749,4883749,0,12772,0,0,0,0,0,0,TRUE,0.4,"PUR","AMR"
"HG01106","United Kingdom",0.0178678,0.655599286238133,0.647351157316457,"ok",4883749,4883749,0,12772,0,0,0,0,0,0,TRUE,0.4,"PUR","AMR"
"HG01109","United Kingdom",0,0.643847014800434,0.588415066271362,"ok",4883749,4883749,0,12772,0,0,0,0,0,0,TRUE,0.4,"PUR","AMR"
"HG01169","United Kingdom",0,0.656916256940257,0.647283106171897,"ok",4883749,4883749,0,12772,0,0,0,0,0,0,TRUE,0.4,"PUR","AMR"
"HG01172","United Kingdom",0,0.644922901113936,0.628884676149691,"ok",4883749,4883749,0,12772,0,0,0,0,0,0,TRUE,0.4,"PUR","AMR"
"HG01175","United Kingdom",0,0.658972447715911,0.652163079791876,"ok",4883749,4883749,0,12772,0,0,0,0,0,0,TRUE,0.4,"PUR","AMR"
"HG01178","United Kingdom",0,0.658271625106395,0.649174191275434,"ok",4883749,4883749,0,12772,0,0,0,0,0,0,TRUE,0.4,"PUR","AMR"
"HG01184","United Kingdom",0,0.64912615776553,0.633305132332141,"ok",4883749,4883749,0,12772,0,0,0,0,0,0,TRUE,0.4,"PUR","AMR"
"HG01189","United Kingdom",0,0.645311382813622,0.615618275220168,"ok",4883749,4883749,0,12772,0,0,0,0,0,0,TRUE,0.4,"PUR","AMR"
"HG01192","United Kingdom",0,0.653170153347502,0.633407056964014,"ok",4883749,4883749,0,12772,0,0,0,0,0,0,TRUE,0.4,"PUR","AMR"
"HG01199","United Kingdom",0,0.655420555951301,0.643596498931473,"ok",4883749,4883749,0,12772,0,0,0,0,0,0,TRUE,0.4,"PUR","AMR"
"HG01206","United Kingdom",0,0.649812687141636,0.638628621756045,"ok",4883749,4883749,0,12772,0,0,0,0,0,0,TRUE,0.4,"PUR","AMR"
"HG01243","United Kingdom",0,0.646959881338251,0.542192493012086,"ok",4883749,4883749,0,12772,0,0,0,0,0,0,TRUE,0.4,"PUR","AMR"
"HG01249","United Kingdom",0,0.653695461577408,0.639010633636494,"ok",4883749,4883749,0,12772,0,0,0,0,0,0,TRUE,0.4,"PUR","AMR"
"NA18484","Africa (East)",0,0.709825881741235,0.620192739277865,"ok",4883749,4883749,0,12772,0,0,0,0,0,0,TRUE,0.4,"YRI","AFR"
"NA18485","Africa (East)",0,0.712200293959852,0.619163670350176,"ok",4883749,4883749,0,12772,0,0,0,0,0,0,TRUE,0.4,"YRI","AFR"
"NA18497","Africa (East)",0,0.708441275649506,0.61538437404587,"ok",4883749,4883749,0,12772,0,0,0,0,0,0,TRUE,0.4,"YRI","AFR"
"NA18500","Africa (East)",0,0.711244546026182,0.618716450023054,"ok",4883749,4883749,0,12772,0,0,0,0,0,0,TRUE,0.4,"YRI","AFR"
"NA18503","Africa (East)",0,0.711124531891229,0.613429208302082,"ok",4883749,4883749,0,12772,0,0,0,0,0,0,TRUE,0.4,"YRI","AFR"
"NA18506","Africa (East)",0,0.711415427573818,0.61764544284481,"ok",4883749,4883749,0,12772,0,0,0,0,0,0,TRUE,0.4,"YRI","AFR"
"NA18515","Africa (East)",0,0.712719420611189,0.619444654211292,"ok",4883749,4883749,0,12772,0,0,0,0,0,0,TRUE,0.4,"YRI","AFR"
"NA18518","Africa (East)",0,0.714639236527377,0.622925514458943,"ok",4883749,4883749,0,12772,0,0,0,0,0,0,TRUE,0.4,"YRI","AFR"
"NA18521","Africa (East)",0,0.708573379902358,0.618873047670139,"ok",4883749,4883749,0,12772,0,0,0,0,0,0,TRUE,0.4,"YRI","AFR"
"NA18854","Africa (East)",0,0.712843215784703,0.620737372289593,"ok",4883749,4883749,0,12772,0,0,0,0,0,0,TRUE,0.4,"YRI","AFR"
"NA18857","Africa (East)",0,0.709195872988094,0.618375842843147,"ok",4883749,4883749,0,12772,0,0,0,0,0,0,TRUE,0.4,"YRI","AFR"
"NA18860","Africa (East)",0,0.709191813087805,0.616053149360547,"ok",4883749,4883749,0,12772,0,0,0,0,0,0,TRUE,0.4,"YRI","AFR"
"NA18863","Africa (East)",0,0.708243111719007,0.61870606953193,"ok",4883749,4883749,0,12772,0,0,0,0,0,0,TRUE,0.4,"YRI","AFR"
"NA18869","Africa (East)",0,0.710244662593691,0.616088610581609,"ok",4883749,4883749,0,12772,0,0,0,0,0,0,TRUE,0.4,"YRI","AFR"
"NA18872","Africa (East)",0,0.7096934956979,0.616969145318956,"ok",4883749,4883749,0,12772,0,0,0,0,0,0,TRUE,0.4,"YRI","AFR"
"NA18875","Africa (East)",0,0.710447603721394,0.618751947780618,"ok",4883749,4883749,0,12772,0,0,0,0,0,0,TRUE,0.4,"YRI","AFR"
"NA18906","Africa (East)",0,0.711656079684615,0.621700721708352,"ok",4883749,4883749,0,12772,0,0,0,0,0,0,TRUE,0.4,"YRI","AFR"
"NA18911","Africa (East)",0,0.71104579202622,0.620639976917238,"ok",4883749,4883749,0,12772,0,0,0,0,0,0,TRUE,0.4,"YRI","AFR"
"NA18914","Africa (East)",0,0.712094907011823,0.619770170530307,"ok",4883749,4883749,0,12772,0,0,0,0,0,0,TRUE,0.4,"YRI","AFR"
"NA18925","Africa (East)",0,0.710029600981635,0.620173556881994,"ok",4883749,4883749,0,12772,0,0,0,0,0,0,TRUE,0.4,"YRI","AFR"
"NA18930","Africa (East)",0,0.711232715408393,0.618574420620452,"ok",4883749,4883749,0,12772,0,0,0,0,0,0,TRUE,0.4,"YRI","AFR"
"NA18935","Africa (East)",0,0.710083233070864,0.617244644758086,"ok",4883749,4883749,0,12772,0,0,0,0,0,0,TRUE,0.4,"YRI","AFR"
"NA19094","Africa (East)",0,0.711119631445511,0.619690106496219,"ok",4883749,4883749,0,12772,0,0,0,0,0,0,TRUE,0.4,"YRI","AFR"
"NA19097","Africa (East)",0,0.711898306774238,0.620042148360772,"ok",4883749,4883749,0,12772,0,0,0,0,0,0,TRUE,0.4,"YRI","AFR"
"NA19100","Africa (East)",0,0.71188143260038,0.617547221619383,"ok",4883749,4883749,0,12772,0,0,0,0,0,0,TRUE,0.4,"YRI","AFR"
"NA19103","Africa (East)",0,0.712478753808126,0.621196556215351,"ok",4883749,4883749,0,12772,0,0,0,0,0,0,TRUE,0.4,"YRI","AFR"
"NA19109","Africa (East)",0,0.71028318624414,0.620263631868192,"ok",4883749,4883749,0,12772,0,0,0,0,0,0,TRUE,0.4,"YRI","AFR"
"NA19115","Africa (East)",0,0.711625664910041,0.618492463153421,"ok",4883749,4883749,0,12772,0,0,0,0,0,0,TRUE,0.4,"YRI","AFR"
"NA19120","Africa (East)",0,0.711629299843959,0.620096007200361,"ok",4883749,4883749,0,12772,0,0,0,0,0,0,TRUE,0.4,"YRI","AFR"
"NA19123","Africa (East)",0,0.710233488281364,0.616340564318985,"ok",4883749,4883749,0,12772,0,0,0,0,0,0,TRUE,0.4,"YRI","AFR"
"NA19129","Africa (East)",0,0.708418663352175,0.619928968010742,"ok",4883749,4883749,0,12772,0,0,0,0,0,0,TRUE,0.4,"YRI","AFR"
"NA19132","Africa (East)",0,0.712382422749432,0.62005741678352,"ok",4883749,4883749,0,12772,0,0,0,0,0,0,TRUE,0.4,"YRI","AFR"
"NA19139","Africa (East)",0,0.709648020384274,0.618726614988222,"ok",4883749,4883749,0,12772,0,0,0,0,0,0,TRUE,0.4,"YRI","AFR"
"NA19142","Africa (East)",0,0.70925829644373,0.616266724705668,"ok",4883749,4883749,0,12772,0,0,0,0,0,0,TRUE,0.4,"YRI","AFR"
"NA19145","Africa (East)",0,0.708766963318158,0.616037132513664,"ok",4883749,4883749,0,12772,0,0,0,0,0,0,TRUE,0.4,"YRI","AFR"
"NA19148","Africa (East)",0,0.712116911347803,0.619507563450294,"ok",4883749,4883749,0,12772,0,0,0,0,0,0,TRUE,0.4,"YRI","AFR"
"NA19151","Africa (East)",0,0.711935315539228,0.620938190075589,"ok",4883749,4883749,0,12772,0,0,0,0,0,0,TRUE,0.4,"YRI","AFR"
"NA19154","Africa (East)",0,0.710817881734104,0.618437618802793,"ok",4883749,4883749,0,12772,0,0,0,0,0,0,TRUE,0.4,"YRI","AFR"
"NA19161","Africa (East)",0,0.707597440879435,0.615750732167114,"ok",4883749,4883749,0,12772,0,0,0,0,0,0,TRUE,0.4,"YRI","AFR"
"NA19173","Africa (East)",0,0.709418357190812,0.617478936841382,"ok",4883749,4883749,0,12772,0,0,0,0,0,0,TRUE,0.4,"YRI","AFR"
"NA19174","Africa (East)",0,0.707470560888732,0.618703704476497,"ok",4883749,4883749,0,12772,0,0,0,0,0,0,TRUE,0.4,"YRI","AFR"
"NA19177","Africa (East)",0,0.710694961794487,0.617621793296646,"ok",4883749,4883749,0,12772,0,0,0,0,0,0,TRUE,0.4,"YRI","AFR"
"NA19186","Africa (East)",0,0.710622021072665,0.617720516261626,"ok",4883749,4883749,0,12772,0,0,0,0,0,0,TRUE,0.4,"YRI","AFR"
"NA19191","Africa (East)",0,0.709621443930283,0.619086203199089,"ok",4883749,4883749,0,12772,0,0,0,0,0,0,TRUE,0.4,"YRI","AFR"
"NA19199","Africa (East)",0,0.710795274606652,0.621236404441684,"ok",4883749,4883749,0,12772,0,0,0,0,0,0,TRUE,0.4,"YRI","AFR"
"NA19202","Africa (East)",0,0.710420888395138,0.617434929366968,"ok",4883749,4883749,0,12772,0,0,0,0,0,0,TRUE,0.4,"YRI","AFR"
"NA19205","Africa (East)",0,0.713163478078787,0.621704967766812,"ok",4883749,4883749,0,12772,0,0,0,0,0,0,TRUE,0.4,"YRI","AFR"
"NA19208","Africa (East)",0,0.711585205992313,0.617875361461075,"ok",4883749,4883749,0,12772,0,0,0,0,0,0,TRUE,0.4,"YRI","AFR"
"NA19211","Africa (East)",0,0.710624825561571,0.616356557282373,"ok",4883749,4883749,0,12772,0,0,0,0,0,0,TRUE,0.4,"YRI","AFR"
"NA19215","Africa (East)",0,0.712612783587632,0.619122024488836,"ok",4883749,4883749,0,12772,0,0,0,0,0,0,TRUE,0.4,"YRI","AFR"
"NA19221","Africa (East)",0,0.711442228839952,0.620153842913655,"ok",4883749,4883749,0,12772,0,0,0,0,0,0,TRUE,0.4,"YRI","AFR"
"NA19224","Africa (East)",0,0.7096704224173,0.615936209897047,"ok",4883749,4883749,0,12772,0,0,0,0,0,0,TRUE,0.4,"YRI","AFR"
"NA19237","Africa (East)",0,0.709961376461955,0.6168775198461,"ok",4883749,4883749,0,12772,0,0,0,0,0,0,TRUE,0.4,"YRI","AFR"
"NA19240","Africa (East)",0,0.710184309752737,0.618548762338008,"ok",4883749,4883749,0,12772,0,0,0,0,0,0,TRUE,0.4,"YRI","AFR"
"NA19249","Africa (East)",0,0.711250631029851,0.61979016699995,"ok",4883749,4883749,0,12772,0,0,0,0,0,0,TRUE,0.4,"YRI","AFR"
"NA19258","Africa (East)",0,0.711190909176151,0.620447277542416,"ok",4883749,4883749,0,12772,0,0,0,0,0,0,TRUE,0.4,"YRI","AFR"
"NA18484","Africa (North)",0,0.709825881741235,0.539675046676935,"ok",4883749,4883749,0,12772,0,0,0,0,0,0,TRUE,0.4,"YRI","AFR"
"NA18485","Africa (North)",0,0.712200293959852,0.53778375646224,"ok",4883749,4883749,0,12772,0,0,0,0,0,0,TRUE,0.4,"YRI","AFR"
"NA18497","Africa (North)",0,0.708441275649506,0.533536761383552,"ok",4883749,4883749,0,12772,0,0,0,0,0,0,TRUE,0.4,"YRI","AFR"
"NA18500","Africa (North)",0,0.711244546026182,0.536317466638405,"ok",4883749,4883749,0,12772,0,0,0,0,0,0,TRUE,0.4,"YRI","AFR"
"NA18503","Africa (North)",0,0.711124531891229,0.531350997119858,"ok",4883749,4883749,0,12772,0,0,0,0,0,0,TRUE,0.4,"YRI","AFR"
"NA18506","Africa (North)",0,0.711415427573818,0.53637596406653,"ok",4883749,4883749,0,12772,0,0,0,0,0,0,TRUE,0.4,"YRI","AFR"
"NA18515","Africa (North)",0,0.712719420611189,0.538209451371573,"ok",4883749,4883749,0,12772,0,0,0,0,0,0,TRUE,0.4,"YRI","AFR"
"NA18518","Africa (North)",0,0.714639236527377,0.541392840986776,"ok",4883749,4883749,0,12772,0,0,0,0,0,0,TRUE,0.4,"YRI","AFR"
"NA18521","Africa (North)",0,0.708573379902358,0.537600177600397,"ok",4883749,4883749,0,12772,0,0,0,0,0,0,TRUE,0.4,"YRI","AFR"
"NA18854","Africa (North)",0,0.712843215784703,0.538240840544137,"ok",4883749,4883749,0,12772,0,0,0,0,0,0,TRUE,0.4,"YRI","AFR"
"NA18857","Africa (North)",0,0.709195872988094,0.536656341878785,"ok",4883749,4883749,0,12772,0,0,0,0,0,0,TRUE,0.4,"YRI","AFR"
"NA18860","Africa (North)",0,0.709191813087805,0.535491768931799,"ok",4883749,4883749,0,12772,0,0,0,0,0,0,TRUE,0.4,"YRI","AFR"
"NA18863","Africa (North)",0,0.708243111719007,0.537643046867236,"ok",4883749,4883749,0,12772,0,0,0,0,0,0,TRUE,0.4,"YRI","AFR"
"NA18869","Africa (North)",0,0.710244662593691,0.534678514348245,"ok",4883749,4883749,0,12772,0,0,0,0,0,0,TRUE,0.4,"YRI","AFR"
"NA18872","Africa (North)",0,0.7096934956979,0.536099173241648,"ok",4883749,4883749,0,12772,0,0,0,0,0,0,TRUE,0.4,"YRI","AFR"
"NA18875","Africa (North)",0,0.710447603721394,0.535082999380653,"ok",4883749,4883749,0,12772,0,0,0,0,0,0,TRUE,0.4,"YRI","AFR"
"NA18906","Africa (North)",0,0.711656079684615,0.53999779868958,"ok",4883749,4883749,0,12772,0,0,0,0,0,0,TRUE,0.4,"YRI","AFR"
"NA18911","Africa (North)",0,0.71104579202622,0.540585031867585,"ok",4883749,4883749,0,12772,0,0,0,0,0,0,TRUE,0.4,"YRI","AFR"
"NA18914","Africa (North)",0,0.712094907011823,0.538392712686803,"ok",4883749,4883749,0,12772,0,0,0,0,0,0,TRUE,0.4,"YRI","AFR"
"NA18925","Africa (North)",0,0.710029600981635,0.53843363382086,"ok",4883749,4883749,0,12772,0,0,0,0,0,0,TRUE,0.4,"YRI","AFR"
"NA18930","Africa (North)",0,0.711232715408393,0.536289808826301,"ok",4883749,4883749,0,12772,0,0,0,0,0,0,TRUE,0.4,"YRI","AFR"
"NA18935","Africa (North)",0,0.710083233070864,0.534683652788861,"ok",4883749,4883749,0,12772,0,0,0,0,0,0,TRUE,0.4,"YRI","AFR"
"NA19094","Africa (North)",0,0.711119631445511,0.537972260009175,"ok",4883749,4883749,0,12772,0,0,0,0,0,0,TRUE,0.4,"YRI","AFR"
"NA19097","Africa (North)",0,0.711898306774238,0.540246766943701,"ok",4883749,4883749,0,12772,0,0,0,0,0,0,TRUE,0.4,"YRI","AFR"
"NA19100","Africa (North)",0,0.71188143260038,0.535465415644784,"ok",4883749,4883749,0,12772,0,0,0,0,0,0,TRUE,0.4,"YRI","AFR"
"NA19103","Africa (North)",0,0.712478753808126,0.539489277576445,"ok",4883749,4883749,0,12772,0,0,0,0,0,0,TRUE,0.4,"YRI","AFR"
"NA19109","Africa (North)",0,0.71028318624414,0.537989259655944,"ok",4883749,4883749,0,12772,0,0,0,0,0,0,TRUE,0.4,"YRI","AFR"
"NA19115","Africa (North)",0,0.711625664910041,0.536301957393656,"ok",4883749,4883749,0,12772,0,0,0,0,0,0,TRUE,0.4,"YRI","AFR"
"NA19120","Africa (North)",0,0.711629299843959,0.537851097092961,"ok",4883749,4883749,0,12772,0,0,0,0,0,0,TRUE,0.4,"YRI","AFR"
"NA19123","Africa (North)",0,0.710233488281364,0.535766168798216,"ok",4883749,4883749,0,12772,0,0,0,0,0,0,TRUE,0.4,"YRI","AFR"
"NA19129","Africa (North)",0,0.708418663352175,0.539945161478315,"ok",4883749,4883749,0,12772,0,0,0,0,0,0,TRUE,0.4,"YRI","AFR"
"NA19132","Africa (North)",0,0.712382422749432,0.539014902723039,"ok",4883749,4883749,0,12772,0,0,0,0,0,0,TRUE,0.4,"YRI","AFR"
"NA19139","Africa (North)",0,0.709648020384274,0.536809592167895,"ok",4883749,4883749,0,12772,0,0,0,0,0,0,TRUE,0.4,"YRI","AFR"
"NA19142","Africa (North)",0,0.70925829644373,0.534956422799949,"ok",4883749,4883749,0,12772,0,0,0,0,0,0,TRUE,0.4,"YRI","AFR"
"NA19145","Africa (North)",0,0.708766963318158,0.534917784676102,"ok",4883749,4883749,0,12772,0,0,0,0,0,0,TRUE,0.4,"YRI","AFR"
"NA19148","Africa (North)",0,0.712116911347803,0.538002016153933,"ok",4883749,4883749,0,12772,0,0,0,0,0,0,TRUE,0.4,"YRI","AFR"
"NA19151","Africa (North)",0,0.711935315539228,0.539457074897571,"ok",4883749,4883749,0,12772,0,0,0,0,0,0,TRUE,0.4,"YRI","AFR"
"NA19154","Africa (North)",0,0.710817881734104,0.538486764900029,"ok",4883749,4883749,0,12772,0,0,0,0,0,0,TRUE,0.4,"YRI","AFR"
"NA19161","Africa (North)",0,0.707597440879435,0.535668918139172,"ok",4883749,4883749,0,12772,0,0,0,0,0,0,TRUE,0.4,"YRI","AFR"
"NA19173","Africa (North)",0,0.709418357190812,0.538323922297821,"ok",4883749,4883749,0,12772,0,0,0,0,0,0,TRUE,0.4,"YRI","AFR"
"NA19174","Africa (North)",0,0.707470560888732,0.538555783456563,"ok",4883749,4883749,0,12772,0,0,0,0,0,0,TRUE,0.4,"YRI","AFR"
"NA19177","Africa (North)",0,0.710694961794487,0.536471034439686,"ok",4883749,4883749,0,12772,0,0,0,0,0,0,TRUE,0.4,"YRI","AFR"
"NA19186","Africa (North)",0,0.710622021072665,0.535661796664523,"ok",4883749,4883749,0,12772,0,0,0,0,0,0,TRUE,0.4,"YRI","AFR"
"NA19191","Africa (North)",0,0.709621443930283,0.538664088621034,"ok",4883749,4883749,0,12772,0,0,0,0,0,0,TRUE,0.4,"YRI","AFR"
"NA19199","Africa (North)",0,0.710795274606652,0.540409860460245,"ok",4883749,4883749,0,12772,0,0,0,0,0,0,TRUE,0.4,"YRI","AFR"
"NA19202","Africa (North)",0,0.710420888395138,0.535914469701095,"ok",4883749,4883749,0,12772,0,0,0,0,0,0,TRUE,0.4,"YRI","AFR"
"NA19205","Africa (North)",0,0.713163478078787,0.541221938630146,"ok",4883749,4883749,0,12772,0,0,0,0,0,0,TRUE,0.4,"YRI","AFR"
"NA19208","Africa (North)",0,0.711585205992313,0.536530641716484,"ok",4883749,4883749,0,12772,0,0,0,0,0,0,TRUE,0.4,"YRI","AFR"
"NA19211","Africa (North)",0,0.710624825561571,0.53616935446619,"ok",4883749,4883749,0,12772,0,0,0,0,0,0,TRUE,0.4,"YRI","AFR"
"NA19215","Africa (North)",0,0.712612783587632,0.538079734206164,"ok",4883749,4883749,0,12772,0,0,0,0,0,0,TRUE,0.4,"YRI","AFR"
"NA19221","Africa (North)",0,0.711442228839952,0.539415279650798,"ok",4883749,4883749,0,12772,0,0,0,0,0,0,TRUE,0.4,"YRI","AFR"
"NA19224","Africa (North)",0,0.7096704224173,0.53587667000481,"ok",4883749,4883749,0,12772,0,0,0,0,0,0,TRUE,0.4,"YRI","AFR"
"NA19237","Africa (North)",0,0.709961376461955,0.534984203653827,"ok",4883749,4883749,0,12772,0,0,0,0,0,0,TRUE,0.4,"YRI","AFR"
"NA19240","Africa (North)",0,0.710184309752737,0.536080184789649,"ok",4883749,4883749,0,12772,0,0,0,0,0,0,TRUE,0.4,"YRI","AFR"
"NA19249","Africa (North)",0,0.711250631029851,0.538682940954985,"ok",4883749,4883749,0,12772,0,0,0,0,0,0,TRUE,0.4,"YRI","AFR"
"NA19258","Africa (North)",0,0.711190909176151,0.539103335306422,"ok",4883749,4883749,0,12772,0,0,0,0,0,0,TRUE,0.4,"YRI","AFR"
"NA18484","Africa (South)",0,0.709825881741235,0.702717202768509,"ok",4883749,4883749,0,12772,0,0,0,0,0,0,TRUE,0.4,"YRI","AFR"
"NA18485","Africa (South)",0,0.712200293959852,0.704196558296782,"ok",4883749,4883749,0,12772,0,0,0,0,0,0,TRUE,0.4,"YRI","AFR"
"NA18497","Africa (South)",0.0412902,0.708441275649506,0.702519806944399,"ok",4883749,4883749,0,12772,0,0,0,0,0,0,TRUE,0.4,"YRI","AFR"
"NA18500","Africa (South)",0,0.711244546026182,0.705001518878456,"ok",4883749,4883749,0,12772,0,0,0,0,0,0,TRUE,0.4,"YRI","AFR"
"NA18503","Africa (South)",0,0.711124531891229,0.704349902281181,"ok",4883749,4883749,0,12772,0,0,0,0,0,0,TRUE,0.4,"YRI","AFR"
"NA18506","Africa (South)",0,0.711415427573818,0.704796369870721,"ok",4883749,4883749,0,12772,0,0,0,0,0,0,TRUE,0.4,"YRI","AFR"
"NA18515","Africa (South)",0.0079106,0.712719420611189,0.705701292137146,"ok",4883749,4883749,0,12772,0,0,0,0,0,0,TRUE,0.4,"YRI","AFR"
"NA18518","Africa (South)",0,0.714639236527377,0.707758084794754,"ok",4883749,4883749,0,12772,0,0,0,0,0,0,TRUE,0.4,"YRI","AFR"
"NA18521","Africa (South)",0.009709,0.708573379902358,0.702055897648613,"ok",4883749,4883749,0,12772,0,0,0,0,0,0,TRUE,0.4,"YRI","AFR"
"NA18854","Africa (South)",0,0.712843215784703,0.706206769362249,"ok",4883749,4883749,0,12772,0,0,0,0,0,0,TRUE,0.4,"YRI","AFR"
"NA18857","Africa (South)",0.0014052,0.709195872988094,0.702724664361182,"ok",4883749,4883749,0,12772,0,0,0,0,0,0,TRUE,0.4,"YRI","AFR"
"NA18860","Africa (South)",0,0.709191813087805,0.702174246598357,"ok",4883749,4883749,0,12772,0,0,0,0,0,0,TRUE,0.4,"YRI","AFR"
"NA18863","Africa (South)",0,0.708243111719007,0.701480692821413,"ok",4883749,4883749,0,12772,0,0,0,0,0,0,TRUE,0.4,"YRI","AFR"
"NA18869","Africa (South)",0,0.710244662593691,0.703336139814629,"ok",4883749,4883749,0,12772,0,0,0,0,0,0,TRUE,0.4,"YRI","AFR"
"NA18872","Africa (South)",0.0389059,0.7096934956979,0.703349281734656,"ok",4883749,4883749,0,12772,0,0,0,0,0,0,TRUE,0.4,"YRI","AFR"
"NA18875","Africa (South)",0.0117004,0.710447603721394,0.704053410757578,"ok",4883749,4883749,0,12772,0,0,0,0,0,0,TRUE,0.4,"YRI","AFR"
"NA18906","Africa (South)",0.0034992,0.711656079684615,0.704993424137647,"ok",4883749,4883749,0,12772,0,0,0,0,0,0,TRUE,0.4,"YRI","AFR"
"NA18911","Africa (South)",0,0.71104579202622,0.704167762987474,"ok",4883749,4883749,0,12772,0,0,0,0,0,0,TRUE,0.4,"YRI","AFR"
"NA18914","Africa (South)",0.0003522,0.712094907011823,0.705115925119339,"ok",4883749,4883749,0,12772,0,0,0,0,0,0,TRUE,0.4,"YRI","AFR"
"NA18925","Africa (South)",0,0.710029600981635,0.703351299256635,"ok",4883749,4883749,0,12772,0,0,0,0,0,0,TRUE,0.4,"YRI","AFR"
"NA18930","Africa (South)",0,0.711232715408393,0.703969611189922,"ok",4883749,4883749,0,12772,0,0,0,0,0,0,TRUE,0.4,"YRI","AFR"
"NA18935","Africa (South)",0,0.710083233070864,0.702947474564959,"ok",4883749,4883749,0,12772,0,0,0,0,0,0,TRUE,0.4,"YRI","AFR"
"NA19094","Africa (South)",0.0240431,0.711119631445511,0.705126549698127,"ok",4883749,4883749,0,12772,0,0,0,0,0,0,TRUE,0.4,"YRI","AFR"
"NA19097","Africa (South)",0,0.711898306774238,0.704934728161228,"ok",4883749,4883749,0,12772,0,0,0,0,0,0,TRUE,0.4,"YRI","AFR"
"NA19100","Africa (South)",0,0.71188143260038,0.704851888579053,"ok",4883749,4883749,0,12772,0,0,0,0,0,0,TRUE,0.4,"YRI","AFR"
"NA19103","Africa (South)",0.0249978,0.712478753808126,0.706167951161154,"ok",4883749,4883749,0,12772,0,0,0,0,0,0,TRUE,0.4,"YRI","AFR"
"NA19109","Africa (South)",0.012969,0.71028318624414,0.70349651127097,"ok",4883749,4883749,0,12772,0,0,0,0,0,0,TRUE,0.4,"YRI","AFR"
"NA19115","Africa (South)",0,0.711625664910041,0.705161260828451,"ok",4883749,4883749,0,12772,0,0,0,0,0,0,TRUE,0.4,"YRI","AFR"
"NA19120","Africa (South)",0,0.711629299843959,0.704599305270919,"ok",4883749,4883749,0,12772,0,0,0,0,0,0,TRUE,0.4,"YRI","AFR"
"NA19123","Africa (South)",0,0.710233488281364,0.703036874626998,"ok",4883749,4883749,0,12772,0,0,0,0,0,0,TRUE,0.4,"YRI","AFR"
"NA19129","Africa (South)",0,0.708418663352175,0.701263801865567,"ok",4883749,4883749,0,12772,0,0,0,0,0,0,TRUE,0.4,"YRI","AFR"
"NA19132","Africa (South)",0,0.712382422749432,0.704773441881285,"ok",4883749,4883749,0,12772,0,0,0,0,0,0,TRUE,0.4,"YRI","AFR"
"NA19139","Africa (South)",0.0090421,0.709648020384274,0.703250996777382,"ok",4883749,4883749,0,12772,0,0,0,0,0,0,TRUE,0.4,"YRI","AFR"
"NA19142","Africa (South)",0,0.70925829644373,0.702622463435172,"ok",4883749,4883749,0,12772,0,0,0,0,0,0,TRUE,0.4,"YRI","AFR"
"NA19145","Africa (South)",0.0128549,0.708766963318158,0.702647475938821,"ok",4883749,4883749,0,12772,0,0,0,0,0,0,TRUE,0.4,"YRI","AFR"
"NA19148","Africa (South)",0.0644441,0.712116911347803,0.706321069358275,"ok",4883749,4883749,0,12772,0,0,0,0,0,0,TRUE,0.4,"YRI","AFR"
"NA19151","Africa (South)",0.0002508,0.711935315539228,0.705623023041597,"ok",4883749,4883749,0,12772,0,0,0,0,0,0,TRUE,0.4,"YRI","AFR"
"NA19154","Africa (South)",0,0.710817881734104,0.703612735877232,"ok",4883749,4883749,0,12772,0,0,0,0,0,0,TRUE,0.4,"YRI","AFR"
"NA19161","Africa (South)",0,0.707597440879435,0.700762706276483,"ok",4883749,4883749,0,12772,0,0,0,0,0,0,TRUE,0.4,"YRI","AFR"
"NA19173","Africa (South)",0.0070451,0.709418357190812,0.702169104561434,"ok",4883749,4883749,0,12772,0,0,0,0,0,0,TRUE,0.4,"YRI","AFR"
"NA19174","Africa (South)",0.0210228,0.707470560888732,0.70102841818873,"ok",4883749,4883749,0,12772,0,0,0,0,0,0,TRUE,0.4,"YRI","AFR"
"NA19177","Africa (South)",0,0.710694961794487,0.703276467756937,"ok",4883749,4883749,0,12772,0,0,0,0,0,0,TRUE,0.4,"YRI","AFR"
"NA19186","Africa (South)",0,0.710622021072665,0.703995012648433,"ok",4883749,4883749,0,12772,0,0,0,0,0,0,TRUE,0.4,"YRI","AFR"
"NA19191","Africa (South)",0.0112184,0.709621443930283,0.703240561636535,"ok",4883749,4883749,0,12772,0,0,0,0,0,0,TRUE,0.4,"YRI","AFR"
"NA19199","Africa (South)",0.0472742,0.710795274606652,0.70496429757326,"ok",4883749,4883749,0,12772,0,0,0,0,0,0,TRUE,0.4,"YRI","AFR"
"NA19202","Africa (South)",0,0.710420888395138,0.703809349674647,"ok",4883749,4883749,0,12772,0,0,0,0,0,0,TRUE,0.4,"YRI","AFR"
"NA19205","Africa (South)",0,0.713163478078787,0.706251846406336,"ok",4883749,4883749,0,12772,0,0,0,0,0,0,TRUE,0.4,"YRI","AFR"
"NA19208","Africa (South)",0,0.711585205992313,0.705324550080922,"ok",4883749,4883749,0,12772,0,0,0,0,0,0,TRUE,0.4,"YRI","AFR"
"NA19211","Africa (South)",0.0037091,0.710624825561571,0.704062530332066,"ok",4883749,4883749,0,12772,0,0,0,0,0,0,TRUE,0.4,"YRI","AFR"
"NA19215","Africa (South)",0,0.712612783587632,0.705544476214467,"ok",4883749,4883749,0,12772,0,0,0,0,0,0,TRUE,0.4,"YRI","AFR"
"NA19221","Africa (South)",0.0046235,0.711442228839952,0.704971704086394,"ok",4883749,4883749,0,12772,0,0,0,0,0,0,TRUE,0.4,"YRI","AFR"
"NA19224","Africa (South)",0.0147348,0.7096704224173,0.702831989032104,"ok",4883749,4883749,0,12772,0,0,0,0,0,0,TRUE,0.4,"YRI","AFR"
"NA19237","Africa (South)",0.0272989,0.709961376461955,0.704480670980385,"ok",4883749,4883749,0,12772,0,0,0,0,0,0,TRUE,0.4,"YRI","AFR"
"NA19240","Africa (South)",0,0.710184309752737,0.703147962507808,"ok",4883749,4883749,0,12772,0,0,0,0,0,0,TRUE,0.4,"YRI","AFR"
"NA19249","Africa (South)",0,0.711250631029851,0.703786404226558,"ok",4883749,4883749,0,12772,0,0,0,0,0,0,TRUE,0.4,"YRI","AFR"
"NA19258","Africa (South)",0,0.711190909176151,0.704539003541113,"ok",4883749,4883749,0,12772,0,0,0,0,0,0,TRUE,0.4,"YRI","AFR"
"NA18484","Africa (West)",1,0.709825881741235,0.709825881741229,"ok",4883749,4883749,0,12772,0,0,0,0,0,0,TRUE,0.4,"YRI","AFR"
"NA18485","Africa (West)",1,0.712200293959852,0.712200293959826,"ok",4883749,4883749,0,12772,0,0,0,0,0,0,TRUE,0.4,"YRI","AFR"
"NA18497","Africa (West)",0.9587098,0.708441275649506,0.708383821249632,"ok",4883749,4883749,0,12772,0,0,0,0,0,0,TRUE,0.4,"YRI","AFR"
"NA18500","Africa (West)",1,0.711244546026182,0.711244546026171,"ok",4883749,4883749,0,12772,0,0,0,0,0,0,TRUE,0.4,"YRI","AFR"
"NA18503","Africa (West)",1,0.711124531891229,0.711124531891209,"ok",4883749,4883749,0,12772,0,0,0,0,0,0,TRUE,0.4,"YRI","AFR"
"NA18506","Africa (West)",1,0.711415427573818,0.711415427573854,"ok",4883749,4883749,0,12772,0,0,0,0,0,0,TRUE,0.4,"YRI","AFR"
"NA18515","Africa (West)",0.9920894,0.712719420611189,0.712715140458433,"ok",4883749,4883749,0,12772,0,0,0,0,0,0,TRUE,0.4,"YRI","AFR"
"NA18518","Africa (West)",1,0.714639236527377,0.714639236527408,"ok",4883749,4883749,0,12772,0,0,0,0,0,0,TRUE,0.4,"YRI","AFR"
"NA18521","Africa (West)",0.990291,0.708573379902358,0.70856379168362,"ok",4883749,4883749,0,12772,0,0,0,0,0,0,TRUE,0.4,"YRI","AFR"
"NA18854","Africa (West)",1,0.712843215784703,0.712843215784702,"ok",4883749,4883749,0,12772,0,0,0,0,0,0,TRUE,0.4,"YRI","AFR"
"NA18857","Africa (West)",0.9985948,0.709195872988094,0.709194335430351,"ok",4883749,4883749,0,12772,0,0,0,0,0,0,TRUE,0.4,"YRI","AFR"
"NA18860","Africa (West)",1,0.709191813087805,0.709191813087786,"ok",4883749,4883749,0,12772,0,0,0,0,0,0,TRUE,0.4,"YRI","AFR"
"NA18863","Africa (West)",1,0.708243111719007,0.708243111718981,"ok",4883749,4883749,0,12772,0,0,0,0,0,0,TRUE,0.4,"YRI","AFR"
"NA18869","Africa (West)",1,0.710244662593691,0.710244662593664,"ok",4883749,4883749,0,12772,0,0,0,0,0,0,TRUE,0.4,"YRI","AFR"
"NA18872","Africa (West)",0.9610941,0.7096934956979,0.709655288931939,"ok",4883749,4883749,0,12772,0,0,0,0,0,0,TRUE,0.4,"YRI","AFR"
"NA18875","Africa (West)",0.9882996,0.710447603721394,0.710434515395349,"ok",4883749,4883749,0,12772,0,0,0,0,0,0,TRUE,0.4,"YRI","AFR"
"NA18906","Africa (West)",0.9965008,0.711656079684615,0.71165287543007,"ok",4883749,4883749,0,12772,0,0,0,0,0,0,TRUE,0.4,"YRI","AFR"
"NA18911","Africa (West)",1,0.71104579202622,0.711045792026203,"ok",4883749,4883749,0,12772,0,0,0,0,0,0,TRUE,0.4,"YRI","AFR"
"NA18914","Africa (West)",0.9996478,0.712094907011823,0.712094686497104,"ok",4883749,4883749,0,12772,0,0,0,0,0,0,TRUE,0.4,"YRI","AFR"
"NA18925","Africa (West)",1,0.710029600981635,0.710029600981637,"ok",4883749,4883749,0,12772,0,0,0,0,0,0,TRUE,0.4,"YRI","AFR"
"NA18930","Africa (West)",1,0.711232715408393,0.711232715408377,"ok",4883749,4883749,0,12772,0,0,0,0,0,0,TRUE,0.4,"YRI","AFR"
"NA18935","Africa (West)",1,0.710083233070864,0.710083233070866,"ok",4883749,4883749,0,12772,0,0,0,0,0,0,TRUE,0.4,"YRI","AFR"
"NA19094","Africa (West)",0.9759569,0.711119631445511,0.711084664282662,"ok",4883749,4883749,0,12772,0,0,0,0,0,0,TRUE,0.4,"YRI","AFR"
"NA19097","Africa (West)",1,0.711898306774238,0.711898306774216,"ok",4883749,4883749,0,12772,0,0,0,0,0,0,TRUE,0.4,"YRI","AFR"
"NA19100","Africa (West)",1,0.71188143260038,0.711881432600393,"ok",4883749,4883749,0,12772,0,0,0,0,0,0,TRUE,0.4,"YRI","AFR"
"NA19103","Africa (West)",0.9750022,0.712478753808126,0.712450293442927,"ok",4883749,4883749,0,12772,0,0,0,0,0,0,TRUE,0.4,"YRI","AFR"
"NA19109","Africa (West)",0.987031,0.71028318624414,0.710273941163835,"ok",4883749,4883749,0,12772,0,0,0,0,0,0,TRUE,0.4,"YRI","AFR"
"NA19115","Africa (West)",1,0.711625664910041,0.711625664910037,"ok",4883749,4883749,0,12772,0,0,0,0,0,0,TRUE,0.4,"YRI","AFR"
"NA19120","Africa (West)",1,0.711629299843959,0.711629299843975,"ok",4883749,4883749,0,12772,0,0,0,0,0,0,TRUE,0.4,"YRI","AFR"
"NA19123","Africa (West)",1,0.710233488281364,0.710233488281384,"ok",4883749,4883749,0,12772,0,0,0,0,0,0,TRUE,0.4,"YRI","AFR"
"NA19129","Africa (West)",1,0.708418663352175,0.708418663352143,"ok",4883749,4883749,0,12772,0,0,0,0,0,0,TRUE,0.4,"YRI","AFR"
"NA19132","Africa (West)",1,0.712382422749432,0.712382422749448,"ok",4883749,4883749,0,12772,0,0,0,0,0,0,TRUE,0.4,"YRI","AFR"
"NA19139","Africa (West)",0.9909579,0.709648020384274,0.709637853812828,"ok",4883749,4883749,0,12772,0,0,0,0,0,0,TRUE,0.4,"YRI","AFR"
"NA19142","Africa (West)",1,0.70925829644373,0.709258296443771,"ok",4883749,4883749,0,12772,0,0,0,0,0,0,TRUE,0.4,"YRI","AFR"
"NA19145","Africa (West)",0.9871451,0.708766963318158,0.708749348019386,"ok",4883749,4883749,0,12772,0,0,0,0,0,0,TRUE,0.4,"YRI","AFR"
"NA19148","Africa (West)",0.9355559,0.712116911347803,0.712025804442045,"ok",4883749,4883749,0,12772,0,0,0,0,0,0,TRUE,0.4,"YRI","AFR"
"NA19151","Africa (West)",0.9997492,0.711935315539228,0.711934992280461,"ok",4883749,4883749,0,12772,0,0,0,0,0,0,TRUE,0.4,"YRI","AFR"
"NA19154","Africa (West)",1,0.710817881734104,0.710817881734083,"ok",4883749,4883749,0,12772,0,0,0,0,0,0,TRUE,0.4,"YRI","AFR"
"NA19161","Africa (West)",1,0.707597440879435,0.707597440879443,"ok",4883749,4883749,0,12772,0,0,0,0,0,0,TRUE,0.4,"YRI","AFR"
"NA19173","Africa (West)",0.9929549,0.709418357190812,0.709416382349132,"ok",4883749,4883749,0,12772,0,0,0,0,0,0,TRUE,0.4,"YRI","AFR"
"NA19174","Africa (West)",0.9789772,0.707470560888732,0.707450010219613,"ok",4883749,4883749,0,12772,0,0,0,0,0,0,TRUE,0.4,"YRI","AFR"
"NA19177","Africa (West)",1,0.710694961794487,0.710694961794489,"ok",4883749,4883749,0,12772,0,0,0,0,0,0,TRUE,0.4,"YRI","AFR"
"NA19186","Africa (West)",1,0.710622021072665,0.710622021072689,"ok",4883749,4883749,0,12772,0,0,0,0,0,0,TRUE,0.4,"YRI","AFR"
"NA19191","Africa (West)",0.9887816,0.709621443930283,0.709608808192163,"ok",4883749,4883749,0,12772,0,0,0,0,0,0,TRUE,0.4,"YRI","AFR"
"NA19199","Africa (West)",0.9527258,0.710795274606652,0.710725644965735,"ok",4883749,4883749,0,12772,0,0,0,0,0,0,TRUE,0.4,"YRI","AFR"
"NA19202","Africa (West)",1,0.710420888395138,0.710420888395134,"ok",4883749,4883749,0,12772,0,0,0,0,0,0,TRUE,0.4,"YRI","AFR"
"NA19205","Africa (West)",1,0.713163478078787,0.713163478078782,"ok",4883749,4883749,0,12772,0,0,0,0,0,0,TRUE,0.4,"YRI","AFR"
"NA19208","Africa (West)",1,0.711585205992313,0.711585205992288,"ok",4883749,4883749,0,12772,0,0,0,0,0,0,TRUE,0.4,"YRI","AFR"
"NA19211","Africa (West)",0.9962909,0.710624825561571,0.710621103063037,"ok",4883749,4883749,0,12772,0,0,0,0,0,0,TRUE,0.4,"YRI","AFR"
"NA19215","Africa (West)",1,0.712612783587632,0.712612783587634,"ok",4883749,4883749,0,12772,0,0,0,0,0,0,TRUE,0.4,"YRI","AFR"
"NA19221","Africa (West)",0.9953765,0.711442228839952,0.711437151604938,"ok",4883749,4883749,0,12772,0,0,0,0,0,0,TRUE,0.4,"YRI","AFR"
"NA19224","Africa (West)",0.9852652,0.7096704224173,0.709660964024472,"ok",4883749,4883749,0,12772,0,0,0,0,0,0,TRUE,0.4,"YRI","AFR"
"NA19237","Africa (West)",0.9727011,0.709961376461955,0.709908248238008,"ok",4883749,4883749,0,12772,0,0,0,0,0,0,TRUE,0.4,"YRI","AFR"
"NA19240","Africa (West)",1,0.710184309752737,0.710184309752745,"ok",4883749,4883749,0,12772,0,0,0,0,0,0,TRUE,0.4,"YRI","AFR"
"NA19249","Africa (West)",1,0.711250631029851,0.711250631029811,"ok",4883749,4883749,0,12772,0,0,0,0,0,0,TRUE,0.4,"YRI","AFR"
"NA19258","Africa (West)",1,0.711190909176151,0.711190909176141,"ok",4883749,4883749,0,12772,0,0,0,0,0,0,TRUE,0.4,"YRI","AFR"
"NA18484","Ashkenazi",0,0.709825881741235,0.470260650647729,"ok",4883749,4883749,0,12772,0,0,0,0,0,0,TRUE,0.4,"YRI","AFR"
"NA18485","Ashkenazi",0,0.712200293959852,0.467047755434431,"ok",4883749,4883749,0,12772,0,0,0,0,0,0,TRUE,0.4,"YRI","AFR"
"NA18497","Ashkenazi",0,0.708441275649506,0.462470485120394,"ok",4883749,4883749,0,12772,0,0,0,0,0,0,TRUE,0.4,"YRI","AFR"
"NA18500","Ashkenazi",0,0.711244546026182,0.465739782457432,"ok",4883749,4883749,0,12772,0,0,0,0,0,0,TRUE,0.4,"YRI","AFR"
"NA18503","Ashkenazi",0,0.711124531891229,0.45984581154143,"ok",4883749,4883749,0,12772,0,0,0,0,0,0,TRUE,0.4,"YRI","AFR"
"NA18506","Ashkenazi",0,0.711415427573818,0.465422507213394,"ok",4883749,4883749,0,12772,0,0,0,0,0,0,TRUE,0.4,"YRI","AFR"
"NA18515","Ashkenazi",0,0.712719420611189,0.465614788876378,"ok",4883749,4883749,0,12772,0,0,0,0,0,0,TRUE,0.4,"YRI","AFR"
"NA18518","Ashkenazi",0,0.714639236527377,0.470434031284989,"ok",4883749,4883749,0,12772,0,0,0,0,0,0,TRUE,0.4,"YRI","AFR"
"NA18521","Ashkenazi",0,0.708573379902358,0.466945279256819,"ok",4883749,4883749,0,12772,0,0,0,0,0,0,TRUE,0.4,"YRI","AFR"
"NA18854","Ashkenazi",0,0.712843215784703,0.466607037254702,"ok",4883749,4883749,0,12772,0,0,0,0,0,0,TRUE,0.4,"YRI","AFR"
"NA18857","Ashkenazi",0,0.709195872988094,0.466623028169505,"ok",4883749,4883749,0,12772,0,0,0,0,0,0,TRUE,0.4,"YRI","AFR"
"NA18860","Ashkenazi",0,0.709191813087805,0.464302124433986,"ok",4883749,4883749,0,12772,0,0,0,0,0,0,TRUE,0.4,"YRI","AFR"
"NA18863","Ashkenazi",0,0.708243111719007,0.467351186264408,"ok",4883749,4883749,0,12772,0,0,0,0,0,0,TRUE,0.4,"YRI","AFR"
"NA18869","Ashkenazi",0,0.710244662593691,0.463971413841126,"ok",4883749,4883749,0,12772,0,0,0,0,0,0,TRUE,0.4,"YRI","AFR"
"NA18872","Ashkenazi",0,0.7096934956979,0.464927832550188,"ok",4883749,4883749,0,12772,0,0,0,0,0,0,TRUE,0.4,"YRI","AFR"
"NA18875","Ashkenazi",0,0.710447603721394,0.463616265167291,"ok",4883749,4883749,0,12772,0,0,0,0,0,0,TRUE,0.4,"YRI","AFR"
"NA18906","Ashkenazi",0,0.711656079684615,0.469534352054742,"ok",4883749,4883749,0,12772,0,0,0,0,0,0,TRUE,0.4,"YRI","AFR"
"NA18911","Ashkenazi",0,0.71104579202622,0.470626435591287,"ok",4883749,4883749,0,12772,0,0,0,0,0,0,TRUE,0.4,"YRI","AFR"
"NA18914","Ashkenazi",0,0.712094907011823,0.466998193386885,"ok",4883749,4883749,0,12772,0,0,0,0,0,0,TRUE,0.4,"YRI","AFR"
"NA18925","Ashkenazi",0,0.710029600981635,0.468920223128629,"ok",4883749,4883749,0,12772,0,0,0,0,0,0,TRUE,0.4,"YRI","AFR"
"NA18930","Ashkenazi",0,0.711232715408393,0.465323639850084,"ok",4883749,4883749,0,12772,0,0,0,0,0,0,TRUE,0.4,"YRI","AFR"
"NA18935","Ashkenazi",0,0.710083233070864,0.46354198587594,"ok",4883749,4883749,0,12772,0,0,0,0,0,0,TRUE,0.4,"YRI","AFR"
"NA19094","Ashkenazi",0,0.711119631445511,0.467466354516741,"ok",4883749,4883749,0,12772,0,0,0,0,0,0,TRUE,0.4,"YRI","AFR"
"NA19097","Ashkenazi",0,0.711898306774238,0.469818036052296,"ok",4883749,4883749,0,12772,0,0,0,0,0,0,TRUE,0.4,"YRI","AFR"
"NA19100","Ashkenazi",0,0.71188143260038,0.465561884861939,"ok",4883749,4883749,0,12772,0,0,0,0,0,0,TRUE,0.4,"YRI","AFR"
"NA19103","Ashkenazi",0,0.712478753808126,0.469355510231781,"ok",4883749,4883749,0,12772,0,0,0,0,0,0,TRUE,0.4,"YRI","AFR"
"NA19109","Ashkenazi",0,0.71028318624414,0.467353290301688,"ok",4883749,4883749,0,12772,0,0,0,0,0,0,TRUE,0.4,"YRI","AFR"
"NA19115","Ashkenazi",0,0.711625664910041,0.46488237448647,"ok",4883749,4883749,0,12772,0,0,0,0,0,0,TRUE,0.4,"YRI","AFR"
"NA19120","Ashkenazi",0,0.711629299843959,0.466887501764076,"ok",4883749,4883749,0,12772,0,0,0,0,0,0,TRUE,0.4,"YRI","AFR"
"NA19123","Ashkenazi",0,0.710233488281364,0.463972787537685,"ok",4883749,4883749,0,12772,0,0,0,0,0,0,TRUE,0.4,"YRI","AFR"
"NA19129","Ashkenazi",0,0.708418663352175,0.470054874981759,"ok",4883749,4883749,0,12772,0,0,0,0,0,0,TRUE,0.4,"YRI","AFR"
"NA19132","Ashkenazi",0,0.712382422749432,0.468036717714014,"ok",4883749,4883749,0,12772,0,0,0,0,0,0,TRUE,0.4,"YRI","AFR"
"NA19139","Ashkenazi",0,0.709648020384274,0.466122191153665,"ok",4883749,4883749,0,12772,0,0,0,0,0,0,TRUE,0.4,"YRI","AFR"
"NA19142","Ashkenazi",0,0.70925829644373,0.46423252362507,"ok",4883749,4883749,0,12772,0,0,0,0,0,0,TRUE,0.4,"YRI","AFR"
"NA19145","Ashkenazi",0,0.708766963318158,0.46356644978798,"ok",4883749,4883749,0,12772,0,0,0,0,0,0,TRUE,0.4,"YRI","AFR"
"NA19148","Ashkenazi",0,0.712116911347803,0.467884104968913,"ok",4883749,4883749,0,12772,0,0,0,0,0,0,TRUE,0.4,"YRI","AFR"
"NA19151","Ashkenazi",0,0.711935315539228,0.468000750659739,"ok",4883749,4883749,0,12772,0,0,0,0,0,0,TRUE,0.4,"YRI","AFR"
"NA19154","Ashkenazi",0,0.710817881734104,0.468381512233465,"ok",4883749,4883749,0,12772,0,0,0,0,0,0,TRUE,0.4,"YRI","AFR"
"NA19161","Ashkenazi",0,0.707597440879435,0.464593194619925,"ok",4883749,4883749,0,12772,0,0,0,0,0,0,TRUE,0.4,"YRI","AFR"
"NA19173","Ashkenazi",0,0.709418357190812,0.467396770926513,"ok",4883749,4883749,0,12772,0,0,0,0,0,0,TRUE,0.4,"YRI","AFR"
"NA19174","Ashkenazi",0,0.707470560888732,0.468402982454991,"ok",4883749,4883749,0,12772,0,0,0,0,0,0,TRUE,0.4,"YRI","AFR"
"NA19177","Ashkenazi",0,0.710694961794487,0.465202063029001,"ok",4883749,4883749,0,12772,0,0,0,0,0,0,TRUE,0.4,"YRI","AFR"
"NA19186","Ashkenazi",0,0.710622021072665,0.464814774200422,"ok",4883749,4883749,0,12772,0,0,0,0,0,0,TRUE,0.4,"YRI","AFR"
"NA19191","Ashkenazi",0,0.709621443930283,0.468034818272715,"ok",4883749,4883749,0,12772,0,0,0,0,0,0,TRUE,0.4,"YRI","AFR"
"NA19199","Ashkenazi",0,0.710795274606652,0.469771831669138,"ok",4883749,4883749,0,12772,0,0,0,0,0,0,TRUE,0.4,"YRI","AFR"
"NA19202","Ashkenazi",0,0.710420888395138,0.466024865913122,"ok",4883749,4883749,0,12772,0,0,0,0,0,0,TRUE,0.4,"YRI","AFR"
"NA19205","Ashkenazi",0,0.713163478078787,0.470801979533713,"ok",4883749,4883749,0,12772,0,0,0,0,0,0,TRUE,0.4,"YRI","AFR"
"NA19208","Ashkenazi",0,0.711585205992313,0.465427091268144,"ok",4883749,4883749,0,12772,0,0,0,0,0,0,TRUE,0.4,"YRI","AFR"
"NA19211","Ashkenazi",0,0.710624825561571,0.46528949054698,"ok",4883749,4883749,0,12772,0,0,0,0,0,0,TRUE,0.4,"YRI","AFR"
"NA19215","Ashkenazi",0,0.712612783587632,0.466634213663701,"ok",4883749,4883749,0,12772,0,0,0,0,0,0,TRUE,0.4,"YRI","AFR"
"NA19221","Ashkenazi",0,0.711442228839952,0.468903196351637,"ok",4883749,4883749,0,12772,0,0,0,0,0,0,TRUE,0.4,"YRI","AFR"
"NA19224","Ashkenazi",0,0.7096704224173,0.465475834749781,"ok",4883749,4883749,0,12772,0,0,0,0,0,0,TRUE,0.4,"YRI","AFR"
"NA19237","Ashkenazi",0,0.709961376461955,0.464464799538054,"ok",4883749,4883749,0,12772,0,0,0,0,0,0,TRUE,0.4,"YRI","AFR"
"NA19240","Ashkenazi",0,0.710184309752737,0.466148827806439,"ok",4883749,4883749,0,12772,0,0,0,0,0,0,TRUE,0.4,"YRI","AFR"
"NA19249","Ashkenazi",0,0.711250631029851,0.468850764635924,"ok",4883749,4883749,0,12772,0,0,0,0,0,0,TRUE,0.4,"YRI","AFR"
"NA19258","Ashkenazi",0,0.711190909176151,0.469250911103635,"ok",4883749,4883749,0,12772,0,0,0,0,0,0,TRUE,0.4,"YRI","AFR"
"NA18484","Asia (East)",0,0.709825881741235,0.426724389779404,"ok",4883749,4883749,0,12772,0,0,0,0,0,0,TRUE,0.4,"YRI","AFR"
"NA18485","Asia (East)",0,0.712200293959852,0.427070639337405,"ok",4883749,4883749,0,12772,0,0,0,0,0,0,TRUE,0.4,"YRI","AFR"
"NA18497","Asia (East)",0,0.708441275649506,0.42410763312898,"ok",4883749,4883749,0,12772,0,0,0,0,0,0,TRUE,0.4,"YRI","AFR"
"NA18500","Asia (East)",0,0.711244546026182,0.424594616256775,"ok",4883749,4883749,0,12772,0,0,0,0,0,0,TRUE,0.4,"YRI","AFR"
"NA18503","Asia (East)",0,0.711124531891229,0.419027782116135,"ok",4883749,4883749,0,12772,0,0,0,0,0,0,TRUE,0.4,"YRI","AFR"
"NA18506","Asia (East)",0,0.711415427573818,0.424688535000499,"ok",4883749,4883749,0,12772,0,0,0,0,0,0,TRUE,0.4,"YRI","AFR"
"NA18515","Asia (East)",0,0.712719420611189,0.426584163432378,"ok",4883749,4883749,0,12772,0,0,0,0,0,0,TRUE,0.4,"YRI","AFR"
"NA18518","Asia (East)",0,0.714639236527377,0.425681146574028,"ok",4883749,4883749,0,12772,0,0,0,0,0,0,TRUE,0.4,"YRI","AFR"
"NA18521","Asia (East)",0,0.708573379902358,0.42636661492066,"ok",4883749,4883749,0,12772,0,0,0,0,0,0,TRUE,0.4,"YRI","AFR"
"NA18854","Asia (East)",0,0.712843215784703,0.42432310021209,"ok",4883749,4883749,0,12772,0,0,0,0,0,0,TRUE,0.4,"YRI","AFR"
"NA18857","Asia (East)",0,0.709195872988094,0.426413655806035,"ok",4883749,4883749,0,12772,0,0,0,0,0,0,TRUE,0.4,"YRI","AFR"
"NA18860","Asia (East)",0,0.709191813087805,0.426696761704024,"ok",4883749,4883749,0,12772,0,0,0,0,0,0,TRUE,0.4,"YRI","AFR"
"NA18863","Asia (East)",0,0.708243111719007,0.42950966834588,"ok",4883749,4883749,0,12772,0,0,0,0,0,0,TRUE,0.4,"YRI","AFR"
"NA18869","Asia (East)",0,0.710244662593691,0.422507658208643,"ok",4883749,4883749,0,12772,0,0,0,0,0,0,TRUE,0.4,"YRI","AFR"
"NA18872","Asia (East)",0,0.7096934956979,0.424494925410426,"ok",4883749,4883749,0,12772,0,0,0,0,0,0,TRUE,0.4,"YRI","AFR"
"NA18875","Asia (East)",0,0.710447603721394,0.422710852647572,"ok",4883749,4883749,0,12772,0,0,0,0,0,0,TRUE,0.4,"YRI","AFR"
"NA18906","Asia (East)",0,0.711656079684615,0.42855184169682,"ok",4883749,4883749,0,12772,0,0,0,0,0,0,TRUE,0.4,"YRI","AFR"
"NA18911","Asia (East)",0,0.71104579202622,0.429442956680527,"ok",4883749,4883749,0,12772,0,0,0,0,0,0,TRUE,0.4,"YRI","AFR"
"NA18914","Asia (East)",0,0.712094907011823,0.42682879133051,"ok",4883749,4883749,0,12772,0,0,0,0,0,0,TRUE,0.4,"YRI","AFR"
"NA18925","Asia (East)",0,0.710029600981635,0.427029588456151,"ok",4883749,4883749,0,12772,0,0,0,0,0,0,TRUE,0.4,"YRI","AFR"
"NA18930","Asia (East)",0,0.711232715408393,0.42291424303368,"ok",4883749,4883749,0,12772,0,0,0,0,0,0,TRUE,0.4,"YRI","AFR"
"NA18935","Asia (East)",0,0.710083233070864,0.424337423258279,"ok",4883749,4883749,0,12772,0,0,0,0,0,0,TRUE,0.4,"YRI","AFR"
"NA19094","Asia (East)",0,0.711119631445511,0.43000316045001,"ok",4883749,4883749,0,12772,0,0,0,0,0,0,TRUE,0.4,"YRI","AFR"
"NA19097","Asia (East)",0,0.711898306774238,0.430082894332234,"ok",4883749,4883749,0,12772,0,0,0,0,0,0,TRUE,0.4,"YRI","AFR"
"NA19100","Asia (East)",0,0.71188143260038,0.426262255909427,"ok",4883749,4883749,0,12772,0,0,0,0,0,0,TRUE,0.4,"YRI","AFR"
"NA19103","Asia (East)",0,0.712478753808126,0.426890983261861,"ok",4883749,4883749,0,12772,0,0,0,0,0,0,TRUE,0.4,"YRI","AFR"
"NA19109","Asia (East)",0,0.71028318624414,0.426613867977455,"ok",4883749,4883749,0,12772,0,0,0,0,0,0,TRUE,0.4,"YRI","AFR"
"NA19115","Asia (East)",0,0.711625664910041,0.426847482234048,"ok",4883749,4883749,0,12772,0,0,0,0,0,0,TRUE,0.4,"YRI","AFR"
"NA19120","Asia (East)",0,0.711629299843959,0.427564348449421,"ok",4883749,4883749,0,12772,0,0,0,0,0,0,TRUE,0.4,"YRI","AFR"
"NA19123","Asia (East)",0,0.710233488281364,0.426185909113867,"ok",4883749,4883749,0,12772,0,0,0,0,0,0,TRUE,0.4,"YRI","AFR"
"NA19129","Asia (East)",0,0.708418663352175,0.427894595675822,"ok",4883749,4883749,0,12772,0,0,0,0,0,0,TRUE,0.4,"YRI","AFR"
"NA19132","Asia (East)",0,0.712382422749432,0.428412870121397,"ok",4883749,4883749,0,12772,0,0,0,0,0,0,TRUE,0.4,"YRI","AFR"
"NA19139","Asia (East)",0,0.709648020384274,0.424255427916508,"ok",4883749,4883749,0,12772,0,0,0,0,0,0,TRUE,0.4,"YRI","AFR"
"NA19142","Asia (East)",0,0.70925829644373,0.423121095790108,"ok",4883749,4883749,0,12772,0,0,0,0,0,0,TRUE,0.4,"YRI","AFR"
"NA19145","Asia (East)",0,0.708766963318158,0.422789823049832,"ok",4883749,4883749,0,12772,0,0,0,0,0,0,TRUE,0.4,"YRI","AFR"
"NA19148","Asia (East)",0,0.712116911347803,0.427962505836752,"ok",4883749,4883749,0,12772,0,0,0,0,0,0,TRUE,0.4,"YRI","AFR"
"NA19151","Asia (East)",0,0.711935315539228,0.42560877871825,"ok",4883749,4883749,0,12772,0,0,0,0,0,0,TRUE,0.4,"YRI","AFR"
"NA19154","Asia (East)",0,0.710817881734104,0.428077403312,"ok",4883749,4883749,0,12772,0,0,0,0,0,0,TRUE,0.4,"YRI","AFR"
"NA19161","Asia (East)",0,0.707597440879435,0.426599085904593,"ok",4883749,4883749,0,12772,0,0,0,0,0,0,TRUE,0.4,"YRI","AFR"
"NA19173","Asia (East)",0,0.709418357190812,0.428993312933305,"ok",4883749,4883749,0,12772,0,0,0,0,0,0,TRUE,0.4,"YRI","AFR"
"NA19174","Asia (East)",0,0.707470560888732,0.423571811162692,"ok",4883749,4883749,0,12772,0,0,0,0,0,0,TRUE,0.4,"YRI","AFR"
"NA19177","Asia (East)",0,0.710694961794487,0.426507319914765,"ok",4883749,4883749,0,12772,0,0,0,0,0,0,TRUE,0.4,"YRI","AFR"
"NA19186","Asia (East)",0,0.710622021072665,0.423111897387975,"ok",4883749,4883749,0,12772,0,0,0,0,0,0,TRUE,0.4,"YRI","AFR"
"NA19191","Asia (East)",0,0.709621443930283,0.427363522047751,"ok",4883749,4883749,0,12772,0,0,0,0,0,0,TRUE,0.4,"YRI","AFR"
"NA19199","Asia (East)",0,0.710795274606652,0.428175171909511,"ok",4883749,4883749,0,12772,0,0,0,0,0,0,TRUE,0.4,"YRI","AFR"
"NA19202","Asia (East)",0,0.710420888395138,0.42576721160169,"ok",4883749,4883749,0,12772,0,0,0,0,0,0,TRUE,0.4,"YRI","AFR"
"NA19205","Asia (East)",0,0.713163478078787,0.430427400203859,"ok",4883749,4883749,0,12772,0,0,0,0,0,0,TRUE,0.4,"YRI","AFR"
"NA19208","Asia (East)",0,0.711585205992313,0.427831753466236,"ok",4883749,4883749,0,12772,0,0,0,0,0,0,TRUE,0.4,"YRI","AFR"
"NA19211","Asia (East)",0,0.710624825561571,0.424799025480425,"ok",4883749,4883749,0,12772,0,0,0,0,0,0,TRUE,0.4,"YRI","AFR"
"NA19215","Asia (East)",0,0.712612783587632,0.424819514605524,"ok",4883749,4883749,0,12772,0,0,0,0,0,0,TRUE,0.4,"YRI","AFR"
"NA19221","Asia (East)",0,0.711442228839952,0.429155023867051,"ok",4883749,4883749,0,12772,0,0,0,0,0,0,TRUE,0.4,"YRI","AFR"
"NA19224","Asia (East)",0,0.7096704224173,0.425494658929589,"ok",4883749,4883749,0,12772,0,0,0,0,0,0,TRUE,0.4,"YRI","AFR"
"NA19237","Asia (East)",0,0.709961376461955,0.42190475133312,"ok",4883749,4883749,0,12772,0,0,0,0,0,0,TRUE,0.4,"YRI","AFR"
"NA19240","Asia (East)",0,0.710184309752737,0.427210876983188,"ok",4883749,4883749,0,12772,0,0,0,0,0,0,TRUE,0.4,"YRI","AFR"
"NA19249","Asia (East)",0,0.711250631029851,0.426534224361094,"ok",4883749,4883749,0,12772,0,0,0,0,0,0,TRUE,0.4,"YRI","AFR"
"NA19258","Asia (East)",0,0.711190909176151,0.428505555534595,"ok",4883749,4883749,0,12772,0,0,0,0,0,0,TRUE,0.4,"YRI","AFR"
"NA18484","Bangladesh",0,0.709825881741235,0.480418568575819,"ok",4883749,4883749,0,12772,0,0,0,0,0,0,TRUE,0.4,"YRI","AFR"
"NA18485","Bangladesh",0,0.712200293959852,0.479078588548434,"ok",4883749,4883749,0,12772,0,0,0,0,0,0,TRUE,0.4,"YRI","AFR"
"NA18497","Bangladesh",0,0.708441275649506,0.475904738399948,"ok",4883749,4883749,0,12772,0,0,0,0,0,0,TRUE,0.4,"YRI","AFR"
"NA18500","Bangladesh",0,0.711244546026182,0.478550264021181,"ok",4883749,4883749,0,12772,0,0,0,0,0,0,TRUE,0.4,"YRI","AFR"
"NA18503","Bangladesh",0,0.711124531891229,0.470915026435394,"ok",4883749,4883749,0,12772,0,0,0,0,0,0,TRUE,0.4,"YRI","AFR"
"NA18506","Bangladesh",0,0.711415427573818,0.477566079350596,"ok",4883749,4883749,0,12772,0,0,0,0,0,0,TRUE,0.4,"YRI","AFR"
"NA18515","Bangladesh",0,0.712719420611189,0.478172879045654,"ok",4883749,4883749,0,12772,0,0,0,0,0,0,TRUE,0.4,"YRI","AFR"
"NA18518","Bangladesh",0,0.714639236527377,0.481208059989019,"ok",4883749,4883749,0,12772,0,0,0,0,0,0,TRUE,0.4,"YRI","AFR"
"NA18521","Bangladesh",0,0.708573379902358,0.480815953686774,"ok",4883749,4883749,0,12772,0,0,0,0,0,0,TRUE,0.4,"YRI","AFR"
"NA18854","Bangladesh",0,0.712843215784703,0.477735358630682,"ok",4883749,4883749,0,12772,0,0,0,0,0,0,TRUE,0.4,"YRI","AFR"
"NA18857","Bangladesh",0,0.709195872988094,0.478605438468187,"ok",4883749,4883749,0,12772,0,0,0,0,0,0,TRUE,0.4,"YRI","AFR"
"NA18860","Bangladesh",0,0.709191813087805,0.476568120244811,"ok",4883749,4883749,0,12772,0,0,0,0,0,0,TRUE,0.4,"YRI","AFR"
"NA18863","Bangladesh",0,0.708243111719007,0.481588535953831,"ok",4883749,4883749,0,12772,0,0,0,0,0,0,TRUE,0.4,"YRI","AFR"
"NA18869","Bangladesh",0,0.710244662593691,0.474807510996017,"ok",4883749,4883749,0,12772,0,0,0,0,0,0,TRUE,0.4,"YRI","AFR"
"NA18872","Bangladesh",0,0.7096934956979,0.477061486747974,"ok",4883749,4883749,0,12772,0,0,0,0,0,0,TRUE,0.4,"YRI","AFR"
"NA18875","Bangladesh",0,0.710447603721394,0.474633075151846,"ok",4883749,4883749,0,12772,0,0,0,0,0,0,TRUE,0.4,"YRI","AFR"
"NA18906","Bangladesh",0,0.711656079684615,0.48065272006779,"ok",4883749,4883749,0,12772,0,0,0,0,0,0,TRUE,0.4,"YRI","AFR"
"NA18911","Bangladesh",0,0.71104579202622,0.483475749822459,"ok",4883749,4883749,0,12772,0,0,0,0,0,0,TRUE,0.4,"YRI","AFR"
"NA18914","Bangladesh",0,0.712094907011823,0.479183485051784,"ok",4883749,4883749,0,12772,0,0,0,0,0,0,TRUE,0.4,"YRI","AFR"
"NA18925","Bangladesh",0,0.710029600981635,0.48005869895946,"ok",4883749,4883749,0,12772,0,0,0,0,0,0,TRUE,0.4,"YRI","AFR"
"NA18930","Bangladesh",0,0.711232715408393,0.475795616051982,"ok",4883749,4883749,0,12772,0,0,0,0,0,0,TRUE,0.4,"YRI","AFR"
"NA18935","Bangladesh",0,0.710083233070864,0.475249058426933,"ok",4883749,4883749,0,12772,0,0,0,0,0,0,TRUE,0.4,"YRI","AFR"
"NA19094","Bangladesh",0,0.711119631445511,0.481322774637782,"ok",4883749,4883749,0,12772,0,0,0,0,0,0,TRUE,0.4,"YRI","AFR"
"NA19097","Bangladesh",0,0.711898306774238,0.48353619303074,"ok",4883749,4883749,0,12772,0,0,0,0,0,0,TRUE,0.4,"YRI","AFR"
"NA19100","Bangladesh",0,0.71188143260038,0.47891588704357,"ok",4883749,4883749,0,12772,0,0,0,0,0,0,TRUE,0.4,"YRI","AFR"
"NA19103","Bangladesh",0,0.712478753808126,0.481057815644726,"ok",4883749,4883749,0,12772,0,0,0,0,0,0,TRUE,0.4,"YRI","AFR"
"NA19109","Bangladesh",0,0.71028318624414,0.48009637546282,"ok",4883749,4883749,0,12772,0,0,0,0,0,0,TRUE,0.4,"YRI","AFR"
"NA19115","Bangladesh",0,0.711625664910041,0.47806045218293,"ok",4883749,4883749,0,12772,0,0,0,0,0,0,TRUE,0.4,"YRI","AFR"
"NA19120","Bangladesh",0,0.711629299843959,0.479787343507147,"ok",4883749,4883749,0,12772,0,0,0,0,0,0,TRUE,0.4,"YRI","AFR"
"NA19123","Bangladesh",0,0.710233488281364,0.478270544939,"ok",4883749,4883749,0,12772,0,0,0,0,0,0,TRUE,0.4,"YRI","AFR"
"NA19129","Bangladesh",0,0.708418663352175,0.480843113965665,"ok",4883749,4883749,0,12772,0,0,0,0,0,0,TRUE,0.4,"YRI","AFR"
"NA19132","Bangladesh",0,0.712382422749432,0.481150962847747,"ok",4883749,4883749,0,12772,0,0,0,0,0,0,TRUE,0.4,"YRI","AFR"
"NA19139","Bangladesh",0,0.709648020384274,0.478316723421295,"ok",4883749,4883749,0,12772,0,0,0,0,0,0,TRUE,0.4,"YRI","AFR"
"NA19142","Bangladesh",0,0.70925829644373,0.475670048903432,"ok",4883749,4883749,0,12772,0,0,0,0,0,0,TRUE,0.4,"YRI","AFR"
"NA19145","Bangladesh",0,0.708766963318158,0.475982409609915,"ok",4883749,4883749,0,12772,0,0,0,0,0,0,TRUE,0.4,"YRI","AFR"
"NA19148","Bangladesh",0,0.712116911347803,0.480423845410452,"ok",4883749,4883749,0,12772,0,0,0,0,0,0,TRUE,0.4,"YRI","AFR"
"NA19151","Bangladesh",0,0.711935315539228,0.480995088512068,"ok",4883749,4883749,0,12772,0,0,0,0,0,0,TRUE,0.4,"YRI","AFR"
"NA19154","Bangladesh",0,0.710817881734104,0.480132291599337,"ok",4883749,4883749,0,12772,0,0,0,0,0,0,TRUE,0.4,"YRI","AFR"
"NA19161","Bangladesh",0,0.707597440879435,0.479142507162167,"ok",4883749,4883749,0,12772,0,0,0,0,0,0,TRUE,0.4,"YRI","AFR"
"NA19173","Bangladesh",0,0.709418357190812,0.479658655739382,"ok",4883749,4883749,0,12772,0,0,0,0,0,0,TRUE,0.4,"YRI","AFR"
"NA19174","Bangladesh",0,0.707470560888732,0.477976695728903,"ok",4883749,4883749,0,12772,0,0,0,0,0,0,TRUE,0.4,"YRI","AFR"
"NA19177","Bangladesh",0,0.710694961794487,0.479167025109758,"ok",4883749,4883749,0,12772,0,0,0,0,0,0,TRUE,0.4,"YRI","AFR"
"NA19186","Bangladesh",0,0.710622021072665,0.476155627161145,"ok",4883749,4883749,0,12772,0,0,0,0,0,0,TRUE,0.4,"YRI","AFR"
"NA19191","Bangladesh",0,0.709621443930283,0.48217742460045,"ok",4883749,4883749,0,12772,0,0,0,0,0,0,TRUE,0.4,"YRI","AFR"
"NA19199","Bangladesh",0,0.710795274606652,0.480623554328048,"ok",4883749,4883749,0,12772,0,0,0,0,0,0,TRUE,0.4,"YRI","AFR"
"NA19202","Bangladesh",0,0.710420888395138,0.478711146506349,"ok",4883749,4883749,0,12772,0,0,0,0,0,0,TRUE,0.4,"YRI","AFR"
"NA19205","Bangladesh",0,0.713163478078787,0.483861422399456,"ok",4883749,4883749,0,12772,0,0,0,0,0,0,TRUE,0.4,"YRI","AFR"
"NA19208","Bangladesh",0,0.711585205992313,0.479388457447612,"ok",4883749,4883749,0,12772,0,0,0,0,0,0,TRUE,0.4,"YRI","AFR"
"NA19211","Bangladesh",0,0.710624825561571,0.476167416338984,"ok",4883749,4883749,0,12772,0,0,0,0,0,0,TRUE,0.4,"YRI","AFR"
"NA19215","Bangladesh",0,0.712612783587632,0.478966049053071,"ok",4883749,4883749,0,12772,0,0,0,0,0,0,TRUE,0.4,"YRI","AFR"
"NA19221","Bangladesh",0,0.711442228839952,0.481263789485807,"ok",4883749,4883749,0,12772,0,0,0,0,0,0,TRUE,0.4,"YRI","AFR"
"NA19224","Bangladesh",0,0.7096704224173,0.476996936991832,"ok",4883749,4883749,0,12772,0,0,0,0,0,0,TRUE,0.4,"YRI","AFR"
"NA19237","Bangladesh",0,0.709961376461955,0.476066559209931,"ok",4883749,4883749,0,12772,0,0,0,0,0,0,TRUE,0.4,"YRI","AFR"
"NA19240","Bangladesh",0,0.710184309752737,0.478015054957371,"ok",4883749,4883749,0,12772,0,0,0,0,0,0,TRUE,0.4,"YRI","AFR"
"NA19249","Bangladesh",0,0.711250631029851,0.48107515410834,"ok",4883749,4883749,0,12772,0,0,0,0,0,0,TRUE,0.4,"YRI","AFR"
"NA19258","Bangladesh",0,0.711190909176151,0.48112715660693,"ok",4883749,4883749,0,12772,0,0,0,0,0,0,TRUE,0.4,"YRI","AFR"
"NA18484","Europe (North East)",0,0.709825881741235,0.453784042138623,"ok",4883749,4883749,0,12772,0,0,0,0,0,0,TRUE,0.4,"YRI","AFR"
"NA18485","Europe (North East)",0,0.712200293959852,0.451351278856982,"ok",4883749,4883749,0,12772,0,0,0,0,0,0,TRUE,0.4,"YRI","AFR"
"NA18497","Europe (North East)",0,0.708441275649506,0.445743412290035,"ok",4883749,4883749,0,12772,0,0,0,0,0,0,TRUE,0.4,"YRI","AFR"
"NA18500","Europe (North East)",0,0.711244546026182,0.450359723866224,"ok",4883749,4883749,0,12772,0,0,0,0,0,0,TRUE,0.4,"YRI","AFR"
"NA18503","Europe (North East)",0,0.711124531891229,0.444809344715434,"ok",4883749,4883749,0,12772,0,0,0,0,0,0,TRUE,0.4,"YRI","AFR"
"NA18506","Europe (North East)",0,0.711415427573818,0.449851243984597,"ok",4883749,4883749,0,12772,0,0,0,0,0,0,TRUE,0.4,"YRI","AFR"
"NA18515","Europe (North East)",0,0.712719420611189,0.450402481792973,"ok",4883749,4883749,0,12772,0,0,0,0,0,0,TRUE,0.4,"YRI","AFR"
"NA18518","Europe (North East)",0,0.714639236527377,0.453642479269087,"ok",4883749,4883749,0,12772,0,0,0,0,0,0,TRUE,0.4,"YRI","AFR"
"NA18521","Europe (North East)",0,0.708573379902358,0.451572654922759,"ok",4883749,4883749,0,12772,0,0,0,0,0,0,TRUE,0.4,"YRI","AFR"
"NA18854","Europe (North East)",0,0.712843215784703,0.450520393187621,"ok",4883749,4883749,0,12772,0,0,0,0,0,0,TRUE,0.4,"YRI","AFR"
"NA18857","Europe (North East)",0,0.709195872988094,0.449285884536831,"ok",4883749,4883749,0,12772,0,0,0,0,0,0,TRUE,0.4,"YRI","AFR"
"NA18860","Europe (North East)",0,0.709191813087805,0.448757622885495,"ok",4883749,4883749,0,12772,0,0,0,0,0,0,TRUE,0.4,"YRI","AFR"
"NA18863","Europe (North East)",0,0.708243111719007,0.451328744614215,"ok",4883749,4883749,0,12772,0,0,0,0,0,0,TRUE,0.4,"YRI","AFR"
"NA18869","Europe (North East)",0,0.710244662593691,0.448038918311974,"ok",4883749,4883749,0,12772,0,0,0,0,0,0,TRUE,0.4,"YRI","AFR"
"NA18872","Europe (North East)",0,0.7096934956979,0.449588147916783,"ok",4883749,4883749,0,12772,0,0,0,0,0,0,TRUE,0.4,"YRI","AFR"
"NA18875","Europe (North East)",0,0.710447603721394,0.44732886979258,"ok",4883749,4883749,0,12772,0,0,0,0,0,0,TRUE,0.4,"YRI","AFR"
"NA18906","Europe (North East)",0,0.711656079684615,0.453431753182658,"ok",4883749,4883749,0,12772,0,0,0,0,0,0,TRUE,0.4,"YRI","AFR"
"NA18911","Europe (North East)",0,0.71104579202622,0.455452412843633,"ok",4883749,4883749,0,12772,0,0,0,0,0,0,TRUE,0.4,"YRI","AFR"
"NA18914","Europe (North East)",0,0.712094907011823,0.450829204256134,"ok",4883749,4883749,0,12772,0,0,0,0,0,0,TRUE,0.4,"YRI","AFR"
"NA18925","Europe (North East)",0,0.710029600981635,0.453144001937386,"ok",4883749,4883749,0,12772,0,0,0,0,0,0,TRUE,0.4,"YRI","AFR"
"NA18930","Europe (North East)",0,0.711232715408393,0.449099857079223,"ok",4883749,4883749,0,12772,0,0,0,0,0,0,TRUE,0.4,"YRI","AFR"
"NA18935","Europe (North East)",0,0.710083233070864,0.447450856908488,"ok",4883749,4883749,0,12772,0,0,0,0,0,0,TRUE,0.4,"YRI","AFR"
"NA19094","Europe (North East)",0,0.711119631445511,0.452266377003208,"ok",4883749,4883749,0,12772,0,0,0,0,0,0,TRUE,0.4,"YRI","AFR"
"NA19097","Europe (North East)",0,0.711898306774238,0.453877913517133,"ok",4883749,4883749,0,12772,0,0,0,0,0,0,TRUE,0.4,"YRI","AFR"
"NA19100","Europe (North East)",0,0.71188143260038,0.448906718633513,"ok",4883749,4883749,0,12772,0,0,0,0,0,0,TRUE,0.4,"YRI","AFR"
"NA19103","Europe (North East)",0,0.712478753808126,0.452255453404451,"ok",4883749,4883749,0,12772,0,0,0,0,0,0,TRUE,0.4,"YRI","AFR"
"NA19109","Europe (North East)",0,0.71028318624414,0.450936083045914,"ok",4883749,4883749,0,12772,0,0,0,0,0,0,TRUE,0.4,"YRI","AFR"
"NA19115","Europe (North East)",0,0.711625664910041,0.449807634739468,"ok",4883749,4883749,0,12772,0,0,0,0,0,0,TRUE,0.4,"YRI","AFR"
"NA19120","Europe (North East)",0,0.711629299843959,0.450144198994695,"ok",4883749,4883749,0,12772,0,0,0,0,0,0,TRUE,0.4,"YRI","AFR"
"NA19123","Europe (North East)",0,0.710233488281364,0.44828102900268,"ok",4883749,4883749,0,12772,0,0,0,0,0,0,TRUE,0.4,"YRI","AFR"
"NA19129","Europe (North East)",0,0.708418663352175,0.453759638938439,"ok",4883749,4883749,0,12772,0,0,0,0,0,0,TRUE,0.4,"YRI","AFR"
"NA19132","Europe (North East)",0,0.712382422749432,0.451158438061167,"ok",4883749,4883749,0,12772,0,0,0,0,0,0,TRUE,0.4,"YRI","AFR"
"NA19139","Europe (North East)",0,0.709648020384274,0.449656790030771,"ok",4883749,4883749,0,12772,0,0,0,0,0,0,TRUE,0.4,"YRI","AFR"
"NA19142","Europe (North East)",0,0.70925829644373,0.448276683195714,"ok",4883749,4883749,0,12772,0,0,0,0,0,0,TRUE,0.4,"YRI","AFR"
"NA19145","Europe (North East)",0,0.708766963318158,0.448378838516197,"ok",4883749,4883749,0,12772,0,0,0,0,0,0,TRUE,0.4,"YRI","AFR"
"NA19148","Europe (North East)",0,0.712116911347803,0.45068213878128,"ok",4883749,4883749,0,12772,0,0,0,0,0,0,TRUE,0.4,"YRI","AFR"
"NA19151","Europe (North East)",0,0.711935315539228,0.452686729420485,"ok",4883749,4883749,0,12772,0,0,0,0,0,0,TRUE,0.4,"YRI","AFR"
"NA19154","Europe (North East)",0,0.710817881734104,0.452008529470592,"ok",4883749,4883749,0,12772,0,0,0,0,0,0,TRUE,0.4,"YRI","AFR"
"NA19161","Europe (North East)",0,0.707597440879435,0.447993969089661,"ok",4883749,4883749,0,12772,0,0,0,0,0,0,TRUE,0.4,"YRI","AFR"
"NA19173","Europe (North East)",0,0.709418357190812,0.452954082481543,"ok",4883749,4883749,0,12772,0,0,0,0,0,0,TRUE,0.4,"YRI","AFR"
"NA19174","Europe (North East)",0,0.707470560888732,0.4517051039212,"ok",4883749,4883749,0,12772,0,0,0,0,0,0,TRUE,0.4,"YRI","AFR"
"NA19177","Europe (North East)",0,0.710694961794487,0.44985841928975,"ok",4883749,4883749,0,12772,0,0,0,0,0,0,TRUE,0.4,"YRI","AFR"
"NA19186","Europe (North East)",0,0.710622021072665,0.448301756608907,"ok",4883749,4883749,0,12772,0,0,0,0,0,0,TRUE,0.4,"YRI","AFR"
"NA19191","Europe (North East)",0,0.709621443930283,0.452668527546486,"ok",4883749,4883749,0,12772,0,0,0,0,0,0,TRUE,0.4,"YRI","AFR"
"NA19199","Europe (North East)",0,0.710795274606652,0.453807633887671,"ok",4883749,4883749,0,12772,0,0,0,0,0,0,TRUE,0.4,"YRI","AFR"
"NA19202","Europe (North East)",0,0.710420888395138,0.44986703605106,"ok",4883749,4883749,0,12772,0,0,0,0,0,0,TRUE,0.4,"YRI","AFR"
"NA19205","Europe (North East)",0,0.713163478078787,0.454726590761643,"ok",4883749,4883749,0,12772,0,0,0,0,0,0,TRUE,0.4,"YRI","AFR"
"NA19208","Europe (North East)",0,0.711585205992313,0.449457048545581,"ok",4883749,4883749,0,12772,0,0,0,0,0,0,TRUE,0.4,"YRI","AFR"
"NA19211","Europe (North East)",0,0.710624825561571,0.449962430637741,"ok",4883749,4883749,0,12772,0,0,0,0,0,0,TRUE,0.4,"YRI","AFR"
"NA19215","Europe (North East)",0,0.712612783587632,0.449776441990701,"ok",4883749,4883749,0,12772,0,0,0,0,0,0,TRUE,0.4,"YRI","AFR"
"NA19221","Europe (North East)",0,0.711442228839952,0.453435747078279,"ok",4883749,4883749,0,12772,0,0,0,0,0,0,TRUE,0.4,"YRI","AFR"
"NA19224","Europe (North East)",0,0.7096704224173,0.450144934395635,"ok",4883749,4883749,0,12772,0,0,0,0,0,0,TRUE,0.4,"YRI","AFR"
"NA19237","Europe (North East)",0,0.709961376461955,0.447021619587323,"ok",4883749,4883749,0,12772,0,0,0,0,0,0,TRUE,0.4,"YRI","AFR"
"NA19240","Europe (North East)",0,0.710184309752737,0.450085811031789,"ok",4883749,4883749,0,12772,0,0,0,0,0,0,TRUE,0.4,"YRI","AFR"
"NA19249","Europe (North East)",0,0.711250631029851,0.451218388340516,"ok",4883749,4883749,0,12772,0,0,0,0,0,0,TRUE,0.4,"YRI","AFR"
"NA19258","Europe (North East)",0,0.711190909176151,0.45259456708078,"ok",4883749,4883749,0,12772,0,0,0,0,0,0,TRUE,0.4,"YRI","AFR"
"NA18484","Europe (South East)",0,0.709825881741235,0.459602261684579,"ok",4883749,4883749,0,12772,0,0,0,0,0,0,TRUE,0.4,"YRI","AFR"
"NA18485","Europe (South East)",0,0.712200293959852,0.456943634217291,"ok",4883749,4883749,0,12772,0,0,0,0,0,0,TRUE,0.4,"YRI","AFR"
"NA18497","Europe (South East)",0,0.708441275649506,0.45141983483792,"ok",4883749,4883749,0,12772,0,0,0,0,0,0,TRUE,0.4,"YRI","AFR"
"NA18500","Europe (South East)",0,0.711244546026182,0.455637829279927,"ok",4883749,4883749,0,12772,0,0,0,0,0,0,TRUE,0.4,"YRI","AFR"
"NA18503","Europe (South East)",0,0.711124531891229,0.44973808887818,"ok",4883749,4883749,0,12772,0,0,0,0,0,0,TRUE,0.4,"YRI","AFR"
"NA18506","Europe (South East)",0,0.711415427573818,0.455420245796279,"ok",4883749,4883749,0,12772,0,0,0,0,0,0,TRUE,0.4,"YRI","AFR"
"NA18515","Europe (South East)",0,0.712719420611189,0.456008468935842,"ok",4883749,4883749,0,12772,0,0,0,0,0,0,TRUE,0.4,"YRI","AFR"
"NA18518","Europe (South East)",0,0.714639236527377,0.459630245407557,"ok",4883749,4883749,0,12772,0,0,0,0,0,0,TRUE,0.4,"YRI","AFR"
"NA18521","Europe (South East)",0,0.708573379902358,0.45704863883921,"ok",4883749,4883749,0,12772,0,0,0,0,0,0,TRUE,0.4,"YRI","AFR"
"NA18854","Europe (South East)",0,0.712843215784703,0.455797181335607,"ok",4883749,4883749,0,12772,0,0,0,0,0,0,TRUE,0.4,"YRI","AFR"
"NA18857","Europe (South East)",0,0.709195872988094,0.455240570589608,"ok",4883749,4883749,0,12772,0,0,0,0,0,0,TRUE,0.4,"YRI","AFR"
"NA18860","Europe (South East)",0,0.709191813087805,0.454021487486193,"ok",4883749,4883749,0,12772,0,0,0,0,0,0,TRUE,0.4,"YRI","AFR"
"NA18863","Europe (South East)",0,0.708243111719007,0.45684882342926,"ok",4883749,4883749,0,12772,0,0,0,0,0,0,TRUE,0.4,"YRI","AFR"
"NA18869","Europe (South East)",0,0.710244662593691,0.453581494044361,"ok",4883749,4883749,0,12772,0,0,0,0,0,0,TRUE,0.4,"YRI","AFR"
"NA18872","Europe (South East)",0,0.7096934956979,0.455298552725306,"ok",4883749,4883749,0,12772,0,0,0,0,0,0,TRUE,0.4,"YRI","AFR"
"NA18875","Europe (South East)",0,0.710447603721394,0.452751511445593,"ok",4883749,4883749,0,12772,0,0,0,0,0,0,TRUE,0.4,"YRI","AFR"
"NA18906","Europe (South East)",0,0.711656079684615,0.459222589260922,"ok",4883749,4883749,0,12772,0,0,0,0,0,0,TRUE,0.4,"YRI","AFR"
"NA18911","Europe (South East)",0,0.71104579202622,0.460869203394425,"ok",4883749,4883749,0,12772,0,0,0,0,0,0,TRUE,0.4,"YRI","AFR"
"NA18914","Europe (South East)",0,0.712094907011823,0.456224762599409,"ok",4883749,4883749,0,12772,0,0,0,0,0,0,TRUE,0.4,"YRI","AFR"
"NA18925","Europe (South East)",0,0.710029600981635,0.458481887425972,"ok",4883749,4883749,0,12772,0,0,0,0,0,0,TRUE,0.4,"YRI","AFR"
"NA18930","Europe (South East)",0,0.711232715408393,0.454930870232987,"ok",4883749,4883749,0,12772,0,0,0,0,0,0,TRUE,0.4,"YRI","AFR"
"NA18935","Europe (South East)",0,0.710083233070864,0.453036618486823,"ok",4883749,4883749,0,12772,0,0,0,0,0,0,TRUE,0.4,"YRI","AFR"
"NA19094","Europe (South East)",0,0.711119631445511,0.457530743383143,"ok",4883749,4883749,0,12772,0,0,0,0,0,0,TRUE,0.4,"YRI","AFR"
"NA19097","Europe (South East)",0,0.711898306774238,0.459274981934171,"ok",4883749,4883749,0,12772,0,0,0,0,0,0,TRUE,0.4,"YRI","AFR"
"NA19100","Europe (South East)",0,0.71188143260038,0.454510063986834,"ok",4883749,4883749,0,12772,0,0,0,0,0,0,TRUE,0.4,"YRI","AFR"
"NA19103","Europe (South East)",0,0.712478753808126,0.458390582526415,"ok",4883749,4883749,0,12772,0,0,0,0,0,0,TRUE,0.4,"YRI","AFR"
"NA19109","Europe (South East)",0,0.71028318624414,0.456265274885866,"ok",4883749,4883749,0,12772,0,0,0,0,0,0,TRUE,0.4,"YRI","AFR"
"NA19115","Europe (South East)",0,0.711625664910041,0.454533511637316,"ok",4883749,4883749,0,12772,0,0,0,0,0,0,TRUE,0.4,"YRI","AFR"
"NA19120","Europe (South East)",0,0.711629299843959,0.455420716543045,"ok",4883749,4883749,0,12772,0,0,0,0,0,0,TRUE,0.4,"YRI","AFR"
"NA19123","Europe (South East)",0,0.710233488281364,0.453916885142842,"ok",4883749,4883749,0,12772,0,0,0,0,0,0,TRUE,0.4,"YRI","AFR"
"NA19129","Europe (South East)",0,0.708418663352175,0.459522968486883,"ok",4883749,4883749,0,12772,0,0,0,0,0,0,TRUE,0.4,"YRI","AFR"
"NA19132","Europe (South East)",0,0.712382422749432,0.457050479614563,"ok",4883749,4883749,0,12772,0,0,0,0,0,0,TRUE,0.4,"YRI","AFR"
"NA19139","Europe (South East)",0,0.709648020384274,0.455108147109413,"ok",4883749,4883749,0,12772,0,0,0,0,0,0,TRUE,0.4,"YRI","AFR"
"NA19142","Europe (South East)",0,0.70925829644373,0.453688748961647,"ok",4883749,4883749,0,12772,0,0,0,0,0,0,TRUE,0.4,"YRI","AFR"
"NA19145","Europe (South East)",0,0.708766963318158,0.454545375158203,"ok",4883749,4883749,0,12772,0,0,0,0,0,0,TRUE,0.4,"YRI","AFR"
"NA19148","Europe (South East)",0,0.712116911347803,0.456775532327173,"ok",4883749,4883749,0,12772,0,0,0,0,0,0,TRUE,0.4,"YRI","AFR"
"NA19151","Europe (South East)",0,0.711935315539228,0.458194224753709,"ok",4883749,4883749,0,12772,0,0,0,0,0,0,TRUE,0.4,"YRI","AFR"
"NA19154","Europe (South East)",0,0.710817881734104,0.457886226713616,"ok",4883749,4883749,0,12772,0,0,0,0,0,0,TRUE,0.4,"YRI","AFR"
"NA19161","Europe (South East)",0,0.707597440879435,0.453224961020641,"ok",4883749,4883749,0,12772,0,0,0,0,0,0,TRUE,0.4,"YRI","AFR"
"NA19173","Europe (South East)",0,0.709418357190812,0.457686084418329,"ok",4883749,4883749,0,12772,0,0,0,0,0,0,TRUE,0.4,"YRI","AFR"
"NA19174","Europe (South East)",0,0.707470560888732,0.457552792426312,"ok",4883749,4883749,0,12772,0,0,0,0,0,0,TRUE,0.4,"YRI","AFR"
"NA19177","Europe (South East)",0,0.710694961794487,0.455408519510108,"ok",4883749,4883749,0,12772,0,0,0,0,0,0,TRUE,0.4,"YRI","AFR"
"NA19186","Europe (South East)",0,0.710622021072665,0.453922849003099,"ok",4883749,4883749,0,12772,0,0,0,0,0,0,TRUE,0.4,"YRI","AFR"
"NA19191","Europe (South East)",0,0.709621443930283,0.457746101645316,"ok",4883749,4883749,0,12772,0,0,0,0,0,0,TRUE,0.4,"YRI","AFR"
"NA19199","Europe (South East)",0,0.710795274606652,0.459221068220212,"ok",4883749,4883749,0,12772,0,0,0,0,0,0,TRUE,0.4,"YRI","AFR"
"NA19202","Europe (South East)",0,0.710420888395138,0.4555182769715,"ok",4883749,4883749,0,12772,0,0,0,0,0,0,TRUE,0.4,"YRI","AFR"
"NA19205","Europe (South East)",0,0.713163478078787,0.4600640554162,"ok",4883749,4883749,0,12772,0,0,0,0,0,0,TRUE,0.4,"YRI","AFR"
"NA19208","Europe (South East)",0,0.711585205992313,0.455539074604129,"ok",4883749,4883749,0,12772,0,0,0,0,0,0,TRUE,0.4,"YRI","AFR"
"NA19211","Europe (South East)",0,0.710624825561571,0.455258172827455,"ok",4883749,4883749,0,12772,0,0,0,0,0,0,TRUE,0.4,"YRI","AFR"
"NA19215","Europe (South East)",0,0.712612783587632,0.455365765734515,"ok",4883749,4883749,0,12772,0,0,0,0,0,0,TRUE,0.4,"YRI","AFR"
"NA19221","Europe (South East)",0,0.711442228839952,0.458550704218138,"ok",4883749,4883749,0,12772,0,0,0,0,0,0,TRUE,0.4,"YRI","AFR"
"NA19224","Europe (South East)",0,0.7096704224173,0.455502497086828,"ok",4883749,4883749,0,12772,0,0,0,0,0,0,TRUE,0.4,"YRI","AFR"
"NA19237","Europe (South East)",0,0.709961376461955,0.452562136983616,"ok",4883749,4883749,0,12772,0,0,0,0,0,0,TRUE,0.4,"YRI","AFR"
"NA19240","Europe (South East)",0,0.710184309752737,0.455529797232582,"ok",4883749,4883749,0,12772,0,0,0,0,0,0,TRUE,0.4,"YRI","AFR"
"NA19249","Europe (South East)",0,0.711250631029851,0.457593183129421,"ok",4883749,4883749,0,12772,0,0,0,0,0,0,TRUE,0.4,"YRI","AFR"
"NA19258","Europe (South East)",0,0.711190909176151,0.458134133301703,"ok",4883749,4883749,0,12772,0,0,0,0,0,0,TRUE,0.4,"YRI","AFR"
"NA18484","Europe (South West)",0,0.709825881741235,0.466939502294826,"ok",4883749,4883749,0,12772,0,0,0,0,0,0,TRUE,0.4,"YRI","AFR"
"NA18485","Europe (South West)",0,0.712200293959852,0.464119096981396,"ok",4883749,4883749,0,12772,0,0,0,0,0,0,TRUE,0.4,"YRI","AFR"
"NA18497","Europe (South West)",0,0.708441275649506,0.459135427105835,"ok",4883749,4883749,0,12772,0,0,0,0,0,0,TRUE,0.4,"YRI","AFR"
"NA18500","Europe (South West)",0,0.711244546026182,0.463010951704423,"ok",4883749,4883749,0,12772,0,0,0,0,0,0,TRUE,0.4,"YRI","AFR"
"NA18503","Europe (South West)",0,0.711124531891229,0.457444482089686,"ok",4883749,4883749,0,12772,0,0,0,0,0,0,TRUE,0.4,"YRI","AFR"
"NA18506","Europe (South West)",0,0.711415427573818,0.462489936766376,"ok",4883749,4883749,0,12772,0,0,0,0,0,0,TRUE,0.4,"YRI","AFR"
"NA18515","Europe (South West)",0,0.712719420611189,0.463427016704317,"ok",4883749,4883749,0,12772,0,0,0,0,0,0,TRUE,0.4,"YRI","AFR"
"NA18518","Europe (South West)",0,0.714639236527377,0.467386959542781,"ok",4883749,4883749,0,12772,0,0,0,0,0,0,TRUE,0.4,"YRI","AFR"
"NA18521","Europe (South West)",0,0.708573379902358,0.464287759062594,"ok",4883749,4883749,0,12772,0,0,0,0,0,0,TRUE,0.4,"YRI","AFR"
"NA18854","Europe (South West)",0,0.712843215784703,0.463549566735881,"ok",4883749,4883749,0,12772,0,0,0,0,0,0,TRUE,0.4,"YRI","AFR"
"NA18857","Europe (South West)",0,0.709195872988094,0.462258569879113,"ok",4883749,4883749,0,12772,0,0,0,0,0,0,TRUE,0.4,"YRI","AFR"
"NA18860","Europe (South West)",0,0.709191813087805,0.461158875310692,"ok",4883749,4883749,0,12772,0,0,0,0,0,0,TRUE,0.4,"YRI","AFR"
"NA18863","Europe (South West)",0,0.708243111719007,0.464193579944267,"ok",4883749,4883749,0,12772,0,0,0,0,0,0,TRUE,0.4,"YRI","AFR"
"NA18869","Europe (South West)",0,0.710244662593691,0.460691832713885,"ok",4883749,4883749,0,12772,0,0,0,0,0,0,TRUE,0.4,"YRI","AFR"
"NA18872","Europe (South West)",0,0.7096934956979,0.462423098603751,"ok",4883749,4883749,0,12772,0,0,0,0,0,0,TRUE,0.4,"YRI","AFR"
"NA18875","Europe (South West)",0,0.710447603721394,0.460085473137725,"ok",4883749,4883749,0,12772,0,0,0,0,0,0,TRUE,0.4,"YRI","AFR"
"NA18906","Europe (South West)",0,0.711656079684615,0.466555168086769,"ok",4883749,4883749,0,12772,0,0,0,0,0,0,TRUE,0.4,"YRI","AFR"
"NA18911","Europe (South West)",0,0.71104579202622,0.467630253872633,"ok",4883749,4883749,0,12772,0,0,0,0,0,0,TRUE,0.4,"YRI","AFR"
"NA18914","Europe (South West)",0,0.712094907011823,0.46346562282359,"ok",4883749,4883749,0,12772,0,0,0,0,0,0,TRUE,0.4,"YRI","AFR"
"NA18925","Europe (South West)",0,0.710029600981635,0.465753387655471,"ok",4883749,4883749,0,12772,0,0,0,0,0,0,TRUE,0.4,"YRI","AFR"
"NA18930","Europe (South West)",0,0.711232715408393,0.46238174120464,"ok",4883749,4883749,0,12772,0,0,0,0,0,0,TRUE,0.4,"YRI","AFR"
"NA18935","Europe (South West)",0,0.710083233070864,0.460323878858958,"ok",4883749,4883749,0,12772,0,0,0,0,0,0,TRUE,0.4,"YRI","AFR"
"NA19094","Europe (South West)",0,0.711119631445511,0.464828956972458,"ok",4883749,4883749,0,12772,0,0,0,0,0,0,TRUE,0.4,"YRI","AFR"
"NA19097","Europe (South West)",0,0.711898306774238,0.467028216298071,"ok",4883749,4883749,0,12772,0,0,0,0,0,0,TRUE,0.4,"YRI","AFR"
"NA19100","Europe (South West)",0,0.71188143260038,0.461346017827986,"ok",4883749,4883749,0,12772,0,0,0,0,0,0,TRUE,0.4,"YRI","AFR"
"NA19103","Europe (South West)",0,0.712478753808126,0.465472037117742,"ok",4883749,4883749,0,12772,0,0,0,0,0,0,TRUE,0.4,"YRI","AFR"
"NA19109","Europe (South West)",0,0.71028318624414,0.464102462113023,"ok",4883749,4883749,0,12772,0,0,0,0,0,0,TRUE,0.4,"YRI","AFR"
"NA19115","Europe (South West)",0,0.711625664910041,0.461769860184061,"ok",4883749,4883749,0,12772,0,0,0,0,0,0,TRUE,0.4,"YRI","AFR"
"NA19120","Europe (South West)",0,0.711629299843959,0.463619651922714,"ok",4883749,4883749,0,12772,0,0,0,0,0,0,TRUE,0.4,"YRI","AFR"
"NA19123","Europe (South West)",0,0.710233488281364,0.461086379065094,"ok",4883749,4883749,0,12772,0,0,0,0,0,0,TRUE,0.4,"YRI","AFR"
"NA19129","Europe (South West)",0,0.708418663352175,0.466853816783094,"ok",4883749,4883749,0,12772,0,0,0,0,0,0,TRUE,0.4,"YRI","AFR"
"NA19132","Europe (South West)",0,0.712382422749432,0.464697663463016,"ok",4883749,4883749,0,12772,0,0,0,0,0,0,TRUE,0.4,"YRI","AFR"
"NA19139","Europe (South West)",0,0.709648020384274,0.462714492101611,"ok",4883749,4883749,0,12772,0,0,0,0,0,0,TRUE,0.4,"YRI","AFR"
"NA19142","Europe (South West)",0,0.70925829644373,0.461153950531652,"ok",4883749,4883749,0,12772,0,0,0,0,0,0,TRUE,0.4,"YRI","AFR"
"NA19145","Europe (South West)",0,0.708766963318158,0.461735728627747,"ok",4883749,4883749,0,12772,0,0,0,0,0,0,TRUE,0.4,"YRI","AFR"
"NA19148","Europe (South West)",0,0.712116911347803,0.464123241593836,"ok",4883749,4883749,0,12772,0,0,0,0,0,0,TRUE,0.4,"YRI","AFR"
"NA19151","Europe (South West)",0,0.711935315539228,0.465826730856058,"ok",4883749,4883749,0,12772,0,0,0,0,0,0,TRUE,0.4,"YRI","AFR"
"NA19154","Europe (South West)",0,0.710817881734104,0.465029047504356,"ok",4883749,4883749,0,12772,0,0,0,0,0,0,TRUE,0.4,"YRI","AFR"
"NA19161","Europe (South West)",0,0.707597440879435,0.461091472359559,"ok",4883749,4883749,0,12772,0,0,0,0,0,0,TRUE,0.4,"YRI","AFR"
"NA19173","Europe (South West)",0,0.709418357190812,0.464961575826291,"ok",4883749,4883749,0,12772,0,0,0,0,0,0,TRUE,0.4,"YRI","AFR"
"NA19174","Europe (South West)",0,0.707470560888732,0.46525919166915,"ok",4883749,4883749,0,12772,0,0,0,0,0,0,TRUE,0.4,"YRI","AFR"
"NA19177","Europe (South West)",0,0.710694961794487,0.463064075680571,"ok",4883749,4883749,0,12772,0,0,0,0,0,0,TRUE,0.4,"YRI","AFR"
"NA19186","Europe (South West)",0,0.710622021072665,0.461001077124829,"ok",4883749,4883749,0,12772,0,0,0,0,0,0,TRUE,0.4,"YRI","AFR"
"NA19191","Europe (South West)",0,0.709621443930283,0.465273248313027,"ok",4883749,4883749,0,12772,0,0,0,0,0,0,TRUE,0.4,"YRI","AFR"
"NA19199","Europe (South West)",0,0.710795274606652,0.467334760908137,"ok",4883749,4883749,0,12772,0,0,0,0,0,0,TRUE,0.4,"YRI","AFR"
"NA19202","Europe (South West)",0,0.710420888395138,0.463146394488285,"ok",4883749,4883749,0,12772,0,0,0,0,0,0,TRUE,0.4,"YRI","AFR"
"NA19205","Europe (South West)",0,0.713163478078787,0.46744974123015,"ok",4883749,4883749,0,12772,0,0,0,0,0,0,TRUE,0.4,"YRI","AFR"
"NA19208","Europe (South West)",0,0.711585205992313,0.462549238750598,"ok",4883749,4883749,0,12772,0,0,0,0,0,0,TRUE,0.4,"YRI","AFR"
"NA19211","Europe (South West)",0,0.710624825561571,0.462861621354645,"ok",4883749,4883749,0,12772,0,0,0,0,0,0,TRUE,0.4,"YRI","AFR"
"NA19215","Europe (South West)",0,0.712612783587632,0.463265018136321,"ok",4883749,4883749,0,12772,0,0,0,0,0,0,TRUE,0.4,"YRI","AFR"
"NA19221","Europe (South West)",0,0.711442228839952,0.466101372062271,"ok",4883749,4883749,0,12772,0,0,0,0,0,0,TRUE,0.4,"YRI","AFR"
"NA19224","Europe (South West)",0,0.7096704224173,0.462743174696508,"ok",4883749,4883749,0,12772,0,0,0,0,0,0,TRUE,0.4,"YRI","AFR"
"NA19237","Europe (South West)",0,0.709961376461955,0.460180253366485,"ok",4883749,4883749,0,12772,0,0,0,0,0,0,TRUE,0.4,"YRI","AFR"
"NA19240","Europe (South West)",0,0.710184309752737,0.462091511023248,"ok",4883749,4883749,0,12772,0,0,0,0,0,0,TRUE,0.4,"YRI","AFR"
"NA19249","Europe (South West)",0,0.711250631029851,0.464883372132186,"ok",4883749,4883749,0,12772,0,0,0,0,0,0,TRUE,0.4,"YRI","AFR"
"NA19258","Europe (South West)",0,0.711190909176151,0.465649850405931,"ok",4883749,4883749,0,12772,0,0,0,0,0,0,TRUE,0.4,"YRI","AFR"
"NA18484","Finland",0,0.709825881741235,0.450325546657105,"ok",4883749,4883749,0,12772,0,0,0,0,0,0,TRUE,0.4,"YRI","AFR"
"NA18485","Finland",0,0.712200293959852,0.448178423087923,"ok",4883749,4883749,0,12772,0,0,0,0,0,0,TRUE,0.4,"YRI","AFR"
"NA18497","Finland",0,0.708441275649506,0.442772909682314,"ok",4883749,4883749,0,12772,0,0,0,0,0,0,TRUE,0.4,"YRI","AFR"
"NA18500","Finland",0,0.711244546026182,0.447498992178783,"ok",4883749,4883749,0,12772,0,0,0,0,0,0,TRUE,0.4,"YRI","AFR"
"NA18503","Finland",0,0.711124531891229,0.441732537142216,"ok",4883749,4883749,0,12772,0,0,0,0,0,0,TRUE,0.4,"YRI","AFR"
"NA18506","Finland",0,0.711415427573818,0.445775683472568,"ok",4883749,4883749,0,12772,0,0,0,0,0,0,TRUE,0.4,"YRI","AFR"
"NA18515","Finland",0,0.712719420611189,0.447090326516824,"ok",4883749,4883749,0,12772,0,0,0,0,0,0,TRUE,0.4,"YRI","AFR"
"NA18518","Finland",0,0.714639236527377,0.450219116097151,"ok",4883749,4883749,0,12772,0,0,0,0,0,0,TRUE,0.4,"YRI","AFR"
"NA18521","Finland",0,0.708573379902358,0.448106218656546,"ok",4883749,4883749,0,12772,0,0,0,0,0,0,TRUE,0.4,"YRI","AFR"
"NA18854","Finland",0,0.712843215784703,0.446595868869888,"ok",4883749,4883749,0,12772,0,0,0,0,0,0,TRUE,0.4,"YRI","AFR"
"NA18857","Finland",0,0.709195872988094,0.445124188139859,"ok",4883749,4883749,0,12772,0,0,0,0,0,0,TRUE,0.4,"YRI","AFR"
"NA18860","Finland",0,0.709191813087805,0.444340283963493,"ok",4883749,4883749,0,12772,0,0,0,0,0,0,TRUE,0.4,"YRI","AFR"
"NA18863","Finland",0,0.708243111719007,0.448593389536634,"ok",4883749,4883749,0,12772,0,0,0,0,0,0,TRUE,0.4,"YRI","AFR"
"NA18869","Finland",0,0.710244662593691,0.444805726163089,"ok",4883749,4883749,0,12772,0,0,0,0,0,0,TRUE,0.4,"YRI","AFR"
"NA18872","Finland",0,0.7096934956979,0.445711291008239,"ok",4883749,4883749,0,12772,0,0,0,0,0,0,TRUE,0.4,"YRI","AFR"
"NA18875","Finland",0,0.710447603721394,0.443151185135663,"ok",4883749,4883749,0,12772,0,0,0,0,0,0,TRUE,0.4,"YRI","AFR"
"NA18906","Finland",0,0.711656079684615,0.45023046476225,"ok",4883749,4883749,0,12772,0,0,0,0,0,0,TRUE,0.4,"YRI","AFR"
"NA18911","Finland",0,0.71104579202622,0.451315987329226,"ok",4883749,4883749,0,12772,0,0,0,0,0,0,TRUE,0.4,"YRI","AFR"
"NA18914","Finland",0,0.712094907011823,0.446441964985962,"ok",4883749,4883749,0,12772,0,0,0,0,0,0,TRUE,0.4,"YRI","AFR"
"NA18925","Finland",0,0.710029600981635,0.449555857570043,"ok",4883749,4883749,0,12772,0,0,0,0,0,0,TRUE,0.4,"YRI","AFR"
"NA18930","Finland",0,0.711232715408393,0.445824778211584,"ok",4883749,4883749,0,12772,0,0,0,0,0,0,TRUE,0.4,"YRI","AFR"
"NA18935","Finland",0,0.710083233070864,0.444663827818409,"ok",4883749,4883749,0,12772,0,0,0,0,0,0,TRUE,0.4,"YRI","AFR"
"NA19094","Finland",0,0.711119631445511,0.448933132003051,"ok",4883749,4883749,0,12772,0,0,0,0,0,0,TRUE,0.4,"YRI","AFR"
"NA19097","Finland",0,0.711898306774238,0.451066143131958,"ok",4883749,4883749,0,12772,0,0,0,0,0,0,TRUE,0.4,"YRI","AFR"
"NA19100","Finland",0,0.71188143260038,0.445693997110521,"ok",4883749,4883749,0,12772,0,0,0,0,0,0,TRUE,0.4,"YRI","AFR"
"NA19103","Finland",0,0.712478753808126,0.448301068075215,"ok",4883749,4883749,0,12772,0,0,0,0,0,0,TRUE,0.4,"YRI","AFR"
"NA19109","Finland",0,0.71028318624414,0.448016166578785,"ok",4883749,4883749,0,12772,0,0,0,0,0,0,TRUE,0.4,"YRI","AFR"
"NA19115","Finland",0,0.711625664910041,0.446671644939572,"ok",4883749,4883749,0,12772,0,0,0,0,0,0,TRUE,0.4,"YRI","AFR"
"NA19120","Finland",0,0.711629299843959,0.446072041921173,"ok",4883749,4883749,0,12772,0,0,0,0,0,0,TRUE,0.4,"YRI","AFR"
"NA19123","Finland",0,0.710233488281364,0.444982769590524,"ok",4883749,4883749,0,12772,0,0,0,0,0,0,TRUE,0.4,"YRI","AFR"
"NA19129","Finland",0,0.708418663352175,0.450047895709095,"ok",4883749,4883749,0,12772,0,0,0,0,0,0,TRUE,0.4,"YRI","AFR"
"NA19132","Finland",0,0.712382422749432,0.447737439350649,"ok",4883749,4883749,0,12772,0,0,0,0,0,0,TRUE,0.4,"YRI","AFR"
"NA19139","Finland",0,0.709648020384274,0.446562014190447,"ok",4883749,4883749,0,12772,0,0,0,0,0,0,TRUE,0.4,"YRI","AFR"
"NA19142","Finland",0,0.70925829644373,0.444568503280225,"ok",4883749,4883749,0,12772,0,0,0,0,0,0,TRUE,0.4,"YRI","AFR"
"NA19145","Finland",0,0.708766963318158,0.445326898173136,"ok",4883749,4883749,0,12772,0,0,0,0,0,0,TRUE,0.4,"YRI","AFR"
"NA19148","Finland",0,0.712116911347803,0.447164360577683,"ok",4883749,4883749,0,12772,0,0,0,0,0,0,TRUE,0.4,"YRI","AFR"
"NA19151","Finland",0,0.711935315539228,0.449458799960555,"ok",4883749,4883749,0,12772,0,0,0,0,0,0,TRUE,0.4,"YRI","AFR"
"NA19154","Finland",0,0.710817881734104,0.448635407689161,"ok",4883749,4883749,0,12772,0,0,0,0,0,0,TRUE,0.4,"YRI","AFR"
"NA19161","Finland",0,0.707597440879435,0.444034166495596,"ok",4883749,4883749,0,12772,0,0,0,0,0,0,TRUE,0.4,"YRI","AFR"
"NA19173","Finland",0,0.709418357190812,0.450078783588864,"ok",4883749,4883749,0,12772,0,0,0,0,0,0,TRUE,0.4,"YRI","AFR"
"NA19174","Finland",0,0.707470560888732,0.448132214783429,"ok",4883749,4883749,0,12772,0,0,0,0,0,0,TRUE,0.4,"YRI","AFR"
"NA19177","Finland",0,0.710694961794487,0.446597726279611,"ok",4883749,4883749,0,12772,0,0,0,0,0,0,TRUE,0.4,"YRI","AFR"
"NA19186","Finland",0,0.710622021072665,0.44479851734569,"ok",4883749,4883749,0,12772,0,0,0,0,0,0,TRUE,0.4,"YRI","AFR"
"NA19191","Finland",0,0.709621443930283,0.448566452888955,"ok",4883749,4883749,0,12772,0,0,0,0,0,0,TRUE,0.4,"YRI","AFR"
"NA19199","Finland",0,0.710795274606652,0.450120523267479,"ok",4883749,4883749,0,12772,0,0,0,0,0,0,TRUE,0.4,"YRI","AFR"
"NA19202","Finland",0,0.710420888395138,0.447322598611719,"ok",4883749,4883749,0,12772,0,0,0,0,0,0,TRUE,0.4,"YRI","AFR"
"NA19205","Finland",0,0.713163478078787,0.45086673011945,"ok",4883749,4883749,0,12772,0,0,0,0,0,0,TRUE,0.4,"YRI","AFR"
"NA19208","Finland",0,0.711585205992313,0.446530995337832,"ok",4883749,4883749,0,12772,0,0,0,0,0,0,TRUE,0.4,"YRI","AFR"
"NA19211","Finland",0,0.710624825561571,0.446590656582497,"ok",4883749,4883749,0,12772,0,0,0,0,0,0,TRUE,0.4,"YRI","AFR"
"NA19215","Finland",0,0.712612783587632,0.446373469981369,"ok",4883749,4883749,0,12772,0,0,0,0,0,0,TRUE,0.4,"YRI","AFR"
"NA19221","Finland",0,0.711442228839952,0.449349999343892,"ok",4883749,4883749,0,12772,0,0,0,0,0,0,TRUE,0.4,"YRI","AFR"
"NA19224","Finland",0,0.7096704224173,0.446532357036105,"ok",4883749,4883749,0,12772,0,0,0,0,0,0,TRUE,0.4,"YRI","AFR"
"NA19237","Finland",0,0.709961376461955,0.443627330559574,"ok",4883749,4883749,0,12772,0,0,0,0,0,0,TRUE,0.4,"YRI","AFR"
"NA19240","Finland",0,0.710184309752737,0.446417606559905,"ok",4883749,4883749,0,12772,0,0,0,0,0,0,TRUE,0.4,"YRI","AFR"
"NA19249","Finland",0,0.711250631029851,0.44672266547753,"ok",4883749,4883749,0,12772,0,0,0,0,0,0,TRUE,0.4,"YRI","AFR"
"NA19258","Finland",0,0.711190909176151,0.449676204625483,"ok",4883749,4883749,0,12772,0,0,0,0,0,0,TRUE,0.4,"YRI","AFR"
"NA18484","Ireland",0,0.709825881741235,0.452434363739467,"ok",4883749,4883749,0,12772,0,0,0,0,0,0,TRUE,0.4,"YRI","AFR"
"NA18485","Ireland",0,0.712200293959852,0.45005365640749,"ok",4883749,4883749,0,12772,0,0,0,0,0,0,TRUE,0.4,"YRI","AFR"
"NA18497","Ireland",0,0.708441275649506,0.444882874681553,"ok",4883749,4883749,0,12772,0,0,0,0,0,0,TRUE,0.4,"YRI","AFR"
"NA18500","Ireland",0,0.711244546026182,0.449330624160492,"ok",4883749,4883749,0,12772,0,0,0,0,0,0,TRUE,0.4,"YRI","AFR"
"NA18503","Ireland",0,0.711124531891229,0.443579264205301,"ok",4883749,4883749,0,12772,0,0,0,0,0,0,TRUE,0.4,"YRI","AFR"
"NA18506","Ireland",0,0.711415427573818,0.448847317672475,"ok",4883749,4883749,0,12772,0,0,0,0,0,0,TRUE,0.4,"YRI","AFR"
"NA18515","Ireland",0,0.712719420611189,0.449365840859497,"ok",4883749,4883749,0,12772,0,0,0,0,0,0,TRUE,0.4,"YRI","AFR"
"NA18518","Ireland",0,0.714639236527377,0.452424953365976,"ok",4883749,4883749,0,12772,0,0,0,0,0,0,TRUE,0.4,"YRI","AFR"
"NA18521","Ireland",0,0.708573379902358,0.450951697199916,"ok",4883749,4883749,0,12772,0,0,0,0,0,0,TRUE,0.4,"YRI","AFR"
"NA18854","Ireland",0,0.712843215784703,0.44922819062799,"ok",4883749,4883749,0,12772,0,0,0,0,0,0,TRUE,0.4,"YRI","AFR"
"NA18857","Ireland",0,0.709195872988094,0.447835845762237,"ok",4883749,4883749,0,12772,0,0,0,0,0,0,TRUE,0.4,"YRI","AFR"
"NA18860","Ireland",0,0.709191813087805,0.446716287735942,"ok",4883749,4883749,0,12772,0,0,0,0,0,0,TRUE,0.4,"YRI","AFR"
"NA18863","Ireland",0,0.708243111719007,0.450273666720098,"ok",4883749,4883749,0,12772,0,0,0,0,0,0,TRUE,0.4,"YRI","AFR"
"NA18869","Ireland",0,0.710244662593691,0.447132954817852,"ok",4883749,4883749,0,12772,0,0,0,0,0,0,TRUE,0.4,"YRI","AFR"
"NA18872","Ireland",0,0.7096934956979,0.448460160252353,"ok",4883749,4883749,0,12772,0,0,0,0,0,0,TRUE,0.4,"YRI","AFR"
"NA18875","Ireland",0,0.710447603721394,0.44588217460371,"ok",4883749,4883749,0,12772,0,0,0,0,0,0,TRUE,0.4,"YRI","AFR"
"NA18906","Ireland",0,0.711656079684615,0.451650801786302,"ok",4883749,4883749,0,12772,0,0,0,0,0,0,TRUE,0.4,"YRI","AFR"
"NA18911","Ireland",0,0.71104579202622,0.454223260881115,"ok",4883749,4883749,0,12772,0,0,0,0,0,0,TRUE,0.4,"YRI","AFR"
"NA18914","Ireland",0,0.712094907011823,0.448660736947052,"ok",4883749,4883749,0,12772,0,0,0,0,0,0,TRUE,0.4,"YRI","AFR"
"NA18925","Ireland",0,0.710029600981635,0.451799422888577,"ok",4883749,4883749,0,12772,0,0,0,0,0,0,TRUE,0.4,"YRI","AFR"
"NA18930","Ireland",0,0.711232715408393,0.447866633745145,"ok",4883749,4883749,0,12772,0,0,0,0,0,0,TRUE,0.4,"YRI","AFR"
"NA18935","Ireland",0,0.710083233070864,0.446199495090605,"ok",4883749,4883749,0,12772,0,0,0,0,0,0,TRUE,0.4,"YRI","AFR"
"NA19094","Ireland",0,0.711119631445511,0.45114924764756,"ok",4883749,4883749,0,12772,0,0,0,0,0,0,TRUE,0.4,"YRI","AFR"
"NA19097","Ireland",0,0.711898306774238,0.452853762927802,"ok",4883749,4883749,0,12772,0,0,0,0,0,0,TRUE,0.4,"YRI","AFR"
"NA19100","Ireland",0,0.71188143260038,0.44806359445756,"ok",4883749,4883749,0,12772,0,0,0,0,0,0,TRUE,0.4,"YRI","AFR"
"NA19103","Ireland",0,0.712478753808126,0.450783948781673,"ok",4883749,4883749,0,12772,0,0,0,0,0,0,TRUE,0.4,"YRI","AFR"
"NA19109","Ireland",0,0.71028318624414,0.45017477106528,"ok",4883749,4883749,0,12772,0,0,0,0,0,0,TRUE,0.4,"YRI","AFR"
"NA19115","Ireland",0,0.711625664910041,0.448239601176344,"ok",4883749,4883749,0,12772,0,0,0,0,0,0,TRUE,0.4,"YRI","AFR"
"NA19120","Ireland",0,0.711629299843959,0.449091089691368,"ok",4883749,4883749,0,12772,0,0,0,0,0,0,TRUE,0.4,"YRI","AFR"
"NA19123","Ireland",0,0.710233488281364,0.446992336440628,"ok",4883749,4883749,0,12772,0,0,0,0,0,0,TRUE,0.4,"YRI","AFR"
"NA19129","Ireland",0,0.708418663352175,0.45190458200491,"ok",4883749,4883749,0,12772,0,0,0,0,0,0,TRUE,0.4,"YRI","AFR"
"NA19132","Ireland",0,0.712382422749432,0.449956830360776,"ok",4883749,4883749,0,12772,0,0,0,0,0,0,TRUE,0.4,"YRI","AFR"
"NA19139","Ireland",0,0.709648020384274,0.448813831890219,"ok",4883749,4883749,0,12772,0,0,0,0,0,0,TRUE,0.4,"YRI","AFR"
"NA19142","Ireland",0,0.70925829644373,0.446563566457295,"ok",4883749,4883749,0,12772,0,0,0,0,0,0,TRUE,0.4,"YRI","AFR"
"NA19145","Ireland",0,0.708766963318158,0.447554084027453,"ok",4883749,4883749,0,12772,0,0,0,0,0,0,TRUE,0.4,"YRI","AFR"
"NA19148","Ireland",0,0.712116911347803,0.450135112929627,"ok",4883749,4883749,0,12772,0,0,0,0,0,0,TRUE,0.4,"YRI","AFR"
"NA19151","Ireland",0,0.711935315539228,0.451193751685366,"ok",4883749,4883749,0,12772,0,0,0,0,0,0,TRUE,0.4,"YRI","AFR"
"NA19154","Ireland",0,0.710817881734104,0.450999300245489,"ok",4883749,4883749,0,12772,0,0,0,0,0,0,TRUE,0.4,"YRI","AFR"
"NA19161","Ireland",0,0.707597440879435,0.446681924932885,"ok",4883749,4883749,0,12772,0,0,0,0,0,0,TRUE,0.4,"YRI","AFR"
"NA19173","Ireland",0,0.709418357190812,0.451398295852249,"ok",4883749,4883749,0,12772,0,0,0,0,0,0,TRUE,0.4,"YRI","AFR"
"NA19174","Ireland",0,0.707470560888732,0.450120024223796,"ok",4883749,4883749,0,12772,0,0,0,0,0,0,TRUE,0.4,"YRI","AFR"
"NA19177","Ireland",0,0.710694961794487,0.448903479721909,"ok",4883749,4883749,0,12772,0,0,0,0,0,0,TRUE,0.4,"YRI","AFR"
"NA19186","Ireland",0,0.710622021072665,0.446974566645764,"ok",4883749,4883749,0,12772,0,0,0,0,0,0,TRUE,0.4,"YRI","AFR"
"NA19191","Ireland",0,0.709621443930283,0.450485822471531,"ok",4883749,4883749,0,12772,0,0,0,0,0,0,TRUE,0.4,"YRI","AFR"
"NA19199","Ireland",0,0.710795274606652,0.45281946715923,"ok",4883749,4883749,0,12772,0,0,0,0,0,0,TRUE,0.4,"YRI","AFR"
"NA19202","Ireland",0,0.710420888395138,0.449625536400134,"ok",4883749,4883749,0,12772,0,0,0,0,0,0,TRUE,0.4,"YRI","AFR"
"NA19205","Ireland",0,0.713163478078787,0.453171082999214,"ok",4883749,4883749,0,12772,0,0,0,0,0,0,TRUE,0.4,"YRI","AFR"
"NA19208","Ireland",0,0.711585205992313,0.448554596486227,"ok",4883749,4883749,0,12772,0,0,0,0,0,0,TRUE,0.4,"YRI","AFR"
"NA19211","Ireland",0,0.710624825561571,0.448795811722859,"ok",4883749,4883749,0,12772,0,0,0,0,0,0,TRUE,0.4,"YRI","AFR"
"NA19215","Ireland",0,0.712612783587632,0.448721862058741,"ok",4883749,4883749,0,12772,0,0,0,0,0,0,TRUE,0.4,"YRI","AFR"
"NA19221","Ireland",0,0.711442228839952,0.451852892479575,"ok",4883749,4883749,0,12772,0,0,0,0,0,0,TRUE,0.4,"YRI","AFR"
"NA19224","Ireland",0,0.7096704224173,0.449350265205436,"ok",4883749,4883749,0,12772,0,0,0,0,0,0,TRUE,0.4,"YRI","AFR"
"NA19237","Ireland",0,0.709961376461955,0.446171856236338,"ok",4883749,4883749,0,12772,0,0,0,0,0,0,TRUE,0.4,"YRI","AFR"
"NA19240","Ireland",0,0.710184309752737,0.448340355976881,"ok",4883749,4883749,0,12772,0,0,0,0,0,0,TRUE,0.4,"YRI","AFR"
"NA19249","Ireland",0,0.711250631029851,0.450327973005167,"ok",4883749,4883749,0,12772,0,0,0,0,0,0,TRUE,0.4,"YRI","AFR"
"NA19258","Ireland",0,0.711190909176151,0.451142388460224,"ok",4883749,4883749,0,12772,0,0,0,0,0,0,TRUE,0.4,"YRI","AFR"
"NA18484","Italy",0,0.709825881741235,0.464777377447752,"ok",4883749,4883749,0,12772,0,0,0,0,0,0,TRUE,0.4,"YRI","AFR"
"NA18485","Italy",0,0.712200293959852,0.461947205712178,"ok",4883749,4883749,0,12772,0,0,0,0,0,0,TRUE,0.4,"YRI","AFR"
"NA18497","Italy",0,0.708441275649506,0.456779458764493,"ok",4883749,4883749,0,12772,0,0,0,0,0,0,TRUE,0.4,"YRI","AFR"
"NA18500","Italy",0,0.711244546026182,0.460571625392244,"ok",4883749,4883749,0,12772,0,0,0,0,0,0,TRUE,0.4,"YRI","AFR"
"NA18503","Italy",0,0.711124531891229,0.454914836843009,"ok",4883749,4883749,0,12772,0,0,0,0,0,0,TRUE,0.4,"YRI","AFR"
"NA18506","Italy",0,0.711415427573818,0.460272083832132,"ok",4883749,4883749,0,12772,0,0,0,0,0,0,TRUE,0.4,"YRI","AFR"
"NA18515","Italy",0,0.712719420611189,0.461123963543845,"ok",4883749,4883749,0,12772,0,0,0,0,0,0,TRUE,0.4,"YRI","AFR"
"NA18518","Italy",0,0.714639236527377,0.465254584891122,"ok",4883749,4883749,0,12772,0,0,0,0,0,0,TRUE,0.4,"YRI","AFR"
"NA18521","Italy",0,0.708573379902358,0.462118326305165,"ok",4883749,4883749,0,12772,0,0,0,0,0,0,TRUE,0.4,"YRI","AFR"
"NA18854","Italy",0,0.712843215784703,0.461297550911927,"ok",4883749,4883749,0,12772,0,0,0,0,0,0,TRUE,0.4,"YRI","AFR"
"NA18857","Italy",0,0.709195872988094,0.46065336234832,"ok",4883749,4883749,0,12772,0,0,0,0,0,0,TRUE,0.4,"YRI","AFR"
"NA18860","Italy",0,0.709191813087805,0.459008633209885,"ok",4883749,4883749,0,12772,0,0,0,0,0,0,TRUE,0.4,"YRI","AFR"
"NA18863","Italy",0,0.708243111719007,0.46227514010169,"ok",4883749,4883749,0,12772,0,0,0,0,0,0,TRUE,0.4,"YRI","AFR"
"NA18869","Italy",0,0.710244662593691,0.458686338220753,"ok",4883749,4883749,0,12772,0,0,0,0,0,0,TRUE,0.4,"YRI","AFR"
"NA18872","Italy",0,0.7096934956979,0.460041207906631,"ok",4883749,4883749,0,12772,0,0,0,0,0,0,TRUE,0.4,"YRI","AFR"
"NA18875","Italy",0,0.710447603721394,0.457910711848627,"ok",4883749,4883749,0,12772,0,0,0,0,0,0,TRUE,0.4,"YRI","AFR"
"NA18906","Italy",0,0.711656079684615,0.464217290191392,"ok",4883749,4883749,0,12772,0,0,0,0,0,0,TRUE,0.4,"YRI","AFR"
"NA18911","Italy",0,0.71104579202622,0.465400791673499,"ok",4883749,4883749,0,12772,0,0,0,0,0,0,TRUE,0.4,"YRI","AFR"
"NA18914","Italy",0,0.712094907011823,0.461686364064106,"ok",4883749,4883749,0,12772,0,0,0,0,0,0,TRUE,0.4,"YRI","AFR"
"NA18925","Italy",0,0.710029600981635,0.46358400738444,"ok",4883749,4883749,0,12772,0,0,0,0,0,0,TRUE,0.4,"YRI","AFR"
"NA18930","Italy",0,0.711232715408393,0.459851214825912,"ok",4883749,4883749,0,12772,0,0,0,0,0,0,TRUE,0.4,"YRI","AFR"
"NA18935","Italy",0,0.710083233070864,0.458150809545896,"ok",4883749,4883749,0,12772,0,0,0,0,0,0,TRUE,0.4,"YRI","AFR"
"NA19094","Italy",0,0.711119631445511,0.462108187186965,"ok",4883749,4883749,0,12772,0,0,0,0,0,0,TRUE,0.4,"YRI","AFR"
"NA19097","Italy",0,0.711898306774238,0.464748321338824,"ok",4883749,4883749,0,12772,0,0,0,0,0,0,TRUE,0.4,"YRI","AFR"
"NA19100","Italy",0,0.71188143260038,0.459752686298917,"ok",4883749,4883749,0,12772,0,0,0,0,0,0,TRUE,0.4,"YRI","AFR"
"NA19103","Italy",0,0.712478753808126,0.463805288815576,"ok",4883749,4883749,0,12772,0,0,0,0,0,0,TRUE,0.4,"YRI","AFR"
"NA19109","Italy",0,0.71028318624414,0.461501275687645,"ok",4883749,4883749,0,12772,0,0,0,0,0,0,TRUE,0.4,"YRI","AFR"
"NA19115","Italy",0,0.711625664910041,0.458915495915414,"ok",4883749,4883749,0,12772,0,0,0,0,0,0,TRUE,0.4,"YRI","AFR"
"NA19120","Italy",0,0.711629299843959,0.460944459192988,"ok",4883749,4883749,0,12772,0,0,0,0,0,0,TRUE,0.4,"YRI","AFR"
"NA19123","Italy",0,0.710233488281364,0.458524267908907,"ok",4883749,4883749,0,12772,0,0,0,0,0,0,TRUE,0.4,"YRI","AFR"
"NA19129","Italy",0,0.708418663352175,0.464747617089034,"ok",4883749,4883749,0,12772,0,0,0,0,0,0,TRUE,0.4,"YRI","AFR"
"NA19132","Italy",0,0.712382422749432,0.462503573958542,"ok",4883749,4883749,0,12772,0,0,0,0,0,0,TRUE,0.4,"YRI","AFR"
"NA19139","Italy",0,0.709648020384274,0.46032683937195,"ok",4883749,4883749,0,12772,0,0,0,0,0,0,TRUE,0.4,"YRI","AFR"
"NA19142","Italy",0,0.70925829644373,0.4587184603065,"ok",4883749,4883749,0,12772,0,0,0,0,0,0,TRUE,0.4,"YRI","AFR"
"NA19145","Italy",0,0.708766963318158,0.459680759592321,"ok",4883749,4883749,0,12772,0,0,0,0,0,0,TRUE,0.4,"YRI","AFR"
"NA19148","Italy",0,0.712116911347803,0.461921184603258,"ok",4883749,4883749,0,12772,0,0,0,0,0,0,TRUE,0.4,"YRI","AFR"
"NA19151","Italy",0,0.711935315539228,0.463469193051552,"ok",4883749,4883749,0,12772,0,0,0,0,0,0,TRUE,0.4,"YRI","AFR"
"NA19154","Italy",0,0.710817881734104,0.463045101288012,"ok",4883749,4883749,0,12772,0,0,0,0,0,0,TRUE,0.4,"YRI","AFR"
"NA19161","Italy",0,0.707597440879435,0.458940427373482,"ok",4883749,4883749,0,12772,0,0,0,0,0,0,TRUE,0.4,"YRI","AFR"
"NA19173","Italy",0,0.709418357190812,0.462932793856221,"ok",4883749,4883749,0,12772,0,0,0,0,0,0,TRUE,0.4,"YRI","AFR"
"NA19174","Italy",0,0.707470560888732,0.462739220458945,"ok",4883749,4883749,0,12772,0,0,0,0,0,0,TRUE,0.4,"YRI","AFR"
"NA19177","Italy",0,0.710694961794487,0.46068739277939,"ok",4883749,4883749,0,12772,0,0,0,0,0,0,TRUE,0.4,"YRI","AFR"
"NA19186","Italy",0,0.710622021072665,0.459069617142041,"ok",4883749,4883749,0,12772,0,0,0,0,0,0,TRUE,0.4,"YRI","AFR"
"NA19191","Italy",0,0.709621443930283,0.462523895341317,"ok",4883749,4883749,0,12772,0,0,0,0,0,0,TRUE,0.4,"YRI","AFR"
"NA19199","Italy",0,0.710795274606652,0.4646036938701,"ok",4883749,4883749,0,12772,0,0,0,0,0,0,TRUE,0.4,"YRI","AFR"
"NA19202","Italy",0,0.710420888395138,0.460668883826058,"ok",4883749,4883749,0,12772,0,0,0,0,0,0,TRUE,0.4,"YRI","AFR"
"NA19205","Italy",0,0.713163478078787,0.465043831461555,"ok",4883749,4883749,0,12772,0,0,0,0,0,0,TRUE,0.4,"YRI","AFR"
"NA19208","Italy",0,0.711585205992313,0.460606000811458,"ok",4883749,4883749,0,12772,0,0,0,0,0,0,TRUE,0.4,"YRI","AFR"
"NA19211","Italy",0,0.710624825561571,0.460688718868217,"ok",4883749,4883749,0,12772,0,0,0,0,0,0,TRUE,0.4,"YRI","AFR"
"NA19215","Italy",0,0.712612783587632,0.461013441419228,"ok",4883749,4883749,0,12772,0,0,0,0,0,0,TRUE,0.4,"YRI","AFR"
"NA19221","Italy",0,0.711442228839952,0.4637421624727,"ok",4883749,4883749,0,12772,0,0,0,0,0,0,TRUE,0.4,"YRI","AFR"
"NA19224","Italy",0,0.7096704224173,0.460562104764761,"ok",4883749,4883749,0,12772,0,0,0,0,0,0,TRUE,0.4,"YRI","AFR"
"NA19237","Italy",0,0.709961376461955,0.458044800742014,"ok",4883749,4883749,0,12772,0,0,0,0,0,0,TRUE,0.4,"YRI","AFR"
"NA19240","Italy",0,0.710184309752737,0.460023516800491,"ok",4883749,4883749,0,12772,0,0,0,0,0,0,TRUE,0.4,"YRI","AFR"
"NA19249","Italy",0,0.711250631029851,0.462860075970753,"ok",4883749,4883749,0,12772,0,0,0,0,0,0,TRUE,0.4,"YRI","AFR"
"NA19258","Italy",0,0.711190909176151,0.463298153599348,"ok",4883749,4883749,0,12772,0,0,0,0,0,0,TRUE,0.4,"YRI","AFR"
"NA18484","Japan",0,0.709825881741235,0.424755957010226,"ok",4883749,4883749,0,12772,0,0,0,0,0,0,TRUE,0.4,"YRI","AFR"
"NA18485","Japan",0,0.712200293959852,0.424836908636065,"ok",4883749,4883749,0,12772,0,0,0,0,0,0,TRUE,0.4,"YRI","AFR"
"NA18497","Japan",0,0.708441275649506,0.423159003644909,"ok",4883749,4883749,0,12772,0,0,0,0,0,0,TRUE,0.4,"YRI","AFR"
"NA18500","Japan",0,0.711244546026182,0.422559834717803,"ok",4883749,4883749,0,12772,0,0,0,0,0,0,TRUE,0.4,"YRI","AFR"
"NA18503","Japan",0,0.711124531891229,0.417483980507102,"ok",4883749,4883749,0,12772,0,0,0,0,0,0,TRUE,0.4,"YRI","AFR"
"NA18506","Japan",0,0.711415427573818,0.423350742065297,"ok",4883749,4883749,0,12772,0,0,0,0,0,0,TRUE,0.4,"YRI","AFR"
"NA18515","Japan",0,0.712719420611189,0.423990200359036,"ok",4883749,4883749,0,12772,0,0,0,0,0,0,TRUE,0.4,"YRI","AFR"
"NA18518","Japan",0,0.714639236527377,0.424454110999203,"ok",4883749,4883749,0,12772,0,0,0,0,0,0,TRUE,0.4,"YRI","AFR"
"NA18521","Japan",0,0.708573379902358,0.424814615332915,"ok",4883749,4883749,0,12772,0,0,0,0,0,0,TRUE,0.4,"YRI","AFR"
"NA18854","Japan",0,0.712843215784703,0.422326804977779,"ok",4883749,4883749,0,12772,0,0,0,0,0,0,TRUE,0.4,"YRI","AFR"
"NA18857","Japan",0,0.709195872988094,0.424653794682389,"ok",4883749,4883749,0,12772,0,0,0,0,0,0,TRUE,0.4,"YRI","AFR"
"NA18860","Japan",0,0.709191813087805,0.425111371879327,"ok",4883749,4883749,0,12772,0,0,0,0,0,0,TRUE,0.4,"YRI","AFR"
"NA18863","Japan",0,0.708243111719007,0.428585008960077,"ok",4883749,4883749,0,12772,0,0,0,0,0,0,TRUE,0.4,"YRI","AFR"
"NA18869","Japan",0,0.710244662593691,0.420629726576382,"ok",4883749,4883749,0,12772,0,0,0,0,0,0,TRUE,0.4,"YRI","AFR"
"NA18872","Japan",0,0.7096934956979,0.423025866765892,"ok",4883749,4883749,0,12772,0,0,0,0,0,0,TRUE,0.4,"YRI","AFR"
"NA18875","Japan",0,0.710447603721394,0.420150245031692,"ok",4883749,4883749,0,12772,0,0,0,0,0,0,TRUE,0.4,"YRI","AFR"
"NA18906","Japan",0,0.711656079684615,0.426288710796579,"ok",4883749,4883749,0,12772,0,0,0,0,0,0,TRUE,0.4,"YRI","AFR"
"NA18911","Japan",0,0.71104579202622,0.42837258960684,"ok",4883749,4883749,0,12772,0,0,0,0,0,0,TRUE,0.4,"YRI","AFR"
"NA18914","Japan",0,0.712094907011823,0.425116149505442,"ok",4883749,4883749,0,12772,0,0,0,0,0,0,TRUE,0.4,"YRI","AFR"
"NA18925","Japan",0,0.710029600981635,0.426085731076578,"ok",4883749,4883749,0,12772,0,0,0,0,0,0,TRUE,0.4,"YRI","AFR"
"NA18930","Japan",0,0.711232715408393,0.421443173382328,"ok",4883749,4883749,0,12772,0,0,0,0,0,0,TRUE,0.4,"YRI","AFR"
"NA18935","Japan",0,0.710083233070864,0.421963870498496,"ok",4883749,4883749,0,12772,0,0,0,0,0,0,TRUE,0.4,"YRI","AFR"
"NA19094","Japan",0,0.711119631445511,0.427817076175871,"ok",4883749,4883749,0,12772,0,0,0,0,0,0,TRUE,0.4,"YRI","AFR"
"NA19097","Japan",0,0.711898306774238,0.428250270254664,"ok",4883749,4883749,0,12772,0,0,0,0,0,0,TRUE,0.4,"YRI","AFR"
"NA19100","Japan",0,0.71188143260038,0.42445082245735,"ok",4883749,4883749,0,12772,0,0,0,0,0,0,TRUE,0.4,"YRI","AFR"
"NA19103","Japan",0,0.712478753808126,0.425392199904055,"ok",4883749,4883749,0,12772,0,0,0,0,0,0,TRUE,0.4,"YRI","AFR"
"NA19109","Japan",0,0.71028318624414,0.424010524494339,"ok",4883749,4883749,0,12772,0,0,0,0,0,0,TRUE,0.4,"YRI","AFR"
"NA19115","Japan",0,0.711625664910041,0.42459792698844,"ok",4883749,4883749,0,12772,0,0,0,0,0,0,TRUE,0.4,"YRI","AFR"
"NA19120","Japan",0,0.711629299843959,0.425460179667905,"ok",4883749,4883749,0,12772,0,0,0,0,0,0,TRUE,0.4,"YRI","AFR"
"NA19123","Japan",0,0.710233488281364,0.425022811361777,"ok",4883749,4883749,0,12772,0,0,0,0,0,0,TRUE,0.4,"YRI","AFR"
"NA19129","Japan",0,0.708418663352175,0.426266551656956,"ok",4883749,4883749,0,12772,0,0,0,0,0,0,TRUE,0.4,"YRI","AFR"
"NA19132","Japan",0,0.712382422749432,0.426960713481437,"ok",4883749,4883749,0,12772,0,0,0,0,0,0,TRUE,0.4,"YRI","AFR"
"NA19139","Japan",0,0.709648020384274,0.421902084522307,"ok",4883749,4883749,0,12772,0,0,0,0,0,0,TRUE,0.4,"YRI","AFR"
"NA19142","Japan",0,0.70925829644373,0.422149921171045,"ok",4883749,4883749,0,12772,0,0,0,0,0,0,TRUE,0.4,"YRI","AFR"
"NA19145","Japan",0,0.708766963318158,0.422026507936926,"ok",4883749,4883749,0,12772,0,0,0,0,0,0,TRUE,0.4,"YRI","AFR"
"NA19148","Japan",0,0.712116911347803,0.425455512074861,"ok",4883749,4883749,0,12772,0,0,0,0,0,0,TRUE,0.4,"YRI","AFR"
"NA19151","Japan",0,0.711935315539228,0.424234626797597,"ok",4883749,4883749,0,12772,0,0,0,0,0,0,TRUE,0.4,"YRI","AFR"
"NA19154","Japan",0,0.710817881734104,0.426056200710005,"ok",4883749,4883749,0,12772,0,0,0,0,0,0,TRUE,0.4,"YRI","AFR"
"NA19161","Japan",0,0.707597440879435,0.425491787599059,"ok",4883749,4883749,0,12772,0,0,0,0,0,0,TRUE,0.4,"YRI","AFR"
"NA19173","Japan",0,0.709418357190812,0.426442695116043,"ok",4883749,4883749,0,12772,0,0,0,0,0,0,TRUE,0.4,"YRI","AFR"
"NA19174","Japan",0,0.707470560888732,0.42203657577314,"ok",4883749,4883749,0,12772,0,0,0,0,0,0,TRUE,0.4,"YRI","AFR"
"NA19177","Japan",0,0.710694961794487,0.424977836852285,"ok",4883749,4883749,0,12772,0,0,0,0,0,0,TRUE,0.4,"YRI","AFR"
"NA19186","Japan",0,0.710622021072665,0.421356520646997,"ok",4883749,4883749,0,12772,0,0,0,0,0,0,TRUE,0.4,"YRI","AFR"
"NA19191","Japan",0,0.709621443930283,0.425670218110733,"ok",4883749,4883749,0,12772,0,0,0,0,0,0,TRUE,0.4,"YRI","AFR"
"NA19199","Japan",0,0.710795274606652,0.426080687657317,"ok",4883749,4883749,0,12772,0,0,0,0,0,0,TRUE,0.4,"YRI","AFR"
"NA19202","Japan",0,0.710420888395138,0.424183467918714,"ok",4883749,4883749,0,12772,0,0,0,0,0,0,TRUE,0.4,"YRI","AFR"
"NA19205","Japan",0,0.713163478078787,0.428169648898185,"ok",4883749,4883749,0,12772,0,0,0,0,0,0,TRUE,0.4,"YRI","AFR"
"NA19208","Japan",0,0.711585205992313,0.425938381766432,"ok",4883749,4883749,0,12772,0,0,0,0,0,0,TRUE,0.4,"YRI","AFR"
"NA19211","Japan",0,0.710624825561571,0.422821807782809,"ok",4883749,4883749,0,12772,0,0,0,0,0,0,TRUE,0.4,"YRI","AFR"
"NA19215","Japan",0,0.712612783587632,0.422997020740238,"ok",4883749,4883749,0,12772,0,0,0,0,0,0,TRUE,0.4,"YRI","AFR"
"NA19221","Japan",0,0.711442228839952,0.42670447119936,"ok",4883749,4883749,0,12772,0,0,0,0,0,0,TRUE,0.4,"YRI","AFR"
"NA19224","Japan",0,0.7096704224173,0.424647531395669,"ok",4883749,4883749,0,12772,0,0,0,0,0,0,TRUE,0.4,"YRI","AFR"
"NA19237","Japan",0,0.709961376461955,0.419771827530228,"ok",4883749,4883749,0,12772,0,0,0,0,0,0,TRUE,0.4,"YRI","AFR"
"NA19240","Japan",0,0.710184309752737,0.425465518706245,"ok",4883749,4883749,0,12772,0,0,0,0,0,0,TRUE,0.4,"YRI","AFR"
"NA19249","Japan",0,0.711250631029851,0.423808177620117,"ok",4883749,4883749,0,12772,0,0,0,0,0,0,TRUE,0.4,"YRI","AFR"
"NA19258","Japan",0,0.711190909176151,0.426923021104581,"ok",4883749,4883749,0,12772,0,0,0,0,0,0,TRUE,0.4,"YRI","AFR"
"NA18484","Middle East",0,0.709825881741235,0.478758325213345,"ok",4883749,4883749,0,12772,0,0,0,0,0,0,TRUE,0.4,"YRI","AFR"
"NA18485","Middle East",0,0.712200293959852,0.476182119844193,"ok",4883749,4883749,0,12772,0,0,0,0,0,0,TRUE,0.4,"YRI","AFR"
"NA18497","Middle East",0,0.708441275649506,0.471562538062296,"ok",4883749,4883749,0,12772,0,0,0,0,0,0,TRUE,0.4,"YRI","AFR"
"NA18500","Middle East",0,0.711244546026182,0.475168442591868,"ok",4883749,4883749,0,12772,0,0,0,0,0,0,TRUE,0.4,"YRI","AFR"
"NA18503","Middle East",0,0.711124531891229,0.469084571848143,"ok",4883749,4883749,0,12772,0,0,0,0,0,0,TRUE,0.4,"YRI","AFR"
"NA18506","Middle East",0,0.711415427573818,0.475410006213007,"ok",4883749,4883749,0,12772,0,0,0,0,0,0,TRUE,0.4,"YRI","AFR"
"NA18515","Middle East",0,0.712719420611189,0.475992145692356,"ok",4883749,4883749,0,12772,0,0,0,0,0,0,TRUE,0.4,"YRI","AFR"
"NA18518","Middle East",0,0.714639236527377,0.480156227401125,"ok",4883749,4883749,0,12772,0,0,0,0,0,0,TRUE,0.4,"YRI","AFR"
"NA18521","Middle East",0,0.708573379902358,0.476905924704252,"ok",4883749,4883749,0,12772,0,0,0,0,0,0,TRUE,0.4,"YRI","AFR"
"NA18854","Middle East",0,0.712843215784703,0.47603608627799,"ok",4883749,4883749,0,12772,0,0,0,0,0,0,TRUE,0.4,"YRI","AFR"
"NA18857","Middle East",0,0.709195872988094,0.475577746914047,"ok",4883749,4883749,0,12772,0,0,0,0,0,0,TRUE,0.4,"YRI","AFR"
"NA18860","Middle East",0,0.709191813087805,0.47323792169449,"ok",4883749,4883749,0,12772,0,0,0,0,0,0,TRUE,0.4,"YRI","AFR"
"NA18863","Middle East",0,0.708243111719007,0.477497488758469,"ok",4883749,4883749,0,12772,0,0,0,0,0,0,TRUE,0.4,"YRI","AFR"
"NA18869","Middle East",0,0.710244662593691,0.473537950804845,"ok",4883749,4883749,0,12772,0,0,0,0,0,0,TRUE,0.4,"YRI","AFR"
"NA18872","Middle East",0,0.7096934956979,0.474068397697405,"ok",4883749,4883749,0,12772,0,0,0,0,0,0,TRUE,0.4,"YRI","AFR"
"NA18875","Middle East",0,0.710447603721394,0.472564136372292,"ok",4883749,4883749,0,12772,0,0,0,0,0,0,TRUE,0.4,"YRI","AFR"
"NA18906","Middle East",0,0.711656079684615,0.478127199316367,"ok",4883749,4883749,0,12772,0,0,0,0,0,0,TRUE,0.4,"YRI","AFR"
"NA18911","Middle East",0,0.71104579202622,0.480002172607558,"ok",4883749,4883749,0,12772,0,0,0,0,0,0,TRUE,0.4,"YRI","AFR"
"NA18914","Middle East",0,0.712094907011823,0.476194401237997,"ok",4883749,4883749,0,12772,0,0,0,0,0,0,TRUE,0.4,"YRI","AFR"
"NA18925","Middle East",0,0.710029600981635,0.477065258236782,"ok",4883749,4883749,0,12772,0,0,0,0,0,0,TRUE,0.4,"YRI","AFR"
"NA18930","Middle East",0,0.711232715408393,0.474644546424909,"ok",4883749,4883749,0,12772,0,0,0,0,0,0,TRUE,0.4,"YRI","AFR"
"NA18935","Middle East",0,0.710083233070864,0.4732454280618,"ok",4883749,4883749,0,12772,0,0,0,0,0,0,TRUE,0.4,"YRI","AFR"
"NA19094","Middle East",0,0.711119631445511,0.476934272205937,"ok",4883749,4883749,0,12772,0,0,0,0,0,0,TRUE,0.4,"YRI","AFR"
"NA19097","Middle East",0,0.711898306774238,0.479330765084762,"ok",4883749,4883749,0,12772,0,0,0,0,0,0,TRUE,0.4,"YRI","AFR"
"NA19100","Middle East",0,0.71188143260038,0.474313016144764,"ok",4883749,4883749,0,12772,0,0,0,0,0,0,TRUE,0.4,"YRI","AFR"
"NA19103","Middle East",0,0.712478753808126,0.478519282317676,"ok",4883749,4883749,0,12772,0,0,0,0,0,0,TRUE,0.4,"YRI","AFR"
"NA19109","Middle East",0,0.71028318624414,0.475917048945689,"ok",4883749,4883749,0,12772,0,0,0,0,0,0,TRUE,0.4,"YRI","AFR"
"NA19115","Middle East",0,0.711625664910041,0.473928482937125,"ok",4883749,4883749,0,12772,0,0,0,0,0,0,TRUE,0.4,"YRI","AFR"
"NA19120","Middle East",0,0.711629299843959,0.47582455918289,"ok",4883749,4883749,0,12772,0,0,0,0,0,0,TRUE,0.4,"YRI","AFR"
"NA19123","Middle East",0,0.710233488281364,0.473427621825832,"ok",4883749,4883749,0,12772,0,0,0,0,0,0,TRUE,0.4,"YRI","AFR"
"NA19129","Middle East",0,0.708418663352175,0.479118653625684,"ok",4883749,4883749,0,12772,0,0,0,0,0,0,TRUE,0.4,"YRI","AFR"
"NA19132","Middle East",0,0.712382422749432,0.477789626672612,"ok",4883749,4883749,0,12772,0,0,0,0,0,0,TRUE,0.4,"YRI","AFR"
"NA19139","Middle East",0,0.709648020384274,0.475143869241758,"ok",4883749,4883749,0,12772,0,0,0,0,0,0,TRUE,0.4,"YRI","AFR"
"NA19142","Middle East",0,0.70925829644373,0.473297943185412,"ok",4883749,4883749,0,12772,0,0,0,0,0,0,TRUE,0.4,"YRI","AFR"
"NA19145","Middle East",0,0.708766963318158,0.47434511711421,"ok",4883749,4883749,0,12772,0,0,0,0,0,0,TRUE,0.4,"YRI","AFR"
"NA19148","Middle East",0,0.712116911347803,0.477124830291991,"ok",4883749,4883749,0,12772,0,0,0,0,0,0,TRUE,0.4,"YRI","AFR"
"NA19151","Middle East",0,0.711935315539228,0.47812135229049,"ok",4883749,4883749,0,12772,0,0,0,0,0,0,TRUE,0.4,"YRI","AFR"
"NA19154","Middle East",0,0.710817881734104,0.477513138066882,"ok",4883749,4883749,0,12772,0,0,0,0,0,0,TRUE,0.4,"YRI","AFR"
"NA19161","Middle East",0,0.707597440879435,0.473723168072306,"ok",4883749,4883749,0,12772,0,0,0,0,0,0,TRUE,0.4,"YRI","AFR"
"NA19173","Middle East",0,0.709418357190812,0.477024932083563,"ok",4883749,4883749,0,12772,0,0,0,0,0,0,TRUE,0.4,"YRI","AFR"
"NA19174","Middle East",0,0.707470560888732,0.476973568765156,"ok",4883749,4883749,0,12772,0,0,0,0,0,0,TRUE,0.4,"YRI","AFR"
"NA19177","Middle East",0,0.710694961794487,0.475242188137077,"ok",4883749,4883749,0,12772,0,0,0,0,0,0,TRUE,0.4,"YRI","AFR"
"NA19186","Middle East",0,0.710622021072665,0.473820521426661,"ok",4883749,4883749,0,12772,0,0,0,0,0,0,TRUE,0.4,"YRI","AFR"
"NA19191","Middle East",0,0.709621443930283,0.477183932468778,"ok",4883749,4883749,0,12772,0,0,0,0,0,0,TRUE,0.4,"YRI","AFR"
"NA19199","Middle East",0,0.710795274606652,0.478444143106275,"ok",4883749,4883749,0,12772,0,0,0,0,0,0,TRUE,0.4,"YRI","AFR"
"NA19202","Middle East",0,0.710420888395138,0.475657284211128,"ok",4883749,4883749,0,12772,0,0,0,0,0,0,TRUE,0.4,"YRI","AFR"
"NA19205","Middle East",0,0.713163478078787,0.479719100101011,"ok",4883749,4883749,0,12772,0,0,0,0,0,0,TRUE,0.4,"YRI","AFR"
"NA19208","Middle East",0,0.711585205992313,0.475247927936074,"ok",4883749,4883749,0,12772,0,0,0,0,0,0,TRUE,0.4,"YRI","AFR"
"NA19211","Middle East",0,0.710624825561571,0.475047358982545,"ok",4883749,4883749,0,12772,0,0,0,0,0,0,TRUE,0.4,"YRI","AFR"
"NA19215","Middle East",0,0.712612783587632,0.476398328137212,"ok",4883749,4883749,0,12772,0,0,0,0,0,0,TRUE,0.4,"YRI","AFR"
"NA19221","Middle East",0,0.711442228839952,0.478735158518708,"ok",4883749,4883749,0,12772,0,0,0,0,0,0,TRUE,0.4,"YRI","AFR"
"NA19224","Middle East",0,0.7096704224173,0.474492836849746,"ok",4883749,4883749,0,12772,0,0,0,0,0,0,TRUE,0.4,"YRI","AFR"
"NA19237","Middle East",0,0.709961376461955,0.473445376750191,"ok",4883749,4883749,0,12772,0,0,0,0,0,0,TRUE,0.4,"YRI","AFR"
"NA19240","Middle East",0,0.710184309752737,0.47493519746971,"ok",4883749,4883749,0,12772,0,0,0,0,0,0,TRUE,0.4,"YRI","AFR"
"NA19249","Middle East",0,0.711250631029851,0.477622642465653,"ok",4883749,4883749,0,12772,0,0,0,0,0,0,TRUE,0.4,"YRI","AFR"
"NA19258","Middle East",0,0.711190909176151,0.477492935277414,"ok",4883749,4883749,0,12772,0,0,0,0,0,0,TRUE,0.4,"YRI","AFR"
"NA18484","Pakistan",0,0.709825881741235,0.480608622872716,"ok",4883749,4883749,0,12772,0,0,0,0,0,0,TRUE,0.4,"YRI","AFR"
"NA18485","Pakistan",0,0.712200293959852,0.478803061745744,"ok",4883749,4883749,0,12772,0,0,0,0,0,0,TRUE,0.4,"YRI","AFR"
"NA18497","Pakistan",0,0.708441275649506,0.474728999333068,"ok",4883749,4883749,0,12772,0,0,0,0,0,0,TRUE,0.4,"YRI","AFR"
"NA18500","Pakistan",0,0.711244546026182,0.477896744979724,"ok",4883749,4883749,0,12772,0,0,0,0,0,0,TRUE,0.4,"YRI","AFR"
"NA18503","Pakistan",0,0.711124531891229,0.471112761764702,"ok",4883749,4883749,0,12772,0,0,0,0,0,0,TRUE,0.4,"YRI","AFR"
"NA18506","Pakistan",0,0.711415427573818,0.477508931199556,"ok",4883749,4883749,0,12772,0,0,0,0,0,0,TRUE,0.4,"YRI","AFR"
"NA18515","Pakistan",0,0.712719420611189,0.477738859140947,"ok",4883749,4883749,0,12772,0,0,0,0,0,0,TRUE,0.4,"YRI","AFR"
"NA18518","Pakistan",0,0.714639236527377,0.481964119890133,"ok",4883749,4883749,0,12772,0,0,0,0,0,0,TRUE,0.4,"YRI","AFR"
"NA18521","Pakistan",0,0.708573379902358,0.48037117239194,"ok",4883749,4883749,0,12772,0,0,0,0,0,0,TRUE,0.4,"YRI","AFR"
"NA18854","Pakistan",0,0.712843215784703,0.478155118240947,"ok",4883749,4883749,0,12772,0,0,0,0,0,0,TRUE,0.4,"YRI","AFR"
"NA18857","Pakistan",0,0.709195872988094,0.477703456771603,"ok",4883749,4883749,0,12772,0,0,0,0,0,0,TRUE,0.4,"YRI","AFR"
"NA18860","Pakistan",0,0.709191813087805,0.475397773656654,"ok",4883749,4883749,0,12772,0,0,0,0,0,0,TRUE,0.4,"YRI","AFR"
"NA18863","Pakistan",0,0.708243111719007,0.48049650110269,"ok",4883749,4883749,0,12772,0,0,0,0,0,0,TRUE,0.4,"YRI","AFR"
"NA18869","Pakistan",0,0.710244662593691,0.475436043317809,"ok",4883749,4883749,0,12772,0,0,0,0,0,0,TRUE,0.4,"YRI","AFR"
"NA18872","Pakistan",0,0.7096934956979,0.47573903173052,"ok",4883749,4883749,0,12772,0,0,0,0,0,0,TRUE,0.4,"YRI","AFR"
"NA18875","Pakistan",0,0.710447603721394,0.474441128861971,"ok",4883749,4883749,0,12772,0,0,0,0,0,0,TRUE,0.4,"YRI","AFR"
"NA18906","Pakistan",0,0.711656079684615,0.480090671797067,"ok",4883749,4883749,0,12772,0,0,0,0,0,0,TRUE,0.4,"YRI","AFR"
"NA18911","Pakistan",0,0.71104579202622,0.483077954129468,"ok",4883749,4883749,0,12772,0,0,0,0,0,0,TRUE,0.4,"YRI","AFR"
"NA18914","Pakistan",0,0.712094907011823,0.478864066078168,"ok",4883749,4883749,0,12772,0,0,0,0,0,0,TRUE,0.4,"YRI","AFR"
"NA18925","Pakistan",0,0.710029600981635,0.479669784484249,"ok",4883749,4883749,0,12772,0,0,0,0,0,0,TRUE,0.4,"YRI","AFR"
"NA18930","Pakistan",0,0.711232715408393,0.47625673454402,"ok",4883749,4883749,0,12772,0,0,0,0,0,0,TRUE,0.4,"YRI","AFR"
"NA18935","Pakistan",0,0.710083233070864,0.474743504281517,"ok",4883749,4883749,0,12772,0,0,0,0,0,0,TRUE,0.4,"YRI","AFR"
"NA19094","Pakistan",0,0.711119631445511,0.480417524073426,"ok",4883749,4883749,0,12772,0,0,0,0,0,0,TRUE,0.4,"YRI","AFR"
"NA19097","Pakistan",0,0.711898306774238,0.482209130856013,"ok",4883749,4883749,0,12772,0,0,0,0,0,0,TRUE,0.4,"YRI","AFR"
"NA19100","Pakistan",0,0.71188143260038,0.477805839388468,"ok",4883749,4883749,0,12772,0,0,0,0,0,0,TRUE,0.4,"YRI","AFR"
"NA19103","Pakistan",0,0.712478753808126,0.480763997060097,"ok",4883749,4883749,0,12772,0,0,0,0,0,0,TRUE,0.4,"YRI","AFR"
"NA19109","Pakistan",0,0.71028318624414,0.479165526476953,"ok",4883749,4883749,0,12772,0,0,0,0,0,0,TRUE,0.4,"YRI","AFR"
"NA19115","Pakistan",0,0.711625664910041,0.477427384169208,"ok",4883749,4883749,0,12772,0,0,0,0,0,0,TRUE,0.4,"YRI","AFR"
"NA19120","Pakistan",0,0.711629299843959,0.478878991487351,"ok",4883749,4883749,0,12772,0,0,0,0,0,0,TRUE,0.4,"YRI","AFR"
"NA19123","Pakistan",0,0.710233488281364,0.476963775553737,"ok",4883749,4883749,0,12772,0,0,0,0,0,0,TRUE,0.4,"YRI","AFR"
"NA19129","Pakistan",0,0.708418663352175,0.480946720574981,"ok",4883749,4883749,0,12772,0,0,0,0,0,0,TRUE,0.4,"YRI","AFR"
"NA19132","Pakistan",0,0.712382422749432,0.480765660602871,"ok",4883749,4883749,0,12772,0,0,0,0,0,0,TRUE,0.4,"YRI","AFR"
"NA19139","Pakistan",0,0.709648020384274,0.477594700057177,"ok",4883749,4883749,0,12772,0,0,0,0,0,0,TRUE,0.4,"YRI","AFR"
"NA19142","Pakistan",0,0.70925829644373,0.474911059286356,"ok",4883749,4883749,0,12772,0,0,0,0,0,0,TRUE,0.4,"YRI","AFR"
"NA19145","Pakistan",0,0.708766963318158,0.476433698060571,"ok",4883749,4883749,0,12772,0,0,0,0,0,0,TRUE,0.4,"YRI","AFR"
"NA19148","Pakistan",0,0.712116911347803,0.479599621311303,"ok",4883749,4883749,0,12772,0,0,0,0,0,0,TRUE,0.4,"YRI","AFR"
"NA19151","Pakistan",0,0.711935315539228,0.480471863984846,"ok",4883749,4883749,0,12772,0,0,0,0,0,0,TRUE,0.4,"YRI","AFR"
"NA19154","Pakistan",0,0.710817881734104,0.479467366567246,"ok",4883749,4883749,0,12772,0,0,0,0,0,0,TRUE,0.4,"YRI","AFR"
"NA19161","Pakistan",0,0.707597440879435,0.477349504340897,"ok",4883749,4883749,0,12772,0,0,0,0,0,0,TRUE,0.4,"YRI","AFR"
"NA19173","Pakistan",0,0.709418357190812,0.47925573330549,"ok",4883749,4883749,0,12772,0,0,0,0,0,0,TRUE,0.4,"YRI","AFR"
"NA19174","Pakistan",0,0.707470560888732,0.478175739656133,"ok",4883749,4883749,0,12772,0,0,0,0,0,0,TRUE,0.4,"YRI","AFR"
"NA19177","Pakistan",0,0.710694961794487,0.478657571023962,"ok",4883749,4883749,0,12772,0,0,0,0,0,0,TRUE,0.4,"YRI","AFR"
"NA19186","Pakistan",0,0.710622021072665,0.476607807286254,"ok",4883749,4883749,0,12772,0,0,0,0,0,0,TRUE,0.4,"YRI","AFR"
"NA19191","Pakistan",0,0.709621443930283,0.481073234022762,"ok",4883749,4883749,0,12772,0,0,0,0,0,0,TRUE,0.4,"YRI","AFR"
"NA19199","Pakistan",0,0.710795274606652,0.48047978986657,"ok",4883749,4883749,0,12772,0,0,0,0,0,0,TRUE,0.4,"YRI","AFR"
"NA19202","Pakistan",0,0.710420888395138,0.47814872248721,"ok",4883749,4883749,0,12772,0,0,0,0,0,0,TRUE,0.4,"YRI","AFR"
"NA19205","Pakistan",0,0.713163478078787,0.482699100332162,"ok",4883749,4883749,0,12772,0,0,0,0,0,0,TRUE,0.4,"YRI","AFR"
"NA19208","Pakistan",0,0.711585205992313,0.478351975203374,"ok",4883749,4883749,0,12772,0,0,0,0,0,0,TRUE,0.4,"YRI","AFR"
"NA19211","Pakistan",0,0.710624825561571,0.47633394731007,"ok",4883749,4883749,0,12772,0,0,0,0,0,0,TRUE,0.4,"YRI","AFR"
"NA19215","Pakistan",0,0.712612783587632,0.478823594930095,"ok",4883749,4883749,0,12772,0,0,0,0,0,0,TRUE,0.4,"YRI","AFR"
"NA19221","Pakistan",0,0.711442228839952,0.481246242531875,"ok",4883749,4883749,0,12772,0,0,0,0,0,0,TRUE,0.4,"YRI","AFR"
"NA19224","Pakistan",0,0.7096704224173,0.47647097488296,"ok",4883749,4883749,0,12772,0,0,0,0,0,0,TRUE,0.4,"YRI","AFR"
"NA19237","Pakistan",0,0.709961376461955,0.475226350404999,"ok",4883749,4883749,0,12772,0,0,0,0,0,0,TRUE,0.4,"YRI","AFR"
"NA19240","Pakistan",0,0.710184309752737,0.477427904498245,"ok",4883749,4883749,0,12772,0,0,0,0,0,0,TRUE,0.4,"YRI","AFR"
"NA19249","Pakistan",0,0.711250631029851,0.479810721578883,"ok",4883749,4883749,0,12772,0,0,0,0,0,0,TRUE,0.4,"YRI","AFR"
"NA19258","Pakistan",0,0.711190909176151,0.47999144471839,"ok",4883749,4883749,0,12772,0,0,0,0,0,0,TRUE,0.4,"YRI","AFR"
"NA18484","Philippines",0,0.709825881741235,0.430299595964464,"ok",4883749,4883749,0,12772,0,0,0,0,0,0,TRUE,0.4,"YRI","AFR"
"NA18485","Philippines",0,0.712200293959852,0.430441917108695,"ok",4883749,4883749,0,12772,0,0,0,0,0,0,TRUE,0.4,"YRI","AFR"
"NA18497","Philippines",0,0.708441275649506,0.427575141851636,"ok",4883749,4883749,0,12772,0,0,0,0,0,0,TRUE,0.4,"YRI","AFR"
"NA18500","Philippines",0,0.711244546026182,0.426794492357311,"ok",4883749,4883749,0,12772,0,0,0,0,0,0,TRUE,0.4,"YRI","AFR"
"NA18503","Philippines",0,0.711124531891229,0.422322613819795,"ok",4883749,4883749,0,12772,0,0,0,0,0,0,TRUE,0.4,"YRI","AFR"
"NA18506","Philippines",0,0.711415427573818,0.427727843015956,"ok",4883749,4883749,0,12772,0,0,0,0,0,0,TRUE,0.4,"YRI","AFR"
"NA18515","Philippines",0,0.712719420611189,0.430674641782902,"ok",4883749,4883749,0,12772,0,0,0,0,0,0,TRUE,0.4,"YRI","AFR"
"NA18518","Philippines",0,0.714639236527377,0.428205962890984,"ok",4883749,4883749,0,12772,0,0,0,0,0,0,TRUE,0.4,"YRI","AFR"
"NA18521","Philippines",0,0.708573379902358,0.430476273498411,"ok",4883749,4883749,0,12772,0,0,0,0,0,0,TRUE,0.4,"YRI","AFR"
"NA18854","Philippines",0,0.712843215784703,0.426915773740693,"ok",4883749,4883749,0,12772,0,0,0,0,0,0,TRUE,0.4,"YRI","AFR"
"NA18857","Philippines",0,0.709195872988094,0.428419822086744,"ok",4883749,4883749,0,12772,0,0,0,0,0,0,TRUE,0.4,"YRI","AFR"
"NA18860","Philippines",0,0.709191813087805,0.429135856972993,"ok",4883749,4883749,0,12772,0,0,0,0,0,0,TRUE,0.4,"YRI","AFR"
"NA18863","Philippines",0,0.708243111719007,0.431838242888348,"ok",4883749,4883749,0,12772,0,0,0,0,0,0,TRUE,0.4,"YRI","AFR"
"NA18869","Philippines",0,0.710244662593691,0.42526518732519,"ok",4883749,4883749,0,12772,0,0,0,0,0,0,TRUE,0.4,"YRI","AFR"
"NA18872","Philippines",0,0.7096934956979,0.42580882950847,"ok",4883749,4883749,0,12772,0,0,0,0,0,0,TRUE,0.4,"YRI","AFR"
"NA18875","Philippines",0,0.710447603721394,0.425292860307625,"ok",4883749,4883749,0,12772,0,0,0,0,0,0,TRUE,0.4,"YRI","AFR"
"NA18906","Philippines",0,0.711656079684615,0.430401946171913,"ok",4883749,4883749,0,12772,0,0,0,0,0,0,TRUE,0.4,"YRI","AFR"
"NA18911","Philippines",0,0.71104579202622,0.432835525391341,"ok",4883749,4883749,0,12772,0,0,0,0,0,0,TRUE,0.4,"YRI","AFR"
"NA18914","Philippines",0,0.712094907011823,0.429589815869831,"ok",4883749,4883749,0,12772,0,0,0,0,0,0,TRUE,0.4,"YRI","AFR"
"NA18925","Philippines",0,0.710029600981635,0.430835841588198,"ok",4883749,4883749,0,12772,0,0,0,0,0,0,TRUE,0.4,"YRI","AFR"
"NA18930","Philippines",0,0.711232715408393,0.426937494297007,"ok",4883749,4883749,0,12772,0,0,0,0,0,0,TRUE,0.4,"YRI","AFR"
"NA18935","Philippines",0,0.710083233070864,0.426849439766995,"ok",4883749,4883749,0,12772,0,0,0,0,0,0,TRUE,0.4,"YRI","AFR"
"NA19094","Philippines",0,0.711119631445511,0.433923784592578,"ok",4883749,4883749,0,12772,0,0,0,0,0,0,TRUE,0.4,"YRI","AFR"
"NA19097","Philippines",0,0.711898306774238,0.432980306820056,"ok",4883749,4883749,0,12772,0,0,0,0,0,0,TRUE,0.4,"YRI","AFR"
"NA19100","Philippines",0,0.71188143260038,0.428845727521535,"ok",4883749,4883749,0,12772,0,0,0,0,0,0,TRUE,0.4,"YRI","AFR"
"NA19103","Philippines",0,0.712478753808126,0.430214294726856,"ok",4883749,4883749,0,12772,0,0,0,0,0,0,TRUE,0.4,"YRI","AFR"
"NA19109","Philippines",0,0.71028318624414,0.430297503096976,"ok",4883749,4883749,0,12772,0,0,0,0,0,0,TRUE,0.4,"YRI","AFR"
"NA19115","Philippines",0,0.711625664910041,0.429618222571093,"ok",4883749,4883749,0,12772,0,0,0,0,0,0,TRUE,0.4,"YRI","AFR"
"NA19120","Philippines",0,0.711629299843959,0.431668504104314,"ok",4883749,4883749,0,12772,0,0,0,0,0,0,TRUE,0.4,"YRI","AFR"
"NA19123","Philippines",0,0.710233488281364,0.429878542968508,"ok",4883749,4883749,0,12772,0,0,0,0,0,0,TRUE,0.4,"YRI","AFR"
"NA19129","Philippines",0,0.708418663352175,0.431506492023279,"ok",4883749,4883749,0,12772,0,0,0,0,0,0,TRUE,0.4,"YRI","AFR"
"NA19132","Philippines",0,0.712382422749432,0.43120419380214,"ok",4883749,4883749,0,12772,0,0,0,0,0,0,TRUE,0.4,"YRI","AFR"
"NA19139","Philippines",0,0.709648020384274,0.428179427506858,"ok",4883749,4883749,0,12772,0,0,0,0,0,0,TRUE,0.4,"YRI","AFR"
"NA19142","Philippines",0,0.70925829644373,0.426345344468898,"ok",4883749,4883749,0,12772,0,0,0,0,0,0,TRUE,0.4,"YRI","AFR"
"NA19145","Philippines",0,0.708766963318158,0.425590936373484,"ok",4883749,4883749,0,12772,0,0,0,0,0,0,TRUE,0.4,"YRI","AFR"
"NA19148","Philippines",0,0.712116911347803,0.431528366950071,"ok",4883749,4883749,0,12772,0,0,0,0,0,0,TRUE,0.4,"YRI","AFR"
"NA19151","Philippines",0,0.711935315539228,0.428439951267392,"ok",4883749,4883749,0,12772,0,0,0,0,0,0,TRUE,0.4,"YRI","AFR"
"NA19154","Philippines",0,0.710817881734104,0.430793585358745,"ok",4883749,4883749,0,12772,0,0,0,0,0,0,TRUE,0.4,"YRI","AFR"
"NA19161","Philippines",0,0.707597440879435,0.429262924568937,"ok",4883749,4883749,0,12772,0,0,0,0,0,0,TRUE,0.4,"YRI","AFR"
"NA19173","Philippines",0,0.709418357190812,0.432391392582425,"ok",4883749,4883749,0,12772,0,0,0,0,0,0,TRUE,0.4,"YRI","AFR"
"NA19174","Philippines",0,0.707470560888732,0.427492390748548,"ok",4883749,4883749,0,12772,0,0,0,0,0,0,TRUE,0.4,"YRI","AFR"
"NA19177","Philippines",0,0.710694961794487,0.429667850253925,"ok",4883749,4883749,0,12772,0,0,0,0,0,0,TRUE,0.4,"YRI","AFR"
"NA19186","Philippines",0,0.710622021072665,0.426602460295282,"ok",4883749,4883749,0,12772,0,0,0,0,0,0,TRUE,0.4,"YRI","AFR"
"NA19191","Philippines",0,0.709621443930283,0.429935516679883,"ok",4883749,4883749,0,12772,0,0,0,0,0,0,TRUE,0.4,"YRI","AFR"
"NA19199","Philippines",0,0.710795274606652,0.431185133355631,"ok",4883749,4883749,0,12772,0,0,0,0,0,0,TRUE,0.4,"YRI","AFR"
"NA19202","Philippines",0,0.710420888395138,0.428710806992654,"ok",4883749,4883749,0,12772,0,0,0,0,0,0,TRUE,0.4,"YRI","AFR"
"NA19205","Philippines",0,0.713163478078787,0.434454411187549,"ok",4883749,4883749,0,12772,0,0,0,0,0,0,TRUE,0.4,"YRI","AFR"
"NA19208","Philippines",0,0.711585205992313,0.429327911786996,"ok",4883749,4883749,0,12772,0,0,0,0,0,0,TRUE,0.4,"YRI","AFR"
"NA19211","Philippines",0,0.710624825561571,0.427253965593678,"ok",4883749,4883749,0,12772,0,0,0,0,0,0,TRUE,0.4,"YRI","AFR"
"NA19215","Philippines",0,0.712612783587632,0.427769892566747,"ok",4883749,4883749,0,12772,0,0,0,0,0,0,TRUE,0.4,"YRI","AFR"
"NA19221","Philippines",0,0.711442228839952,0.43168689732507,"ok",4883749,4883749,0,12772,0,0,0,0,0,0,TRUE,0.4,"YRI","AFR"
"NA19224","Philippines",0,0.7096704224173,0.429296547006628,"ok",4883749,4883749,0,12772,0,0,0,0,0,0,TRUE,0.4,"YRI","AFR"
"NA19237","Philippines",0,0.709961376461955,0.425215460151943,"ok",4883749,4883749,0,12772,0,0,0,0,0,0,TRUE,0.4,"YRI","AFR"
"NA19240","Philippines",0,0.710184309752737,0.429570028534685,"ok",4883749,4883749,0,12772,0,0,0,0,0,0,TRUE,0.4,"YRI","AFR"
"NA19249","Philippines",0,0.711250631029851,0.429172463302512,"ok",4883749,4883749,0,12772,0,0,0,0,0,0,TRUE,0.4,"YRI","AFR"
"NA19258","Philippines",0,0.711190909176151,0.430842652407519,"ok",4883749,4883749,0,12772,0,0,0,0,0,0,TRUE,0.4,"YRI","AFR"
"NA18484","Scandinavia",0,0.709825881741235,0.452466799113145,"ok",4883749,4883749,0,12772,0,0,0,0,0,0,TRUE,0.4,"YRI","AFR"
"NA18485","Scandinavia",0,0.712200293959852,0.450208656104187,"ok",4883749,4883749,0,12772,0,0,0,0,0,0,TRUE,0.4,"YRI","AFR"
"NA18497","Scandinavia",0,0.708441275649506,0.444518398748174,"ok",4883749,4883749,0,12772,0,0,0,0,0,0,TRUE,0.4,"YRI","AFR"
"NA18500","Scandinavia",0,0.711244546026182,0.448842170078924,"ok",4883749,4883749,0,12772,0,0,0,0,0,0,TRUE,0.4,"YRI","AFR"
"NA18503","Scandinavia",0,0.711124531891229,0.443543587321609,"ok",4883749,4883749,0,12772,0,0,0,0,0,0,TRUE,0.4,"YRI","AFR"
"NA18506","Scandinavia",0,0.711415427573818,0.448591703900433,"ok",4883749,4883749,0,12772,0,0,0,0,0,0,TRUE,0.4,"YRI","AFR"
"NA18515","Scandinavia",0,0.712719420611189,0.449223288602413,"ok",4883749,4883749,0,12772,0,0,0,0,0,0,TRUE,0.4,"YRI","AFR"
"NA18518","Scandinavia",0,0.714639236527377,0.452241961429985,"ok",4883749,4883749,0,12772,0,0,0,0,0,0,TRUE,0.4,"YRI","AFR"
"NA18521","Scandinavia",0,0.708573379902358,0.450272686691885,"ok",4883749,4883749,0,12772,0,0,0,0,0,0,TRUE,0.4,"YRI","AFR"
"NA18854","Scandinavia",0,0.712843215784703,0.449053211057391,"ok",4883749,4883749,0,12772,0,0,0,0,0,0,TRUE,0.4,"YRI","AFR"
"NA18857","Scandinavia",0,0.709195872988094,0.447486383770999,"ok",4883749,4883749,0,12772,0,0,0,0,0,0,TRUE,0.4,"YRI","AFR"
"NA18860","Scandinavia",0,0.709191813087805,0.446662264512361,"ok",4883749,4883749,0,12772,0,0,0,0,0,0,TRUE,0.4,"YRI","AFR"
"NA18863","Scandinavia",0,0.708243111719007,0.45009754244547,"ok",4883749,4883749,0,12772,0,0,0,0,0,0,TRUE,0.4,"YRI","AFR"
"NA18869","Scandinavia",0,0.710244662593691,0.446946405391899,"ok",4883749,4883749,0,12772,0,0,0,0,0,0,TRUE,0.4,"YRI","AFR"
"NA18872","Scandinavia",0,0.7096934956979,0.447873344689152,"ok",4883749,4883749,0,12772,0,0,0,0,0,0,TRUE,0.4,"YRI","AFR"
"NA18875","Scandinavia",0,0.710447603721394,0.445567574368029,"ok",4883749,4883749,0,12772,0,0,0,0,0,0,TRUE,0.4,"YRI","AFR"
"NA18906","Scandinavia",0,0.711656079684615,0.451679086018157,"ok",4883749,4883749,0,12772,0,0,0,0,0,0,TRUE,0.4,"YRI","AFR"
"NA18911","Scandinavia",0,0.71104579202622,0.453749230204139,"ok",4883749,4883749,0,12772,0,0,0,0,0,0,TRUE,0.4,"YRI","AFR"
"NA18914","Scandinavia",0,0.712094907011823,0.448974196183349,"ok",4883749,4883749,0,12772,0,0,0,0,0,0,TRUE,0.4,"YRI","AFR"
"NA18925","Scandinavia",0,0.710029600981635,0.451590395706581,"ok",4883749,4883749,0,12772,0,0,0,0,0,0,TRUE,0.4,"YRI","AFR"
"NA18930","Scandinavia",0,0.711232715408393,0.447874362008317,"ok",4883749,4883749,0,12772,0,0,0,0,0,0,TRUE,0.4,"YRI","AFR"
"NA18935","Scandinavia",0,0.710083233070864,0.446083703593043,"ok",4883749,4883749,0,12772,0,0,0,0,0,0,TRUE,0.4,"YRI","AFR"
"NA19094","Scandinavia",0,0.711119631445511,0.450879655268211,"ok",4883749,4883749,0,12772,0,0,0,0,0,0,TRUE,0.4,"YRI","AFR"
"NA19097","Scandinavia",0,0.711898306774238,0.452409563400381,"ok",4883749,4883749,0,12772,0,0,0,0,0,0,TRUE,0.4,"YRI","AFR"
"NA19100","Scandinavia",0,0.71188143260038,0.447319257932942,"ok",4883749,4883749,0,12772,0,0,0,0,0,0,TRUE,0.4,"YRI","AFR"
"NA19103","Scandinavia",0,0.712478753808126,0.450653209187995,"ok",4883749,4883749,0,12772,0,0,0,0,0,0,TRUE,0.4,"YRI","AFR"
"NA19109","Scandinavia",0,0.71028318624414,0.449628618099731,"ok",4883749,4883749,0,12772,0,0,0,0,0,0,TRUE,0.4,"YRI","AFR"
"NA19115","Scandinavia",0,0.711625664910041,0.448366952902015,"ok",4883749,4883749,0,12772,0,0,0,0,0,0,TRUE,0.4,"YRI","AFR"
"NA19120","Scandinavia",0,0.711629299843959,0.44866472391004,"ok",4883749,4883749,0,12772,0,0,0,0,0,0,TRUE,0.4,"YRI","AFR"
"NA19123","Scandinavia",0,0.710233488281364,0.446818686599675,"ok",4883749,4883749,0,12772,0,0,0,0,0,0,TRUE,0.4,"YRI","AFR"
"NA19129","Scandinavia",0,0.708418663352175,0.451968186494594,"ok",4883749,4883749,0,12772,0,0,0,0,0,0,TRUE,0.4,"YRI","AFR"
"NA19132","Scandinavia",0,0.712382422749432,0.450245859767679,"ok",4883749,4883749,0,12772,0,0,0,0,0,0,TRUE,0.4,"YRI","AFR"
"NA19139","Scandinavia",0,0.709648020384274,0.448505944483034,"ok",4883749,4883749,0,12772,0,0,0,0,0,0,TRUE,0.4,"YRI","AFR"
"NA19142","Scandinavia",0,0.70925829644373,0.4465387204179,"ok",4883749,4883749,0,12772,0,0,0,0,0,0,TRUE,0.4,"YRI","AFR"
"NA19145","Scandinavia",0,0.708766963318158,0.447352974600446,"ok",4883749,4883749,0,12772,0,0,0,0,0,0,TRUE,0.4,"YRI","AFR"
"NA19148","Scandinavia",0,0.712116911347803,0.449517524037662,"ok",4883749,4883749,0,12772,0,0,0,0,0,0,TRUE,0.4,"YRI","AFR"
"NA19151","Scandinavia",0,0.711935315539228,0.451308512418616,"ok",4883749,4883749,0,12772,0,0,0,0,0,0,TRUE,0.4,"YRI","AFR"
"NA19154","Scandinavia",0,0.710817881734104,0.450853890179461,"ok",4883749,4883749,0,12772,0,0,0,0,0,0,TRUE,0.4,"YRI","AFR"
"NA19161","Scandinavia",0,0.707597440879435,0.446092089591969,"ok",4883749,4883749,0,12772,0,0,0,0,0,0,TRUE,0.4,"YRI","AFR"
"NA19173","Scandinavia",0,0.709418357190812,0.451407383913643,"ok",4883749,4883749,0,12772,0,0,0,0,0,0,TRUE,0.4,"YRI","AFR"
"NA19174","Scandinavia",0,0.707470560888732,0.45013248502706,"ok",4883749,4883749,0,12772,0,0,0,0,0,0,TRUE,0.4,"YRI","AFR"
"NA19177","Scandinavia",0,0.710694961794487,0.448628103539608,"ok",4883749,4883749,0,12772,0,0,0,0,0,0,TRUE,0.4,"YRI","AFR"
"NA19186","Scandinavia",0,0.710622021072665,0.447209687009659,"ok",4883749,4883749,0,12772,0,0,0,0,0,0,TRUE,0.4,"YRI","AFR"
"NA19191","Scandinavia",0,0.709621443930283,0.450374549397234,"ok",4883749,4883749,0,12772,0,0,0,0,0,0,TRUE,0.4,"YRI","AFR"
"NA19199","Scandinavia",0,0.710795274606652,0.452628797120989,"ok",4883749,4883749,0,12772,0,0,0,0,0,0,TRUE,0.4,"YRI","AFR"
"NA19202","Scandinavia",0,0.710420888395138,0.44934004723527,"ok",4883749,4883749,0,12772,0,0,0,0,0,0,TRUE,0.4,"YRI","AFR"
"NA19205","Scandinavia",0,0.713163478078787,0.453045729751231,"ok",4883749,4883749,0,12772,0,0,0,0,0,0,TRUE,0.4,"YRI","AFR"
"NA19208","Scandinavia",0,0.711585205992313,0.448580072706171,"ok",4883749,4883749,0,12772,0,0,0,0,0,0,TRUE,0.4,"YRI","AFR"
"NA19211","Scandinavia",0,0.710624825561571,0.448116578556524,"ok",4883749,4883749,0,12772,0,0,0,0,0,0,TRUE,0.4,"YRI","AFR"
"NA19215","Scandinavia",0,0.712612783587632,0.448036575139475,"ok",4883749,4883749,0,12772,0,0,0,0,0,0,TRUE,0.4,"YRI","AFR"
"NA19221","Scandinavia",0,0.711442228839952,0.451424914822922,"ok",4883749,4883749,0,12772,0,0,0,0,0,0,TRUE,0.4,"YRI","AFR"
"NA19224","Scandinavia",0,0.7096704224173,0.448902650484167,"ok",4883749,4883749,0,12772,0,0,0,0,0,0,TRUE,0.4,"YRI","AFR"
"NA19237","Scandinavia",0,0.709961376461955,0.445584306995865,"ok",4883749,4883749,0,12772,0,0,0,0,0,0,TRUE,0.4,"YRI","AFR"
"NA19240","Scandinavia",0,0.710184309752737,0.447996409381877,"ok",4883749,4883749,0,12772,0,0,0,0,0,0,TRUE,0.4,"YRI","AFR"
"NA19249","Scandinavia",0,0.711250631029851,0.450095954146175,"ok",4883749,4883749,0,12772,0,0,0,0,0,0,TRUE,0.4,"YRI","AFR"
"NA19258","Scandinavia",0,0.711190909176151,0.450906200370532,"ok",4883749,4883749,0,12772,0,0,0,0,0,0,TRUE,0.4,"YRI","AFR"
"NA18484","South America",0,0.709825881741235,0.475386571173532,"ok",4883749,4883749,0,12772,0,0,0,0,0,0,TRUE,0.4,"YRI","AFR"
"NA18485","South America",0,0.712200293959852,0.473993721053171,"ok",4883749,4883749,0,12772,0,0,0,0,0,0,TRUE,0.4,"YRI","AFR"
"NA18497","South America",0,0.708441275649506,0.469702164033632,"ok",4883749,4883749,0,12772,0,0,0,0,0,0,TRUE,0.4,"YRI","AFR"
"NA18500","South America",0,0.711244546026182,0.472578042634324,"ok",4883749,4883749,0,12772,0,0,0,0,0,0,TRUE,0.4,"YRI","AFR"
"NA18503","South America",0,0.711124531891229,0.467614469082353,"ok",4883749,4883749,0,12772,0,0,0,0,0,0,TRUE,0.4,"YRI","AFR"
"NA18506","South America",0,0.711415427573818,0.472823975488497,"ok",4883749,4883749,0,12772,0,0,0,0,0,0,TRUE,0.4,"YRI","AFR"
"NA18515","South America",0,0.712719420611189,0.473344901267061,"ok",4883749,4883749,0,12772,0,0,0,0,0,0,TRUE,0.4,"YRI","AFR"
"NA18518","South America",0,0.714639236527377,0.476075808752854,"ok",4883749,4883749,0,12772,0,0,0,0,0,0,TRUE,0.4,"YRI","AFR"
"NA18521","South America",0,0.708573379902358,0.475388872006976,"ok",4883749,4883749,0,12772,0,0,0,0,0,0,TRUE,0.4,"YRI","AFR"
"NA18854","South America",0,0.712843215784703,0.474055549312067,"ok",4883749,4883749,0,12772,0,0,0,0,0,0,TRUE,0.4,"YRI","AFR"
"NA18857","South America",0,0.709195872988094,0.473330334427317,"ok",4883749,4883749,0,12772,0,0,0,0,0,0,TRUE,0.4,"YRI","AFR"
"NA18860","South America",0,0.709191813087805,0.471369502847412,"ok",4883749,4883749,0,12772,0,0,0,0,0,0,TRUE,0.4,"YRI","AFR"
"NA18863","South America",0,0.708243111719007,0.475427509727741,"ok",4883749,4883749,0,12772,0,0,0,0,0,0,TRUE,0.4,"YRI","AFR"
"NA18869","South America",0,0.710244662593691,0.471603132289243,"ok",4883749,4883749,0,12772,0,0,0,0,0,0,TRUE,0.4,"YRI","AFR"
"NA18872","South America",0,0.7096934956979,0.471689393538058,"ok",4883749,4883749,0,12772,0,0,0,0,0,0,TRUE,0.4,"YRI","AFR"
"NA18875","South America",0,0.710447603721394,0.469343796475948,"ok",4883749,4883749,0,12772,0,0,0,0,0,0,TRUE,0.4,"YRI","AFR"
"NA18906","South America",0,0.711656079684615,0.476812431152687,"ok",4883749,4883749,0,12772,0,0,0,0,0,0,TRUE,0.4,"YRI","AFR"
"NA18911","South America",0,0.71104579202622,0.479400153355094,"ok",4883749,4883749,0,12772,0,0,0,0,0,0,TRUE,0.4,"YRI","AFR"
"NA18914","South America",0,0.712094907011823,0.473121187114095,"ok",4883749,4883749,0,12772,0,0,0,0,0,0,TRUE,0.4,"YRI","AFR"
"NA18925","South America",0,0.710029600981635,0.476758542114402,"ok",4883749,4883749,0,12772,0,0,0,0,0,0,TRUE,0.4,"YRI","AFR"
"NA18930","South America",0,0.711232715408393,0.472265796376051,"ok",4883749,4883749,0,12772,0,0,0,0,0,0,TRUE,0.4,"YRI","AFR"
"NA18935","South America",0,0.710083233070864,0.470621899151309,"ok",4883749,4883749,0,12772,0,0,0,0,0,0,TRUE,0.4,"YRI","AFR"
"NA19094","South America",0,0.711119631445511,0.475944917673758,"ok",4883749,4883749,0,12772,0,0,0,0,0,0,TRUE,0.4,"YRI","AFR"
"NA19097","South America",0,0.711898306774238,0.477490547011862,"ok",4883749,4883749,0,12772,0,0,0,0,0,0,TRUE,0.4,"YRI","AFR"
"NA19100","South America",0,0.71188143260038,0.471371891449172,"ok",4883749,4883749,0,12772,0,0,0,0,0,0,TRUE,0.4,"YRI","AFR"
"NA19103","South America",0,0.712478753808126,0.476189648517586,"ok",4883749,4883749,0,12772,0,0,0,0,0,0,TRUE,0.4,"YRI","AFR"
"NA19109","South America",0,0.71028318624414,0.473154035181214,"ok",4883749,4883749,0,12772,0,0,0,0,0,0,TRUE,0.4,"YRI","AFR"
"NA19115","South America",0,0.711625664910041,0.473058522561656,"ok",4883749,4883749,0,12772,0,0,0,0,0,0,TRUE,0.4,"YRI","AFR"
"NA19120","South America",0,0.711629299843959,0.473642589591885,"ok",4883749,4883749,0,12772,0,0,0,0,0,0,TRUE,0.4,"YRI","AFR"
"NA19123","South America",0,0.710233488281364,0.472135448802786,"ok",4883749,4883749,0,12772,0,0,0,0,0,0,TRUE,0.4,"YRI","AFR"
"NA19129","South America",0,0.708418663352175,0.476395785823348,"ok",4883749,4883749,0,12772,0,0,0,0,0,0,TRUE,0.4,"YRI","AFR"
"NA19132","South America",0,0.712382422749432,0.475772175839095,"ok",4883749,4883749,0,12772,0,0,0,0,0,0,TRUE,0.4,"YRI","AFR"
"NA19139","South America",0,0.709648020384274,0.472811683527024,"ok",4883749,4883749,0,12772,0,0,0,0,0,0,TRUE,0.4,"YRI","AFR"
"NA19142","South America",0,0.70925829644373,0.470196175071293,"ok",4883749,4883749,0,12772,0,0,0,0,0,0,TRUE,0.4,"YRI","AFR"
"NA19145","South America",0,0.708766963318158,0.470658900201429,"ok",4883749,4883749,0,12772,0,0,0,0,0,0,TRUE,0.4,"YRI","AFR"
"NA19148","South America",0,0.712116911347803,0.47635689623721,"ok",4883749,4883749,0,12772,0,0,0,0,0,0,TRUE,0.4,"YRI","AFR"
"NA19151","South America",0,0.711935315539228,0.475401352949952,"ok",4883749,4883749,0,12772,0,0,0,0,0,0,TRUE,0.4,"YRI","AFR"
"NA19154","South America",0,0.710817881734104,0.474937875087743,"ok",4883749,4883749,0,12772,0,0,0,0,0,0,TRUE,0.4,"YRI","AFR"
"NA19161","South America",0,0.707597440879435,0.473546805832196,"ok",4883749,4883749,0,12772,0,0,0,0,0,0,TRUE,0.4,"YRI","AFR"
"NA19173","South America",0,0.709418357190812,0.474772515858429,"ok",4883749,4883749,0,12772,0,0,0,0,0,0,TRUE,0.4,"YRI","AFR"
"NA19174","South America",0,0.707470560888732,0.472726613068309,"ok",4883749,4883749,0,12772,0,0,0,0,0,0,TRUE,0.4,"YRI","AFR"
"NA19177","South America",0,0.710694961794487,0.47316130793228,"ok",4883749,4883749,0,12772,0,0,0,0,0,0,TRUE,0.4,"YRI","AFR"
"NA19186","South America",0,0.710622021072665,0.472346417331856,"ok",4883749,4883749,0,12772,0,0,0,0,0,0,TRUE,0.4,"YRI","AFR"
"NA19191","South America",0,0.709621443930283,0.475367828408443,"ok",4883749,4883749,0,12772,0,0,0,0,0,0,TRUE,0.4,"YRI","AFR"
"NA19199","South America",0,0.710795274606652,0.474959218520518,"ok",4883749,4883749,0,12772,0,0,0,0,0,0,TRUE,0.4,"YRI","AFR"
"NA19202","South America",0,0.710420888395138,0.473078765063845,"ok",4883749,4883749,0,12772,0,0,0,0,0,0,TRUE,0.4,"YRI","AFR"
"NA19205","South America",0,0.713163478078787,0.477028102694525,"ok",4883749,4883749,0,12772,0,0,0,0,0,0,TRUE,0.4,"YRI","AFR"
"NA19208","South America",0,0.711585205992313,0.474154262837139,"ok",4883749,4883749,0,12772,0,0,0,0,0,0,TRUE,0.4,"YRI","AFR"
"NA19211","South America",0,0.710624825561571,0.473336861911309,"ok",4883749,4883749,0,12772,0,0,0,0,0,0,TRUE,0.4,"YRI","AFR"
"NA19215","South America",0,0.712612783587632,0.47483582218126,"ok",4883749,4883749,0,12772,0,0,0,0,0,0,TRUE,0.4,"YRI","AFR"
"NA19221","South America",0,0.711442228839952,0.475402571411203,"ok",4883749,4883749,0,12772,0,0,0,0,0,0,TRUE,0.4,"YRI","AFR"
"NA19224","South America",0,0.7096704224173,0.472265976572509,"ok",4883749,4883749,0,12772,0,0,0,0,0,0,TRUE,0.4,"YRI","AFR"
"NA19237","South America",0,0.709961376461955,0.469366162532745,"ok",4883749,4883749,0,12772,0,0,0,0,0,0,TRUE,0.4,"YRI","AFR"
"NA19240","South America",0,0.710184309752737,0.473693655345644,"ok",4883749,4883749,0,12772,0,0,0,0,0,0,TRUE,0.4,"YRI","AFR"
"NA19249","South America",0,0.711250631029851,0.475112511607999,"ok",4883749,4883749,0,12772,0,0,0,0,0,0,TRUE,0.4,"YRI","AFR"
"NA19258","South America",0,0.711190909176151,0.476671660120061,"ok",4883749,4883749,0,12772,0,0,0,0,0,0,TRUE,0.4,"YRI","AFR"
"NA18484","Sri Lanka",0,0.709825881741235,0.479342740164065,"ok",4883749,4883749,0,12772,0,0,0,0,0,0,TRUE,0.4,"YRI","AFR"
"NA18485","Sri Lanka",0,0.712200293959852,0.478417532441218,"ok",4883749,4883749,0,12772,0,0,0,0,0,0,TRUE,0.4,"YRI","AFR"
"NA18497","Sri Lanka",0,0.708441275649506,0.475071969963469,"ok",4883749,4883749,0,12772,0,0,0,0,0,0,TRUE,0.4,"YRI","AFR"
"NA18500","Sri Lanka",0,0.711244546026182,0.477537964521672,"ok",4883749,4883749,0,12772,0,0,0,0,0,0,TRUE,0.4,"YRI","AFR"
"NA18503","Sri Lanka",0,0.711124531891229,0.469909192871338,"ok",4883749,4883749,0,12772,0,0,0,0,0,0,TRUE,0.4,"YRI","AFR"
"NA18506","Sri Lanka",0,0.711415427573818,0.476685713492598,"ok",4883749,4883749,0,12772,0,0,0,0,0,0,TRUE,0.4,"YRI","AFR"
"NA18515","Sri Lanka",0,0.712719420611189,0.477614195055882,"ok",4883749,4883749,0,12772,0,0,0,0,0,0,TRUE,0.4,"YRI","AFR"
"NA18518","Sri Lanka",0,0.714639236527377,0.480700384657167,"ok",4883749,4883749,0,12772,0,0,0,0,0,0,TRUE,0.4,"YRI","AFR"
"NA18521","Sri Lanka",0,0.708573379902358,0.480501660386152,"ok",4883749,4883749,0,12772,0,0,0,0,0,0,TRUE,0.4,"YRI","AFR"
"NA18854","Sri Lanka",0,0.712843215784703,0.477077759472532,"ok",4883749,4883749,0,12772,0,0,0,0,0,0,TRUE,0.4,"YRI","AFR"
"NA18857","Sri Lanka",0,0.709195872988094,0.478274015798965,"ok",4883749,4883749,0,12772,0,0,0,0,0,0,TRUE,0.4,"YRI","AFR"
"NA18860","Sri Lanka",0,0.709191813087805,0.475466250450018,"ok",4883749,4883749,0,12772,0,0,0,0,0,0,TRUE,0.4,"YRI","AFR"
"NA18863","Sri Lanka",0,0.708243111719007,0.480616840698641,"ok",4883749,4883749,0,12772,0,0,0,0,0,0,TRUE,0.4,"YRI","AFR"
"NA18869","Sri Lanka",0,0.710244662593691,0.474588222759162,"ok",4883749,4883749,0,12772,0,0,0,0,0,0,TRUE,0.4,"YRI","AFR"
"NA18872","Sri Lanka",0,0.7096934956979,0.475334556640291,"ok",4883749,4883749,0,12772,0,0,0,0,0,0,TRUE,0.4,"YRI","AFR"
"NA18875","Sri Lanka",0,0.710447603721394,0.474081406402344,"ok",4883749,4883749,0,12772,0,0,0,0,0,0,TRUE,0.4,"YRI","AFR"
"NA18906","Sri Lanka",0,0.711656079684615,0.479597225684681,"ok",4883749,4883749,0,12772,0,0,0,0,0,0,TRUE,0.4,"YRI","AFR"
"NA18911","Sri Lanka",0,0.71104579202622,0.482693515274711,"ok",4883749,4883749,0,12772,0,0,0,0,0,0,TRUE,0.4,"YRI","AFR"
"NA18914","Sri Lanka",0,0.712094907011823,0.478490850262306,"ok",4883749,4883749,0,12772,0,0,0,0,0,0,TRUE,0.4,"YRI","AFR"
"NA18925","Sri Lanka",0,0.710029600981635,0.479424931112205,"ok",4883749,4883749,0,12772,0,0,0,0,0,0,TRUE,0.4,"YRI","AFR"
"NA18930","Sri Lanka",0,0.711232715408393,0.475463184249018,"ok",4883749,4883749,0,12772,0,0,0,0,0,0,TRUE,0.4,"YRI","AFR"
"NA18935","Sri Lanka",0,0.710083233070864,0.474585716660638,"ok",4883749,4883749,0,12772,0,0,0,0,0,0,TRUE,0.4,"YRI","AFR"
"NA19094","Sri Lanka",0,0.711119631445511,0.480481873383519,"ok",4883749,4883749,0,12772,0,0,0,0,0,0,TRUE,0.4,"YRI","AFR"
"NA19097","Sri Lanka",0,0.711898306774238,0.482775891710606,"ok",4883749,4883749,0,12772,0,0,0,0,0,0,TRUE,0.4,"YRI","AFR"
"NA19100","Sri Lanka",0,0.71188143260038,0.478482114609454,"ok",4883749,4883749,0,12772,0,0,0,0,0,0,TRUE,0.4,"YRI","AFR"
"NA19103","Sri Lanka",0,0.712478753808126,0.480656005254592,"ok",4883749,4883749,0,12772,0,0,0,0,0,0,TRUE,0.4,"YRI","AFR"
"NA19109","Sri Lanka",0,0.71028318624414,0.479219066668529,"ok",4883749,4883749,0,12772,0,0,0,0,0,0,TRUE,0.4,"YRI","AFR"
"NA19115","Sri Lanka",0,0.711625664910041,0.477152349821967,"ok",4883749,4883749,0,12772,0,0,0,0,0,0,TRUE,0.4,"YRI","AFR"
"NA19120","Sri Lanka",0,0.711629299843959,0.479374511869645,"ok",4883749,4883749,0,12772,0,0,0,0,0,0,TRUE,0.4,"YRI","AFR"
"NA19123","Sri Lanka",0,0.710233488281364,0.477649358861672,"ok",4883749,4883749,0,12772,0,0,0,0,0,0,TRUE,0.4,"YRI","AFR"
"NA19129","Sri Lanka",0,0.708418663352175,0.480144533109013,"ok",4883749,4883749,0,12772,0,0,0,0,0,0,TRUE,0.4,"YRI","AFR"
"NA19132","Sri Lanka",0,0.712382422749432,0.480214151108377,"ok",4883749,4883749,0,12772,0,0,0,0,0,0,TRUE,0.4,"YRI","AFR"
"NA19139","Sri Lanka",0,0.709648020384274,0.477547134213939,"ok",4883749,4883749,0,12772,0,0,0,0,0,0,TRUE,0.4,"YRI","AFR"
"NA19142","Sri Lanka",0,0.70925829644373,0.474843187725873,"ok",4883749,4883749,0,12772,0,0,0,0,0,0,TRUE,0.4,"YRI","AFR"
"NA19145","Sri Lanka",0,0.708766963318158,0.476142601716407,"ok",4883749,4883749,0,12772,0,0,0,0,0,0,TRUE,0.4,"YRI","AFR"
"NA19148","Sri Lanka",0,0.712116911347803,0.479505431662408,"ok",4883749,4883749,0,12772,0,0,0,0,0,0,TRUE,0.4,"YRI","AFR"
"NA19151","Sri Lanka",0,0.711935315539228,0.480922000727599,"ok",4883749,4883749,0,12772,0,0,0,0,0,0,TRUE,0.4,"YRI","AFR"
"NA19154","Sri Lanka",0,0.710817881734104,0.479182002002873,"ok",4883749,4883749,0,12772,0,0,0,0,0,0,TRUE,0.4,"YRI","AFR"
"NA19161","Sri Lanka",0,0.707597440879435,0.478276958385934,"ok",4883749,4883749,0,12772,0,0,0,0,0,0,TRUE,0.4,"YRI","AFR"
"NA19173","Sri Lanka",0,0.709418357190812,0.47815900148315,"ok",4883749,4883749,0,12772,0,0,0,0,0,0,TRUE,0.4,"YRI","AFR"
"NA19174","Sri Lanka",0,0.707470560888732,0.477207066177054,"ok",4883749,4883749,0,12772,0,0,0,0,0,0,TRUE,0.4,"YRI","AFR"
"NA19177","Sri Lanka",0,0.710694961794487,0.479189701473502,"ok",4883749,4883749,0,12772,0,0,0,0,0,0,TRUE,0.4,"YRI","AFR"
"NA19186","Sri Lanka",0,0.710622021072665,0.476165136244186,"ok",4883749,4883749,0,12772,0,0,0,0,0,0,TRUE,0.4,"YRI","AFR"
"NA19191","Sri Lanka",0,0.709621443930283,0.480933984091349,"ok",4883749,4883749,0,12772,0,0,0,0,0,0,TRUE,0.4,"YRI","AFR"
"NA19199","Sri Lanka",0,0.710795274606652,0.480412723364965,"ok",4883749,4883749,0,12772,0,0,0,0,0,0,TRUE,0.4,"YRI","AFR"
"NA19202","Sri Lanka",0,0.710420888395138,0.478142952628313,"ok",4883749,4883749,0,12772,0,0,0,0,0,0,TRUE,0.4,"YRI","AFR"
"NA19205","Sri Lanka",0,0.713163478078787,0.48237476813399,"ok",4883749,4883749,0,12772,0,0,0,0,0,0,TRUE,0.4,"YRI","AFR"
"NA19208","Sri Lanka",0,0.711585205992313,0.478359985212252,"ok",4883749,4883749,0,12772,0,0,0,0,0,0,TRUE,0.4,"YRI","AFR"
"NA19211","Sri Lanka",0,0.710624825561571,0.475416001337795,"ok",4883749,4883749,0,12772,0,0,0,0,0,0,TRUE,0.4,"YRI","AFR"
"NA19215","Sri Lanka",0,0.712612783587632,0.478281331382287,"ok",4883749,4883749,0,12772,0,0,0,0,0,0,TRUE,0.4,"YRI","AFR"
"NA19221","Sri Lanka",0,0.711442228839952,0.480210989096706,"ok",4883749,4883749,0,12772,0,0,0,0,0,0,TRUE,0.4,"YRI","AFR"
"NA19224","Sri Lanka",0,0.7096704224173,0.476148997478677,"ok",4883749,4883749,0,12772,0,0,0,0,0,0,TRUE,0.4,"YRI","AFR"
"NA19237","Sri Lanka",0,0.709961376461955,0.475330682776773,"ok",4883749,4883749,0,12772,0,0,0,0,0,0,TRUE,0.4,"YRI","AFR"
"NA19240","Sri Lanka",0,0.710184309752737,0.477432177016166,"ok",4883749,4883749,0,12772,0,0,0,0,0,0,TRUE,0.4,"YRI","AFR"
"NA19249","Sri Lanka",0,0.711250631029851,0.480471374946641,"ok",4883749,4883749,0,12772,0,0,0,0,0,0,TRUE,0.4,"YRI","AFR"
"NA19258","Sri Lanka",0,0.711190909176151,0.480495234017064,"ok",4883749,4883749,0,12772,0,0,0,0,0,0,TRUE,0.4,"YRI","AFR"
"NA18484","United Kingdom",0,0.709825881741235,0.454562238719106,"ok",4883749,4883749,0,12772,0,0,0,0,0,0,TRUE,0.4,"YRI","AFR"
"NA18485","United Kingdom",0,0.712200293959852,0.451790577367005,"ok",4883749,4883749,0,12772,0,0,0,0,0,0,TRUE,0.4,"YRI","AFR"
"NA18497","United Kingdom",0,0.708441275649506,0.446483925075476,"ok",4883749,4883749,0,12772,0,0,0,0,0,0,TRUE,0.4,"YRI","AFR"
"NA18500","United Kingdom",0,0.711244546026182,0.450989547177991,"ok",4883749,4883749,0,12772,0,0,0,0,0,0,TRUE,0.4,"YRI","AFR"
"NA18503","United Kingdom",0,0.711124531891229,0.445396117951246,"ok",4883749,4883749,0,12772,0,0,0,0,0,0,TRUE,0.4,"YRI","AFR"
"NA18506","United Kingdom",0,0.711415427573818,0.45042505115269,"ok",4883749,4883749,0,12772,0,0,0,0,0,0,TRUE,0.4,"YRI","AFR"
"NA18515","United Kingdom",0,0.712719420611189,0.450918203247851,"ok",4883749,4883749,0,12772,0,0,0,0,0,0,TRUE,0.4,"YRI","AFR"
"NA18518","United Kingdom",0,0.714639236527377,0.454381635250688,"ok",4883749,4883749,0,12772,0,0,0,0,0,0,TRUE,0.4,"YRI","AFR"
"NA18521","United Kingdom",0,0.708573379902358,0.45246175447465,"ok",4883749,4883749,0,12772,0,0,0,0,0,0,TRUE,0.4,"YRI","AFR"
"NA18854","United Kingdom",0,0.712843215784703,0.450996559624687,"ok",4883749,4883749,0,12772,0,0,0,0,0,0,TRUE,0.4,"YRI","AFR"
"NA18857","United Kingdom",0,0.709195872988094,0.449784075110879,"ok",4883749,4883749,0,12772,0,0,0,0,0,0,TRUE,0.4,"YRI","AFR"
"NA18860","United Kingdom",0,0.709191813087805,0.448696421207865,"ok",4883749,4883749,0,12772,0,0,0,0,0,0,TRUE,0.4,"YRI","AFR"
"NA18863","United Kingdom",0,0.708243111719007,0.452069497210078,"ok",4883749,4883749,0,12772,0,0,0,0,0,0,TRUE,0.4,"YRI","AFR"
"NA18869","United Kingdom",0,0.710244662593691,0.448848276504452,"ok",4883749,4883749,0,12772,0,0,0,0,0,0,TRUE,0.4,"YRI","AFR"
"NA18872","United Kingdom",0,0.7096934956979,0.450245320896534,"ok",4883749,4883749,0,12772,0,0,0,0,0,0,TRUE,0.4,"YRI","AFR"
"NA18875","United Kingdom",0,0.710447603721394,0.447584843761883,"ok",4883749,4883749,0,12772,0,0,0,0,0,0,TRUE,0.4,"YRI","AFR"
"NA18906","United Kingdom",0,0.711656079684615,0.453684281008434,"ok",4883749,4883749,0,12772,0,0,0,0,0,0,TRUE,0.4,"YRI","AFR"
"NA18911","United Kingdom",0,0.71104579202622,0.45589942886878,"ok",4883749,4883749,0,12772,0,0,0,0,0,0,TRUE,0.4,"YRI","AFR"
"NA18914","United Kingdom",0,0.712094907011823,0.450685994573997,"ok",4883749,4883749,0,12772,0,0,0,0,0,0,TRUE,0.4,"YRI","AFR"
"NA18925","United Kingdom",0,0.710029600981635,0.453649477170859,"ok",4883749,4883749,0,12772,0,0,0,0,0,0,TRUE,0.4,"YRI","AFR"
"NA18930","United Kingdom",0,0.711232715408393,0.449899626488681,"ok",4883749,4883749,0,12772,0,0,0,0,0,0,TRUE,0.4,"YRI","AFR"
"NA18935","United Kingdom",0,0.710083233070864,0.447905392809648,"ok",4883749,4883749,0,12772,0,0,0,0,0,0,TRUE,0.4,"YRI","AFR"
"NA19094","United Kingdom",0,0.711119631445511,0.452740488749052,"ok",4883749,4883749,0,12772,0,0,0,0,0,0,TRUE,0.4,"YRI","AFR"
"NA19097","United Kingdom",0,0.711898306774238,0.454503677023849,"ok",4883749,4883749,0,12772,0,0,0,0,0,0,TRUE,0.4,"YRI","AFR"
"NA19100","United Kingdom",0,0.71188143260038,0.44960820055796,"ok",4883749,4883749,0,12772,0,0,0,0,0,0,TRUE,0.4,"YRI","AFR"
"NA19103","United Kingdom",0,0.712478753808126,0.452722080074419,"ok",4883749,4883749,0,12772,0,0,0,0,0,0,TRUE,0.4,"YRI","AFR"
"NA19109","United Kingdom",0,0.71028318624414,0.451746819187675,"ok",4883749,4883749,0,12772,0,0,0,0,0,0,TRUE,0.4,"YRI","AFR"
"NA19115","United Kingdom",0,0.711625664910041,0.450139772428747,"ok",4883749,4883749,0,12772,0,0,0,0,0,0,TRUE,0.4,"YRI","AFR"
"NA19120","United Kingdom",0,0.711629299843959,0.450831954612876,"ok",4883749,4883749,0,12772,0,0,0,0,0,0,TRUE,0.4,"YRI","AFR"
"NA19123","United Kingdom",0,0.710233488281364,0.448462057687166,"ok",4883749,4883749,0,12772,0,0,0,0,0,0,TRUE,0.4,"YRI","AFR"
"NA19129","United Kingdom",0,0.708418663352175,0.45388259297893,"ok",4883749,4883749,0,12772,0,0,0,0,0,0,TRUE,0.4,"YRI","AFR"
"NA19132","United Kingdom",0,0.712382422749432,0.451877986329175,"ok",4883749,4883749,0,12772,0,0,0,0,0,0,TRUE,0.4,"YRI","AFR"
"NA19139","United Kingdom",0,0.709648020384274,0.450519432424772,"ok",4883749,4883749,0,12772,0,0,0,0,0,0,TRUE,0.4,"YRI","AFR"
"NA19142","United Kingdom",0,0.70925829644373,0.448671507236886,"ok",4883749,4883749,0,12772,0,0,0,0,0,0,TRUE,0.4,"YRI","AFR"
"NA19145","United Kingdom",0,0.708766963318158,0.449416637054407,"ok",4883749,4883749,0,12772,0,0,0,0,0,0,TRUE,0.4,"YRI","AFR"
"NA19148","United Kingdom",0,0.712116911347803,0.451797903466758,"ok",4883749,4883749,0,12772,0,0,0,0,0,0,TRUE,0.4,"YRI","AFR"
"NA19151","United Kingdom",0,0.711935315539228,0.45325138650414,"ok",4883749,4883749,0,12772,0,0,0,0,0,0,TRUE,0.4,"YRI","AFR"
"NA19154","United Kingdom",0,0.710817881734104,0.452827445980528,"ok",4883749,4883749,0,12772,0,0,0,0,0,0,TRUE,0.4,"YRI","AFR"
"NA19161","United Kingdom",0,0.707597440879435,0.448392459602564,"ok",4883749,4883749,0,12772,0,0,0,0,0,0,TRUE,0.4,"YRI","AFR"
"NA19173","United Kingdom",0,0.709418357190812,0.453246117023762,"ok",4883749,4883749,0,12772,0,0,0,0,0,0,TRUE,0.4,"YRI","AFR"
"NA19174","United Kingdom",0,0.707470560888732,0.452043043283569,"ok",4883749,4883749,0,12772,0,0,0,0,0,0,TRUE,0.4,"YRI","AFR"
"NA19177","United Kingdom",0,0.710694961794487,0.450561154418199,"ok",4883749,4883749,0,12772,0,0,0,0,0,0,TRUE,0.4,"YRI","AFR"
"NA19186","United Kingdom",0,0.710622021072665,0.448848783273604,"ok",4883749,4883749,0,12772,0,0,0,0,0,0,TRUE,0.4,"YRI","AFR"
"NA19191","United Kingdom",0,0.709621443930283,0.452316915230421,"ok",4883749,4883749,0,12772,0,0,0,0,0,0,TRUE,0.4,"YRI","AFR"
"NA19199","United Kingdom",0,0.710795274606652,0.454573503467376,"ok",4883749,4883749,0,12772,0,0,0,0,0,0,TRUE,0.4,"YRI","AFR"
"NA19202","United Kingdom",0,0.710420888395138,0.451310945230574,"ok",4883749,4883749,0,12772,0,0,0,0,0,0,TRUE,0.4,"YRI","AFR"
"NA19205","United Kingdom",0,0.713163478078787,0.455128260840579,"ok",4883749,4883749,0,12772,0,0,0,0,0,0,TRUE,0.4,"YRI","AFR"
"NA19208","United Kingdom",0,0.711585205992313,0.450387233521131,"ok",4883749,4883749,0,12772,0,0,0,0,0,0,TRUE,0.4,"YRI","AFR"
"NA19211","United Kingdom",0,0.710624825561571,0.45019833543913,"ok",4883749,4883749,0,12772,0,0,0,0,0,0,TRUE,0.4,"YRI","AFR"
"NA19215","United Kingdom",0,0.712612783587632,0.450466753152455,"ok",4883749,4883749,0,12772,0,0,0,0,0,0,TRUE,0.4,"YRI","AFR"
"NA19221","United Kingdom",0,0.711442228839952,0.453483902575583,"ok",4883749,4883749,0,12772,0,0,0,0,0,0,TRUE,0.4,"YRI","AFR"
"NA19224","United Kingdom",0,0.7096704224173,0.45101492181427,"ok",4883749,4883749,0,12772,0,0,0,0,0,0,TRUE,0.4,"YRI","AFR"
"NA19237","United Kingdom",0,0.709961376461955,0.447788374300804,"ok",4883749,4883749,0,12772,0,0,0,0,0,0,TRUE,0.4,"YRI","AFR"
"NA19240","United Kingdom",0,0.710184309752737,0.450037738624079,"ok",4883749,4883749,0,12772,0,0,0,0,0,0,TRUE,0.4,"YRI","AFR"
"NA19249","United Kingdom",0,0.711250631029851,0.452011569759252,"ok",4883749,4883749,0,12772,0,0,0,0,0,0,TRUE,0.4,"YRI","AFR"
"NA19258","United Kingdom",0,0.711190909176151,0.452889401809263,"ok",4883749,4883749,0,12772,0,0,0,0,0,0,TRUE,0.4,"YRI","AFR"
