"run_id"	"implementation"	"cell"	"axis"	"file_scale"	"panel_scale"	"input_id"	"input_sha256"	"input_bytes"	"input_records"	"panel_source_id"	"panel_source_sha256"	"panel_source_bytes"	"panel_sites"	"panel_sha256"	"threads"	"replicate"	"started_utc"	"seconds"	"execution_status"	"error_message"	"output_rows"	"result_sha256"	"peak_rss_mib"	"peak_buffer_mib"	"peak_spill_mib"	"spill_source"	"rss_verdict"	"buffer_verdict"	"spill_verdict"	"resource_verdict"	"memory_limit"	"max_temp_directory_size"	"private_temp_directory"	"source_git_sha"	"source_dirty_diff_sha256"	"extension_sha256"	"macro_text_sha256"	"duckdb_version"	"duckdb_source_id"	"R_version"	"DBI_version"	"duckdb_R_version"	"Rduckhts_installed_version"	"Rduckhts_source_version"	"duckhtsbench_source_version"	"htslib_version"	"profile_available"
"prechange-panel_1x_fixed_file_4x-t1-r1"	"prechange"	"panel_1x_fixed_file_4x"	"panel"	4	1	"sql_scaling_giab_4x"	"932617388d0dd702066a5bcd55fec3e443946bf2d93c1796ed82312a55a1560f"	47804032	1236049	"sql_scaling_giab_1x"	"a3f740ed18f64ceb129365c5ada886391cdc85fd3450f9f8f72941282d77f71b"	12430977	2000	"3745830e874f19e927203bacfd2d09ac834b8c2d05055997e834750038ccace9"	1	1	"2026-09-30 08:20:56 UTC"	1.348	"out_of_memory"	"Invalid Error: Out of Memory Error: failed to offload data block of size 32.0 KiB (0 bytes/0 bytes used). This limit was set by the 'max_temp_directory_size' setting. By default, this setting utilizes the available disk space on the drive where the 'temp_directory' is located. You can adjust this setting, by using (for example) PRAGMA max_temp_directory_size='10GiB' Possible solutions: * Reducing the number of threads (SET threads=X) * Disabling insertion-order preservation (SET preserve_insertion_order=false) * Increasing the memory limit (SET memory_limit='...GB') See also https://duckdb.org/docs/stable/guides/performance/how_to_tune_workloads ℹ Context: rapi_execute ℹ Error type: INVALID"	0	NA	359.3828125	NA	0	"private_temp_directory_after_query"	"over_budget"	"unavailable"	"within_budget"	"over_or_unmeasured"	"256MB"	"0B"	"/tmp/RtmpwKFTga/duckhts-vcf-count-run-e858f4df8400f/duckdb-temp"	"2c5b69b6d23fcd3cb7928465c1d886d23ac8a26b"	"e3b0c44298fc1c149afbf4c8996fb92427ae41e4649b934ca495991b7852b855"	"f9f90d05bb5ae7b0265047652ca1e0184875aeb3535f89bb1bf08def578dde56"	"cc5f8aeae2a6db3210a547cebc3fcf092da6d9cdeae82185c6fb3ecce5fbe557"	"v1.5.5"	"d8cdaa33fda"	"R version 4.6.0 (2026-04-24)"	"1.3.0"	"1.5.5"	"0.1.3.0.0.2"	"1.5.2.9007-0.1.5"	"0.0.0.9001"	1.24	FALSE
"branch-panel_1x_fixed_file_4x-t1-r1"	"branch"	"panel_1x_fixed_file_4x"	"panel"	4	1	"sql_scaling_giab_4x"	"932617388d0dd702066a5bcd55fec3e443946bf2d93c1796ed82312a55a1560f"	47804032	1236049	"sql_scaling_giab_1x"	"a3f740ed18f64ceb129365c5ada886391cdc85fd3450f9f8f72941282d77f71b"	12430977	2000	"3745830e874f19e927203bacfd2d09ac834b8c2d05055997e834750038ccace9"	1	1	"2026-09-30 08:20:58 UTC"	1.976	"success"	NA	2000	"64c7bbfe845cfc3b8a0d2cf43d4d1b7b84659219907201b1b5d60408f4ff9b12"	178.47265625	59.7844848632812	0	"duckdb_query_json_profile"	"within_budget"	"within_budget"	"within_budget"	"within_budget"	"256MB"	"0B"	"/tmp/RtmpY4JFs7/duckhts-vcf-count-run-e85ec5a1a9a69/duckdb-temp"	"ceb2341ff9e746379955b5ea6462f05e9bd6fa8a"	"e3b0c44298fc1c149afbf4c8996fb92427ae41e4649b934ca495991b7852b855"	"8a11aea8e552b3953dd1b10410b4670e0f72e6999fcbcd878cc04b26b10f0087"	"ee2361335884564210aa91a7e8260720cc2d72333c56d8ddb153392ae9256cc8"	"v1.5.5"	"d8cdaa33fda"	"R version 4.6.0 (2026-04-24)"	"1.3.0"	"1.5.5"	"0.1.3.0.0.2"	"1.5.2.9007-0.1.5"	"0.0.0.9001"	1.24	TRUE
"branch-panel_1x_fixed_file_4x-t1-r2"	"branch"	"panel_1x_fixed_file_4x"	"panel"	4	1	"sql_scaling_giab_4x"	"932617388d0dd702066a5bcd55fec3e443946bf2d93c1796ed82312a55a1560f"	47804032	1236049	"sql_scaling_giab_1x"	"a3f740ed18f64ceb129365c5ada886391cdc85fd3450f9f8f72941282d77f71b"	12430977	2000	"3745830e874f19e927203bacfd2d09ac834b8c2d05055997e834750038ccace9"	1	2	"2026-09-30 08:21:01 UTC"	1.962	"success"	NA	2000	"64c7bbfe845cfc3b8a0d2cf43d4d1b7b84659219907201b1b5d60408f4ff9b12"	176.15625	59.6126098632812	0	"duckdb_query_json_profile"	"within_budget"	"within_budget"	"within_budget"	"within_budget"	"256MB"	"0B"	"/tmp/RtmpwufqkM/duckhts-vcf-count-run-e868c4861ba5b/duckdb-temp"	"ceb2341ff9e746379955b5ea6462f05e9bd6fa8a"	"e3b0c44298fc1c149afbf4c8996fb92427ae41e4649b934ca495991b7852b855"	"8a11aea8e552b3953dd1b10410b4670e0f72e6999fcbcd878cc04b26b10f0087"	"ee2361335884564210aa91a7e8260720cc2d72333c56d8ddb153392ae9256cc8"	"v1.5.5"	"d8cdaa33fda"	"R version 4.6.0 (2026-04-24)"	"1.3.0"	"1.5.5"	"0.1.3.0.0.2"	"1.5.2.9007-0.1.5"	"0.0.0.9001"	1.24	TRUE
"prechange-panel_1x_fixed_file_4x-t1-r2"	"prechange"	"panel_1x_fixed_file_4x"	"panel"	4	1	"sql_scaling_giab_4x"	"932617388d0dd702066a5bcd55fec3e443946bf2d93c1796ed82312a55a1560f"	47804032	1236049	"sql_scaling_giab_1x"	"a3f740ed18f64ceb129365c5ada886391cdc85fd3450f9f8f72941282d77f71b"	12430977	2000	"3745830e874f19e927203bacfd2d09ac834b8c2d05055997e834750038ccace9"	1	2	"2026-09-30 08:21:03 UTC"	1.37	"out_of_memory"	"Invalid Error: Out of Memory Error: failed to offload data block of size 256.0 KiB (0 bytes/0 bytes used). This limit was set by the 'max_temp_directory_size' setting. By default, this setting utilizes the available disk space on the drive where the 'temp_directory' is located. You can adjust this setting, by using (for example) PRAGMA max_temp_directory_size='10GiB' Possible solutions: * Reducing the number of threads (SET threads=X) * Disabling insertion-order preservation (SET preserve_insertion_order=false) * Increasing the memory limit (SET memory_limit='...GB') See also https://duckdb.org/docs/stable/guides/performance/how_to_tune_workloads ℹ Context: rapi_execute ℹ Error type: INVALID"	0	NA	358.2890625	NA	0	"private_temp_directory_after_query"	"over_budget"	"unavailable"	"within_budget"	"over_or_unmeasured"	"256MB"	"0B"	"/tmp/RtmpLp749h/duckhts-vcf-count-run-e871853b0aea5/duckdb-temp"	"2c5b69b6d23fcd3cb7928465c1d886d23ac8a26b"	"e3b0c44298fc1c149afbf4c8996fb92427ae41e4649b934ca495991b7852b855"	"f9f90d05bb5ae7b0265047652ca1e0184875aeb3535f89bb1bf08def578dde56"	"cc5f8aeae2a6db3210a547cebc3fcf092da6d9cdeae82185c6fb3ecce5fbe557"	"v1.5.5"	"d8cdaa33fda"	"R version 4.6.0 (2026-04-24)"	"1.3.0"	"1.5.5"	"0.1.3.0.0.2"	"1.5.2.9007-0.1.5"	"0.0.0.9001"	1.24	FALSE
"prechange-panel_1x_fixed_file_4x-t1-r3"	"prechange"	"panel_1x_fixed_file_4x"	"panel"	4	1	"sql_scaling_giab_4x"	"932617388d0dd702066a5bcd55fec3e443946bf2d93c1796ed82312a55a1560f"	47804032	1236049	"sql_scaling_giab_1x"	"a3f740ed18f64ceb129365c5ada886391cdc85fd3450f9f8f72941282d77f71b"	12430977	2000	"3745830e874f19e927203bacfd2d09ac834b8c2d05055997e834750038ccace9"	1	3	"2026-09-30 08:21:05 UTC"	1.356	"out_of_memory"	"Invalid Error: Out of Memory Error: failed to offload data block of size 96.0 KiB (0 bytes/0 bytes used). This limit was set by the 'max_temp_directory_size' setting. By default, this setting utilizes the available disk space on the drive where the 'temp_directory' is located. You can adjust this setting, by using (for example) PRAGMA max_temp_directory_size='10GiB' Possible solutions: * Reducing the number of threads (SET threads=X) * Disabling insertion-order preservation (SET preserve_insertion_order=false) * Increasing the memory limit (SET memory_limit='...GB') See also https://duckdb.org/docs/stable/guides/performance/how_to_tune_workloads ℹ Context: rapi_execute ℹ Error type: INVALID"	0	NA	358.5859375	NA	0	"private_temp_directory_after_query"	"over_budget"	"unavailable"	"within_budget"	"over_or_unmeasured"	"256MB"	"0B"	"/tmp/Rtmpieo4GJ/duckhts-vcf-count-run-e877276a953b0/duckdb-temp"	"2c5b69b6d23fcd3cb7928465c1d886d23ac8a26b"	"e3b0c44298fc1c149afbf4c8996fb92427ae41e4649b934ca495991b7852b855"	"f9f90d05bb5ae7b0265047652ca1e0184875aeb3535f89bb1bf08def578dde56"	"cc5f8aeae2a6db3210a547cebc3fcf092da6d9cdeae82185c6fb3ecce5fbe557"	"v1.5.5"	"d8cdaa33fda"	"R version 4.6.0 (2026-04-24)"	"1.3.0"	"1.5.5"	"0.1.3.0.0.2"	"1.5.2.9007-0.1.5"	"0.0.0.9001"	1.24	FALSE
"branch-panel_1x_fixed_file_4x-t1-r3"	"branch"	"panel_1x_fixed_file_4x"	"panel"	4	1	"sql_scaling_giab_4x"	"932617388d0dd702066a5bcd55fec3e443946bf2d93c1796ed82312a55a1560f"	47804032	1236049	"sql_scaling_giab_1x"	"a3f740ed18f64ceb129365c5ada886391cdc85fd3450f9f8f72941282d77f71b"	12430977	2000	"3745830e874f19e927203bacfd2d09ac834b8c2d05055997e834750038ccace9"	1	3	"2026-09-30 08:21:07 UTC"	1.962	"success"	NA	2000	"64c7bbfe845cfc3b8a0d2cf43d4d1b7b84659219907201b1b5d60408f4ff9b12"	179.31640625	59.6868286132812	0	"duckdb_query_json_profile"	"within_budget"	"within_budget"	"within_budget"	"within_budget"	"256MB"	"0B"	"/tmp/RtmpxDfTN9/duckhts-vcf-count-run-e87de7b31adc8/duckdb-temp"	"ceb2341ff9e746379955b5ea6462f05e9bd6fa8a"	"e3b0c44298fc1c149afbf4c8996fb92427ae41e4649b934ca495991b7852b855"	"8a11aea8e552b3953dd1b10410b4670e0f72e6999fcbcd878cc04b26b10f0087"	"ee2361335884564210aa91a7e8260720cc2d72333c56d8ddb153392ae9256cc8"	"v1.5.5"	"d8cdaa33fda"	"R version 4.6.0 (2026-04-24)"	"1.3.0"	"1.5.5"	"0.1.3.0.0.2"	"1.5.2.9007-0.1.5"	"0.0.0.9001"	1.24	TRUE
"prechange-panel_1x_fixed_file_4x-t4-r1"	"prechange"	"panel_1x_fixed_file_4x"	"panel"	4	1	"sql_scaling_giab_4x"	"932617388d0dd702066a5bcd55fec3e443946bf2d93c1796ed82312a55a1560f"	47804032	1236049	"sql_scaling_giab_1x"	"a3f740ed18f64ceb129365c5ada886391cdc85fd3450f9f8f72941282d77f71b"	12430977	2000	"3745830e874f19e927203bacfd2d09ac834b8c2d05055997e834750038ccace9"	4	1	"2026-09-30 08:21:09 UTC"	1.315	"out_of_memory"	"Invalid Error: Out of Memory Error: failed to offload data block of size 256.0 KiB (0 bytes/0 bytes used). This limit was set by the 'max_temp_directory_size' setting. By default, this setting utilizes the available disk space on the drive where the 'temp_directory' is located. You can adjust this setting, by using (for example) PRAGMA max_temp_directory_size='10GiB' Possible solutions: * Reducing the number of threads (SET threads=X) * Disabling insertion-order preservation (SET preserve_insertion_order=false) * Increasing the memory limit (SET memory_limit='...GB') See also https://duckdb.org/docs/stable/guides/performance/how_to_tune_workloads ℹ Context: rapi_execute ℹ Error type: INVALID"	0	NA	357.03125	NA	0	"private_temp_directory_after_query"	"over_budget"	"unavailable"	"within_budget"	"over_or_unmeasured"	"256MB"	"0B"	"/tmp/RtmpZT6j7u/duckhts-vcf-count-run-e885a2c6683d4/duckdb-temp"	"2c5b69b6d23fcd3cb7928465c1d886d23ac8a26b"	"e3b0c44298fc1c149afbf4c8996fb92427ae41e4649b934ca495991b7852b855"	"f9f90d05bb5ae7b0265047652ca1e0184875aeb3535f89bb1bf08def578dde56"	"cc5f8aeae2a6db3210a547cebc3fcf092da6d9cdeae82185c6fb3ecce5fbe557"	"v1.5.5"	"d8cdaa33fda"	"R version 4.6.0 (2026-04-24)"	"1.3.0"	"1.5.5"	"0.1.3.0.0.2"	"1.5.2.9007-0.1.5"	"0.0.0.9001"	1.24	FALSE
"branch-panel_1x_fixed_file_4x-t4-r1"	"branch"	"panel_1x_fixed_file_4x"	"panel"	4	1	"sql_scaling_giab_4x"	"932617388d0dd702066a5bcd55fec3e443946bf2d93c1796ed82312a55a1560f"	47804032	1236049	"sql_scaling_giab_1x"	"a3f740ed18f64ceb129365c5ada886391cdc85fd3450f9f8f72941282d77f71b"	12430977	2000	"3745830e874f19e927203bacfd2d09ac834b8c2d05055997e834750038ccace9"	4	1	"2026-09-30 08:21:11 UTC"	1.948	"success"	NA	2000	"64c7bbfe845cfc3b8a0d2cf43d4d1b7b84659219907201b1b5d60408f4ff9b12"	182.11328125	121.6171875	0	"duckdb_query_json_profile"	"within_budget"	"within_budget"	"within_budget"	"within_budget"	"256MB"	"0B"	"/tmp/RtmplHXz3p/duckhts-vcf-count-run-e88a876abe54f/duckdb-temp"	"ceb2341ff9e746379955b5ea6462f05e9bd6fa8a"	"e3b0c44298fc1c149afbf4c8996fb92427ae41e4649b934ca495991b7852b855"	"8a11aea8e552b3953dd1b10410b4670e0f72e6999fcbcd878cc04b26b10f0087"	"ee2361335884564210aa91a7e8260720cc2d72333c56d8ddb153392ae9256cc8"	"v1.5.5"	"d8cdaa33fda"	"R version 4.6.0 (2026-04-24)"	"1.3.0"	"1.5.5"	"0.1.3.0.0.2"	"1.5.2.9007-0.1.5"	"0.0.0.9001"	1.24	TRUE
"branch-panel_1x_fixed_file_4x-t4-r2"	"branch"	"panel_1x_fixed_file_4x"	"panel"	4	1	"sql_scaling_giab_4x"	"932617388d0dd702066a5bcd55fec3e443946bf2d93c1796ed82312a55a1560f"	47804032	1236049	"sql_scaling_giab_1x"	"a3f740ed18f64ceb129365c5ada886391cdc85fd3450f9f8f72941282d77f71b"	12430977	2000	"3745830e874f19e927203bacfd2d09ac834b8c2d05055997e834750038ccace9"	4	2	"2026-09-30 08:21:14 UTC"	1.965	"success"	NA	2000	"64c7bbfe845cfc3b8a0d2cf43d4d1b7b84659219907201b1b5d60408f4ff9b12"	184.27734375	124.943359375	0	"duckdb_query_json_profile"	"within_budget"	"within_budget"	"within_budget"	"within_budget"	"256MB"	"0B"	"/tmp/RtmpOu7V3j/duckhts-vcf-count-run-e892c43e04230/duckdb-temp"	"ceb2341ff9e746379955b5ea6462f05e9bd6fa8a"	"e3b0c44298fc1c149afbf4c8996fb92427ae41e4649b934ca495991b7852b855"	"8a11aea8e552b3953dd1b10410b4670e0f72e6999fcbcd878cc04b26b10f0087"	"ee2361335884564210aa91a7e8260720cc2d72333c56d8ddb153392ae9256cc8"	"v1.5.5"	"d8cdaa33fda"	"R version 4.6.0 (2026-04-24)"	"1.3.0"	"1.5.5"	"0.1.3.0.0.2"	"1.5.2.9007-0.1.5"	"0.0.0.9001"	1.24	TRUE
"prechange-panel_1x_fixed_file_4x-t4-r2"	"prechange"	"panel_1x_fixed_file_4x"	"panel"	4	1	"sql_scaling_giab_4x"	"932617388d0dd702066a5bcd55fec3e443946bf2d93c1796ed82312a55a1560f"	47804032	1236049	"sql_scaling_giab_1x"	"a3f740ed18f64ceb129365c5ada886391cdc85fd3450f9f8f72941282d77f71b"	12430977	2000	"3745830e874f19e927203bacfd2d09ac834b8c2d05055997e834750038ccace9"	4	2	"2026-09-30 08:21:16 UTC"	1.296	"out_of_memory"	"Invalid Error: Out of Memory Error: failed to offload data block of size 256.0 KiB (0 bytes/0 bytes used). This limit was set by the 'max_temp_directory_size' setting. By default, this setting utilizes the available disk space on the drive where the 'temp_directory' is located. You can adjust this setting, by using (for example) PRAGMA max_temp_directory_size='10GiB' Possible solutions: * Reducing the number of threads (SET threads=X) * Disabling insertion-order preservation (SET preserve_insertion_order=false) * Increasing the memory limit (SET memory_limit='...GB') See also https://duckdb.org/docs/stable/guides/performance/how_to_tune_workloads ℹ Context: rapi_execute ℹ Error type: INVALID"	0	NA	357.7734375	NA	0	"private_temp_directory_after_query"	"over_budget"	"unavailable"	"within_budget"	"over_or_unmeasured"	"256MB"	"0B"	"/tmp/RtmpO1UVvq/duckhts-vcf-count-run-e899143e2353e/duckdb-temp"	"2c5b69b6d23fcd3cb7928465c1d886d23ac8a26b"	"e3b0c44298fc1c149afbf4c8996fb92427ae41e4649b934ca495991b7852b855"	"f9f90d05bb5ae7b0265047652ca1e0184875aeb3535f89bb1bf08def578dde56"	"cc5f8aeae2a6db3210a547cebc3fcf092da6d9cdeae82185c6fb3ecce5fbe557"	"v1.5.5"	"d8cdaa33fda"	"R version 4.6.0 (2026-04-24)"	"1.3.0"	"1.5.5"	"0.1.3.0.0.2"	"1.5.2.9007-0.1.5"	"0.0.0.9001"	1.24	FALSE
"prechange-panel_1x_fixed_file_4x-t4-r3"	"prechange"	"panel_1x_fixed_file_4x"	"panel"	4	1	"sql_scaling_giab_4x"	"932617388d0dd702066a5bcd55fec3e443946bf2d93c1796ed82312a55a1560f"	47804032	1236049	"sql_scaling_giab_1x"	"a3f740ed18f64ceb129365c5ada886391cdc85fd3450f9f8f72941282d77f71b"	12430977	2000	"3745830e874f19e927203bacfd2d09ac834b8c2d05055997e834750038ccace9"	4	3	"2026-09-30 08:21:18 UTC"	1.303	"out_of_memory"	"Invalid Error: Out of Memory Error: failed to offload data block of size 256.0 KiB (0 bytes/0 bytes used). This limit was set by the 'max_temp_directory_size' setting. By default, this setting utilizes the available disk space on the drive where the 'temp_directory' is located. You can adjust this setting, by using (for example) PRAGMA max_temp_directory_size='10GiB' Possible solutions: * Reducing the number of threads (SET threads=X) * Disabling insertion-order preservation (SET preserve_insertion_order=false) * Increasing the memory limit (SET memory_limit='...GB') See also https://duckdb.org/docs/stable/guides/performance/how_to_tune_workloads ℹ Context: rapi_execute ℹ Error type: INVALID"	0	NA	350.6796875	NA	0	"private_temp_directory_after_query"	"over_budget"	"unavailable"	"within_budget"	"over_or_unmeasured"	"256MB"	"0B"	"/tmp/RtmpZ0ZERR/duckhts-vcf-count-run-e89ee3c1161a7/duckdb-temp"	"2c5b69b6d23fcd3cb7928465c1d886d23ac8a26b"	"e3b0c44298fc1c149afbf4c8996fb92427ae41e4649b934ca495991b7852b855"	"f9f90d05bb5ae7b0265047652ca1e0184875aeb3535f89bb1bf08def578dde56"	"cc5f8aeae2a6db3210a547cebc3fcf092da6d9cdeae82185c6fb3ecce5fbe557"	"v1.5.5"	"d8cdaa33fda"	"R version 4.6.0 (2026-04-24)"	"1.3.0"	"1.5.5"	"0.1.3.0.0.2"	"1.5.2.9007-0.1.5"	"0.0.0.9001"	1.24	FALSE
"branch-panel_1x_fixed_file_4x-t4-r3"	"branch"	"panel_1x_fixed_file_4x"	"panel"	4	1	"sql_scaling_giab_4x"	"932617388d0dd702066a5bcd55fec3e443946bf2d93c1796ed82312a55a1560f"	47804032	1236049	"sql_scaling_giab_1x"	"a3f740ed18f64ceb129365c5ada886391cdc85fd3450f9f8f72941282d77f71b"	12430977	2000	"3745830e874f19e927203bacfd2d09ac834b8c2d05055997e834750038ccace9"	4	3	"2026-09-30 08:21:20 UTC"	1.965	"success"	NA	2000	"64c7bbfe845cfc3b8a0d2cf43d4d1b7b84659219907201b1b5d60408f4ff9b12"	182.828125	117.392578125	0	"duckdb_query_json_profile"	"within_budget"	"within_budget"	"within_budget"	"within_budget"	"256MB"	"0B"	"/tmp/RtmpdImFlB/duckhts-vcf-count-run-e8a4475716ea1/duckdb-temp"	"ceb2341ff9e746379955b5ea6462f05e9bd6fa8a"	"e3b0c44298fc1c149afbf4c8996fb92427ae41e4649b934ca495991b7852b855"	"8a11aea8e552b3953dd1b10410b4670e0f72e6999fcbcd878cc04b26b10f0087"	"ee2361335884564210aa91a7e8260720cc2d72333c56d8ddb153392ae9256cc8"	"v1.5.5"	"d8cdaa33fda"	"R version 4.6.0 (2026-04-24)"	"1.3.0"	"1.5.5"	"0.1.3.0.0.2"	"1.5.2.9007-0.1.5"	"0.0.0.9001"	1.24	TRUE
"prechange-panel_2x_fixed_file_4x-t1-r1"	"prechange"	"panel_2x_fixed_file_4x"	"panel"	4	2	"sql_scaling_giab_4x"	"932617388d0dd702066a5bcd55fec3e443946bf2d93c1796ed82312a55a1560f"	47804032	1236049	"sql_scaling_giab_1x"	"a3f740ed18f64ceb129365c5ada886391cdc85fd3450f9f8f72941282d77f71b"	12430977	4000	"303abd2b4af8a7c46c145e1c02c030857fecb913554b234528d9f0ea727bbd7c"	1	1	"2026-09-30 08:21:23 UTC"	1.352	"out_of_memory"	"Invalid Error: Out of Memory Error: failed to offload data block of size 256.0 KiB (0 bytes/0 bytes used). This limit was set by the 'max_temp_directory_size' setting. By default, this setting utilizes the available disk space on the drive where the 'temp_directory' is located. You can adjust this setting, by using (for example) PRAGMA max_temp_directory_size='10GiB' Possible solutions: * Reducing the number of threads (SET threads=X) * Disabling insertion-order preservation (SET preserve_insertion_order=false) * Increasing the memory limit (SET memory_limit='...GB') See also https://duckdb.org/docs/stable/guides/performance/how_to_tune_workloads ℹ Context: rapi_execute ℹ Error type: INVALID"	0	NA	357.859375	NA	0	"private_temp_directory_after_query"	"over_budget"	"unavailable"	"within_budget"	"over_or_unmeasured"	"256MB"	"0B"	"/tmp/RtmpRYauQC/duckhts-vcf-count-run-e8ab627ea02/duckdb-temp"	"2c5b69b6d23fcd3cb7928465c1d886d23ac8a26b"	"e3b0c44298fc1c149afbf4c8996fb92427ae41e4649b934ca495991b7852b855"	"f9f90d05bb5ae7b0265047652ca1e0184875aeb3535f89bb1bf08def578dde56"	"cc5f8aeae2a6db3210a547cebc3fcf092da6d9cdeae82185c6fb3ecce5fbe557"	"v1.5.5"	"d8cdaa33fda"	"R version 4.6.0 (2026-04-24)"	"1.3.0"	"1.5.5"	"0.1.3.0.0.2"	"1.5.2.9007-0.1.5"	"0.0.0.9001"	1.24	FALSE
"branch-panel_2x_fixed_file_4x-t1-r1"	"branch"	"panel_2x_fixed_file_4x"	"panel"	4	2	"sql_scaling_giab_4x"	"932617388d0dd702066a5bcd55fec3e443946bf2d93c1796ed82312a55a1560f"	47804032	1236049	"sql_scaling_giab_1x"	"a3f740ed18f64ceb129365c5ada886391cdc85fd3450f9f8f72941282d77f71b"	12430977	4000	"303abd2b4af8a7c46c145e1c02c030857fecb913554b234528d9f0ea727bbd7c"	1	1	"2026-09-30 08:21:24 UTC"	1.972	"success"	NA	4000	"75e5793b75608de9ad4ab5766011822127f355add2c272efe3131b752d947257"	181.31640625	67.9228515625	0	"duckdb_query_json_profile"	"within_budget"	"within_budget"	"within_budget"	"within_budget"	"256MB"	"0B"	"/tmp/RtmpdY0fFB/duckhts-vcf-count-run-e8b0d2d68a050/duckdb-temp"	"ceb2341ff9e746379955b5ea6462f05e9bd6fa8a"	"e3b0c44298fc1c149afbf4c8996fb92427ae41e4649b934ca495991b7852b855"	"8a11aea8e552b3953dd1b10410b4670e0f72e6999fcbcd878cc04b26b10f0087"	"ee2361335884564210aa91a7e8260720cc2d72333c56d8ddb153392ae9256cc8"	"v1.5.5"	"d8cdaa33fda"	"R version 4.6.0 (2026-04-24)"	"1.3.0"	"1.5.5"	"0.1.3.0.0.2"	"1.5.2.9007-0.1.5"	"0.0.0.9001"	1.24	TRUE
"branch-panel_2x_fixed_file_4x-t1-r2"	"branch"	"panel_2x_fixed_file_4x"	"panel"	4	2	"sql_scaling_giab_4x"	"932617388d0dd702066a5bcd55fec3e443946bf2d93c1796ed82312a55a1560f"	47804032	1236049	"sql_scaling_giab_1x"	"a3f740ed18f64ceb129365c5ada886391cdc85fd3450f9f8f72941282d77f71b"	12430977	4000	"303abd2b4af8a7c46c145e1c02c030857fecb913554b234528d9f0ea727bbd7c"	1	2	"2026-09-30 08:21:27 UTC"	1.972	"success"	NA	4000	"75e5793b75608de9ad4ab5766011822127f355add2c272efe3131b752d947257"	179.375	67.9111328125	0	"duckdb_query_json_profile"	"within_budget"	"within_budget"	"within_budget"	"within_budget"	"256MB"	"0B"	"/tmp/RtmpKu0wuq/duckhts-vcf-count-run-e8b6c3a93c83f/duckdb-temp"	"ceb2341ff9e746379955b5ea6462f05e9bd6fa8a"	"e3b0c44298fc1c149afbf4c8996fb92427ae41e4649b934ca495991b7852b855"	"8a11aea8e552b3953dd1b10410b4670e0f72e6999fcbcd878cc04b26b10f0087"	"ee2361335884564210aa91a7e8260720cc2d72333c56d8ddb153392ae9256cc8"	"v1.5.5"	"d8cdaa33fda"	"R version 4.6.0 (2026-04-24)"	"1.3.0"	"1.5.5"	"0.1.3.0.0.2"	"1.5.2.9007-0.1.5"	"0.0.0.9001"	1.24	TRUE
"prechange-panel_2x_fixed_file_4x-t1-r2"	"prechange"	"panel_2x_fixed_file_4x"	"panel"	4	2	"sql_scaling_giab_4x"	"932617388d0dd702066a5bcd55fec3e443946bf2d93c1796ed82312a55a1560f"	47804032	1236049	"sql_scaling_giab_1x"	"a3f740ed18f64ceb129365c5ada886391cdc85fd3450f9f8f72941282d77f71b"	12430977	4000	"303abd2b4af8a7c46c145e1c02c030857fecb913554b234528d9f0ea727bbd7c"	1	2	"2026-09-30 08:21:30 UTC"	1.374	"out_of_memory"	"Invalid Error: Out of Memory Error: failed to offload data block of size 32.0 KiB (0 bytes/0 bytes used). This limit was set by the 'max_temp_directory_size' setting. By default, this setting utilizes the available disk space on the drive where the 'temp_directory' is located. You can adjust this setting, by using (for example) PRAGMA max_temp_directory_size='10GiB' Possible solutions: * Reducing the number of threads (SET threads=X) * Disabling insertion-order preservation (SET preserve_insertion_order=false) * Increasing the memory limit (SET memory_limit='...GB') See also https://duckdb.org/docs/stable/guides/performance/how_to_tune_workloads ℹ Context: rapi_execute ℹ Error type: INVALID"	0	NA	357.60546875	NA	0	"private_temp_directory_after_query"	"over_budget"	"unavailable"	"within_budget"	"over_or_unmeasured"	"256MB"	"0B"	"/tmp/Rtmptlhzz3/duckhts-vcf-count-run-e8bf33ed49286/duckdb-temp"	"2c5b69b6d23fcd3cb7928465c1d886d23ac8a26b"	"e3b0c44298fc1c149afbf4c8996fb92427ae41e4649b934ca495991b7852b855"	"f9f90d05bb5ae7b0265047652ca1e0184875aeb3535f89bb1bf08def578dde56"	"cc5f8aeae2a6db3210a547cebc3fcf092da6d9cdeae82185c6fb3ecce5fbe557"	"v1.5.5"	"d8cdaa33fda"	"R version 4.6.0 (2026-04-24)"	"1.3.0"	"1.5.5"	"0.1.3.0.0.2"	"1.5.2.9007-0.1.5"	"0.0.0.9001"	1.24	FALSE
"prechange-panel_2x_fixed_file_4x-t1-r3"	"prechange"	"panel_2x_fixed_file_4x"	"panel"	4	2	"sql_scaling_giab_4x"	"932617388d0dd702066a5bcd55fec3e443946bf2d93c1796ed82312a55a1560f"	47804032	1236049	"sql_scaling_giab_1x"	"a3f740ed18f64ceb129365c5ada886391cdc85fd3450f9f8f72941282d77f71b"	12430977	4000	"303abd2b4af8a7c46c145e1c02c030857fecb913554b234528d9f0ea727bbd7c"	1	3	"2026-09-30 08:21:31 UTC"	1.349	"out_of_memory"	"Invalid Error: Out of Memory Error: failed to offload data block of size 96.0 KiB (0 bytes/0 bytes used). This limit was set by the 'max_temp_directory_size' setting. By default, this setting utilizes the available disk space on the drive where the 'temp_directory' is located. You can adjust this setting, by using (for example) PRAGMA max_temp_directory_size='10GiB' Possible solutions: * Reducing the number of threads (SET threads=X) * Disabling insertion-order preservation (SET preserve_insertion_order=false) * Increasing the memory limit (SET memory_limit='...GB') See also https://duckdb.org/docs/stable/guides/performance/how_to_tune_workloads ℹ Context: rapi_execute ℹ Error type: INVALID"	0	NA	358.39453125	NA	0	"private_temp_directory_after_query"	"over_budget"	"unavailable"	"within_budget"	"over_or_unmeasured"	"256MB"	"0B"	"/tmp/RtmpIiXGD5/duckhts-vcf-count-run-e8c411790d8a4/duckdb-temp"	"2c5b69b6d23fcd3cb7928465c1d886d23ac8a26b"	"e3b0c44298fc1c149afbf4c8996fb92427ae41e4649b934ca495991b7852b855"	"f9f90d05bb5ae7b0265047652ca1e0184875aeb3535f89bb1bf08def578dde56"	"cc5f8aeae2a6db3210a547cebc3fcf092da6d9cdeae82185c6fb3ecce5fbe557"	"v1.5.5"	"d8cdaa33fda"	"R version 4.6.0 (2026-04-24)"	"1.3.0"	"1.5.5"	"0.1.3.0.0.2"	"1.5.2.9007-0.1.5"	"0.0.0.9001"	1.24	FALSE
"branch-panel_2x_fixed_file_4x-t1-r3"	"branch"	"panel_2x_fixed_file_4x"	"panel"	4	2	"sql_scaling_giab_4x"	"932617388d0dd702066a5bcd55fec3e443946bf2d93c1796ed82312a55a1560f"	47804032	1236049	"sql_scaling_giab_1x"	"a3f740ed18f64ceb129365c5ada886391cdc85fd3450f9f8f72941282d77f71b"	12430977	4000	"303abd2b4af8a7c46c145e1c02c030857fecb913554b234528d9f0ea727bbd7c"	1	3	"2026-09-30 08:21:33 UTC"	1.968	"success"	NA	4000	"75e5793b75608de9ad4ab5766011822127f355add2c272efe3131b752d947257"	180.9296875	67.9189453125	0	"duckdb_query_json_profile"	"within_budget"	"within_budget"	"within_budget"	"within_budget"	"256MB"	"0B"	"/tmp/Rtmpy76m8K/duckhts-vcf-count-run-e8ca863575f63/duckdb-temp"	"ceb2341ff9e746379955b5ea6462f05e9bd6fa8a"	"e3b0c44298fc1c149afbf4c8996fb92427ae41e4649b934ca495991b7852b855"	"8a11aea8e552b3953dd1b10410b4670e0f72e6999fcbcd878cc04b26b10f0087"	"ee2361335884564210aa91a7e8260720cc2d72333c56d8ddb153392ae9256cc8"	"v1.5.5"	"d8cdaa33fda"	"R version 4.6.0 (2026-04-24)"	"1.3.0"	"1.5.5"	"0.1.3.0.0.2"	"1.5.2.9007-0.1.5"	"0.0.0.9001"	1.24	TRUE
"prechange-panel_2x_fixed_file_4x-t4-r1"	"prechange"	"panel_2x_fixed_file_4x"	"panel"	4	2	"sql_scaling_giab_4x"	"932617388d0dd702066a5bcd55fec3e443946bf2d93c1796ed82312a55a1560f"	47804032	1236049	"sql_scaling_giab_1x"	"a3f740ed18f64ceb129365c5ada886391cdc85fd3450f9f8f72941282d77f71b"	12430977	4000	"303abd2b4af8a7c46c145e1c02c030857fecb913554b234528d9f0ea727bbd7c"	4	1	"2026-09-30 08:21:36 UTC"	1.27	"out_of_memory"	"Invalid Error: Out of Memory Error: failed to offload data block of size 64.0 KiB (0 bytes/0 bytes used). This limit was set by the 'max_temp_directory_size' setting. By default, this setting utilizes the available disk space on the drive where the 'temp_directory' is located. You can adjust this setting, by using (for example) PRAGMA max_temp_directory_size='10GiB' Possible solutions: * Reducing the number of threads (SET threads=X) * Disabling insertion-order preservation (SET preserve_insertion_order=false) * Increasing the memory limit (SET memory_limit='...GB') See also https://duckdb.org/docs/stable/guides/performance/how_to_tune_workloads ℹ Context: rapi_execute ℹ Error type: INVALID"	0	NA	354.91015625	NA	0	"private_temp_directory_after_query"	"over_budget"	"unavailable"	"within_budget"	"over_or_unmeasured"	"256MB"	"0B"	"/tmp/Rtmpx2ZNfg/duckhts-vcf-count-run-e8d1520e56002/duckdb-temp"	"2c5b69b6d23fcd3cb7928465c1d886d23ac8a26b"	"e3b0c44298fc1c149afbf4c8996fb92427ae41e4649b934ca495991b7852b855"	"f9f90d05bb5ae7b0265047652ca1e0184875aeb3535f89bb1bf08def578dde56"	"cc5f8aeae2a6db3210a547cebc3fcf092da6d9cdeae82185c6fb3ecce5fbe557"	"v1.5.5"	"d8cdaa33fda"	"R version 4.6.0 (2026-04-24)"	"1.3.0"	"1.5.5"	"0.1.3.0.0.2"	"1.5.2.9007-0.1.5"	"0.0.0.9001"	1.24	FALSE
"branch-panel_2x_fixed_file_4x-t4-r1"	"branch"	"panel_2x_fixed_file_4x"	"panel"	4	2	"sql_scaling_giab_4x"	"932617388d0dd702066a5bcd55fec3e443946bf2d93c1796ed82312a55a1560f"	47804032	1236049	"sql_scaling_giab_1x"	"a3f740ed18f64ceb129365c5ada886391cdc85fd3450f9f8f72941282d77f71b"	12430977	4000	"303abd2b4af8a7c46c145e1c02c030857fecb913554b234528d9f0ea727bbd7c"	4	1	"2026-09-30 08:21:38 UTC"	2.004	"success"	NA	4000	"75e5793b75608de9ad4ab5766011822127f355add2c272efe3131b752d947257"	191.93359375	129.848937988281	0	"duckdb_query_json_profile"	"within_budget"	"within_budget"	"within_budget"	"within_budget"	"256MB"	"0B"	"/tmp/RtmpMCx4Df/duckhts-vcf-count-run-e8d701fbe0d13/duckdb-temp"	"ceb2341ff9e746379955b5ea6462f05e9bd6fa8a"	"e3b0c44298fc1c149afbf4c8996fb92427ae41e4649b934ca495991b7852b855"	"8a11aea8e552b3953dd1b10410b4670e0f72e6999fcbcd878cc04b26b10f0087"	"ee2361335884564210aa91a7e8260720cc2d72333c56d8ddb153392ae9256cc8"	"v1.5.5"	"d8cdaa33fda"	"R version 4.6.0 (2026-04-24)"	"1.3.0"	"1.5.5"	"0.1.3.0.0.2"	"1.5.2.9007-0.1.5"	"0.0.0.9001"	1.24	TRUE
"branch-panel_2x_fixed_file_4x-t4-r2"	"branch"	"panel_2x_fixed_file_4x"	"panel"	4	2	"sql_scaling_giab_4x"	"932617388d0dd702066a5bcd55fec3e443946bf2d93c1796ed82312a55a1560f"	47804032	1236049	"sql_scaling_giab_1x"	"a3f740ed18f64ceb129365c5ada886391cdc85fd3450f9f8f72941282d77f71b"	12430977	4000	"303abd2b4af8a7c46c145e1c02c030857fecb913554b234528d9f0ea727bbd7c"	4	2	"2026-09-30 08:21:40 UTC"	1.973	"success"	NA	4000	"75e5793b75608de9ad4ab5766011822127f355add2c272efe3131b752d947257"	191.4375	129.091125488281	0	"duckdb_query_json_profile"	"within_budget"	"within_budget"	"within_budget"	"within_budget"	"256MB"	"0B"	"/tmp/RtmpecFHEn/duckhts-vcf-count-run-e8e7c7440c89f/duckdb-temp"	"ceb2341ff9e746379955b5ea6462f05e9bd6fa8a"	"e3b0c44298fc1c149afbf4c8996fb92427ae41e4649b934ca495991b7852b855"	"8a11aea8e552b3953dd1b10410b4670e0f72e6999fcbcd878cc04b26b10f0087"	"ee2361335884564210aa91a7e8260720cc2d72333c56d8ddb153392ae9256cc8"	"v1.5.5"	"d8cdaa33fda"	"R version 4.6.0 (2026-04-24)"	"1.3.0"	"1.5.5"	"0.1.3.0.0.2"	"1.5.2.9007-0.1.5"	"0.0.0.9001"	1.24	TRUE
"prechange-panel_2x_fixed_file_4x-t4-r2"	"prechange"	"panel_2x_fixed_file_4x"	"panel"	4	2	"sql_scaling_giab_4x"	"932617388d0dd702066a5bcd55fec3e443946bf2d93c1796ed82312a55a1560f"	47804032	1236049	"sql_scaling_giab_1x"	"a3f740ed18f64ceb129365c5ada886391cdc85fd3450f9f8f72941282d77f71b"	12430977	4000	"303abd2b4af8a7c46c145e1c02c030857fecb913554b234528d9f0ea727bbd7c"	4	2	"2026-09-30 08:21:43 UTC"	1.268	"out_of_memory"	"Invalid Error: Out of Memory Error: failed to offload data block of size 256.0 KiB (0 bytes/0 bytes used). This limit was set by the 'max_temp_directory_size' setting. By default, this setting utilizes the available disk space on the drive where the 'temp_directory' is located. You can adjust this setting, by using (for example) PRAGMA max_temp_directory_size='10GiB' Possible solutions: * Reducing the number of threads (SET threads=X) * Disabling insertion-order preservation (SET preserve_insertion_order=false) * Increasing the memory limit (SET memory_limit='...GB') See also https://duckdb.org/docs/stable/guides/performance/how_to_tune_workloads ℹ Context: rapi_execute ℹ Error type: INVALID"	0	NA	355.7421875	NA	0	"private_temp_directory_after_query"	"over_budget"	"unavailable"	"within_budget"	"over_or_unmeasured"	"256MB"	"0B"	"/tmp/RtmpNvmqAW/duckhts-vcf-count-run-e8eea28c22a1f/duckdb-temp"	"2c5b69b6d23fcd3cb7928465c1d886d23ac8a26b"	"e3b0c44298fc1c149afbf4c8996fb92427ae41e4649b934ca495991b7852b855"	"f9f90d05bb5ae7b0265047652ca1e0184875aeb3535f89bb1bf08def578dde56"	"cc5f8aeae2a6db3210a547cebc3fcf092da6d9cdeae82185c6fb3ecce5fbe557"	"v1.5.5"	"d8cdaa33fda"	"R version 4.6.0 (2026-04-24)"	"1.3.0"	"1.5.5"	"0.1.3.0.0.2"	"1.5.2.9007-0.1.5"	"0.0.0.9001"	1.24	FALSE
"prechange-panel_2x_fixed_file_4x-t4-r3"	"prechange"	"panel_2x_fixed_file_4x"	"panel"	4	2	"sql_scaling_giab_4x"	"932617388d0dd702066a5bcd55fec3e443946bf2d93c1796ed82312a55a1560f"	47804032	1236049	"sql_scaling_giab_1x"	"a3f740ed18f64ceb129365c5ada886391cdc85fd3450f9f8f72941282d77f71b"	12430977	4000	"303abd2b4af8a7c46c145e1c02c030857fecb913554b234528d9f0ea727bbd7c"	4	3	"2026-09-30 08:21:45 UTC"	1.26	"out_of_memory"	"Invalid Error: Out of Memory Error: failed to offload data block of size 96.0 KiB (0 bytes/0 bytes used). This limit was set by the 'max_temp_directory_size' setting. By default, this setting utilizes the available disk space on the drive where the 'temp_directory' is located. You can adjust this setting, by using (for example) PRAGMA max_temp_directory_size='10GiB' Possible solutions: * Reducing the number of threads (SET threads=X) * Disabling insertion-order preservation (SET preserve_insertion_order=false) * Increasing the memory limit (SET memory_limit='...GB') See also https://duckdb.org/docs/stable/guides/performance/how_to_tune_workloads ℹ Context: rapi_execute ℹ Error type: INVALID"	0	NA	353.71484375	NA	0	"private_temp_directory_after_query"	"over_budget"	"unavailable"	"within_budget"	"over_or_unmeasured"	"256MB"	"0B"	"/tmp/RtmprlJdka/duckhts-vcf-count-run-e8f623bd271b/duckdb-temp"	"2c5b69b6d23fcd3cb7928465c1d886d23ac8a26b"	"e3b0c44298fc1c149afbf4c8996fb92427ae41e4649b934ca495991b7852b855"	"f9f90d05bb5ae7b0265047652ca1e0184875aeb3535f89bb1bf08def578dde56"	"cc5f8aeae2a6db3210a547cebc3fcf092da6d9cdeae82185c6fb3ecce5fbe557"	"v1.5.5"	"d8cdaa33fda"	"R version 4.6.0 (2026-04-24)"	"1.3.0"	"1.5.5"	"0.1.3.0.0.2"	"1.5.2.9007-0.1.5"	"0.0.0.9001"	1.24	FALSE
"branch-panel_2x_fixed_file_4x-t4-r3"	"branch"	"panel_2x_fixed_file_4x"	"panel"	4	2	"sql_scaling_giab_4x"	"932617388d0dd702066a5bcd55fec3e443946bf2d93c1796ed82312a55a1560f"	47804032	1236049	"sql_scaling_giab_1x"	"a3f740ed18f64ceb129365c5ada886391cdc85fd3450f9f8f72941282d77f71b"	12430977	4000	"303abd2b4af8a7c46c145e1c02c030857fecb913554b234528d9f0ea727bbd7c"	4	3	"2026-09-30 08:21:46 UTC"	1.951	"success"	NA	4000	"75e5793b75608de9ad4ab5766011822127f355add2c272efe3131b752d947257"	191.62890625	129.628295898438	0	"duckdb_query_json_profile"	"within_budget"	"within_budget"	"within_budget"	"within_budget"	"256MB"	"0B"	"/tmp/Rtmp2Rlycl/duckhts-vcf-count-run-e8fae7fd6cb27/duckdb-temp"	"ceb2341ff9e746379955b5ea6462f05e9bd6fa8a"	"e3b0c44298fc1c149afbf4c8996fb92427ae41e4649b934ca495991b7852b855"	"8a11aea8e552b3953dd1b10410b4670e0f72e6999fcbcd878cc04b26b10f0087"	"ee2361335884564210aa91a7e8260720cc2d72333c56d8ddb153392ae9256cc8"	"v1.5.5"	"d8cdaa33fda"	"R version 4.6.0 (2026-04-24)"	"1.3.0"	"1.5.5"	"0.1.3.0.0.2"	"1.5.2.9007-0.1.5"	"0.0.0.9001"	1.24	TRUE
"prechange-panel_4x_fixed_file_4x-t1-r1"	"prechange"	"panel_4x_fixed_file_4x"	"panel"	4	4	"sql_scaling_giab_4x"	"932617388d0dd702066a5bcd55fec3e443946bf2d93c1796ed82312a55a1560f"	47804032	1236049	"sql_scaling_giab_1x"	"a3f740ed18f64ceb129365c5ada886391cdc85fd3450f9f8f72941282d77f71b"	12430977	8000	"66f69b2054964f223bb73eb125e717cb53db87722ab165aede74c3c6d336a5e0"	1	1	"2026-09-30 08:21:49 UTC"	1.339	"out_of_memory"	"Invalid Error: Out of Memory Error: failed to offload data block of size 96.0 KiB (0 bytes/0 bytes used). This limit was set by the 'max_temp_directory_size' setting. By default, this setting utilizes the available disk space on the drive where the 'temp_directory' is located. You can adjust this setting, by using (for example) PRAGMA max_temp_directory_size='10GiB' Possible solutions: * Reducing the number of threads (SET threads=X) * Disabling insertion-order preservation (SET preserve_insertion_order=false) * Increasing the memory limit (SET memory_limit='...GB') See also https://duckdb.org/docs/stable/guides/performance/how_to_tune_workloads ℹ Context: rapi_execute ℹ Error type: INVALID"	0	NA	357.32421875	NA	0	"private_temp_directory_after_query"	"over_budget"	"unavailable"	"within_budget"	"over_or_unmeasured"	"256MB"	"0B"	"/tmp/RtmplJjlDe/duckhts-vcf-count-run-e902f72f6458/duckdb-temp"	"2c5b69b6d23fcd3cb7928465c1d886d23ac8a26b"	"e3b0c44298fc1c149afbf4c8996fb92427ae41e4649b934ca495991b7852b855"	"f9f90d05bb5ae7b0265047652ca1e0184875aeb3535f89bb1bf08def578dde56"	"cc5f8aeae2a6db3210a547cebc3fcf092da6d9cdeae82185c6fb3ecce5fbe557"	"v1.5.5"	"d8cdaa33fda"	"R version 4.6.0 (2026-04-24)"	"1.3.0"	"1.5.5"	"0.1.3.0.0.2"	"1.5.2.9007-0.1.5"	"0.0.0.9001"	1.24	FALSE
"branch-panel_4x_fixed_file_4x-t1-r1"	"branch"	"panel_4x_fixed_file_4x"	"panel"	4	4	"sql_scaling_giab_4x"	"932617388d0dd702066a5bcd55fec3e443946bf2d93c1796ed82312a55a1560f"	47804032	1236049	"sql_scaling_giab_1x"	"a3f740ed18f64ceb129365c5ada886391cdc85fd3450f9f8f72941282d77f71b"	12430977	8000	"66f69b2054964f223bb73eb125e717cb53db87722ab165aede74c3c6d336a5e0"	1	1	"2026-09-30 08:21:51 UTC"	2.038	"success"	NA	8000	"646047d02cdf1c353fd7c9f80373009408fa702cf3faa11f2185341f3360e6ac"	186.6015625	97.20703125	0	"duckdb_query_json_profile"	"within_budget"	"within_budget"	"within_budget"	"within_budget"	"256MB"	"0B"	"/tmp/RtmpWdfI1R/duckhts-vcf-count-run-e90784a07857/duckdb-temp"	"ceb2341ff9e746379955b5ea6462f05e9bd6fa8a"	"e3b0c44298fc1c149afbf4c8996fb92427ae41e4649b934ca495991b7852b855"	"8a11aea8e552b3953dd1b10410b4670e0f72e6999fcbcd878cc04b26b10f0087"	"ee2361335884564210aa91a7e8260720cc2d72333c56d8ddb153392ae9256cc8"	"v1.5.5"	"d8cdaa33fda"	"R version 4.6.0 (2026-04-24)"	"1.3.0"	"1.5.5"	"0.1.3.0.0.2"	"1.5.2.9007-0.1.5"	"0.0.0.9001"	1.24	TRUE
"branch-panel_4x_fixed_file_4x-t1-r2"	"branch"	"panel_4x_fixed_file_4x"	"panel"	4	4	"sql_scaling_giab_4x"	"932617388d0dd702066a5bcd55fec3e443946bf2d93c1796ed82312a55a1560f"	47804032	1236049	"sql_scaling_giab_1x"	"a3f740ed18f64ceb129365c5ada886391cdc85fd3450f9f8f72941282d77f71b"	12430977	8000	"66f69b2054964f223bb73eb125e717cb53db87722ab165aede74c3c6d336a5e0"	1	2	"2026-09-30 08:21:53 UTC"	2.032	"success"	NA	8000	"646047d02cdf1c353fd7c9f80373009408fa702cf3faa11f2185341f3360e6ac"	185.50390625	97.20703125	0	"duckdb_query_json_profile"	"within_budget"	"within_budget"	"within_budget"	"within_budget"	"256MB"	"0B"	"/tmp/Rtmpv6cJf6/duckhts-vcf-count-run-e90f41083c79c/duckdb-temp"	"ceb2341ff9e746379955b5ea6462f05e9bd6fa8a"	"e3b0c44298fc1c149afbf4c8996fb92427ae41e4649b934ca495991b7852b855"	"8a11aea8e552b3953dd1b10410b4670e0f72e6999fcbcd878cc04b26b10f0087"	"ee2361335884564210aa91a7e8260720cc2d72333c56d8ddb153392ae9256cc8"	"v1.5.5"	"d8cdaa33fda"	"R version 4.6.0 (2026-04-24)"	"1.3.0"	"1.5.5"	"0.1.3.0.0.2"	"1.5.2.9007-0.1.5"	"0.0.0.9001"	1.24	TRUE
"prechange-panel_4x_fixed_file_4x-t1-r2"	"prechange"	"panel_4x_fixed_file_4x"	"panel"	4	4	"sql_scaling_giab_4x"	"932617388d0dd702066a5bcd55fec3e443946bf2d93c1796ed82312a55a1560f"	47804032	1236049	"sql_scaling_giab_1x"	"a3f740ed18f64ceb129365c5ada886391cdc85fd3450f9f8f72941282d77f71b"	12430977	8000	"66f69b2054964f223bb73eb125e717cb53db87722ab165aede74c3c6d336a5e0"	1	2	"2026-09-30 08:21:56 UTC"	1.345	"out_of_memory"	"Invalid Error: Out of Memory Error: failed to offload data block of size 256.0 KiB (0 bytes/0 bytes used). This limit was set by the 'max_temp_directory_size' setting. By default, this setting utilizes the available disk space on the drive where the 'temp_directory' is located. You can adjust this setting, by using (for example) PRAGMA max_temp_directory_size='10GiB' Possible solutions: * Reducing the number of threads (SET threads=X) * Disabling insertion-order preservation (SET preserve_insertion_order=false) * Increasing the memory limit (SET memory_limit='...GB') See also https://duckdb.org/docs/stable/guides/performance/how_to_tune_workloads ℹ Context: rapi_execute ℹ Error type: INVALID"	0	NA	356.73828125	NA	0	"private_temp_directory_after_query"	"over_budget"	"unavailable"	"within_budget"	"over_or_unmeasured"	"256MB"	"0B"	"/tmp/RtmpFVXIhq/duckhts-vcf-count-run-e915b9f24ed1/duckdb-temp"	"2c5b69b6d23fcd3cb7928465c1d886d23ac8a26b"	"e3b0c44298fc1c149afbf4c8996fb92427ae41e4649b934ca495991b7852b855"	"f9f90d05bb5ae7b0265047652ca1e0184875aeb3535f89bb1bf08def578dde56"	"cc5f8aeae2a6db3210a547cebc3fcf092da6d9cdeae82185c6fb3ecce5fbe557"	"v1.5.5"	"d8cdaa33fda"	"R version 4.6.0 (2026-04-24)"	"1.3.0"	"1.5.5"	"0.1.3.0.0.2"	"1.5.2.9007-0.1.5"	"0.0.0.9001"	1.24	FALSE
"prechange-panel_4x_fixed_file_4x-t1-r3"	"prechange"	"panel_4x_fixed_file_4x"	"panel"	4	4	"sql_scaling_giab_4x"	"932617388d0dd702066a5bcd55fec3e443946bf2d93c1796ed82312a55a1560f"	47804032	1236049	"sql_scaling_giab_1x"	"a3f740ed18f64ceb129365c5ada886391cdc85fd3450f9f8f72941282d77f71b"	12430977	8000	"66f69b2054964f223bb73eb125e717cb53db87722ab165aede74c3c6d336a5e0"	1	3	"2026-09-30 08:21:58 UTC"	1.344	"out_of_memory"	"Invalid Error: Out of Memory Error: failed to offload data block of size 32.0 KiB (0 bytes/0 bytes used). This limit was set by the 'max_temp_directory_size' setting. By default, this setting utilizes the available disk space on the drive where the 'temp_directory' is located. You can adjust this setting, by using (for example) PRAGMA max_temp_directory_size='10GiB' Possible solutions: * Reducing the number of threads (SET threads=X) * Disabling insertion-order preservation (SET preserve_insertion_order=false) * Increasing the memory limit (SET memory_limit='...GB') See also https://duckdb.org/docs/stable/guides/performance/how_to_tune_workloads ℹ Context: rapi_execute ℹ Error type: INVALID"	0	NA	357.02734375	NA	0	"private_temp_directory_after_query"	"over_budget"	"unavailable"	"within_budget"	"over_or_unmeasured"	"256MB"	"0B"	"/tmp/RtmpDrQAkU/duckhts-vcf-count-run-e91f7501c248d/duckdb-temp"	"2c5b69b6d23fcd3cb7928465c1d886d23ac8a26b"	"e3b0c44298fc1c149afbf4c8996fb92427ae41e4649b934ca495991b7852b855"	"f9f90d05bb5ae7b0265047652ca1e0184875aeb3535f89bb1bf08def578dde56"	"cc5f8aeae2a6db3210a547cebc3fcf092da6d9cdeae82185c6fb3ecce5fbe557"	"v1.5.5"	"d8cdaa33fda"	"R version 4.6.0 (2026-04-24)"	"1.3.0"	"1.5.5"	"0.1.3.0.0.2"	"1.5.2.9007-0.1.5"	"0.0.0.9001"	1.24	FALSE
"branch-panel_4x_fixed_file_4x-t1-r3"	"branch"	"panel_4x_fixed_file_4x"	"panel"	4	4	"sql_scaling_giab_4x"	"932617388d0dd702066a5bcd55fec3e443946bf2d93c1796ed82312a55a1560f"	47804032	1236049	"sql_scaling_giab_1x"	"a3f740ed18f64ceb129365c5ada886391cdc85fd3450f9f8f72941282d77f71b"	12430977	8000	"66f69b2054964f223bb73eb125e717cb53db87722ab165aede74c3c6d336a5e0"	1	3	"2026-09-30 08:22:00 UTC"	2.024	"success"	NA	8000	"646047d02cdf1c353fd7c9f80373009408fa702cf3faa11f2185341f3360e6ac"	186.13671875	97.23828125	0	"duckdb_query_json_profile"	"within_budget"	"within_budget"	"within_budget"	"within_budget"	"256MB"	"0B"	"/tmp/RtmpPE8yul/duckhts-vcf-count-run-e924e3e6329e4/duckdb-temp"	"ceb2341ff9e746379955b5ea6462f05e9bd6fa8a"	"e3b0c44298fc1c149afbf4c8996fb92427ae41e4649b934ca495991b7852b855"	"8a11aea8e552b3953dd1b10410b4670e0f72e6999fcbcd878cc04b26b10f0087"	"ee2361335884564210aa91a7e8260720cc2d72333c56d8ddb153392ae9256cc8"	"v1.5.5"	"d8cdaa33fda"	"R version 4.6.0 (2026-04-24)"	"1.3.0"	"1.5.5"	"0.1.3.0.0.2"	"1.5.2.9007-0.1.5"	"0.0.0.9001"	1.24	TRUE
"prechange-panel_4x_fixed_file_4x-t4-r1"	"prechange"	"panel_4x_fixed_file_4x"	"panel"	4	4	"sql_scaling_giab_4x"	"932617388d0dd702066a5bcd55fec3e443946bf2d93c1796ed82312a55a1560f"	47804032	1236049	"sql_scaling_giab_1x"	"a3f740ed18f64ceb129365c5ada886391cdc85fd3450f9f8f72941282d77f71b"	12430977	8000	"66f69b2054964f223bb73eb125e717cb53db87722ab165aede74c3c6d336a5e0"	4	1	"2026-09-30 08:22:02 UTC"	1.229	"out_of_memory"	"Invalid Error: Out of Memory Error: failed to offload data block of size 32.0 KiB (0 bytes/0 bytes used). This limit was set by the 'max_temp_directory_size' setting. By default, this setting utilizes the available disk space on the drive where the 'temp_directory' is located. You can adjust this setting, by using (for example) PRAGMA max_temp_directory_size='10GiB' Possible solutions: * Reducing the number of threads (SET threads=X) * Disabling insertion-order preservation (SET preserve_insertion_order=false) * Increasing the memory limit (SET memory_limit='...GB') See also https://duckdb.org/docs/stable/guides/performance/how_to_tune_workloads ℹ Context: rapi_execute ℹ Error type: INVALID"	0	NA	347.05859375	NA	0	"private_temp_directory_after_query"	"over_budget"	"unavailable"	"within_budget"	"over_or_unmeasured"	"256MB"	"0B"	"/tmp/RtmpFQkI4Q/duckhts-vcf-count-run-e92d274f67f33/duckdb-temp"	"2c5b69b6d23fcd3cb7928465c1d886d23ac8a26b"	"e3b0c44298fc1c149afbf4c8996fb92427ae41e4649b934ca495991b7852b855"	"f9f90d05bb5ae7b0265047652ca1e0184875aeb3535f89bb1bf08def578dde56"	"cc5f8aeae2a6db3210a547cebc3fcf092da6d9cdeae82185c6fb3ecce5fbe557"	"v1.5.5"	"d8cdaa33fda"	"R version 4.6.0 (2026-04-24)"	"1.3.0"	"1.5.5"	"0.1.3.0.0.2"	"1.5.2.9007-0.1.5"	"0.0.0.9001"	1.24	FALSE
"branch-panel_4x_fixed_file_4x-t4-r1"	"branch"	"panel_4x_fixed_file_4x"	"panel"	4	4	"sql_scaling_giab_4x"	"932617388d0dd702066a5bcd55fec3e443946bf2d93c1796ed82312a55a1560f"	47804032	1236049	"sql_scaling_giab_1x"	"a3f740ed18f64ceb129365c5ada886391cdc85fd3450f9f8f72941282d77f71b"	12430977	8000	"66f69b2054964f223bb73eb125e717cb53db87722ab165aede74c3c6d336a5e0"	4	1	"2026-09-30 08:22:04 UTC"	2.035	"success"	NA	8000	"646047d02cdf1c353fd7c9f80373009408fa702cf3faa11f2185341f3360e6ac"	207.19921875	222.792602539062	0	"duckdb_query_json_profile"	"within_budget"	"within_budget"	"within_budget"	"within_budget"	"256MB"	"0B"	"/tmp/RtmpZI9FHj/duckhts-vcf-count-run-e93477d23e6fa/duckdb-temp"	"ceb2341ff9e746379955b5ea6462f05e9bd6fa8a"	"e3b0c44298fc1c149afbf4c8996fb92427ae41e4649b934ca495991b7852b855"	"8a11aea8e552b3953dd1b10410b4670e0f72e6999fcbcd878cc04b26b10f0087"	"ee2361335884564210aa91a7e8260720cc2d72333c56d8ddb153392ae9256cc8"	"v1.5.5"	"d8cdaa33fda"	"R version 4.6.0 (2026-04-24)"	"1.3.0"	"1.5.5"	"0.1.3.0.0.2"	"1.5.2.9007-0.1.5"	"0.0.0.9001"	1.24	TRUE
"branch-panel_4x_fixed_file_4x-t4-r2"	"branch"	"panel_4x_fixed_file_4x"	"panel"	4	4	"sql_scaling_giab_4x"	"932617388d0dd702066a5bcd55fec3e443946bf2d93c1796ed82312a55a1560f"	47804032	1236049	"sql_scaling_giab_1x"	"a3f740ed18f64ceb129365c5ada886391cdc85fd3450f9f8f72941282d77f71b"	12430977	8000	"66f69b2054964f223bb73eb125e717cb53db87722ab165aede74c3c6d336a5e0"	4	2	"2026-09-30 08:22:07 UTC"	2.016	"success"	NA	8000	"646047d02cdf1c353fd7c9f80373009408fa702cf3faa11f2185341f3360e6ac"	204.98828125	212.977172851562	0	"duckdb_query_json_profile"	"within_budget"	"within_budget"	"within_budget"	"within_budget"	"256MB"	"0B"	"/tmp/Rtmps8YUES/duckhts-vcf-count-run-e93a737fed93e/duckdb-temp"	"ceb2341ff9e746379955b5ea6462f05e9bd6fa8a"	"e3b0c44298fc1c149afbf4c8996fb92427ae41e4649b934ca495991b7852b855"	"8a11aea8e552b3953dd1b10410b4670e0f72e6999fcbcd878cc04b26b10f0087"	"ee2361335884564210aa91a7e8260720cc2d72333c56d8ddb153392ae9256cc8"	"v1.5.5"	"d8cdaa33fda"	"R version 4.6.0 (2026-04-24)"	"1.3.0"	"1.5.5"	"0.1.3.0.0.2"	"1.5.2.9007-0.1.5"	"0.0.0.9001"	1.24	TRUE
"prechange-panel_4x_fixed_file_4x-t4-r2"	"prechange"	"panel_4x_fixed_file_4x"	"panel"	4	4	"sql_scaling_giab_4x"	"932617388d0dd702066a5bcd55fec3e443946bf2d93c1796ed82312a55a1560f"	47804032	1236049	"sql_scaling_giab_1x"	"a3f740ed18f64ceb129365c5ada886391cdc85fd3450f9f8f72941282d77f71b"	12430977	8000	"66f69b2054964f223bb73eb125e717cb53db87722ab165aede74c3c6d336a5e0"	4	2	"2026-09-30 08:22:10 UTC"	1.233	"out_of_memory"	"Invalid Error: Out of Memory Error: failed to offload data block of size 96.0 KiB (0 bytes/0 bytes used). This limit was set by the 'max_temp_directory_size' setting. By default, this setting utilizes the available disk space on the drive where the 'temp_directory' is located. You can adjust this setting, by using (for example) PRAGMA max_temp_directory_size='10GiB' Possible solutions: * Reducing the number of threads (SET threads=X) * Disabling insertion-order preservation (SET preserve_insertion_order=false) * Increasing the memory limit (SET memory_limit='...GB') See also https://duckdb.org/docs/stable/guides/performance/how_to_tune_workloads ℹ Context: rapi_execute ℹ Error type: INVALID"	0	NA	353.1875	NA	0	"private_temp_directory_after_query"	"over_budget"	"unavailable"	"within_budget"	"over_or_unmeasured"	"256MB"	"0B"	"/tmp/RtmpAjYslU/duckhts-vcf-count-run-e9453686b9344/duckdb-temp"	"2c5b69b6d23fcd3cb7928465c1d886d23ac8a26b"	"e3b0c44298fc1c149afbf4c8996fb92427ae41e4649b934ca495991b7852b855"	"f9f90d05bb5ae7b0265047652ca1e0184875aeb3535f89bb1bf08def578dde56"	"cc5f8aeae2a6db3210a547cebc3fcf092da6d9cdeae82185c6fb3ecce5fbe557"	"v1.5.5"	"d8cdaa33fda"	"R version 4.6.0 (2026-04-24)"	"1.3.0"	"1.5.5"	"0.1.3.0.0.2"	"1.5.2.9007-0.1.5"	"0.0.0.9001"	1.24	FALSE
"prechange-panel_4x_fixed_file_4x-t4-r3"	"prechange"	"panel_4x_fixed_file_4x"	"panel"	4	4	"sql_scaling_giab_4x"	"932617388d0dd702066a5bcd55fec3e443946bf2d93c1796ed82312a55a1560f"	47804032	1236049	"sql_scaling_giab_1x"	"a3f740ed18f64ceb129365c5ada886391cdc85fd3450f9f8f72941282d77f71b"	12430977	8000	"66f69b2054964f223bb73eb125e717cb53db87722ab165aede74c3c6d336a5e0"	4	3	"2026-09-30 08:22:11 UTC"	1.22	"out_of_memory"	"Invalid Error: Out of Memory Error: failed to offload data block of size 256.0 KiB (0 bytes/0 bytes used). This limit was set by the 'max_temp_directory_size' setting. By default, this setting utilizes the available disk space on the drive where the 'temp_directory' is located. You can adjust this setting, by using (for example) PRAGMA max_temp_directory_size='10GiB' Possible solutions: * Reducing the number of threads (SET threads=X) * Disabling insertion-order preservation (SET preserve_insertion_order=false) * Increasing the memory limit (SET memory_limit='...GB') See also https://duckdb.org/docs/stable/guides/performance/how_to_tune_workloads ℹ Context: rapi_execute ℹ Error type: INVALID"	0	NA	354.19921875	NA	0	"private_temp_directory_after_query"	"over_budget"	"unavailable"	"within_budget"	"over_or_unmeasured"	"256MB"	"0B"	"/tmp/Rtmp1e6sBe/duckhts-vcf-count-run-e94ae1f8e6fbc/duckdb-temp"	"2c5b69b6d23fcd3cb7928465c1d886d23ac8a26b"	"e3b0c44298fc1c149afbf4c8996fb92427ae41e4649b934ca495991b7852b855"	"f9f90d05bb5ae7b0265047652ca1e0184875aeb3535f89bb1bf08def578dde56"	"cc5f8aeae2a6db3210a547cebc3fcf092da6d9cdeae82185c6fb3ecce5fbe557"	"v1.5.5"	"d8cdaa33fda"	"R version 4.6.0 (2026-04-24)"	"1.3.0"	"1.5.5"	"0.1.3.0.0.2"	"1.5.2.9007-0.1.5"	"0.0.0.9001"	1.24	FALSE
"branch-panel_4x_fixed_file_4x-t4-r3"	"branch"	"panel_4x_fixed_file_4x"	"panel"	4	4	"sql_scaling_giab_4x"	"932617388d0dd702066a5bcd55fec3e443946bf2d93c1796ed82312a55a1560f"	47804032	1236049	"sql_scaling_giab_1x"	"a3f740ed18f64ceb129365c5ada886391cdc85fd3450f9f8f72941282d77f71b"	12430977	8000	"66f69b2054964f223bb73eb125e717cb53db87722ab165aede74c3c6d336a5e0"	4	3	"2026-09-30 08:22:13 UTC"	2.03	"success"	NA	8000	"646047d02cdf1c353fd7c9f80373009408fa702cf3faa11f2185341f3360e6ac"	204.3046875	215.536376953125	0	"duckdb_query_json_profile"	"within_budget"	"within_budget"	"within_budget"	"within_budget"	"256MB"	"0B"	"/tmp/RtmpvzhpHM/duckhts-vcf-count-run-e950531dc09dc/duckdb-temp"	"ceb2341ff9e746379955b5ea6462f05e9bd6fa8a"	"e3b0c44298fc1c149afbf4c8996fb92427ae41e4649b934ca495991b7852b855"	"8a11aea8e552b3953dd1b10410b4670e0f72e6999fcbcd878cc04b26b10f0087"	"ee2361335884564210aa91a7e8260720cc2d72333c56d8ddb153392ae9256cc8"	"v1.5.5"	"d8cdaa33fda"	"R version 4.6.0 (2026-04-24)"	"1.3.0"	"1.5.5"	"0.1.3.0.0.2"	"1.5.2.9007-0.1.5"	"0.0.0.9001"	1.24	TRUE
"prechange-file_1x_fixed_panel_1x-t1-r1"	"prechange"	"file_1x_fixed_panel_1x"	"file"	1	1	"sql_scaling_giab_1x"	"a3f740ed18f64ceb129365c5ada886391cdc85fd3450f9f8f72941282d77f71b"	12430977	319349	"sql_scaling_giab_1x"	"a3f740ed18f64ceb129365c5ada886391cdc85fd3450f9f8f72941282d77f71b"	12430977	2000	"3745830e874f19e927203bacfd2d09ac834b8c2d05055997e834750038ccace9"	1	1	"2026-09-30 08:22:16 UTC"	0.637	"success"	NA	2000	"dc168754b1a82733d264664757cc43ffeec895b0e369bdb0870427ea6ee4a4b9"	318.15234375	390.51171875	0	"duckdb_query_json_profile"	"over_budget"	"over_budget"	"within_budget"	"over_or_unmeasured"	"256MB"	"0B"	"/tmp/RtmpqZsMN4/duckhts-vcf-count-run-e95835fcc0f6f/duckdb-temp"	"2c5b69b6d23fcd3cb7928465c1d886d23ac8a26b"	"e3b0c44298fc1c149afbf4c8996fb92427ae41e4649b934ca495991b7852b855"	"f9f90d05bb5ae7b0265047652ca1e0184875aeb3535f89bb1bf08def578dde56"	"cc5f8aeae2a6db3210a547cebc3fcf092da6d9cdeae82185c6fb3ecce5fbe557"	"v1.5.5"	"d8cdaa33fda"	"R version 4.6.0 (2026-04-24)"	"1.3.0"	"1.5.5"	"0.1.3.0.0.2"	"1.5.2.9007-0.1.5"	"0.0.0.9001"	1.24	TRUE
"branch-file_1x_fixed_panel_1x-t1-r1"	"branch"	"file_1x_fixed_panel_1x"	"file"	1	1	"sql_scaling_giab_1x"	"a3f740ed18f64ceb129365c5ada886391cdc85fd3450f9f8f72941282d77f71b"	12430977	319349	"sql_scaling_giab_1x"	"a3f740ed18f64ceb129365c5ada886391cdc85fd3450f9f8f72941282d77f71b"	12430977	2000	"3745830e874f19e927203bacfd2d09ac834b8c2d05055997e834750038ccace9"	1	1	"2026-09-30 08:22:17 UTC"	0.529	"success"	NA	2000	"dc168754b1a82733d264664757cc43ffeec895b0e369bdb0870427ea6ee4a4b9"	175.984375	59.6481323242188	0	"duckdb_query_json_profile"	"within_budget"	"within_budget"	"within_budget"	"within_budget"	"256MB"	"0B"	"/tmp/RtmpUAN6fP/duckhts-vcf-count-run-e95ca21d920c2/duckdb-temp"	"ceb2341ff9e746379955b5ea6462f05e9bd6fa8a"	"e3b0c44298fc1c149afbf4c8996fb92427ae41e4649b934ca495991b7852b855"	"8a11aea8e552b3953dd1b10410b4670e0f72e6999fcbcd878cc04b26b10f0087"	"ee2361335884564210aa91a7e8260720cc2d72333c56d8ddb153392ae9256cc8"	"v1.5.5"	"d8cdaa33fda"	"R version 4.6.0 (2026-04-24)"	"1.3.0"	"1.5.5"	"0.1.3.0.0.2"	"1.5.2.9007-0.1.5"	"0.0.0.9001"	1.24	TRUE
"branch-file_1x_fixed_panel_1x-t1-r2"	"branch"	"file_1x_fixed_panel_1x"	"file"	1	1	"sql_scaling_giab_1x"	"a3f740ed18f64ceb129365c5ada886391cdc85fd3450f9f8f72941282d77f71b"	12430977	319349	"sql_scaling_giab_1x"	"a3f740ed18f64ceb129365c5ada886391cdc85fd3450f9f8f72941282d77f71b"	12430977	2000	"3745830e874f19e927203bacfd2d09ac834b8c2d05055997e834750038ccace9"	1	2	"2026-09-30 08:22:18 UTC"	0.545	"success"	NA	2000	"dc168754b1a82733d264664757cc43ffeec895b0e369bdb0870427ea6ee4a4b9"	175.375	59.6790161132812	0	"duckdb_query_json_profile"	"within_budget"	"within_budget"	"within_budget"	"within_budget"	"256MB"	"0B"	"/tmp/Rtmp6k0VHk/duckhts-vcf-count-run-e962af38cccf/duckdb-temp"	"ceb2341ff9e746379955b5ea6462f05e9bd6fa8a"	"e3b0c44298fc1c149afbf4c8996fb92427ae41e4649b934ca495991b7852b855"	"8a11aea8e552b3953dd1b10410b4670e0f72e6999fcbcd878cc04b26b10f0087"	"ee2361335884564210aa91a7e8260720cc2d72333c56d8ddb153392ae9256cc8"	"v1.5.5"	"d8cdaa33fda"	"R version 4.6.0 (2026-04-24)"	"1.3.0"	"1.5.5"	"0.1.3.0.0.2"	"1.5.2.9007-0.1.5"	"0.0.0.9001"	1.24	TRUE
"prechange-file_1x_fixed_panel_1x-t1-r2"	"prechange"	"file_1x_fixed_panel_1x"	"file"	1	1	"sql_scaling_giab_1x"	"a3f740ed18f64ceb129365c5ada886391cdc85fd3450f9f8f72941282d77f71b"	12430977	319349	"sql_scaling_giab_1x"	"a3f740ed18f64ceb129365c5ada886391cdc85fd3450f9f8f72941282d77f71b"	12430977	2000	"3745830e874f19e927203bacfd2d09ac834b8c2d05055997e834750038ccace9"	1	2	"2026-09-30 08:22:19 UTC"	0.645	"success"	NA	2000	"dc168754b1a82733d264664757cc43ffeec895b0e369bdb0870427ea6ee4a4b9"	318.359375	390.453125	0	"duckdb_query_json_profile"	"over_budget"	"over_budget"	"within_budget"	"over_or_unmeasured"	"256MB"	"0B"	"/tmp/RtmpzPl4Wc/duckhts-vcf-count-run-e96924d258a6e/duckdb-temp"	"2c5b69b6d23fcd3cb7928465c1d886d23ac8a26b"	"e3b0c44298fc1c149afbf4c8996fb92427ae41e4649b934ca495991b7852b855"	"f9f90d05bb5ae7b0265047652ca1e0184875aeb3535f89bb1bf08def578dde56"	"cc5f8aeae2a6db3210a547cebc3fcf092da6d9cdeae82185c6fb3ecce5fbe557"	"v1.5.5"	"d8cdaa33fda"	"R version 4.6.0 (2026-04-24)"	"1.3.0"	"1.5.5"	"0.1.3.0.0.2"	"1.5.2.9007-0.1.5"	"0.0.0.9001"	1.24	TRUE
"prechange-file_1x_fixed_panel_1x-t1-r3"	"prechange"	"file_1x_fixed_panel_1x"	"file"	1	1	"sql_scaling_giab_1x"	"a3f740ed18f64ceb129365c5ada886391cdc85fd3450f9f8f72941282d77f71b"	12430977	319349	"sql_scaling_giab_1x"	"a3f740ed18f64ceb129365c5ada886391cdc85fd3450f9f8f72941282d77f71b"	12430977	2000	"3745830e874f19e927203bacfd2d09ac834b8c2d05055997e834750038ccace9"	1	3	"2026-09-30 08:22:20 UTC"	0.63	"success"	NA	2000	"dc168754b1a82733d264664757cc43ffeec895b0e369bdb0870427ea6ee4a4b9"	318.02734375	391.019439697266	0	"duckdb_query_json_profile"	"over_budget"	"over_budget"	"within_budget"	"over_or_unmeasured"	"256MB"	"0B"	"/tmp/RtmpZqJC47/duckhts-vcf-count-run-e96da53dabf05/duckdb-temp"	"2c5b69b6d23fcd3cb7928465c1d886d23ac8a26b"	"e3b0c44298fc1c149afbf4c8996fb92427ae41e4649b934ca495991b7852b855"	"f9f90d05bb5ae7b0265047652ca1e0184875aeb3535f89bb1bf08def578dde56"	"cc5f8aeae2a6db3210a547cebc3fcf092da6d9cdeae82185c6fb3ecce5fbe557"	"v1.5.5"	"d8cdaa33fda"	"R version 4.6.0 (2026-04-24)"	"1.3.0"	"1.5.5"	"0.1.3.0.0.2"	"1.5.2.9007-0.1.5"	"0.0.0.9001"	1.24	TRUE
"branch-file_1x_fixed_panel_1x-t1-r3"	"branch"	"file_1x_fixed_panel_1x"	"file"	1	1	"sql_scaling_giab_1x"	"a3f740ed18f64ceb129365c5ada886391cdc85fd3450f9f8f72941282d77f71b"	12430977	319349	"sql_scaling_giab_1x"	"a3f740ed18f64ceb129365c5ada886391cdc85fd3450f9f8f72941282d77f71b"	12430977	2000	"3745830e874f19e927203bacfd2d09ac834b8c2d05055997e834750038ccace9"	1	3	"2026-09-30 08:22:21 UTC"	0.54	"success"	NA	2000	"dc168754b1a82733d264664757cc43ffeec895b0e369bdb0870427ea6ee4a4b9"	175.39453125	59.6712036132812	0	"duckdb_query_json_profile"	"within_budget"	"within_budget"	"within_budget"	"within_budget"	"256MB"	"0B"	"/tmp/RtmppDDi2v/duckhts-vcf-count-run-e972321b142cf/duckdb-temp"	"ceb2341ff9e746379955b5ea6462f05e9bd6fa8a"	"e3b0c44298fc1c149afbf4c8996fb92427ae41e4649b934ca495991b7852b855"	"8a11aea8e552b3953dd1b10410b4670e0f72e6999fcbcd878cc04b26b10f0087"	"ee2361335884564210aa91a7e8260720cc2d72333c56d8ddb153392ae9256cc8"	"v1.5.5"	"d8cdaa33fda"	"R version 4.6.0 (2026-04-24)"	"1.3.0"	"1.5.5"	"0.1.3.0.0.2"	"1.5.2.9007-0.1.5"	"0.0.0.9001"	1.24	TRUE
"prechange-file_1x_fixed_panel_1x-t4-r1"	"prechange"	"file_1x_fixed_panel_1x"	"file"	1	1	"sql_scaling_giab_1x"	"a3f740ed18f64ceb129365c5ada886391cdc85fd3450f9f8f72941282d77f71b"	12430977	319349	"sql_scaling_giab_1x"	"a3f740ed18f64ceb129365c5ada886391cdc85fd3450f9f8f72941282d77f71b"	12430977	2000	"3745830e874f19e927203bacfd2d09ac834b8c2d05055997e834750038ccace9"	4	1	"2026-09-30 08:22:23 UTC"	0.579	"success"	NA	2000	"dc168754b1a82733d264664757cc43ffeec895b0e369bdb0870427ea6ee4a4b9"	322.390625	427.601432800293	0	"duckdb_query_json_profile"	"over_budget"	"over_budget"	"within_budget"	"over_or_unmeasured"	"256MB"	"0B"	"/tmp/Rtmp35lRKm/duckhts-vcf-count-run-e97aa5eb1d70d/duckdb-temp"	"2c5b69b6d23fcd3cb7928465c1d886d23ac8a26b"	"e3b0c44298fc1c149afbf4c8996fb92427ae41e4649b934ca495991b7852b855"	"f9f90d05bb5ae7b0265047652ca1e0184875aeb3535f89bb1bf08def578dde56"	"cc5f8aeae2a6db3210a547cebc3fcf092da6d9cdeae82185c6fb3ecce5fbe557"	"v1.5.5"	"d8cdaa33fda"	"R version 4.6.0 (2026-04-24)"	"1.3.0"	"1.5.5"	"0.1.3.0.0.2"	"1.5.2.9007-0.1.5"	"0.0.0.9001"	1.24	TRUE
"branch-file_1x_fixed_panel_1x-t4-r1"	"branch"	"file_1x_fixed_panel_1x"	"file"	1	1	"sql_scaling_giab_1x"	"a3f740ed18f64ceb129365c5ada886391cdc85fd3450f9f8f72941282d77f71b"	12430977	319349	"sql_scaling_giab_1x"	"a3f740ed18f64ceb129365c5ada886391cdc85fd3450f9f8f72941282d77f71b"	12430977	2000	"3745830e874f19e927203bacfd2d09ac834b8c2d05055997e834750038ccace9"	4	1	"2026-09-30 08:22:24 UTC"	0.543	"success"	NA	2000	"dc168754b1a82733d264664757cc43ffeec895b0e369bdb0870427ea6ee4a4b9"	179.01953125	122.705322265625	0	"duckdb_query_json_profile"	"within_budget"	"within_budget"	"within_budget"	"within_budget"	"256MB"	"0B"	"/tmp/RtmpdRW8Ws/duckhts-vcf-count-run-e97ff359317b4/duckdb-temp"	"ceb2341ff9e746379955b5ea6462f05e9bd6fa8a"	"e3b0c44298fc1c149afbf4c8996fb92427ae41e4649b934ca495991b7852b855"	"8a11aea8e552b3953dd1b10410b4670e0f72e6999fcbcd878cc04b26b10f0087"	"ee2361335884564210aa91a7e8260720cc2d72333c56d8ddb153392ae9256cc8"	"v1.5.5"	"d8cdaa33fda"	"R version 4.6.0 (2026-04-24)"	"1.3.0"	"1.5.5"	"0.1.3.0.0.2"	"1.5.2.9007-0.1.5"	"0.0.0.9001"	1.24	TRUE
"branch-file_1x_fixed_panel_1x-t4-r2"	"branch"	"file_1x_fixed_panel_1x"	"file"	1	1	"sql_scaling_giab_1x"	"a3f740ed18f64ceb129365c5ada886391cdc85fd3450f9f8f72941282d77f71b"	12430977	319349	"sql_scaling_giab_1x"	"a3f740ed18f64ceb129365c5ada886391cdc85fd3450f9f8f72941282d77f71b"	12430977	2000	"3745830e874f19e927203bacfd2d09ac834b8c2d05055997e834750038ccace9"	4	2	"2026-09-30 08:22:25 UTC"	0.534	"success"	NA	2000	"dc168754b1a82733d264664757cc43ffeec895b0e369bdb0870427ea6ee4a4b9"	180.62890625	117.895812988281	0	"duckdb_query_json_profile"	"within_budget"	"within_budget"	"within_budget"	"within_budget"	"256MB"	"0B"	"/tmp/RtmpZXoZ0Y/duckhts-vcf-count-run-e9858266d9f98/duckdb-temp"	"ceb2341ff9e746379955b5ea6462f05e9bd6fa8a"	"e3b0c44298fc1c149afbf4c8996fb92427ae41e4649b934ca495991b7852b855"	"8a11aea8e552b3953dd1b10410b4670e0f72e6999fcbcd878cc04b26b10f0087"	"ee2361335884564210aa91a7e8260720cc2d72333c56d8ddb153392ae9256cc8"	"v1.5.5"	"d8cdaa33fda"	"R version 4.6.0 (2026-04-24)"	"1.3.0"	"1.5.5"	"0.1.3.0.0.2"	"1.5.2.9007-0.1.5"	"0.0.0.9001"	1.24	TRUE
"prechange-file_1x_fixed_panel_1x-t4-r2"	"prechange"	"file_1x_fixed_panel_1x"	"file"	1	1	"sql_scaling_giab_1x"	"a3f740ed18f64ceb129365c5ada886391cdc85fd3450f9f8f72941282d77f71b"	12430977	319349	"sql_scaling_giab_1x"	"a3f740ed18f64ceb129365c5ada886391cdc85fd3450f9f8f72941282d77f71b"	12430977	2000	"3745830e874f19e927203bacfd2d09ac834b8c2d05055997e834750038ccace9"	4	2	"2026-09-30 08:22:26 UTC"	0.58	"success"	NA	2000	"dc168754b1a82733d264664757cc43ffeec895b0e369bdb0870427ea6ee4a4b9"	320.7265625	413.546714782715	0	"duckdb_query_json_profile"	"over_budget"	"over_budget"	"within_budget"	"over_or_unmeasured"	"256MB"	"0B"	"/tmp/Rtmp9CmfB6/duckhts-vcf-count-run-e98b0c3d3d50/duckdb-temp"	"2c5b69b6d23fcd3cb7928465c1d886d23ac8a26b"	"e3b0c44298fc1c149afbf4c8996fb92427ae41e4649b934ca495991b7852b855"	"f9f90d05bb5ae7b0265047652ca1e0184875aeb3535f89bb1bf08def578dde56"	"cc5f8aeae2a6db3210a547cebc3fcf092da6d9cdeae82185c6fb3ecce5fbe557"	"v1.5.5"	"d8cdaa33fda"	"R version 4.6.0 (2026-04-24)"	"1.3.0"	"1.5.5"	"0.1.3.0.0.2"	"1.5.2.9007-0.1.5"	"0.0.0.9001"	1.24	TRUE
"prechange-file_1x_fixed_panel_1x-t4-r3"	"prechange"	"file_1x_fixed_panel_1x"	"file"	1	1	"sql_scaling_giab_1x"	"a3f740ed18f64ceb129365c5ada886391cdc85fd3450f9f8f72941282d77f71b"	12430977	319349	"sql_scaling_giab_1x"	"a3f740ed18f64ceb129365c5ada886391cdc85fd3450f9f8f72941282d77f71b"	12430977	2000	"3745830e874f19e927203bacfd2d09ac834b8c2d05055997e834750038ccace9"	4	3	"2026-09-30 08:22:27 UTC"	0.583	"success"	NA	2000	"dc168754b1a82733d264664757cc43ffeec895b0e369bdb0870427ea6ee4a4b9"	317.51171875	412.144302368164	0	"duckdb_query_json_profile"	"over_budget"	"over_budget"	"within_budget"	"over_or_unmeasured"	"256MB"	"0B"	"/tmp/RtmpCYohWF/duckhts-vcf-count-run-e99042475aed7/duckdb-temp"	"2c5b69b6d23fcd3cb7928465c1d886d23ac8a26b"	"e3b0c44298fc1c149afbf4c8996fb92427ae41e4649b934ca495991b7852b855"	"f9f90d05bb5ae7b0265047652ca1e0184875aeb3535f89bb1bf08def578dde56"	"cc5f8aeae2a6db3210a547cebc3fcf092da6d9cdeae82185c6fb3ecce5fbe557"	"v1.5.5"	"d8cdaa33fda"	"R version 4.6.0 (2026-04-24)"	"1.3.0"	"1.5.5"	"0.1.3.0.0.2"	"1.5.2.9007-0.1.5"	"0.0.0.9001"	1.24	TRUE
"branch-file_1x_fixed_panel_1x-t4-r3"	"branch"	"file_1x_fixed_panel_1x"	"file"	1	1	"sql_scaling_giab_1x"	"a3f740ed18f64ceb129365c5ada886391cdc85fd3450f9f8f72941282d77f71b"	12430977	319349	"sql_scaling_giab_1x"	"a3f740ed18f64ceb129365c5ada886391cdc85fd3450f9f8f72941282d77f71b"	12430977	2000	"3745830e874f19e927203bacfd2d09ac834b8c2d05055997e834750038ccace9"	4	3	"2026-09-30 08:22:28 UTC"	0.541	"success"	NA	2000	"dc168754b1a82733d264664757cc43ffeec895b0e369bdb0870427ea6ee4a4b9"	180.140625	121.28125	0	"duckdb_query_json_profile"	"within_budget"	"within_budget"	"within_budget"	"within_budget"	"256MB"	"0B"	"/tmp/RtmpKMLwCg/duckhts-vcf-count-run-e995b6e56e61e/duckdb-temp"	"ceb2341ff9e746379955b5ea6462f05e9bd6fa8a"	"e3b0c44298fc1c149afbf4c8996fb92427ae41e4649b934ca495991b7852b855"	"8a11aea8e552b3953dd1b10410b4670e0f72e6999fcbcd878cc04b26b10f0087"	"ee2361335884564210aa91a7e8260720cc2d72333c56d8ddb153392ae9256cc8"	"v1.5.5"	"d8cdaa33fda"	"R version 4.6.0 (2026-04-24)"	"1.3.0"	"1.5.5"	"0.1.3.0.0.2"	"1.5.2.9007-0.1.5"	"0.0.0.9001"	1.24	TRUE
"prechange-file_2x_fixed_panel_1x-t1-r1"	"prechange"	"file_2x_fixed_panel_1x"	"file"	2	1	"sql_scaling_giab_2x"	"7e525c659ec98de8994c7aaa55f5a662d7f6457625901578b77ef98f0b99e9f4"	25107378	646810	"sql_scaling_giab_1x"	"a3f740ed18f64ceb129365c5ada886391cdc85fd3450f9f8f72941282d77f71b"	12430977	2000	"3745830e874f19e927203bacfd2d09ac834b8c2d05055997e834750038ccace9"	1	1	"2026-09-30 08:22:29 UTC"	1.168	"out_of_memory"	"Invalid Error: Out of Memory Error: failed to offload data block of size 256.0 KiB (0 bytes/0 bytes used). This limit was set by the 'max_temp_directory_size' setting. By default, this setting utilizes the available disk space on the drive where the 'temp_directory' is located. You can adjust this setting, by using (for example) PRAGMA max_temp_directory_size='10GiB' Possible solutions: * Reducing the number of threads (SET threads=X) * Disabling insertion-order preservation (SET preserve_insertion_order=false) * Increasing the memory limit (SET memory_limit='...GB') See also https://duckdb.org/docs/stable/guides/performance/how_to_tune_workloads ℹ Context: rapi_execute ℹ Error type: INVALID"	0	NA	353.20703125	NA	0	"private_temp_directory_after_query"	"over_budget"	"unavailable"	"within_budget"	"over_or_unmeasured"	"256MB"	"0B"	"/tmp/RtmpQwbYSw/duckhts-vcf-count-run-e99d82fb39184/duckdb-temp"	"2c5b69b6d23fcd3cb7928465c1d886d23ac8a26b"	"e3b0c44298fc1c149afbf4c8996fb92427ae41e4649b934ca495991b7852b855"	"f9f90d05bb5ae7b0265047652ca1e0184875aeb3535f89bb1bf08def578dde56"	"cc5f8aeae2a6db3210a547cebc3fcf092da6d9cdeae82185c6fb3ecce5fbe557"	"v1.5.5"	"d8cdaa33fda"	"R version 4.6.0 (2026-04-24)"	"1.3.0"	"1.5.5"	"0.1.3.0.0.2"	"1.5.2.9007-0.1.5"	"0.0.0.9001"	1.24	FALSE
"branch-file_2x_fixed_panel_1x-t1-r1"	"branch"	"file_2x_fixed_panel_1x"	"file"	2	1	"sql_scaling_giab_2x"	"7e525c659ec98de8994c7aaa55f5a662d7f6457625901578b77ef98f0b99e9f4"	25107378	646810	"sql_scaling_giab_1x"	"a3f740ed18f64ceb129365c5ada886391cdc85fd3450f9f8f72941282d77f71b"	12430977	2000	"3745830e874f19e927203bacfd2d09ac834b8c2d05055997e834750038ccace9"	1	1	"2026-09-30 08:22:31 UTC"	1.049	"success"	NA	2000	"6d3c6a75207003cf657ca44c6bb260a9a9f769caf18d6f223be7514fb169e283"	176.7578125	59.6090698242188	0	"duckdb_query_json_profile"	"within_budget"	"within_budget"	"within_budget"	"within_budget"	"256MB"	"0B"	"/tmp/RtmpuIjxib/duckhts-vcf-count-run-e9a1d48df1324/duckdb-temp"	"ceb2341ff9e746379955b5ea6462f05e9bd6fa8a"	"e3b0c44298fc1c149afbf4c8996fb92427ae41e4649b934ca495991b7852b855"	"8a11aea8e552b3953dd1b10410b4670e0f72e6999fcbcd878cc04b26b10f0087"	"ee2361335884564210aa91a7e8260720cc2d72333c56d8ddb153392ae9256cc8"	"v1.5.5"	"d8cdaa33fda"	"R version 4.6.0 (2026-04-24)"	"1.3.0"	"1.5.5"	"0.1.3.0.0.2"	"1.5.2.9007-0.1.5"	"0.0.0.9001"	1.24	TRUE
"branch-file_2x_fixed_panel_1x-t1-r2"	"branch"	"file_2x_fixed_panel_1x"	"file"	2	1	"sql_scaling_giab_2x"	"7e525c659ec98de8994c7aaa55f5a662d7f6457625901578b77ef98f0b99e9f4"	25107378	646810	"sql_scaling_giab_1x"	"a3f740ed18f64ceb129365c5ada886391cdc85fd3450f9f8f72941282d77f71b"	12430977	2000	"3745830e874f19e927203bacfd2d09ac834b8c2d05055997e834750038ccace9"	1	2	"2026-09-30 08:22:33 UTC"	1.062	"success"	NA	2000	"6d3c6a75207003cf657ca44c6bb260a9a9f769caf18d6f223be7514fb169e283"	175.7265625	59.7415161132812	0	"duckdb_query_json_profile"	"within_budget"	"within_budget"	"within_budget"	"within_budget"	"256MB"	"0B"	"/tmp/RtmpQVsgQu/duckhts-vcf-count-run-e9a856c292050/duckdb-temp"	"ceb2341ff9e746379955b5ea6462f05e9bd6fa8a"	"e3b0c44298fc1c149afbf4c8996fb92427ae41e4649b934ca495991b7852b855"	"8a11aea8e552b3953dd1b10410b4670e0f72e6999fcbcd878cc04b26b10f0087"	"ee2361335884564210aa91a7e8260720cc2d72333c56d8ddb153392ae9256cc8"	"v1.5.5"	"d8cdaa33fda"	"R version 4.6.0 (2026-04-24)"	"1.3.0"	"1.5.5"	"0.1.3.0.0.2"	"1.5.2.9007-0.1.5"	"0.0.0.9001"	1.24	TRUE
"prechange-file_2x_fixed_panel_1x-t1-r2"	"prechange"	"file_2x_fixed_panel_1x"	"file"	2	1	"sql_scaling_giab_2x"	"7e525c659ec98de8994c7aaa55f5a662d7f6457625901578b77ef98f0b99e9f4"	25107378	646810	"sql_scaling_giab_1x"	"a3f740ed18f64ceb129365c5ada886391cdc85fd3450f9f8f72941282d77f71b"	12430977	2000	"3745830e874f19e927203bacfd2d09ac834b8c2d05055997e834750038ccace9"	1	2	"2026-09-30 08:22:34 UTC"	1.171	"out_of_memory"	"Invalid Error: Out of Memory Error: failed to offload data block of size 256.0 KiB (0 bytes/0 bytes used). This limit was set by the 'max_temp_directory_size' setting. By default, this setting utilizes the available disk space on the drive where the 'temp_directory' is located. You can adjust this setting, by using (for example) PRAGMA max_temp_directory_size='10GiB' Possible solutions: * Reducing the number of threads (SET threads=X) * Disabling insertion-order preservation (SET preserve_insertion_order=false) * Increasing the memory limit (SET memory_limit='...GB') See also https://duckdb.org/docs/stable/guides/performance/how_to_tune_workloads ℹ Context: rapi_execute ℹ Error type: INVALID"	0	NA	353.59375	NA	0	"private_temp_directory_after_query"	"over_budget"	"unavailable"	"within_budget"	"over_or_unmeasured"	"256MB"	"0B"	"/tmp/RtmpFLFOnh/duckhts-vcf-count-run-e9aec251cd5c8/duckdb-temp"	"2c5b69b6d23fcd3cb7928465c1d886d23ac8a26b"	"e3b0c44298fc1c149afbf4c8996fb92427ae41e4649b934ca495991b7852b855"	"f9f90d05bb5ae7b0265047652ca1e0184875aeb3535f89bb1bf08def578dde56"	"cc5f8aeae2a6db3210a547cebc3fcf092da6d9cdeae82185c6fb3ecce5fbe557"	"v1.5.5"	"d8cdaa33fda"	"R version 4.6.0 (2026-04-24)"	"1.3.0"	"1.5.5"	"0.1.3.0.0.2"	"1.5.2.9007-0.1.5"	"0.0.0.9001"	1.24	FALSE
"prechange-file_2x_fixed_panel_1x-t1-r3"	"prechange"	"file_2x_fixed_panel_1x"	"file"	2	1	"sql_scaling_giab_2x"	"7e525c659ec98de8994c7aaa55f5a662d7f6457625901578b77ef98f0b99e9f4"	25107378	646810	"sql_scaling_giab_1x"	"a3f740ed18f64ceb129365c5ada886391cdc85fd3450f9f8f72941282d77f71b"	12430977	2000	"3745830e874f19e927203bacfd2d09ac834b8c2d05055997e834750038ccace9"	1	3	"2026-09-30 08:22:36 UTC"	1.166	"out_of_memory"	"Invalid Error: Out of Memory Error: failed to offload data block of size 32.0 KiB (0 bytes/0 bytes used). This limit was set by the 'max_temp_directory_size' setting. By default, this setting utilizes the available disk space on the drive where the 'temp_directory' is located. You can adjust this setting, by using (for example) PRAGMA max_temp_directory_size='10GiB' Possible solutions: * Reducing the number of threads (SET threads=X) * Disabling insertion-order preservation (SET preserve_insertion_order=false) * Increasing the memory limit (SET memory_limit='...GB') See also https://duckdb.org/docs/stable/guides/performance/how_to_tune_workloads ℹ Context: rapi_execute ℹ Error type: INVALID"	0	NA	353.71484375	NA	0	"private_temp_directory_after_query"	"over_budget"	"unavailable"	"within_budget"	"over_or_unmeasured"	"256MB"	"0B"	"/tmp/RtmpkjyX7s/duckhts-vcf-count-run-e9b3672367c5a/duckdb-temp"	"2c5b69b6d23fcd3cb7928465c1d886d23ac8a26b"	"e3b0c44298fc1c149afbf4c8996fb92427ae41e4649b934ca495991b7852b855"	"f9f90d05bb5ae7b0265047652ca1e0184875aeb3535f89bb1bf08def578dde56"	"cc5f8aeae2a6db3210a547cebc3fcf092da6d9cdeae82185c6fb3ecce5fbe557"	"v1.5.5"	"d8cdaa33fda"	"R version 4.6.0 (2026-04-24)"	"1.3.0"	"1.5.5"	"0.1.3.0.0.2"	"1.5.2.9007-0.1.5"	"0.0.0.9001"	1.24	FALSE
"branch-file_2x_fixed_panel_1x-t1-r3"	"branch"	"file_2x_fixed_panel_1x"	"file"	2	1	"sql_scaling_giab_2x"	"7e525c659ec98de8994c7aaa55f5a662d7f6457625901578b77ef98f0b99e9f4"	25107378	646810	"sql_scaling_giab_1x"	"a3f740ed18f64ceb129365c5ada886391cdc85fd3450f9f8f72941282d77f71b"	12430977	2000	"3745830e874f19e927203bacfd2d09ac834b8c2d05055997e834750038ccace9"	1	3	"2026-09-30 08:22:38 UTC"	1.055	"success"	NA	2000	"6d3c6a75207003cf657ca44c6bb260a9a9f769caf18d6f223be7514fb169e283"	176.390625	59.7024536132812	0	"duckdb_query_json_profile"	"within_budget"	"within_budget"	"within_budget"	"within_budget"	"256MB"	"0B"	"/tmp/RtmpZqJKx5/duckhts-vcf-count-run-e9b8e47cfee81/duckdb-temp"	"ceb2341ff9e746379955b5ea6462f05e9bd6fa8a"	"e3b0c44298fc1c149afbf4c8996fb92427ae41e4649b934ca495991b7852b855"	"8a11aea8e552b3953dd1b10410b4670e0f72e6999fcbcd878cc04b26b10f0087"	"ee2361335884564210aa91a7e8260720cc2d72333c56d8ddb153392ae9256cc8"	"v1.5.5"	"d8cdaa33fda"	"R version 4.6.0 (2026-04-24)"	"1.3.0"	"1.5.5"	"0.1.3.0.0.2"	"1.5.2.9007-0.1.5"	"0.0.0.9001"	1.24	TRUE
"prechange-file_2x_fixed_panel_1x-t4-r1"	"prechange"	"file_2x_fixed_panel_1x"	"file"	2	1	"sql_scaling_giab_2x"	"7e525c659ec98de8994c7aaa55f5a662d7f6457625901578b77ef98f0b99e9f4"	25107378	646810	"sql_scaling_giab_1x"	"a3f740ed18f64ceb129365c5ada886391cdc85fd3450f9f8f72941282d77f71b"	12430977	2000	"3745830e874f19e927203bacfd2d09ac834b8c2d05055997e834750038ccace9"	4	1	"2026-09-30 08:22:39 UTC"	1.117	"out_of_memory"	"Invalid Error: Out of Memory Error: failed to offload data block of size 256.0 KiB (0 bytes/0 bytes used). This limit was set by the 'max_temp_directory_size' setting. By default, this setting utilizes the available disk space on the drive where the 'temp_directory' is located. You can adjust this setting, by using (for example) PRAGMA max_temp_directory_size='10GiB' Possible solutions: * Reducing the number of threads (SET threads=X) * Disabling insertion-order preservation (SET preserve_insertion_order=false) * Increasing the memory limit (SET memory_limit='...GB') See also https://duckdb.org/docs/stable/guides/performance/how_to_tune_workloads ℹ Context: rapi_execute ℹ Error type: INVALID"	0	NA	331.85546875	NA	0	"private_temp_directory_after_query"	"over_budget"	"unavailable"	"within_budget"	"over_or_unmeasured"	"256MB"	"0B"	"/tmp/RtmpNUdT7r/duckhts-vcf-count-run-e9c2656993fdd/duckdb-temp"	"2c5b69b6d23fcd3cb7928465c1d886d23ac8a26b"	"e3b0c44298fc1c149afbf4c8996fb92427ae41e4649b934ca495991b7852b855"	"f9f90d05bb5ae7b0265047652ca1e0184875aeb3535f89bb1bf08def578dde56"	"cc5f8aeae2a6db3210a547cebc3fcf092da6d9cdeae82185c6fb3ecce5fbe557"	"v1.5.5"	"d8cdaa33fda"	"R version 4.6.0 (2026-04-24)"	"1.3.0"	"1.5.5"	"0.1.3.0.0.2"	"1.5.2.9007-0.1.5"	"0.0.0.9001"	1.24	FALSE
"branch-file_2x_fixed_panel_1x-t4-r1"	"branch"	"file_2x_fixed_panel_1x"	"file"	2	1	"sql_scaling_giab_2x"	"7e525c659ec98de8994c7aaa55f5a662d7f6457625901578b77ef98f0b99e9f4"	25107378	646810	"sql_scaling_giab_1x"	"a3f740ed18f64ceb129365c5ada886391cdc85fd3450f9f8f72941282d77f71b"	12430977	2000	"3745830e874f19e927203bacfd2d09ac834b8c2d05055997e834750038ccace9"	4	1	"2026-09-30 08:22:41 UTC"	1.044	"success"	NA	2000	"6d3c6a75207003cf657ca44c6bb260a9a9f769caf18d6f223be7514fb169e283"	179.58984375	118.565368652344	0	"duckdb_query_json_profile"	"within_budget"	"within_budget"	"within_budget"	"within_budget"	"256MB"	"0B"	"/tmp/RtmpCXGQXB/duckhts-vcf-count-run-e9c7529eec86a/duckdb-temp"	"ceb2341ff9e746379955b5ea6462f05e9bd6fa8a"	"e3b0c44298fc1c149afbf4c8996fb92427ae41e4649b934ca495991b7852b855"	"8a11aea8e552b3953dd1b10410b4670e0f72e6999fcbcd878cc04b26b10f0087"	"ee2361335884564210aa91a7e8260720cc2d72333c56d8ddb153392ae9256cc8"	"v1.5.5"	"d8cdaa33fda"	"R version 4.6.0 (2026-04-24)"	"1.3.0"	"1.5.5"	"0.1.3.0.0.2"	"1.5.2.9007-0.1.5"	"0.0.0.9001"	1.24	TRUE
"branch-file_2x_fixed_panel_1x-t4-r2"	"branch"	"file_2x_fixed_panel_1x"	"file"	2	1	"sql_scaling_giab_2x"	"7e525c659ec98de8994c7aaa55f5a662d7f6457625901578b77ef98f0b99e9f4"	25107378	646810	"sql_scaling_giab_1x"	"a3f740ed18f64ceb129365c5ada886391cdc85fd3450f9f8f72941282d77f71b"	12430977	2000	"3745830e874f19e927203bacfd2d09ac834b8c2d05055997e834750038ccace9"	4	2	"2026-09-30 08:22:42 UTC"	1.04	"success"	NA	2000	"6d3c6a75207003cf657ca44c6bb260a9a9f769caf18d6f223be7514fb169e283"	179.64453125	122.80078125	0	"duckdb_query_json_profile"	"within_budget"	"within_budget"	"within_budget"	"within_budget"	"256MB"	"0B"	"/tmp/Rtmpv0FWfp/duckhts-vcf-count-run-e9ce8659d884f/duckdb-temp"	"ceb2341ff9e746379955b5ea6462f05e9bd6fa8a"	"e3b0c44298fc1c149afbf4c8996fb92427ae41e4649b934ca495991b7852b855"	"8a11aea8e552b3953dd1b10410b4670e0f72e6999fcbcd878cc04b26b10f0087"	"ee2361335884564210aa91a7e8260720cc2d72333c56d8ddb153392ae9256cc8"	"v1.5.5"	"d8cdaa33fda"	"R version 4.6.0 (2026-04-24)"	"1.3.0"	"1.5.5"	"0.1.3.0.0.2"	"1.5.2.9007-0.1.5"	"0.0.0.9001"	1.24	TRUE
"prechange-file_2x_fixed_panel_1x-t4-r2"	"prechange"	"file_2x_fixed_panel_1x"	"file"	2	1	"sql_scaling_giab_2x"	"7e525c659ec98de8994c7aaa55f5a662d7f6457625901578b77ef98f0b99e9f4"	25107378	646810	"sql_scaling_giab_1x"	"a3f740ed18f64ceb129365c5ada886391cdc85fd3450f9f8f72941282d77f71b"	12430977	2000	"3745830e874f19e927203bacfd2d09ac834b8c2d05055997e834750038ccace9"	4	2	"2026-09-30 08:22:44 UTC"	1.144	"out_of_memory"	"Invalid Error: Out of Memory Error: failed to offload data block of size 256.0 KiB (0 bytes/0 bytes used). This limit was set by the 'max_temp_directory_size' setting. By default, this setting utilizes the available disk space on the drive where the 'temp_directory' is located. You can adjust this setting, by using (for example) PRAGMA max_temp_directory_size='10GiB' Possible solutions: * Reducing the number of threads (SET threads=X) * Disabling insertion-order preservation (SET preserve_insertion_order=false) * Increasing the memory limit (SET memory_limit='...GB') See also https://duckdb.org/docs/stable/guides/performance/how_to_tune_workloads ℹ Context: rapi_execute ℹ Error type: INVALID"	0	NA	333.72265625	NA	0	"private_temp_directory_after_query"	"over_budget"	"unavailable"	"within_budget"	"over_or_unmeasured"	"256MB"	"0B"	"/tmp/Rtmpkk3YRh/duckhts-vcf-count-run-e9d4f23498c0/duckdb-temp"	"2c5b69b6d23fcd3cb7928465c1d886d23ac8a26b"	"e3b0c44298fc1c149afbf4c8996fb92427ae41e4649b934ca495991b7852b855"	"f9f90d05bb5ae7b0265047652ca1e0184875aeb3535f89bb1bf08def578dde56"	"cc5f8aeae2a6db3210a547cebc3fcf092da6d9cdeae82185c6fb3ecce5fbe557"	"v1.5.5"	"d8cdaa33fda"	"R version 4.6.0 (2026-04-24)"	"1.3.0"	"1.5.5"	"0.1.3.0.0.2"	"1.5.2.9007-0.1.5"	"0.0.0.9001"	1.24	FALSE
"prechange-file_2x_fixed_panel_1x-t4-r3"	"prechange"	"file_2x_fixed_panel_1x"	"file"	2	1	"sql_scaling_giab_2x"	"7e525c659ec98de8994c7aaa55f5a662d7f6457625901578b77ef98f0b99e9f4"	25107378	646810	"sql_scaling_giab_1x"	"a3f740ed18f64ceb129365c5ada886391cdc85fd3450f9f8f72941282d77f71b"	12430977	2000	"3745830e874f19e927203bacfd2d09ac834b8c2d05055997e834750038ccace9"	4	3	"2026-09-30 08:22:46 UTC"	1.127	"out_of_memory"	"Invalid Error: Out of Memory Error: failed to offload data block of size 256.0 KiB (0 bytes/0 bytes used). This limit was set by the 'max_temp_directory_size' setting. By default, this setting utilizes the available disk space on the drive where the 'temp_directory' is located. You can adjust this setting, by using (for example) PRAGMA max_temp_directory_size='10GiB' Possible solutions: * Reducing the number of threads (SET threads=X) * Disabling insertion-order preservation (SET preserve_insertion_order=false) * Increasing the memory limit (SET memory_limit='...GB') See also https://duckdb.org/docs/stable/guides/performance/how_to_tune_workloads ℹ Context: rapi_execute ℹ Error type: INVALID"	0	NA	330.83203125	NA	0	"private_temp_directory_after_query"	"over_budget"	"unavailable"	"within_budget"	"over_or_unmeasured"	"256MB"	"0B"	"/tmp/RtmpV7wEws/duckhts-vcf-count-run-e9dad4a41e45d/duckdb-temp"	"2c5b69b6d23fcd3cb7928465c1d886d23ac8a26b"	"e3b0c44298fc1c149afbf4c8996fb92427ae41e4649b934ca495991b7852b855"	"f9f90d05bb5ae7b0265047652ca1e0184875aeb3535f89bb1bf08def578dde56"	"cc5f8aeae2a6db3210a547cebc3fcf092da6d9cdeae82185c6fb3ecce5fbe557"	"v1.5.5"	"d8cdaa33fda"	"R version 4.6.0 (2026-04-24)"	"1.3.0"	"1.5.5"	"0.1.3.0.0.2"	"1.5.2.9007-0.1.5"	"0.0.0.9001"	1.24	FALSE
"branch-file_2x_fixed_panel_1x-t4-r3"	"branch"	"file_2x_fixed_panel_1x"	"file"	2	1	"sql_scaling_giab_2x"	"7e525c659ec98de8994c7aaa55f5a662d7f6457625901578b77ef98f0b99e9f4"	25107378	646810	"sql_scaling_giab_1x"	"a3f740ed18f64ceb129365c5ada886391cdc85fd3450f9f8f72941282d77f71b"	12430977	2000	"3745830e874f19e927203bacfd2d09ac834b8c2d05055997e834750038ccace9"	4	3	"2026-09-30 08:22:47 UTC"	1.067	"success"	NA	2000	"6d3c6a75207003cf657ca44c6bb260a9a9f769caf18d6f223be7514fb169e283"	178.546875	123.87890625	0	"duckdb_query_json_profile"	"within_budget"	"within_budget"	"within_budget"	"within_budget"	"256MB"	"0B"	"/tmp/RtmpXotPqb/duckhts-vcf-count-run-e9e0c396ffe6c/duckdb-temp"	"ceb2341ff9e746379955b5ea6462f05e9bd6fa8a"	"e3b0c44298fc1c149afbf4c8996fb92427ae41e4649b934ca495991b7852b855"	"8a11aea8e552b3953dd1b10410b4670e0f72e6999fcbcd878cc04b26b10f0087"	"ee2361335884564210aa91a7e8260720cc2d72333c56d8ddb153392ae9256cc8"	"v1.5.5"	"d8cdaa33fda"	"R version 4.6.0 (2026-04-24)"	"1.3.0"	"1.5.5"	"0.1.3.0.0.2"	"1.5.2.9007-0.1.5"	"0.0.0.9001"	1.24	TRUE
"prechange-file_4x_fixed_panel_1x-t1-r1"	"prechange"	"file_4x_fixed_panel_1x"	"file"	4	1	"sql_scaling_giab_4x"	"932617388d0dd702066a5bcd55fec3e443946bf2d93c1796ed82312a55a1560f"	47804032	1236049	"sql_scaling_giab_1x"	"a3f740ed18f64ceb129365c5ada886391cdc85fd3450f9f8f72941282d77f71b"	12430977	2000	"3745830e874f19e927203bacfd2d09ac834b8c2d05055997e834750038ccace9"	1	1	"2026-09-30 08:22:49 UTC"	1.36	"out_of_memory"	"Invalid Error: Out of Memory Error: failed to offload data block of size 256.0 KiB (0 bytes/0 bytes used). This limit was set by the 'max_temp_directory_size' setting. By default, this setting utilizes the available disk space on the drive where the 'temp_directory' is located. You can adjust this setting, by using (for example) PRAGMA max_temp_directory_size='10GiB' Possible solutions: * Reducing the number of threads (SET threads=X) * Disabling insertion-order preservation (SET preserve_insertion_order=false) * Increasing the memory limit (SET memory_limit='...GB') See also https://duckdb.org/docs/stable/guides/performance/how_to_tune_workloads ℹ Context: rapi_execute ℹ Error type: INVALID"	0	NA	358.18359375	NA	0	"private_temp_directory_after_query"	"over_budget"	"unavailable"	"within_budget"	"over_or_unmeasured"	"256MB"	"0B"	"/tmp/Rtmphao65J/duckhts-vcf-count-run-e9e731c1bf7c4/duckdb-temp"	"2c5b69b6d23fcd3cb7928465c1d886d23ac8a26b"	"e3b0c44298fc1c149afbf4c8996fb92427ae41e4649b934ca495991b7852b855"	"f9f90d05bb5ae7b0265047652ca1e0184875aeb3535f89bb1bf08def578dde56"	"cc5f8aeae2a6db3210a547cebc3fcf092da6d9cdeae82185c6fb3ecce5fbe557"	"v1.5.5"	"d8cdaa33fda"	"R version 4.6.0 (2026-04-24)"	"1.3.0"	"1.5.5"	"0.1.3.0.0.2"	"1.5.2.9007-0.1.5"	"0.0.0.9001"	1.24	FALSE
"branch-file_4x_fixed_panel_1x-t1-r1"	"branch"	"file_4x_fixed_panel_1x"	"file"	4	1	"sql_scaling_giab_4x"	"932617388d0dd702066a5bcd55fec3e443946bf2d93c1796ed82312a55a1560f"	47804032	1236049	"sql_scaling_giab_1x"	"a3f740ed18f64ceb129365c5ada886391cdc85fd3450f9f8f72941282d77f71b"	12430977	2000	"3745830e874f19e927203bacfd2d09ac834b8c2d05055997e834750038ccace9"	1	1	"2026-09-30 08:22:51 UTC"	1.942	"success"	NA	2000	"64c7bbfe845cfc3b8a0d2cf43d4d1b7b84659219907201b1b5d60408f4ff9b12"	177.49609375	59.6477661132812	0	"duckdb_query_json_profile"	"within_budget"	"within_budget"	"within_budget"	"within_budget"	"256MB"	"0B"	"/tmp/Rtmpba50N0/duckhts-vcf-count-run-e9ebc134cc24c/duckdb-temp"	"ceb2341ff9e746379955b5ea6462f05e9bd6fa8a"	"e3b0c44298fc1c149afbf4c8996fb92427ae41e4649b934ca495991b7852b855"	"8a11aea8e552b3953dd1b10410b4670e0f72e6999fcbcd878cc04b26b10f0087"	"ee2361335884564210aa91a7e8260720cc2d72333c56d8ddb153392ae9256cc8"	"v1.5.5"	"d8cdaa33fda"	"R version 4.6.0 (2026-04-24)"	"1.3.0"	"1.5.5"	"0.1.3.0.0.2"	"1.5.2.9007-0.1.5"	"0.0.0.9001"	1.24	TRUE
"branch-file_4x_fixed_panel_1x-t1-r2"	"branch"	"file_4x_fixed_panel_1x"	"file"	4	1	"sql_scaling_giab_4x"	"932617388d0dd702066a5bcd55fec3e443946bf2d93c1796ed82312a55a1560f"	47804032	1236049	"sql_scaling_giab_1x"	"a3f740ed18f64ceb129365c5ada886391cdc85fd3450f9f8f72941282d77f71b"	12430977	2000	"3745830e874f19e927203bacfd2d09ac834b8c2d05055997e834750038ccace9"	1	2	"2026-09-30 08:22:53 UTC"	1.951	"success"	NA	2000	"64c7bbfe845cfc3b8a0d2cf43d4d1b7b84659219907201b1b5d60408f4ff9b12"	178.3671875	59.6946411132812	0	"duckdb_query_json_profile"	"within_budget"	"within_budget"	"within_budget"	"within_budget"	"256MB"	"0B"	"/tmp/RtmpytPx35/duckhts-vcf-count-run-e9f3f3790c54c/duckdb-temp"	"ceb2341ff9e746379955b5ea6462f05e9bd6fa8a"	"e3b0c44298fc1c149afbf4c8996fb92427ae41e4649b934ca495991b7852b855"	"8a11aea8e552b3953dd1b10410b4670e0f72e6999fcbcd878cc04b26b10f0087"	"ee2361335884564210aa91a7e8260720cc2d72333c56d8ddb153392ae9256cc8"	"v1.5.5"	"d8cdaa33fda"	"R version 4.6.0 (2026-04-24)"	"1.3.0"	"1.5.5"	"0.1.3.0.0.2"	"1.5.2.9007-0.1.5"	"0.0.0.9001"	1.24	TRUE
"prechange-file_4x_fixed_panel_1x-t1-r2"	"prechange"	"file_4x_fixed_panel_1x"	"file"	4	1	"sql_scaling_giab_4x"	"932617388d0dd702066a5bcd55fec3e443946bf2d93c1796ed82312a55a1560f"	47804032	1236049	"sql_scaling_giab_1x"	"a3f740ed18f64ceb129365c5ada886391cdc85fd3450f9f8f72941282d77f71b"	12430977	2000	"3745830e874f19e927203bacfd2d09ac834b8c2d05055997e834750038ccace9"	1	2	"2026-09-30 08:22:56 UTC"	1.361	"out_of_memory"	"Invalid Error: Out of Memory Error: failed to offload data block of size 256.0 KiB (0 bytes/0 bytes used). This limit was set by the 'max_temp_directory_size' setting. By default, this setting utilizes the available disk space on the drive where the 'temp_directory' is located. You can adjust this setting, by using (for example) PRAGMA max_temp_directory_size='10GiB' Possible solutions: * Reducing the number of threads (SET threads=X) * Disabling insertion-order preservation (SET preserve_insertion_order=false) * Increasing the memory limit (SET memory_limit='...GB') See also https://duckdb.org/docs/stable/guides/performance/how_to_tune_workloads ℹ Context: rapi_execute ℹ Error type: INVALID"	0	NA	358.06640625	NA	0	"private_temp_directory_after_query"	"over_budget"	"unavailable"	"within_budget"	"over_or_unmeasured"	"256MB"	"0B"	"/tmp/RtmpIBjR6U/duckhts-vcf-count-run-e9f997d8d77c4/duckdb-temp"	"2c5b69b6d23fcd3cb7928465c1d886d23ac8a26b"	"e3b0c44298fc1c149afbf4c8996fb92427ae41e4649b934ca495991b7852b855"	"f9f90d05bb5ae7b0265047652ca1e0184875aeb3535f89bb1bf08def578dde56"	"cc5f8aeae2a6db3210a547cebc3fcf092da6d9cdeae82185c6fb3ecce5fbe557"	"v1.5.5"	"d8cdaa33fda"	"R version 4.6.0 (2026-04-24)"	"1.3.0"	"1.5.5"	"0.1.3.0.0.2"	"1.5.2.9007-0.1.5"	"0.0.0.9001"	1.24	FALSE
"prechange-file_4x_fixed_panel_1x-t1-r3"	"prechange"	"file_4x_fixed_panel_1x"	"file"	4	1	"sql_scaling_giab_4x"	"932617388d0dd702066a5bcd55fec3e443946bf2d93c1796ed82312a55a1560f"	47804032	1236049	"sql_scaling_giab_1x"	"a3f740ed18f64ceb129365c5ada886391cdc85fd3450f9f8f72941282d77f71b"	12430977	2000	"3745830e874f19e927203bacfd2d09ac834b8c2d05055997e834750038ccace9"	1	3	"2026-09-30 08:22:58 UTC"	1.359	"out_of_memory"	"Invalid Error: Out of Memory Error: failed to offload data block of size 128.0 KiB (0 bytes/0 bytes used). This limit was set by the 'max_temp_directory_size' setting. By default, this setting utilizes the available disk space on the drive where the 'temp_directory' is located. You can adjust this setting, by using (for example) PRAGMA max_temp_directory_size='10GiB' Possible solutions: * Reducing the number of threads (SET threads=X) * Disabling insertion-order preservation (SET preserve_insertion_order=false) * Increasing the memory limit (SET memory_limit='...GB') See also https://duckdb.org/docs/stable/guides/performance/how_to_tune_workloads ℹ Context: rapi_execute ℹ Error type: INVALID"	0	NA	359.046875	NA	0	"private_temp_directory_after_query"	"over_budget"	"unavailable"	"within_budget"	"over_or_unmeasured"	"256MB"	"0B"	"/tmp/RtmpY5ercu/duckhts-vcf-count-run-e9ff84302031e/duckdb-temp"	"2c5b69b6d23fcd3cb7928465c1d886d23ac8a26b"	"e3b0c44298fc1c149afbf4c8996fb92427ae41e4649b934ca495991b7852b855"	"f9f90d05bb5ae7b0265047652ca1e0184875aeb3535f89bb1bf08def578dde56"	"cc5f8aeae2a6db3210a547cebc3fcf092da6d9cdeae82185c6fb3ecce5fbe557"	"v1.5.5"	"d8cdaa33fda"	"R version 4.6.0 (2026-04-24)"	"1.3.0"	"1.5.5"	"0.1.3.0.0.2"	"1.5.2.9007-0.1.5"	"0.0.0.9001"	1.24	FALSE
"branch-file_4x_fixed_panel_1x-t1-r3"	"branch"	"file_4x_fixed_panel_1x"	"file"	4	1	"sql_scaling_giab_4x"	"932617388d0dd702066a5bcd55fec3e443946bf2d93c1796ed82312a55a1560f"	47804032	1236049	"sql_scaling_giab_1x"	"a3f740ed18f64ceb129365c5ada886391cdc85fd3450f9f8f72941282d77f71b"	12430977	2000	"3745830e874f19e927203bacfd2d09ac834b8c2d05055997e834750038ccace9"	1	3	"2026-09-30 08:23:00 UTC"	1.956	"success"	NA	2000	"64c7bbfe845cfc3b8a0d2cf43d4d1b7b84659219907201b1b5d60408f4ff9b12"	178.3515625	59.6165161132812	0	"duckdb_query_json_profile"	"within_budget"	"within_budget"	"within_budget"	"within_budget"	"256MB"	"0B"	"/tmp/RtmpVTIXrl/duckhts-vcf-count-run-ea05120a0fe9c/duckdb-temp"	"ceb2341ff9e746379955b5ea6462f05e9bd6fa8a"	"e3b0c44298fc1c149afbf4c8996fb92427ae41e4649b934ca495991b7852b855"	"8a11aea8e552b3953dd1b10410b4670e0f72e6999fcbcd878cc04b26b10f0087"	"ee2361335884564210aa91a7e8260720cc2d72333c56d8ddb153392ae9256cc8"	"v1.5.5"	"d8cdaa33fda"	"R version 4.6.0 (2026-04-24)"	"1.3.0"	"1.5.5"	"0.1.3.0.0.2"	"1.5.2.9007-0.1.5"	"0.0.0.9001"	1.24	TRUE
"prechange-file_4x_fixed_panel_1x-t4-r1"	"prechange"	"file_4x_fixed_panel_1x"	"file"	4	1	"sql_scaling_giab_4x"	"932617388d0dd702066a5bcd55fec3e443946bf2d93c1796ed82312a55a1560f"	47804032	1236049	"sql_scaling_giab_1x"	"a3f740ed18f64ceb129365c5ada886391cdc85fd3450f9f8f72941282d77f71b"	12430977	2000	"3745830e874f19e927203bacfd2d09ac834b8c2d05055997e834750038ccace9"	4	1	"2026-09-30 08:23:02 UTC"	1.272	"out_of_memory"	"Invalid Error: Out of Memory Error: failed to offload data block of size 128.0 KiB (0 bytes/0 bytes used). This limit was set by the 'max_temp_directory_size' setting. By default, this setting utilizes the available disk space on the drive where the 'temp_directory' is located. You can adjust this setting, by using (for example) PRAGMA max_temp_directory_size='10GiB' Possible solutions: * Reducing the number of threads (SET threads=X) * Disabling insertion-order preservation (SET preserve_insertion_order=false) * Increasing the memory limit (SET memory_limit='...GB') See also https://duckdb.org/docs/stable/guides/performance/how_to_tune_workloads ℹ Context: rapi_execute ℹ Error type: INVALID"	0	NA	352.87109375	NA	0	"private_temp_directory_after_query"	"over_budget"	"unavailable"	"within_budget"	"over_or_unmeasured"	"256MB"	"0B"	"/tmp/RtmpLKU6It/duckhts-vcf-count-run-ea0c23502825b/duckdb-temp"	"2c5b69b6d23fcd3cb7928465c1d886d23ac8a26b"	"e3b0c44298fc1c149afbf4c8996fb92427ae41e4649b934ca495991b7852b855"	"f9f90d05bb5ae7b0265047652ca1e0184875aeb3535f89bb1bf08def578dde56"	"cc5f8aeae2a6db3210a547cebc3fcf092da6d9cdeae82185c6fb3ecce5fbe557"	"v1.5.5"	"d8cdaa33fda"	"R version 4.6.0 (2026-04-24)"	"1.3.0"	"1.5.5"	"0.1.3.0.0.2"	"1.5.2.9007-0.1.5"	"0.0.0.9001"	1.24	FALSE
"branch-file_4x_fixed_panel_1x-t4-r1"	"branch"	"file_4x_fixed_panel_1x"	"file"	4	1	"sql_scaling_giab_4x"	"932617388d0dd702066a5bcd55fec3e443946bf2d93c1796ed82312a55a1560f"	47804032	1236049	"sql_scaling_giab_1x"	"a3f740ed18f64ceb129365c5ada886391cdc85fd3450f9f8f72941282d77f71b"	12430977	2000	"3745830e874f19e927203bacfd2d09ac834b8c2d05055997e834750038ccace9"	4	1	"2026-09-30 08:23:04 UTC"	1.961	"success"	NA	2000	"64c7bbfe845cfc3b8a0d2cf43d4d1b7b84659219907201b1b5d60408f4ff9b12"	182.95703125	122.701171875	0	"duckdb_query_json_profile"	"within_budget"	"within_budget"	"within_budget"	"within_budget"	"256MB"	"0B"	"/tmp/Rtmptn4dtX/duckhts-vcf-count-run-ea11a3a0860db/duckdb-temp"	"ceb2341ff9e746379955b5ea6462f05e9bd6fa8a"	"e3b0c44298fc1c149afbf4c8996fb92427ae41e4649b934ca495991b7852b855"	"8a11aea8e552b3953dd1b10410b4670e0f72e6999fcbcd878cc04b26b10f0087"	"ee2361335884564210aa91a7e8260720cc2d72333c56d8ddb153392ae9256cc8"	"v1.5.5"	"d8cdaa33fda"	"R version 4.6.0 (2026-04-24)"	"1.3.0"	"1.5.5"	"0.1.3.0.0.2"	"1.5.2.9007-0.1.5"	"0.0.0.9001"	1.24	TRUE
"branch-file_4x_fixed_panel_1x-t4-r2"	"branch"	"file_4x_fixed_panel_1x"	"file"	4	1	"sql_scaling_giab_4x"	"932617388d0dd702066a5bcd55fec3e443946bf2d93c1796ed82312a55a1560f"	47804032	1236049	"sql_scaling_giab_1x"	"a3f740ed18f64ceb129365c5ada886391cdc85fd3450f9f8f72941282d77f71b"	12430977	2000	"3745830e874f19e927203bacfd2d09ac834b8c2d05055997e834750038ccace9"	4	2	"2026-09-30 08:23:07 UTC"	1.953	"success"	NA	2000	"64c7bbfe845cfc3b8a0d2cf43d4d1b7b84659219907201b1b5d60408f4ff9b12"	184.453125	123.37109375	0	"duckdb_query_json_profile"	"within_budget"	"within_budget"	"within_budget"	"within_budget"	"256MB"	"0B"	"/tmp/Rtmp8WmXJY/duckhts-vcf-count-run-ea17b6007d54e/duckdb-temp"	"ceb2341ff9e746379955b5ea6462f05e9bd6fa8a"	"e3b0c44298fc1c149afbf4c8996fb92427ae41e4649b934ca495991b7852b855"	"8a11aea8e552b3953dd1b10410b4670e0f72e6999fcbcd878cc04b26b10f0087"	"ee2361335884564210aa91a7e8260720cc2d72333c56d8ddb153392ae9256cc8"	"v1.5.5"	"d8cdaa33fda"	"R version 4.6.0 (2026-04-24)"	"1.3.0"	"1.5.5"	"0.1.3.0.0.2"	"1.5.2.9007-0.1.5"	"0.0.0.9001"	1.24	TRUE
"prechange-file_4x_fixed_panel_1x-t4-r2"	"prechange"	"file_4x_fixed_panel_1x"	"file"	4	1	"sql_scaling_giab_4x"	"932617388d0dd702066a5bcd55fec3e443946bf2d93c1796ed82312a55a1560f"	47804032	1236049	"sql_scaling_giab_1x"	"a3f740ed18f64ceb129365c5ada886391cdc85fd3450f9f8f72941282d77f71b"	12430977	2000	"3745830e874f19e927203bacfd2d09ac834b8c2d05055997e834750038ccace9"	4	2	"2026-09-30 08:23:09 UTC"	1.292	"out_of_memory"	"Invalid Error: Out of Memory Error: failed to offload data block of size 96.0 KiB (0 bytes/0 bytes used). This limit was set by the 'max_temp_directory_size' setting. By default, this setting utilizes the available disk space on the drive where the 'temp_directory' is located. You can adjust this setting, by using (for example) PRAGMA max_temp_directory_size='10GiB' Possible solutions: * Reducing the number of threads (SET threads=X) * Disabling insertion-order preservation (SET preserve_insertion_order=false) * Increasing the memory limit (SET memory_limit='...GB') See also https://duckdb.org/docs/stable/guides/performance/how_to_tune_workloads ℹ Context: rapi_execute ℹ Error type: INVALID"	0	NA	357.9453125	NA	0	"private_temp_directory_after_query"	"over_budget"	"unavailable"	"within_budget"	"over_or_unmeasured"	"256MB"	"0B"	"/tmp/RtmpbYvvTj/duckhts-vcf-count-run-ea1f93f4c4671/duckdb-temp"	"2c5b69b6d23fcd3cb7928465c1d886d23ac8a26b"	"e3b0c44298fc1c149afbf4c8996fb92427ae41e4649b934ca495991b7852b855"	"f9f90d05bb5ae7b0265047652ca1e0184875aeb3535f89bb1bf08def578dde56"	"cc5f8aeae2a6db3210a547cebc3fcf092da6d9cdeae82185c6fb3ecce5fbe557"	"v1.5.5"	"d8cdaa33fda"	"R version 4.6.0 (2026-04-24)"	"1.3.0"	"1.5.5"	"0.1.3.0.0.2"	"1.5.2.9007-0.1.5"	"0.0.0.9001"	1.24	FALSE
"prechange-file_4x_fixed_panel_1x-t4-r3"	"prechange"	"file_4x_fixed_panel_1x"	"file"	4	1	"sql_scaling_giab_4x"	"932617388d0dd702066a5bcd55fec3e443946bf2d93c1796ed82312a55a1560f"	47804032	1236049	"sql_scaling_giab_1x"	"a3f740ed18f64ceb129365c5ada886391cdc85fd3450f9f8f72941282d77f71b"	12430977	2000	"3745830e874f19e927203bacfd2d09ac834b8c2d05055997e834750038ccace9"	4	3	"2026-09-30 08:23:11 UTC"	1.299	"out_of_memory"	"Invalid Error: Out of Memory Error: failed to offload data block of size 256.0 KiB (0 bytes/0 bytes used). This limit was set by the 'max_temp_directory_size' setting. By default, this setting utilizes the available disk space on the drive where the 'temp_directory' is located. You can adjust this setting, by using (for example) PRAGMA max_temp_directory_size='10GiB' Possible solutions: * Reducing the number of threads (SET threads=X) * Disabling insertion-order preservation (SET preserve_insertion_order=false) * Increasing the memory limit (SET memory_limit='...GB') See also https://duckdb.org/docs/stable/guides/performance/how_to_tune_workloads ℹ Context: rapi_execute ℹ Error type: INVALID"	0	NA	356.13671875	NA	0	"private_temp_directory_after_query"	"over_budget"	"unavailable"	"within_budget"	"over_or_unmeasured"	"256MB"	"0B"	"/tmp/RtmpSBFrS2/duckhts-vcf-count-run-ea24927d41cac/duckdb-temp"	"2c5b69b6d23fcd3cb7928465c1d886d23ac8a26b"	"e3b0c44298fc1c149afbf4c8996fb92427ae41e4649b934ca495991b7852b855"	"f9f90d05bb5ae7b0265047652ca1e0184875aeb3535f89bb1bf08def578dde56"	"cc5f8aeae2a6db3210a547cebc3fcf092da6d9cdeae82185c6fb3ecce5fbe557"	"v1.5.5"	"d8cdaa33fda"	"R version 4.6.0 (2026-04-24)"	"1.3.0"	"1.5.5"	"0.1.3.0.0.2"	"1.5.2.9007-0.1.5"	"0.0.0.9001"	1.24	FALSE
"branch-file_4x_fixed_panel_1x-t4-r3"	"branch"	"file_4x_fixed_panel_1x"	"file"	4	1	"sql_scaling_giab_4x"	"932617388d0dd702066a5bcd55fec3e443946bf2d93c1796ed82312a55a1560f"	47804032	1236049	"sql_scaling_giab_1x"	"a3f740ed18f64ceb129365c5ada886391cdc85fd3450f9f8f72941282d77f71b"	12430977	2000	"3745830e874f19e927203bacfd2d09ac834b8c2d05055997e834750038ccace9"	4	3	"2026-09-30 08:23:13 UTC"	1.967	"success"	NA	2000	"64c7bbfe845cfc3b8a0d2cf43d4d1b7b84659219907201b1b5d60408f4ff9b12"	183.0859375	123.751953125	0	"duckdb_query_json_profile"	"within_budget"	"within_budget"	"within_budget"	"within_budget"	"256MB"	"0B"	"/tmp/RtmpZexvP1/duckhts-vcf-count-run-ea2a6dca3725/duckdb-temp"	"ceb2341ff9e746379955b5ea6462f05e9bd6fa8a"	"e3b0c44298fc1c149afbf4c8996fb92427ae41e4649b934ca495991b7852b855"	"8a11aea8e552b3953dd1b10410b4670e0f72e6999fcbcd878cc04b26b10f0087"	"ee2361335884564210aa91a7e8260720cc2d72333c56d8ddb153392ae9256cc8"	"v1.5.5"	"d8cdaa33fda"	"R version 4.6.0 (2026-04-24)"	"1.3.0"	"1.5.5"	"0.1.3.0.0.2"	"1.5.2.9007-0.1.5"	"0.0.0.9001"	1.24	TRUE
"prechange-joint_file_2x_panel_2x-t1-r1"	"prechange"	"joint_file_2x_panel_2x"	"joint"	2	2	"sql_scaling_giab_2x"	"7e525c659ec98de8994c7aaa55f5a662d7f6457625901578b77ef98f0b99e9f4"	25107378	646810	"sql_scaling_giab_1x"	"a3f740ed18f64ceb129365c5ada886391cdc85fd3450f9f8f72941282d77f71b"	12430977	4000	"303abd2b4af8a7c46c145e1c02c030857fecb913554b234528d9f0ea727bbd7c"	1	1	"2026-09-30 08:23:15 UTC"	1.159	"out_of_memory"	"Invalid Error: Out of Memory Error: failed to offload data block of size 64.0 KiB (0 bytes/0 bytes used). This limit was set by the 'max_temp_directory_size' setting. By default, this setting utilizes the available disk space on the drive where the 'temp_directory' is located. You can adjust this setting, by using (for example) PRAGMA max_temp_directory_size='10GiB' Possible solutions: * Reducing the number of threads (SET threads=X) * Disabling insertion-order preservation (SET preserve_insertion_order=false) * Increasing the memory limit (SET memory_limit='...GB') See also https://duckdb.org/docs/stable/guides/performance/how_to_tune_workloads ℹ Context: rapi_execute ℹ Error type: INVALID"	0	NA	353.84375	NA	0	"private_temp_directory_after_query"	"over_budget"	"unavailable"	"within_budget"	"over_or_unmeasured"	"256MB"	"0B"	"/tmp/Rtmp9Fil3W/duckhts-vcf-count-run-ea3143677ba12/duckdb-temp"	"2c5b69b6d23fcd3cb7928465c1d886d23ac8a26b"	"e3b0c44298fc1c149afbf4c8996fb92427ae41e4649b934ca495991b7852b855"	"f9f90d05bb5ae7b0265047652ca1e0184875aeb3535f89bb1bf08def578dde56"	"cc5f8aeae2a6db3210a547cebc3fcf092da6d9cdeae82185c6fb3ecce5fbe557"	"v1.5.5"	"d8cdaa33fda"	"R version 4.6.0 (2026-04-24)"	"1.3.0"	"1.5.5"	"0.1.3.0.0.2"	"1.5.2.9007-0.1.5"	"0.0.0.9001"	1.24	FALSE
"branch-joint_file_2x_panel_2x-t1-r1"	"branch"	"joint_file_2x_panel_2x"	"joint"	2	2	"sql_scaling_giab_2x"	"7e525c659ec98de8994c7aaa55f5a662d7f6457625901578b77ef98f0b99e9f4"	25107378	646810	"sql_scaling_giab_1x"	"a3f740ed18f64ceb129365c5ada886391cdc85fd3450f9f8f72941282d77f71b"	12430977	4000	"303abd2b4af8a7c46c145e1c02c030857fecb913554b234528d9f0ea727bbd7c"	1	1	"2026-09-30 08:23:17 UTC"	1.064	"success"	NA	4000	"79c88b17f4c93deb6587039957fc23f13524f868f46a28b320c4007a6a80455f"	178.45703125	67.9345703125	0	"duckdb_query_json_profile"	"within_budget"	"within_budget"	"within_budget"	"within_budget"	"256MB"	"0B"	"/tmp/RtmpYHpfkC/duckhts-vcf-count-run-ea35b72d92ce0/duckdb-temp"	"ceb2341ff9e746379955b5ea6462f05e9bd6fa8a"	"e3b0c44298fc1c149afbf4c8996fb92427ae41e4649b934ca495991b7852b855"	"8a11aea8e552b3953dd1b10410b4670e0f72e6999fcbcd878cc04b26b10f0087"	"ee2361335884564210aa91a7e8260720cc2d72333c56d8ddb153392ae9256cc8"	"v1.5.5"	"d8cdaa33fda"	"R version 4.6.0 (2026-04-24)"	"1.3.0"	"1.5.5"	"0.1.3.0.0.2"	"1.5.2.9007-0.1.5"	"0.0.0.9001"	1.24	TRUE
"branch-joint_file_2x_panel_2x-t1-r2"	"branch"	"joint_file_2x_panel_2x"	"joint"	2	2	"sql_scaling_giab_2x"	"7e525c659ec98de8994c7aaa55f5a662d7f6457625901578b77ef98f0b99e9f4"	25107378	646810	"sql_scaling_giab_1x"	"a3f740ed18f64ceb129365c5ada886391cdc85fd3450f9f8f72941282d77f71b"	12430977	4000	"303abd2b4af8a7c46c145e1c02c030857fecb913554b234528d9f0ea727bbd7c"	1	2	"2026-09-30 08:23:19 UTC"	1.071	"success"	NA	4000	"79c88b17f4c93deb6587039957fc23f13524f868f46a28b320c4007a6a80455f"	178.515625	68.0205078125	0	"duckdb_query_json_profile"	"within_budget"	"within_budget"	"within_budget"	"within_budget"	"256MB"	"0B"	"/tmp/Rtmpza2ljb/duckhts-vcf-count-run-ea3d61234690b/duckdb-temp"	"ceb2341ff9e746379955b5ea6462f05e9bd6fa8a"	"e3b0c44298fc1c149afbf4c8996fb92427ae41e4649b934ca495991b7852b855"	"8a11aea8e552b3953dd1b10410b4670e0f72e6999fcbcd878cc04b26b10f0087"	"ee2361335884564210aa91a7e8260720cc2d72333c56d8ddb153392ae9256cc8"	"v1.5.5"	"d8cdaa33fda"	"R version 4.6.0 (2026-04-24)"	"1.3.0"	"1.5.5"	"0.1.3.0.0.2"	"1.5.2.9007-0.1.5"	"0.0.0.9001"	1.24	TRUE
"prechange-joint_file_2x_panel_2x-t1-r2"	"prechange"	"joint_file_2x_panel_2x"	"joint"	2	2	"sql_scaling_giab_2x"	"7e525c659ec98de8994c7aaa55f5a662d7f6457625901578b77ef98f0b99e9f4"	25107378	646810	"sql_scaling_giab_1x"	"a3f740ed18f64ceb129365c5ada886391cdc85fd3450f9f8f72941282d77f71b"	12430977	4000	"303abd2b4af8a7c46c145e1c02c030857fecb913554b234528d9f0ea727bbd7c"	1	2	"2026-09-30 08:23:20 UTC"	1.153	"out_of_memory"	"Invalid Error: Out of Memory Error: failed to offload data block of size 256.0 KiB (0 bytes/0 bytes used). This limit was set by the 'max_temp_directory_size' setting. By default, this setting utilizes the available disk space on the drive where the 'temp_directory' is located. You can adjust this setting, by using (for example) PRAGMA max_temp_directory_size='10GiB' Possible solutions: * Reducing the number of threads (SET threads=X) * Disabling insertion-order preservation (SET preserve_insertion_order=false) * Increasing the memory limit (SET memory_limit='...GB') See also https://duckdb.org/docs/stable/guides/performance/how_to_tune_workloads ℹ Context: rapi_execute ℹ Error type: INVALID"	0	NA	353.30859375	NA	0	"private_temp_directory_after_query"	"over_budget"	"unavailable"	"within_budget"	"over_or_unmeasured"	"256MB"	"0B"	"/tmp/Rtmpj4txjJ/duckhts-vcf-count-run-ea42f48456b14/duckdb-temp"	"2c5b69b6d23fcd3cb7928465c1d886d23ac8a26b"	"e3b0c44298fc1c149afbf4c8996fb92427ae41e4649b934ca495991b7852b855"	"f9f90d05bb5ae7b0265047652ca1e0184875aeb3535f89bb1bf08def578dde56"	"cc5f8aeae2a6db3210a547cebc3fcf092da6d9cdeae82185c6fb3ecce5fbe557"	"v1.5.5"	"d8cdaa33fda"	"R version 4.6.0 (2026-04-24)"	"1.3.0"	"1.5.5"	"0.1.3.0.0.2"	"1.5.2.9007-0.1.5"	"0.0.0.9001"	1.24	FALSE
"prechange-joint_file_2x_panel_2x-t1-r3"	"prechange"	"joint_file_2x_panel_2x"	"joint"	2	2	"sql_scaling_giab_2x"	"7e525c659ec98de8994c7aaa55f5a662d7f6457625901578b77ef98f0b99e9f4"	25107378	646810	"sql_scaling_giab_1x"	"a3f740ed18f64ceb129365c5ada886391cdc85fd3450f9f8f72941282d77f71b"	12430977	4000	"303abd2b4af8a7c46c145e1c02c030857fecb913554b234528d9f0ea727bbd7c"	1	3	"2026-09-30 08:23:22 UTC"	1.16	"out_of_memory"	"Invalid Error: Out of Memory Error: failed to offload data block of size 64.0 KiB (0 bytes/0 bytes used). This limit was set by the 'max_temp_directory_size' setting. By default, this setting utilizes the available disk space on the drive where the 'temp_directory' is located. You can adjust this setting, by using (for example) PRAGMA max_temp_directory_size='10GiB' Possible solutions: * Reducing the number of threads (SET threads=X) * Disabling insertion-order preservation (SET preserve_insertion_order=false) * Increasing the memory limit (SET memory_limit='...GB') See also https://duckdb.org/docs/stable/guides/performance/how_to_tune_workloads ℹ Context: rapi_execute ℹ Error type: INVALID"	0	NA	354.1640625	NA	0	"private_temp_directory_after_query"	"over_budget"	"unavailable"	"within_budget"	"over_or_unmeasured"	"256MB"	"0B"	"/tmp/RtmpHLs8qi/duckhts-vcf-count-run-ea472559b531c/duckdb-temp"	"2c5b69b6d23fcd3cb7928465c1d886d23ac8a26b"	"e3b0c44298fc1c149afbf4c8996fb92427ae41e4649b934ca495991b7852b855"	"f9f90d05bb5ae7b0265047652ca1e0184875aeb3535f89bb1bf08def578dde56"	"cc5f8aeae2a6db3210a547cebc3fcf092da6d9cdeae82185c6fb3ecce5fbe557"	"v1.5.5"	"d8cdaa33fda"	"R version 4.6.0 (2026-04-24)"	"1.3.0"	"1.5.5"	"0.1.3.0.0.2"	"1.5.2.9007-0.1.5"	"0.0.0.9001"	1.24	FALSE
"branch-joint_file_2x_panel_2x-t1-r3"	"branch"	"joint_file_2x_panel_2x"	"joint"	2	2	"sql_scaling_giab_2x"	"7e525c659ec98de8994c7aaa55f5a662d7f6457625901578b77ef98f0b99e9f4"	25107378	646810	"sql_scaling_giab_1x"	"a3f740ed18f64ceb129365c5ada886391cdc85fd3450f9f8f72941282d77f71b"	12430977	4000	"303abd2b4af8a7c46c145e1c02c030857fecb913554b234528d9f0ea727bbd7c"	1	3	"2026-09-30 08:23:24 UTC"	1.081	"success"	NA	4000	"79c88b17f4c93deb6587039957fc23f13524f868f46a28b320c4007a6a80455f"	179.2421875	68.0126953125	0	"duckdb_query_json_profile"	"within_budget"	"within_budget"	"within_budget"	"within_budget"	"256MB"	"0B"	"/tmp/RtmpLteGgR/duckhts-vcf-count-run-ea4da471cbdd4/duckdb-temp"	"ceb2341ff9e746379955b5ea6462f05e9bd6fa8a"	"e3b0c44298fc1c149afbf4c8996fb92427ae41e4649b934ca495991b7852b855"	"8a11aea8e552b3953dd1b10410b4670e0f72e6999fcbcd878cc04b26b10f0087"	"ee2361335884564210aa91a7e8260720cc2d72333c56d8ddb153392ae9256cc8"	"v1.5.5"	"d8cdaa33fda"	"R version 4.6.0 (2026-04-24)"	"1.3.0"	"1.5.5"	"0.1.3.0.0.2"	"1.5.2.9007-0.1.5"	"0.0.0.9001"	1.24	TRUE
"prechange-joint_file_2x_panel_2x-t4-r1"	"prechange"	"joint_file_2x_panel_2x"	"joint"	2	2	"sql_scaling_giab_2x"	"7e525c659ec98de8994c7aaa55f5a662d7f6457625901578b77ef98f0b99e9f4"	25107378	646810	"sql_scaling_giab_1x"	"a3f740ed18f64ceb129365c5ada886391cdc85fd3450f9f8f72941282d77f71b"	12430977	4000	"303abd2b4af8a7c46c145e1c02c030857fecb913554b234528d9f0ea727bbd7c"	4	1	"2026-09-30 08:23:25 UTC"	1.147	"out_of_memory"	"Invalid Error: Out of Memory Error: failed to offload data block of size 256.0 KiB (0 bytes/0 bytes used). This limit was set by the 'max_temp_directory_size' setting. By default, this setting utilizes the available disk space on the drive where the 'temp_directory' is located. You can adjust this setting, by using (for example) PRAGMA max_temp_directory_size='10GiB' Possible solutions: * Reducing the number of threads (SET threads=X) * Disabling insertion-order preservation (SET preserve_insertion_order=false) * Increasing the memory limit (SET memory_limit='...GB') See also https://duckdb.org/docs/stable/guides/performance/how_to_tune_workloads ℹ Context: rapi_execute ℹ Error type: INVALID"	0	NA	336.69921875	NA	0	"private_temp_directory_after_query"	"over_budget"	"unavailable"	"within_budget"	"over_or_unmeasured"	"256MB"	"0B"	"/tmp/Rtmp31C6Zq/duckhts-vcf-count-run-ea5367730729a/duckdb-temp"	"2c5b69b6d23fcd3cb7928465c1d886d23ac8a26b"	"e3b0c44298fc1c149afbf4c8996fb92427ae41e4649b934ca495991b7852b855"	"f9f90d05bb5ae7b0265047652ca1e0184875aeb3535f89bb1bf08def578dde56"	"cc5f8aeae2a6db3210a547cebc3fcf092da6d9cdeae82185c6fb3ecce5fbe557"	"v1.5.5"	"d8cdaa33fda"	"R version 4.6.0 (2026-04-24)"	"1.3.0"	"1.5.5"	"0.1.3.0.0.2"	"1.5.2.9007-0.1.5"	"0.0.0.9001"	1.24	FALSE
"branch-joint_file_2x_panel_2x-t4-r1"	"branch"	"joint_file_2x_panel_2x"	"joint"	2	2	"sql_scaling_giab_2x"	"7e525c659ec98de8994c7aaa55f5a662d7f6457625901578b77ef98f0b99e9f4"	25107378	646810	"sql_scaling_giab_1x"	"a3f740ed18f64ceb129365c5ada886391cdc85fd3450f9f8f72941282d77f71b"	12430977	4000	"303abd2b4af8a7c46c145e1c02c030857fecb913554b234528d9f0ea727bbd7c"	4	1	"2026-09-30 08:23:27 UTC"	1.06	"success"	NA	4000	"79c88b17f4c93deb6587039957fc23f13524f868f46a28b320c4007a6a80455f"	189.6640625	130.158813476562	0	"duckdb_query_json_profile"	"within_budget"	"within_budget"	"within_budget"	"within_budget"	"256MB"	"0B"	"/tmp/RtmpSDyxht/duckhts-vcf-count-run-ea5893b1e7dbd/duckdb-temp"	"ceb2341ff9e746379955b5ea6462f05e9bd6fa8a"	"e3b0c44298fc1c149afbf4c8996fb92427ae41e4649b934ca495991b7852b855"	"8a11aea8e552b3953dd1b10410b4670e0f72e6999fcbcd878cc04b26b10f0087"	"ee2361335884564210aa91a7e8260720cc2d72333c56d8ddb153392ae9256cc8"	"v1.5.5"	"d8cdaa33fda"	"R version 4.6.0 (2026-04-24)"	"1.3.0"	"1.5.5"	"0.1.3.0.0.2"	"1.5.2.9007-0.1.5"	"0.0.0.9001"	1.24	TRUE
"branch-joint_file_2x_panel_2x-t4-r2"	"branch"	"joint_file_2x_panel_2x"	"joint"	2	2	"sql_scaling_giab_2x"	"7e525c659ec98de8994c7aaa55f5a662d7f6457625901578b77ef98f0b99e9f4"	25107378	646810	"sql_scaling_giab_1x"	"a3f740ed18f64ceb129365c5ada886391cdc85fd3450f9f8f72941282d77f71b"	12430977	4000	"303abd2b4af8a7c46c145e1c02c030857fecb913554b234528d9f0ea727bbd7c"	4	2	"2026-09-30 08:23:29 UTC"	1.057	"success"	NA	4000	"79c88b17f4c93deb6587039957fc23f13524f868f46a28b320c4007a6a80455f"	188.98828125	130.068969726562	0	"duckdb_query_json_profile"	"within_budget"	"within_budget"	"within_budget"	"within_budget"	"256MB"	"0B"	"/tmp/RtmpM4Ocm4/duckhts-vcf-count-run-ea6396af4f779/duckdb-temp"	"ceb2341ff9e746379955b5ea6462f05e9bd6fa8a"	"e3b0c44298fc1c149afbf4c8996fb92427ae41e4649b934ca495991b7852b855"	"8a11aea8e552b3953dd1b10410b4670e0f72e6999fcbcd878cc04b26b10f0087"	"ee2361335884564210aa91a7e8260720cc2d72333c56d8ddb153392ae9256cc8"	"v1.5.5"	"d8cdaa33fda"	"R version 4.6.0 (2026-04-24)"	"1.3.0"	"1.5.5"	"0.1.3.0.0.2"	"1.5.2.9007-0.1.5"	"0.0.0.9001"	1.24	TRUE
"prechange-joint_file_2x_panel_2x-t4-r2"	"prechange"	"joint_file_2x_panel_2x"	"joint"	2	2	"sql_scaling_giab_2x"	"7e525c659ec98de8994c7aaa55f5a662d7f6457625901578b77ef98f0b99e9f4"	25107378	646810	"sql_scaling_giab_1x"	"a3f740ed18f64ceb129365c5ada886391cdc85fd3450f9f8f72941282d77f71b"	12430977	4000	"303abd2b4af8a7c46c145e1c02c030857fecb913554b234528d9f0ea727bbd7c"	4	2	"2026-09-30 08:23:30 UTC"	1.148	"out_of_memory"	"Invalid Error: Out of Memory Error: failed to offload data block of size 64.0 KiB (0 bytes/0 bytes used). This limit was set by the 'max_temp_directory_size' setting. By default, this setting utilizes the available disk space on the drive where the 'temp_directory' is located. You can adjust this setting, by using (for example) PRAGMA max_temp_directory_size='10GiB' Possible solutions: * Reducing the number of threads (SET threads=X) * Disabling insertion-order preservation (SET preserve_insertion_order=false) * Increasing the memory limit (SET memory_limit='...GB') See also https://duckdb.org/docs/stable/guides/performance/how_to_tune_workloads ℹ Context: rapi_execute ℹ Error type: INVALID"	0	NA	336.5078125	NA	0	"private_temp_directory_after_query"	"over_budget"	"unavailable"	"within_budget"	"over_or_unmeasured"	"256MB"	"0B"	"/tmp/Rtmp9paN7V/duckhts-vcf-count-run-ea6926aae8522/duckdb-temp"	"2c5b69b6d23fcd3cb7928465c1d886d23ac8a26b"	"e3b0c44298fc1c149afbf4c8996fb92427ae41e4649b934ca495991b7852b855"	"f9f90d05bb5ae7b0265047652ca1e0184875aeb3535f89bb1bf08def578dde56"	"cc5f8aeae2a6db3210a547cebc3fcf092da6d9cdeae82185c6fb3ecce5fbe557"	"v1.5.5"	"d8cdaa33fda"	"R version 4.6.0 (2026-04-24)"	"1.3.0"	"1.5.5"	"0.1.3.0.0.2"	"1.5.2.9007-0.1.5"	"0.0.0.9001"	1.24	FALSE
"prechange-joint_file_2x_panel_2x-t4-r3"	"prechange"	"joint_file_2x_panel_2x"	"joint"	2	2	"sql_scaling_giab_2x"	"7e525c659ec98de8994c7aaa55f5a662d7f6457625901578b77ef98f0b99e9f4"	25107378	646810	"sql_scaling_giab_1x"	"a3f740ed18f64ceb129365c5ada886391cdc85fd3450f9f8f72941282d77f71b"	12430977	4000	"303abd2b4af8a7c46c145e1c02c030857fecb913554b234528d9f0ea727bbd7c"	4	3	"2026-09-30 08:23:32 UTC"	1.145	"out_of_memory"	"Invalid Error: Out of Memory Error: failed to offload data block of size 256.0 KiB (0 bytes/0 bytes used). This limit was set by the 'max_temp_directory_size' setting. By default, this setting utilizes the available disk space on the drive where the 'temp_directory' is located. You can adjust this setting, by using (for example) PRAGMA max_temp_directory_size='10GiB' Possible solutions: * Reducing the number of threads (SET threads=X) * Disabling insertion-order preservation (SET preserve_insertion_order=false) * Increasing the memory limit (SET memory_limit='...GB') See also https://duckdb.org/docs/stable/guides/performance/how_to_tune_workloads ℹ Context: rapi_execute ℹ Error type: INVALID"	0	NA	334.46484375	NA	0	"private_temp_directory_after_query"	"over_budget"	"unavailable"	"within_budget"	"over_or_unmeasured"	"256MB"	"0B"	"/tmp/RtmpY83u4N/duckhts-vcf-count-run-ea6dd6a94782c/duckdb-temp"	"2c5b69b6d23fcd3cb7928465c1d886d23ac8a26b"	"e3b0c44298fc1c149afbf4c8996fb92427ae41e4649b934ca495991b7852b855"	"f9f90d05bb5ae7b0265047652ca1e0184875aeb3535f89bb1bf08def578dde56"	"cc5f8aeae2a6db3210a547cebc3fcf092da6d9cdeae82185c6fb3ecce5fbe557"	"v1.5.5"	"d8cdaa33fda"	"R version 4.6.0 (2026-04-24)"	"1.3.0"	"1.5.5"	"0.1.3.0.0.2"	"1.5.2.9007-0.1.5"	"0.0.0.9001"	1.24	FALSE
"branch-joint_file_2x_panel_2x-t4-r3"	"branch"	"joint_file_2x_panel_2x"	"joint"	2	2	"sql_scaling_giab_2x"	"7e525c659ec98de8994c7aaa55f5a662d7f6457625901578b77ef98f0b99e9f4"	25107378	646810	"sql_scaling_giab_1x"	"a3f740ed18f64ceb129365c5ada886391cdc85fd3450f9f8f72941282d77f71b"	12430977	4000	"303abd2b4af8a7c46c145e1c02c030857fecb913554b234528d9f0ea727bbd7c"	4	3	"2026-09-30 08:23:34 UTC"	1.058	"success"	NA	4000	"79c88b17f4c93deb6587039957fc23f13524f868f46a28b320c4007a6a80455f"	190.41796875	130.170532226562	0	"duckdb_query_json_profile"	"within_budget"	"within_budget"	"within_budget"	"within_budget"	"256MB"	"0B"	"/tmp/RtmpsF4MgT/duckhts-vcf-count-run-ea753468dc9e0/duckdb-temp"	"ceb2341ff9e746379955b5ea6462f05e9bd6fa8a"	"e3b0c44298fc1c149afbf4c8996fb92427ae41e4649b934ca495991b7852b855"	"8a11aea8e552b3953dd1b10410b4670e0f72e6999fcbcd878cc04b26b10f0087"	"ee2361335884564210aa91a7e8260720cc2d72333c56d8ddb153392ae9256cc8"	"v1.5.5"	"d8cdaa33fda"	"R version 4.6.0 (2026-04-24)"	"1.3.0"	"1.5.5"	"0.1.3.0.0.2"	"1.5.2.9007-0.1.5"	"0.0.0.9001"	1.24	TRUE
"prechange-duplicate_error_1m-t1-r1"	"prechange"	"duplicate_error_1m"	"duplicate_error"	NA	NA	"sql_scaling_vcf_counts_duplicate_million"	"1bdd840714bf8c18a8fd8a9f356530ffde82f45510bce0635c0c697a47721921"	42006757	1000000	"sql_scaling_giab_1x"	"a3f740ed18f64ceb129365c5ada886391cdc85fd3450f9f8f72941282d77f71b"	12430977	1	"4ffeb81ef45b97e60d208c4e4f4618b6b24ec274383e02c0bef46826460dab9c"	1	1	"2026-09-30 08:23:35 UTC"	0.732	"out_of_memory"	"Invalid Error: Out of Memory Error: failed to offload data block of size 32.0 KiB (0 bytes/0 bytes used). This limit was set by the 'max_temp_directory_size' setting. By default, this setting utilizes the available disk space on the drive where the 'temp_directory' is located. You can adjust this setting, by using (for example) PRAGMA max_temp_directory_size='10GiB' Possible solutions: * Reducing the number of threads (SET threads=X) * Disabling insertion-order preservation (SET preserve_insertion_order=false) * Increasing the memory limit (SET memory_limit='...GB') See also https://duckdb.org/docs/stable/guides/performance/how_to_tune_workloads ℹ Context: rapi_execute ℹ Error type: INVALID"	0	NA	374.265625	NA	0	"private_temp_directory_after_query"	"over_budget"	"unavailable"	"within_budget"	"over_or_unmeasured"	"256MB"	"0B"	"/tmp/Rtmp5nerJZ/duckhts-vcf-count-run-ea7aa4ef10e3e/duckdb-temp"	"2c5b69b6d23fcd3cb7928465c1d886d23ac8a26b"	"e3b0c44298fc1c149afbf4c8996fb92427ae41e4649b934ca495991b7852b855"	"f9f90d05bb5ae7b0265047652ca1e0184875aeb3535f89bb1bf08def578dde56"	"cc5f8aeae2a6db3210a547cebc3fcf092da6d9cdeae82185c6fb3ecce5fbe557"	"v1.5.5"	"d8cdaa33fda"	"R version 4.6.0 (2026-04-24)"	"1.3.0"	"1.5.5"	"0.1.3.0.0.2"	"1.5.2.9007-0.1.5"	"0.0.0.9001"	1.24	FALSE
"branch-duplicate_error_1m-t1-r1"	"branch"	"duplicate_error_1m"	"duplicate_error"	NA	NA	"sql_scaling_vcf_counts_duplicate_million"	"1bdd840714bf8c18a8fd8a9f356530ffde82f45510bce0635c0c697a47721921"	42006757	1000000	"sql_scaling_giab_1x"	"a3f740ed18f64ceb129365c5ada886391cdc85fd3450f9f8f72941282d77f71b"	12430977	1	"4ffeb81ef45b97e60d208c4e4f4618b6b24ec274383e02c0bef46826460dab9c"	1	1	"2026-09-30 08:23:37 UTC"	0.738	"duplicate_error"	"Invalid Error: Invalid Input Error: duckhts_somalier_vcf_counts: multiple source records occur at a panel site ℹ Context: rapi_execute ℹ Error type: INVALID"	0	NA	161.0078125	NA	0	"private_temp_directory_after_query"	"within_budget"	"unavailable"	"within_budget"	"over_or_unmeasured"	"256MB"	"0B"	"/tmp/RtmpLLbKoT/duckhts-vcf-count-run-ea7f04bebdf65/duckdb-temp"	"ceb2341ff9e746379955b5ea6462f05e9bd6fa8a"	"e3b0c44298fc1c149afbf4c8996fb92427ae41e4649b934ca495991b7852b855"	"8a11aea8e552b3953dd1b10410b4670e0f72e6999fcbcd878cc04b26b10f0087"	"ee2361335884564210aa91a7e8260720cc2d72333c56d8ddb153392ae9256cc8"	"v1.5.5"	"d8cdaa33fda"	"R version 4.6.0 (2026-04-24)"	"1.3.0"	"1.5.5"	"0.1.3.0.0.2"	"1.5.2.9007-0.1.5"	"0.0.0.9001"	1.24	FALSE
"branch-duplicate_error_1m-t1-r2"	"branch"	"duplicate_error_1m"	"duplicate_error"	NA	NA	"sql_scaling_vcf_counts_duplicate_million"	"1bdd840714bf8c18a8fd8a9f356530ffde82f45510bce0635c0c697a47721921"	42006757	1000000	"sql_scaling_giab_1x"	"a3f740ed18f64ceb129365c5ada886391cdc85fd3450f9f8f72941282d77f71b"	12430977	1	"4ffeb81ef45b97e60d208c4e4f4618b6b24ec274383e02c0bef46826460dab9c"	1	2	"2026-09-30 08:23:38 UTC"	0.74	"duplicate_error"	"Invalid Error: Invalid Input Error: duckhts_somalier_vcf_counts: multiple source records occur at a panel site ℹ Context: rapi_execute ℹ Error type: INVALID"	0	NA	161.30859375	NA	0	"private_temp_directory_after_query"	"within_budget"	"unavailable"	"within_budget"	"over_or_unmeasured"	"256MB"	"0B"	"/tmp/RtmpjuGNWm/duckhts-vcf-count-run-ea8522c5f20b7/duckdb-temp"	"ceb2341ff9e746379955b5ea6462f05e9bd6fa8a"	"e3b0c44298fc1c149afbf4c8996fb92427ae41e4649b934ca495991b7852b855"	"8a11aea8e552b3953dd1b10410b4670e0f72e6999fcbcd878cc04b26b10f0087"	"ee2361335884564210aa91a7e8260720cc2d72333c56d8ddb153392ae9256cc8"	"v1.5.5"	"d8cdaa33fda"	"R version 4.6.0 (2026-04-24)"	"1.3.0"	"1.5.5"	"0.1.3.0.0.2"	"1.5.2.9007-0.1.5"	"0.0.0.9001"	1.24	FALSE
"prechange-duplicate_error_1m-t1-r2"	"prechange"	"duplicate_error_1m"	"duplicate_error"	NA	NA	"sql_scaling_vcf_counts_duplicate_million"	"1bdd840714bf8c18a8fd8a9f356530ffde82f45510bce0635c0c697a47721921"	42006757	1000000	"sql_scaling_giab_1x"	"a3f740ed18f64ceb129365c5ada886391cdc85fd3450f9f8f72941282d77f71b"	12430977	1	"4ffeb81ef45b97e60d208c4e4f4618b6b24ec274383e02c0bef46826460dab9c"	1	2	"2026-09-30 08:23:39 UTC"	0.719	"out_of_memory"	"Invalid Error: Out of Memory Error: failed to offload data block of size 32.0 KiB (0 bytes/0 bytes used). This limit was set by the 'max_temp_directory_size' setting. By default, this setting utilizes the available disk space on the drive where the 'temp_directory' is located. You can adjust this setting, by using (for example) PRAGMA max_temp_directory_size='10GiB' Possible solutions: * Reducing the number of threads (SET threads=X) * Disabling insertion-order preservation (SET preserve_insertion_order=false) * Increasing the memory limit (SET memory_limit='...GB') See also https://duckdb.org/docs/stable/guides/performance/how_to_tune_workloads ℹ Context: rapi_execute ℹ Error type: INVALID"	0	NA	373.96875	NA	0	"private_temp_directory_after_query"	"over_budget"	"unavailable"	"within_budget"	"over_or_unmeasured"	"256MB"	"0B"	"/tmp/RtmpXl9sNJ/duckhts-vcf-count-run-ea8b341962339/duckdb-temp"	"2c5b69b6d23fcd3cb7928465c1d886d23ac8a26b"	"e3b0c44298fc1c149afbf4c8996fb92427ae41e4649b934ca495991b7852b855"	"f9f90d05bb5ae7b0265047652ca1e0184875aeb3535f89bb1bf08def578dde56"	"cc5f8aeae2a6db3210a547cebc3fcf092da6d9cdeae82185c6fb3ecce5fbe557"	"v1.5.5"	"d8cdaa33fda"	"R version 4.6.0 (2026-04-24)"	"1.3.0"	"1.5.5"	"0.1.3.0.0.2"	"1.5.2.9007-0.1.5"	"0.0.0.9001"	1.24	FALSE
"prechange-duplicate_error_1m-t1-r3"	"prechange"	"duplicate_error_1m"	"duplicate_error"	NA	NA	"sql_scaling_vcf_counts_duplicate_million"	"1bdd840714bf8c18a8fd8a9f356530ffde82f45510bce0635c0c697a47721921"	42006757	1000000	"sql_scaling_giab_1x"	"a3f740ed18f64ceb129365c5ada886391cdc85fd3450f9f8f72941282d77f71b"	12430977	1	"4ffeb81ef45b97e60d208c4e4f4618b6b24ec274383e02c0bef46826460dab9c"	1	3	"2026-09-30 08:23:40 UTC"	0.714	"out_of_memory"	"Invalid Error: Out of Memory Error: failed to offload data block of size 32.0 KiB (0 bytes/0 bytes used). This limit was set by the 'max_temp_directory_size' setting. By default, this setting utilizes the available disk space on the drive where the 'temp_directory' is located. You can adjust this setting, by using (for example) PRAGMA max_temp_directory_size='10GiB' Possible solutions: * Reducing the number of threads (SET threads=X) * Disabling insertion-order preservation (SET preserve_insertion_order=false) * Increasing the memory limit (SET memory_limit='...GB') See also https://duckdb.org/docs/stable/guides/performance/how_to_tune_workloads ℹ Context: rapi_execute ℹ Error type: INVALID"	0	NA	373.83984375	NA	0	"private_temp_directory_after_query"	"over_budget"	"unavailable"	"within_budget"	"over_or_unmeasured"	"256MB"	"0B"	"/tmp/Rtmp33I1a0/duckhts-vcf-count-run-ea8fb33169936/duckdb-temp"	"2c5b69b6d23fcd3cb7928465c1d886d23ac8a26b"	"e3b0c44298fc1c149afbf4c8996fb92427ae41e4649b934ca495991b7852b855"	"f9f90d05bb5ae7b0265047652ca1e0184875aeb3535f89bb1bf08def578dde56"	"cc5f8aeae2a6db3210a547cebc3fcf092da6d9cdeae82185c6fb3ecce5fbe557"	"v1.5.5"	"d8cdaa33fda"	"R version 4.6.0 (2026-04-24)"	"1.3.0"	"1.5.5"	"0.1.3.0.0.2"	"1.5.2.9007-0.1.5"	"0.0.0.9001"	1.24	FALSE
"branch-duplicate_error_1m-t1-r3"	"branch"	"duplicate_error_1m"	"duplicate_error"	NA	NA	"sql_scaling_vcf_counts_duplicate_million"	"1bdd840714bf8c18a8fd8a9f356530ffde82f45510bce0635c0c697a47721921"	42006757	1000000	"sql_scaling_giab_1x"	"a3f740ed18f64ceb129365c5ada886391cdc85fd3450f9f8f72941282d77f71b"	12430977	1	"4ffeb81ef45b97e60d208c4e4f4618b6b24ec274383e02c0bef46826460dab9c"	1	3	"2026-09-30 08:23:42 UTC"	0.742	"duplicate_error"	"Invalid Error: Invalid Input Error: duckhts_somalier_vcf_counts: multiple source records occur at a panel site ℹ Context: rapi_execute ℹ Error type: INVALID"	0	NA	161.390625	NA	0	"private_temp_directory_after_query"	"within_budget"	"unavailable"	"within_budget"	"over_or_unmeasured"	"256MB"	"0B"	"/tmp/RtmpmDCGN0/duckhts-vcf-count-run-ea9461807b21a/duckdb-temp"	"ceb2341ff9e746379955b5ea6462f05e9bd6fa8a"	"e3b0c44298fc1c149afbf4c8996fb92427ae41e4649b934ca495991b7852b855"	"8a11aea8e552b3953dd1b10410b4670e0f72e6999fcbcd878cc04b26b10f0087"	"ee2361335884564210aa91a7e8260720cc2d72333c56d8ddb153392ae9256cc8"	"v1.5.5"	"d8cdaa33fda"	"R version 4.6.0 (2026-04-24)"	"1.3.0"	"1.5.5"	"0.1.3.0.0.2"	"1.5.2.9007-0.1.5"	"0.0.0.9001"	1.24	FALSE
"prechange-duplicate_error_1m-t4-r1"	"prechange"	"duplicate_error_1m"	"duplicate_error"	NA	NA	"sql_scaling_vcf_counts_duplicate_million"	"1bdd840714bf8c18a8fd8a9f356530ffde82f45510bce0635c0c697a47721921"	42006757	1000000	"sql_scaling_giab_1x"	"a3f740ed18f64ceb129365c5ada886391cdc85fd3450f9f8f72941282d77f71b"	12430977	1	"4ffeb81ef45b97e60d208c4e4f4618b6b24ec274383e02c0bef46826460dab9c"	4	1	"2026-09-30 08:23:43 UTC"	0.695	"out_of_memory"	"Invalid Error: Out of Memory Error: failed to offload data block of size 64.0 KiB (0 bytes/0 bytes used). This limit was set by the 'max_temp_directory_size' setting. By default, this setting utilizes the available disk space on the drive where the 'temp_directory' is located. You can adjust this setting, by using (for example) PRAGMA max_temp_directory_size='10GiB' Possible solutions: * Reducing the number of threads (SET threads=X) * Disabling insertion-order preservation (SET preserve_insertion_order=false) * Increasing the memory limit (SET memory_limit='...GB') See also https://duckdb.org/docs/stable/guides/performance/how_to_tune_workloads ℹ Context: rapi_execute ℹ Error type: INVALID"	0	NA	374.35546875	NA	0	"private_temp_directory_after_query"	"over_budget"	"unavailable"	"within_budget"	"over_or_unmeasured"	"256MB"	"0B"	"/tmp/RtmpP6jf7q/duckhts-vcf-count-run-ea9a758825b83/duckdb-temp"	"2c5b69b6d23fcd3cb7928465c1d886d23ac8a26b"	"e3b0c44298fc1c149afbf4c8996fb92427ae41e4649b934ca495991b7852b855"	"f9f90d05bb5ae7b0265047652ca1e0184875aeb3535f89bb1bf08def578dde56"	"cc5f8aeae2a6db3210a547cebc3fcf092da6d9cdeae82185c6fb3ecce5fbe557"	"v1.5.5"	"d8cdaa33fda"	"R version 4.6.0 (2026-04-24)"	"1.3.0"	"1.5.5"	"0.1.3.0.0.2"	"1.5.2.9007-0.1.5"	"0.0.0.9001"	1.24	FALSE
"branch-duplicate_error_1m-t4-r1"	"branch"	"duplicate_error_1m"	"duplicate_error"	NA	NA	"sql_scaling_vcf_counts_duplicate_million"	"1bdd840714bf8c18a8fd8a9f356530ffde82f45510bce0635c0c697a47721921"	42006757	1000000	"sql_scaling_giab_1x"	"a3f740ed18f64ceb129365c5ada886391cdc85fd3450f9f8f72941282d77f71b"	12430977	1	"4ffeb81ef45b97e60d208c4e4f4618b6b24ec274383e02c0bef46826460dab9c"	4	1	"2026-09-30 08:23:44 UTC"	0.754	"duplicate_error"	"Invalid Error: Invalid Input Error: duckhts_somalier_vcf_counts: multiple source records occur at a panel site ℹ Context: rapi_execute ℹ Error type: INVALID"	0	NA	162.05078125	NA	0	"private_temp_directory_after_query"	"within_budget"	"unavailable"	"within_budget"	"over_or_unmeasured"	"256MB"	"0B"	"/tmp/RtmpdbCTmg/duckhts-vcf-count-run-ea9fb4897d01e/duckdb-temp"	"ceb2341ff9e746379955b5ea6462f05e9bd6fa8a"	"e3b0c44298fc1c149afbf4c8996fb92427ae41e4649b934ca495991b7852b855"	"8a11aea8e552b3953dd1b10410b4670e0f72e6999fcbcd878cc04b26b10f0087"	"ee2361335884564210aa91a7e8260720cc2d72333c56d8ddb153392ae9256cc8"	"v1.5.5"	"d8cdaa33fda"	"R version 4.6.0 (2026-04-24)"	"1.3.0"	"1.5.5"	"0.1.3.0.0.2"	"1.5.2.9007-0.1.5"	"0.0.0.9001"	1.24	FALSE
"branch-duplicate_error_1m-t4-r2"	"branch"	"duplicate_error_1m"	"duplicate_error"	NA	NA	"sql_scaling_vcf_counts_duplicate_million"	"1bdd840714bf8c18a8fd8a9f356530ffde82f45510bce0635c0c697a47721921"	42006757	1000000	"sql_scaling_giab_1x"	"a3f740ed18f64ceb129365c5ada886391cdc85fd3450f9f8f72941282d77f71b"	12430977	1	"4ffeb81ef45b97e60d208c4e4f4618b6b24ec274383e02c0bef46826460dab9c"	4	2	"2026-09-30 08:23:45 UTC"	0.762	"duplicate_error"	"Invalid Error: Invalid Input Error: duckhts_somalier_vcf_counts: multiple source records occur at a panel site ℹ Context: rapi_execute ℹ Error type: INVALID"	0	NA	162.56640625	NA	0	"private_temp_directory_after_query"	"within_budget"	"unavailable"	"within_budget"	"over_or_unmeasured"	"256MB"	"0B"	"/tmp/RtmpkcrR5I/duckhts-vcf-count-run-eaa56ff42ee8/duckdb-temp"	"ceb2341ff9e746379955b5ea6462f05e9bd6fa8a"	"e3b0c44298fc1c149afbf4c8996fb92427ae41e4649b934ca495991b7852b855"	"8a11aea8e552b3953dd1b10410b4670e0f72e6999fcbcd878cc04b26b10f0087"	"ee2361335884564210aa91a7e8260720cc2d72333c56d8ddb153392ae9256cc8"	"v1.5.5"	"d8cdaa33fda"	"R version 4.6.0 (2026-04-24)"	"1.3.0"	"1.5.5"	"0.1.3.0.0.2"	"1.5.2.9007-0.1.5"	"0.0.0.9001"	1.24	FALSE
"prechange-duplicate_error_1m-t4-r2"	"prechange"	"duplicate_error_1m"	"duplicate_error"	NA	NA	"sql_scaling_vcf_counts_duplicate_million"	"1bdd840714bf8c18a8fd8a9f356530ffde82f45510bce0635c0c697a47721921"	42006757	1000000	"sql_scaling_giab_1x"	"a3f740ed18f64ceb129365c5ada886391cdc85fd3450f9f8f72941282d77f71b"	12430977	1	"4ffeb81ef45b97e60d208c4e4f4618b6b24ec274383e02c0bef46826460dab9c"	4	2	"2026-09-30 08:23:47 UTC"	0.711	"out_of_memory"	"Invalid Error: Out of Memory Error: failed to offload data block of size 256.0 KiB (0 bytes/0 bytes used). This limit was set by the 'max_temp_directory_size' setting. By default, this setting utilizes the available disk space on the drive where the 'temp_directory' is located. You can adjust this setting, by using (for example) PRAGMA max_temp_directory_size='10GiB' Possible solutions: * Reducing the number of threads (SET threads=X) * Disabling insertion-order preservation (SET preserve_insertion_order=false) * Increasing the memory limit (SET memory_limit='...GB') See also https://duckdb.org/docs/stable/guides/performance/how_to_tune_workloads ℹ Context: rapi_execute ℹ Error type: INVALID"	0	NA	373.3828125	NA	0	"private_temp_directory_after_query"	"over_budget"	"unavailable"	"within_budget"	"over_or_unmeasured"	"256MB"	"0B"	"/tmp/Rtmpc0Kv4e/duckhts-vcf-count-run-eaaaa61271c3b/duckdb-temp"	"2c5b69b6d23fcd3cb7928465c1d886d23ac8a26b"	"e3b0c44298fc1c149afbf4c8996fb92427ae41e4649b934ca495991b7852b855"	"f9f90d05bb5ae7b0265047652ca1e0184875aeb3535f89bb1bf08def578dde56"	"cc5f8aeae2a6db3210a547cebc3fcf092da6d9cdeae82185c6fb3ecce5fbe557"	"v1.5.5"	"d8cdaa33fda"	"R version 4.6.0 (2026-04-24)"	"1.3.0"	"1.5.5"	"0.1.3.0.0.2"	"1.5.2.9007-0.1.5"	"0.0.0.9001"	1.24	FALSE
"prechange-duplicate_error_1m-t4-r3"	"prechange"	"duplicate_error_1m"	"duplicate_error"	NA	NA	"sql_scaling_vcf_counts_duplicate_million"	"1bdd840714bf8c18a8fd8a9f356530ffde82f45510bce0635c0c697a47721921"	42006757	1000000	"sql_scaling_giab_1x"	"a3f740ed18f64ceb129365c5ada886391cdc85fd3450f9f8f72941282d77f71b"	12430977	1	"4ffeb81ef45b97e60d208c4e4f4618b6b24ec274383e02c0bef46826460dab9c"	4	3	"2026-09-30 08:23:48 UTC"	0.702	"out_of_memory"	"Invalid Error: Out of Memory Error: failed to offload data block of size 256.0 KiB (0 bytes/0 bytes used). This limit was set by the 'max_temp_directory_size' setting. By default, this setting utilizes the available disk space on the drive where the 'temp_directory' is located. You can adjust this setting, by using (for example) PRAGMA max_temp_directory_size='10GiB' Possible solutions: * Reducing the number of threads (SET threads=X) * Disabling insertion-order preservation (SET preserve_insertion_order=false) * Increasing the memory limit (SET memory_limit='...GB') See also https://duckdb.org/docs/stable/guides/performance/how_to_tune_workloads ℹ Context: rapi_execute ℹ Error type: INVALID"	0	NA	367.3984375	NA	0	"private_temp_directory_after_query"	"over_budget"	"unavailable"	"within_budget"	"over_or_unmeasured"	"256MB"	"0B"	"/tmp/Rtmpfu7Z9x/duckhts-vcf-count-run-eab0c18de2e8c/duckdb-temp"	"2c5b69b6d23fcd3cb7928465c1d886d23ac8a26b"	"e3b0c44298fc1c149afbf4c8996fb92427ae41e4649b934ca495991b7852b855"	"f9f90d05bb5ae7b0265047652ca1e0184875aeb3535f89bb1bf08def578dde56"	"cc5f8aeae2a6db3210a547cebc3fcf092da6d9cdeae82185c6fb3ecce5fbe557"	"v1.5.5"	"d8cdaa33fda"	"R version 4.6.0 (2026-04-24)"	"1.3.0"	"1.5.5"	"0.1.3.0.0.2"	"1.5.2.9007-0.1.5"	"0.0.0.9001"	1.24	FALSE
"branch-duplicate_error_1m-t4-r3"	"branch"	"duplicate_error_1m"	"duplicate_error"	NA	NA	"sql_scaling_vcf_counts_duplicate_million"	"1bdd840714bf8c18a8fd8a9f356530ffde82f45510bce0635c0c697a47721921"	42006757	1000000	"sql_scaling_giab_1x"	"a3f740ed18f64ceb129365c5ada886391cdc85fd3450f9f8f72941282d77f71b"	12430977	1	"4ffeb81ef45b97e60d208c4e4f4618b6b24ec274383e02c0bef46826460dab9c"	4	3	"2026-09-30 08:23:49 UTC"	0.759	"duplicate_error"	"Invalid Error: Invalid Input Error: duckhts_somalier_vcf_counts: multiple source records occur at a panel site ℹ Context: rapi_execute ℹ Error type: INVALID"	0	NA	163.796875	NA	0	"private_temp_directory_after_query"	"within_budget"	"unavailable"	"within_budget"	"over_or_unmeasured"	"256MB"	"0B"	"/tmp/RtmpnwENMS/duckhts-vcf-count-run-eab6856853782/duckdb-temp"	"ceb2341ff9e746379955b5ea6462f05e9bd6fa8a"	"e3b0c44298fc1c149afbf4c8996fb92427ae41e4649b934ca495991b7852b855"	"8a11aea8e552b3953dd1b10410b4670e0f72e6999fcbcd878cc04b26b10f0087"	"ee2361335884564210aa91a7e8260720cc2d72333c56d8ddb153392ae9256cc8"	"v1.5.5"	"d8cdaa33fda"	"R version 4.6.0 (2026-04-24)"	"1.3.0"	"1.5.5"	"0.1.3.0.0.2"	"1.5.2.9007-0.1.5"	"0.0.0.9001"	1.24	FALSE
